<rom>
  <romid>
    <xmlid>4SLEHB00</xmlid>
    <internalidaddress>200</internalidaddress>
    <internalidstring>4SLEHB00</internalidstring>
    <ecuid>2604446405</ecuid>
    <year>02</year>
    <market>JDM</market>
    <make>Subaru</make>
    <model>Legacy</model>
    <submodel>BH</submodel>
    <transmission>MT/AT</transmission>
    <memmodel>68HC16Y5</memmodel>
    <flashmethod>wrx02</flashmethod>
  </romid>
  <include>16BITBASE</include>
  <table name="A/F Learning #1 Airflow Ranges" address="29204" />
  <table name="Fine Correction Range (Load)" address="2a9e6" />
  <table name="Fine Correction Rows (RPM)" address="2a9f6" />
  <table name="(P0031) FRONT O2 SENSOR LOW INPUT" address="2e0b9" />
  <table name="(P0032) FRONT O2 SENSOR HIGH INPUT" address="2e0b1" />
  <table name="(P0034) TURBO BYPASS VALVE CIRCUIT LOW" address="2e06d" />
  <table name="(P0035) TURBO BYPASS VALVE CIRCUIT HIGH" address="2e071" />
  <scaling name="(P0037)REARO2SENSORLOWINPUT" storagetype="bloblist">
    <data name="enabled" value="040037" />
    <data name="disabled" value="050000" />
  </scaling>
  <table name="(P0037) REAR O2 SENSOR LOW INPUT" address="2e0b5" scaling="(P0037)REARO2SENSORLOWINPUT" />
  <scaling name="(P0038)REARO2SENSORHIGHINPUT" storagetype="bloblist">
    <data name="enabled" value="040038" />
    <data name="disabled" value="050000" />
  </scaling>
  <table name="(P0038) REAR O2 SENSOR HIGH INPUT" address="2e0ad" scaling="(P0038)REARO2SENSORHIGHINPUT" />
  <table name="(P0101) MAF SENSOR RANGE/PERF" address="2ddb5" />
  <table name="(P0102) MAF SENSOR LOW INPUT" address="2dda9" />
  <table name="(P0103) MAF SENSOR HIGH INPUT" address="2ddad" />
  <table name="(P0106) PRESSURE SENSOR RANGE" address="2e0cd" />
  <table name="(P0107) MAP SENSOR LOW INPUT" address="2e0d1" />
  <table name="(P0108) MAP SENSOR HIGH INPUT" address="2e0d5" />
  <table name="(P0111) IAT SENSOR RANGE/PERF" address="2e0a5" />
  <table name="(P0112) IAT SENSOR LOW INPUT" address="2e09d" />
  <table name="(P0113) IAT SENSOR HIGH INPUT" address="2e0a1" />
  <table name="(P0117) COOLANT TEMP SENSOR LOW INPUT" address="2ddf1" />
  <table name="(P0118) COOLANT TEMP SENSOR HIGH INPUT" address="2ddf5" />
  <table name="(P0121) TPS RANGE/PERF" address="2dde9" />
  <table name="(P0122) TPS A LOW INPUT" address="2dddd" />
  <table name="(P0123) TPS A HIGH INPUT" address="2dde1" />
  <table name="(P0125) INSUFFICIENT COOLANT TEMP (FUELING)" address="2ddfd" />
  <table name="(P0128) THERMOSTAT MALFUNCTION" address="2e12d" />
  <table name="(P0131) FRONT O2 SENSOR LOW INPUT" address="2e081" />
  <table name="(P0132) FRONT O2 SENSOR HIGH INPUT" address="2e089" />
  <table name="(P0133) FRONT O2 SENSOR SLOW RESPONSE" address="2dfe9" />
  <scaling name="(P0136)REARO2SENSORCIRCUITMALFUNCTION" storagetype="bloblist">
    <data name="enabled" value="040136" />
    <data name="disabled" value="050000" />
  </scaling>
  <table name="(P0136) REAR O2 SENSOR CIRCUIT MALFUNCTION" address="2dff5" scaling="(P0136)REARO2SENSORCIRCUITMALFUNCTION" />
  <table name="(P0139) REAR O2 SENSOR SLOW RESPONSE" address="2dff1" />
  <table name="(P0171) SYSTEM TOO LEAN" address="2e025" />
  <table name="(P0172) SYSTEM TOO RICH" address="2e029" />
  <table name="(P0181) FUEL TEMP SENSOR A RANGE/PERF" address="2de75" />
  <table name="(P0182) FUEL TEMP SENSOR A LOW INPUT" address="2de6d" />
  <table name="(P0183) FUEL TEMP SENSOR A HIGH INPUT" address="2de71" />
  <table name="(P0244) WASTEGATE SOLENOID A RANGE/PERF" address="2e181" />
  <table name="(P0245) WASTEGATE SOLENOID A LOW" address="2e175" />
  <table name="(P0246) WASTEGATE SOLENOID A HIGH" address="2e179" />
  <table name="(P0249) WASTEGATE SOLENOID B LOW" address="2e189" />
  <table name="(P0250) WASTEGATE SOLENOID B HIGH" address="2e18d" />
  <table name="(P0261) FUEL INJECTOR #1 CIRCUIT LOW" address="2e1cd" />
  <table name="(P0264) FUEL INJECTOR #2 CIRCUIT LOW" address="2e1d1" />
  <table name="(P0267) FUEL INJECTOR #3 CIRCUIT LOW" address="2e1d5" />
  <table name="(P0270) FUEL INJECTOR #4 CIRCUIT LOW" address="2e1d9" />
  <table name="(P0301) MISFIRE CYLINDER 1" address="2e031" />
  <table name="(P0302) MISFIRE CYLINDER 2" address="2e035" />
  <table name="(P0303) MISFIRE CYLINDER 3" address="2e039" />
  <table name="(P0304) MISFIRE CYLINDER 4" address="2e03d" />
  <table name="(P0327) KNOCK SENSOR 1 LOW INPUT" address="2ddd5" />
  <table name="(P0328) KNOCK SENSOR 1 HIGH INPUT" address="2ddd9" />
  <table name="(P0335) CRANKSHAFT POS. SENSOR A MALFUNCTION" address="2dd85" />
  <table name="(P0336) CRANKSHAFT POS. SENSOR A RANGE/PERF" address="2dd8d" />
  <table name="(P0340) CAMSHAFT POS. SENSOR A MALFUNCTION" address="2dd95" />
  <table name="(P0341) CAMSHAFT POS. SENSOR A RANGE/PERF" address="2dd91" />
  <table name="(P0350) IGNITION COIL PRIMARY/SECONDARY" address="2de29" />
  <table name="(P0365) CAMSHAFT POS. SENSOR B BANK 1" address="2df35" />
  <table name="(P0390) CAMSHAFT POS. SENSOR B BANK 2" address="2df39" />
  <table name="(P0420) CAT EFFICIENCY BELOW THRESHOLD" address="2e00d" />
  <table name="(P0442) EVAP LEAK DETECTED (SMALL)" address="2e011" />
  <scaling name="(P0444)EVAPPURGEVALVECIRCUITLOW" storagetype="bloblist">
    <data name="enabled" value="040444" />
    <data name="disabled" value="050000" />
  </scaling>
  <table name="(P0444) EVAP PURGE VALVE CIRCUIT LOW" address="2df11" scaling="(P0444)EVAPPURGEVALVECIRCUITLOW" />
  <scaling name="(P0445)EVAPPURGEVALVECIRCUITHIGH" storagetype="bloblist">
    <data name="enabled" value="040445" />
    <data name="disabled" value="050000" />
  </scaling>
  <table name="(P0445) EVAP PURGE VALVE CIRCUIT HIGH" address="2df15" scaling="(P0445)EVAPPURGEVALVECIRCUITHIGH" />
  <table name="(P0447) EVAP VENT CONTROL CIRCUIT OPEN" address="2df71" />
  <table name="(P0448) EVAP VENT CONTROL CIRCUIT SHORTED" address="2df75" />
  <table name="(P0451) EVAP PRESSURE SENSOR RANGE/PERF" address="2de45" />
  <table name="(P0452) EVAP PRESSURE SENSOR LOW INPUT" address="2de39" />
  <table name="(P0453) EVAP PRESSURE SENSOR HIGH INPUT" address="2de3d" />
  <table name="(P0456) EVAP LEAK DETECTED (VERY SMALL)" address="2e019" />
  <table name="(P0457) EVAP LEAK DETECTED (FUEL CAP)" address="2e04d" />
  <table name="(P0461) FUEL LEVEL SENSOR RANGE/PERF" address="2de09" />
  <table name="(P0462) FUEL LEVEL SENSOR LOW INPUT" address="2de01" />
  <table name="(P0463) FUEL LEVEL SENSOR HIGH INPUT" address="2de05" />
  <table name="(P0464) FUEL LEVEL SENSOR INTERMITTENT" address="2ddf9" />
  <table name="(P0480) RADIATOR FAN RELAY 1 LOW" address="2df21" />
  <table name="(P0483) RADIATOR FAN RATIONALITY CHECK" address="2df29" />
  <table name="(P0500) VEHICLE SPEED SENSOR A" address="2ddb9" />
  <table name="(P0506) IDLE CONTROL RPM LOWER THAN EXPECTED" address="2def9" />
  <table name="(P0507) IDLE CONTROL RPM HIGH THAN EXPECTED" address="2defd" />
  <table name="(P0508) IDLE CONTROL CIRCUIT LOW" address="2deed" />
  <table name="(P0509) IDLE CONTROL CIRCUIT HIGH" address="2def1" />
  <scaling name="(P0512)STARTERREQUESTCIRCUIT" storagetype="bloblist">
    <data name="enabled" value="040512" />
    <data name="disabled" value="050000" />
  </scaling>
  <table name="(P0512) STARTER REQUEST CIRCUIT" address="2de31" scaling="(P0512)STARTERREQUESTCIRCUIT" />
  <table name="(P0545) EGT SENSOR CIRCUIT LOW" address="2e1e1" />
  <table name="(P0546) EGT SENSOR CIRCUIT HIGH" address="2e1e5" />
  <table name="(P0562) SYSTEM VOLTAGE LOW" address="2e169" />
  <table name="(P0563) SYSTEM VOLTAGE HIGH" address="2e16d" />
  <table name="(P0604) CONTROL MODULE RAM ERROR" address="2dd9d" />
  <table name="(P0703) BRAKE SWITCH INPUT MALFUNCTION" address="2df95" />
  <table name="(P0705) TRANSMISSION RANGE SENSOR MALFUNCTION" address="2df8d" />
  <table name="(P0710) ATF TEMP SENSOR MALFUNCTION" address="2df89" />
  <table name="(P0715) TORQUE CONVERTER TURBINE SPEED MALFUNCTION" address="2e0f5" />
  <table name="(P0720) AT VEHICLE SPEED SENSOR HIGH" address="2df7d" />
  <table name="(P0725) ENGINE SPEED INPUT MALFUNCTION" address="2df81" />
  <table name="(P0731) GEAR 1 INCORRECT RATIO" address="2dfb5" />
  <table name="(P0732) GEAR 2 INCORRECT RATIO" address="2dfb9" />
  <table name="(P0733) GEAR 3 INCORRECT RATIO" address="2dfbd" />
  <table name="(P0734) GEAR 4 INCORRECT RATIO" address="2dfc5" />
  <table name="(P0741) TORQUE CONVERTER CLUTCH MALFUNCTION" address="2df99" />
  <table name="(P0743) TORQUE CONVERTER CLUTCH LOCK-UP DUTY SOLENOID" address="2dfb1" />
  <table name="(P0748) PRESSURE CONTROL LINE PRESSURE DUTY SOLENOID" address="2dfad" />
  <table name="(P0753) SHIFT SOLENOID A ELECTRICAL" address="2dfa1" />
  <table name="(P0758) SHIFT SOLENOID B ELECTRICAL" address="2dfa5" />
  <table name="(P0778) AT 2-4 BRAKE PRESSURE SOLENOID MALFUNCTION" address="2e101" />
  <table name="(P0785) AT 2-4 BRAKE TIMING SOLENOID MALFUNCTION" address="2e0fd" />
  <table name="(P1086) TGV POS. 2 CIRCUIT LOW" address="2e215" />
  <table name="(P1087) TGV POS. 2 CIRCUIT HIGH" address="2e219" />
  <table name="(P1088) TGV POS. 1 CIRCUIT LOW" address="2e21d" />
  <table name="(P1089) TGV POS. 1 CIRCUIT HIGH" address="2e221" />
  <table name="(P1090) TGV SYSTEM 1 (VALVE OPEN)" address="2ded9" />
  <table name="(P1091) TGV SYSTEM 1 (VALVE CLOSE)" address="2dedd" />
  <table name="(P1092) TGV SYSTEM 2 (VALVE OPEN)" address="2dee1" />
  <table name="(P1093) TGV SYSTEM 2 (VALVE CLOSE)" address="2dee5" />
  <table name="(P1094) TGV SIGNAL 1 (OPEN)" address="2e1c5" />
  <table name="(P1095) TGV SIGNAL 1 (SHORT)" address="2e1bd" />
  <table name="(P1096) TGV SIGNAL 2 (OPEN)" address="2e1c9" />
  <table name="(P1097) TGV SIGNAL 2 (SHORT)" address="2e1c1" />
  <table name="(P1110) ATMOS. PRESSURE SENSOR LOW INPUT" address="2e0c1" />
  <table name="(P1111) ATMOS. PRESSURE SENSOR HIGH INPUT" address="2e0c5" />
  <table name="(P1112) ATMOS. PRESSURE SENSOR RANGE/PERF" address="2e0c9" />
  <table name="(P1130) FRONT O2 SENSOR MALFUNCTION (OPEN)" address="2e109" />
  <table name="(P1131) FRONT O2 SENSOR MALFUNCTION (SHORT)" address="2e111" />
  <table name="(P1134) FRONT O2 SENSOR MICROCOMPUTER" address="2e07d" />
  <table name="(P1139) FRONT O2 SENSOR RANGE/PERF" address="2e0e5" />
  <table name="(P1141) MAF SENSOR HIGH INPUT" address="2ddb1" />
  <table name="(P1142) MAF SENSOR LOW INPUT" address="2dde5" />
  <table name="(P1146) MAP SENSOR RANGE/PERF" address="2e0dd" />
  <table name="(P1199) DIFFERENTIAL PRESSURE SENSOR" address="2e211" />
  <scaling name="(P1230)FUELPUMPCONTROLUNITMALFUNCTION" storagetype="bloblist">
    <data name="enabled" value="041230" />
    <data name="disabled" value="050000" />
  </scaling>
  <table name="(P1230) FUEL PUMP CONTROL UNIT MALFUNCTION" address="2e021" scaling="(P1230)FUELPUMPCONTROLUNITMALFUNCTION" />
  <table name="(P1235) ICV SOLENOID CIRCUIT LOW" address="2e05d" />
  <table name="(P1236) ICV SOLENOID CIRCUIT HIGH" address="2e061" />
  <table name="(P1237) ECV SOLENOID LOW POS. PRESSURE" address="2de49" />
  <table name="(P1238) ECV SOLENOID HIGH POS. PRESSURE" address="2de4d" />
  <table name="(P1239) ECV SOLENOID LOW NEG. PRESSURE" address="2de51" />
  <table name="(P1240) ECV SOLENOID HIGH NEG. PRESSURE" address="2de55" />
  <table name="(P1241) 2 STAGE TWIN TURBO SYSTEM (SINGLE)" address="2e20d" />
  <table name="(P1242) 2 STAGE TWIN TURBO SYSTEM (TWIN)" address="2e209" />
  <table name="(P1247) RELIEF VALVE SOLENOID 1 CIRCUIT LOW" address="2e191" />
  <table name="(P1248) RELIEF VALVE SOLENOID 1 CIRCUIT HIGH" address="2e151" />
  <table name="(P1249) RELIEF VALVE SOLENOID 2 CIRCUIT LOW" address="2e155" />
  <table name="(P1250) RELIEF VALVE SOLENOID 2 CIRCUIT HIGH" address="2e159" />
  <table name="(P1301) MISFIRE (HIGH TEMP EXHAUST GAS)" address="2e049" />
  <table name="(P1306) OCV SOLENOID SIGNAL 1 MALFUNCTION (OPEN)" address="2e1f1" />
  <table name="(P1307) OCV SOLENOID SIGNAL 1 MALFUNCTION (SHORT)" address="2e1f9" />
  <table name="(P1308) OCV SOLENOID SIGNAL 2 MALFUNCTION (OPEN)" address="2e1f5" />
  <table name="(P1309) OCV SOLENOID SIGNAL 2 MALFUNCTION (SHORT)" address="2e1fd" />
  <table name="(P1312) EGT SENSOR MALFUNCTION" address="2e1e9" />
  <table name="(P1400) FUEL TANK PRESSURE SOL. LOW" address="2df45" />
  <table name="(P1420) FUEL TANK PRESSURE SOL. HIGH INPUT" address="2df49" />
  <table name="(P1443) VENT CONTROL SOLENOID FUNCTION PROBLEM" address="2df61" />
  <table name="(P1480) RADIATOR FAN RELAY 1 CIRCUIT HIGH" address="2df25" />
  <table name="(P1507) IDLE CONTROL MALFUNCTION (FAIL-SAFE)" address="2def5" />
  <scaling name="(P1518)STARTERSWITCHLOWINPUT" storagetype="bloblist">
    <data name="enabled" value="041518" />
    <data name="disabled" value="050000" />
  </scaling>
  <table name="(P1518) STARTER SWITCH LOW INPUT" address="2de2d" scaling="(P1518)STARTERSWITCHLOWINPUT" />
  <table name="(P1544) EGT TOO HIGH" address="2e1ed" />
  <table name="(P1560) BACK-UP VOLTAGE MALFUNCTION" address="2e15d" />
  <scaling name="(P1590)NEUTRALPOS.SWITCHHIGHINPUT(AT)" storagetype="bloblist">
    <data name="enabled" value="041590" />
    <data name="disabled" value="050000" />
  </scaling>
  <table name="(P1590) NEUTRAL POS. SWITCH HIGH INPUT (AT)" address="2de5d" scaling="(P1590)NEUTRALPOS.SWITCHHIGHINPUT(AT)" />
  <scaling name="(P1591)NEUTRALPOS.SWITCHLOWINPUT(AT)" storagetype="bloblist">
    <data name="enabled" value="041591" />
    <data name="disabled" value="050000" />
  </scaling>
  <table name="(P1591) NEUTRAL POS. SWITCH LOW INPUT (AT)" address="2de61" scaling="(P1591)NEUTRALPOS.SWITCHLOWINPUT(AT)" />
  <table name="(P1594) AT DIAGNOSIS SIGNAL MALFUNCTION" address="2dfe1" />
  <table name="(P1595) AT DIAGNOSIS SIGNAL LOW INPUT" address="2dfcd" />
  <table name="(P1596) AT DIAGNOSIS SIGNAL HIGH INPUT" address="2dfd1" />
  <table name="(P1700) TPS CIRCUIT MALFUNCTION (AT)" address="2df85" />
  <table name="(P1701) CRUISE CONTROL SET SIGNAL MALFUNCTION (AT)" address="2df91" />
  <table name="(P1703) LOW CLUTCH TIMING SOLENOID MALFUNCTION (AT)" address="2e0f9" />
  <table name="(P1711) ENGINE TORQUE SIGNAL #1 MALFUNCTION" address="2e0ed" />
  <table name="(P1712) ENGINE TORQUE SIGNAL #2 MALFUNCTION" address="2e0f1" />
</rom>