<rom>
  <romid>
    <xmlid>A2WC400H</xmlid>
    <internalidaddress>2000</internalidaddress>
    <internalidstring>A2WC400H</internalidstring>
    <ecuid>3B52503006</ecuid>
    <year>05</year>
    <market>ADM</market>
    <make>Subaru</make>
    <model>Forester</model>
    <submodel>XT</submodel>
    <transmission>AT</transmission>
    <memmodel>SH7055</memmodel>
    <flashmethod>sti04</flashmethod>
    <checksummodule>subarudbw</checksummodule>
  </romid>
  <include>32BITBASE</include>
  <table name="Target Boost" address="5f1fc">
    <table name="X" address="5f1ac" />
    <table name="Y" address="5f1cc" />
  </table>
  <table name="Target Boost Compensation (ECT)" address="5ed76">
    <table name="Y" address="5ecbc" />
  </table>
  <table name="Target Boost Compensation (1st Gear)" address="5ecb8" />
  <table name="Target Boost Compensation (1st Gear) Speed Disable" address="5ecb0" />
  <table name="Target Boost Compensation (Atm. Pressure) Multiplier" address="5ee78">
    <table name="Y" address="5ee68" />
  </table>
  <table name="Target Boost Compensation (Atm. Pressure) Multiplier Offset" address="5eda8">
    <table name="Y" address="5ed98" />
  </table>
  <table name="Boost Limit (Fuel Cut)" address="62d5c">
    <table name="Y" address="62d44" />
  </table>
  <table name="Boost Control Disable (IAM)" address="5ec98" />
  <table name="Boost Control Disable (Fine Correction)" address="5ec94" />
  <table name="Boost Control Disable Delay (Fine Correction)" address="5ec41" />
  <table name="Initial Wastegate Duty" address="5efcc">
    <table name="X" address="5ef7c" />
    <table name="Y" address="5ef9c" />
  </table>
  <table name="Max Wastegate Duty" address="5f0fc">
    <table name="X" address="5f0bc" />
    <table name="Y" address="5f0dc" />
  </table>
  <table name="Max Wastegate Duty Limit Post-Compensation" address="14c0c" />
  <table name="Initial/Max Wastegate Duty Compensation (IAT)" address="5ed3c">
    <table name="Y" address="5ecfc" />
  </table>
  <table name="Initial/Max Wastegate Duty Compensation (ECT)" address="5ed56">
    <table name="Y" address="5ecbc" />
  </table>
  <table name="Initial/Max Wastegate Duty Compensation (Atm. Pressure)" address="5ef38">
    <table name="X" address="5ef10" />
    <table name="Y" address="5ef28" />
  </table>
  <table name="Turbo Dynamics Proportional" address="5ede4">
    <table name="Y" address="5edc0" />
  </table>
  <table name="Turbo Dynamics Integral Positive" address="5ee54">
    <table name="Y" address="5ee30" />
  </table>
  <table name="Turbo Dynamics Integral Negative" address="5ee1c">
    <table name="Y" address="5edf8" />
  </table>
  <table name="TD Activation Thresholds (RPM)" address="5ec78" />
  <table name="TD Activation Thresholds (Target Boost)" address="5ec4c" />
  <table name="TD Integral Cumulative Range (WGDC Correction)" address="5ec88" />
  <table name="TD Integral Negative Activation (Boost Error)" address="5ec5c" />
  <table name="TD Integral Positive Activation (Boost Error)" address="5ec64" />
  <table name="TD Integral Positive Activation (Wastegate Duty)" address="5ec6c" />
  <table name="Manifold Pressure Sensor Scaling" address="5e888" />
  <table name="Manifold Pressure Sensor Limits (CEL)" address="67216" />
  <table name="Manifold Pressure Sensor CEL Delays" address="6156d" />
  <table name="Primary Open Loop Fueling" address="630bc">
    <table name="X" address="63038" />
    <table name="Y" address="63074" />
  </table>
  <table name="Primary Open Loop Fueling (Failsafe)" address="63264">
    <table name="X" address="631e0" />
    <table name="Y" address="6321c" />
  </table>
  <table name="Primary Open Loop Fuel Map Switch (IAM)" address="61dec" />
  <table name="Minimum Active Primary Open Loop Enrichment" address="61d50" />
  <table name="Minimum Primary Open Loop Enrichment (Throttle)" address="623c4">
    <table name="Y" address="623ac" />
  </table>
  <table name="Primary Open Loop Fueling Compensation (ECT)" address="62ba8">
    <table name="Y" address="62040" />
  </table>
  <table name="Primary Open Loop Fueling Compensation (Timing Compensation)_" address="623e4">
    <table name="Y" address="623cc" />
  </table>
  <table name="Front Oxygen Sensor Scaling" address="67858">
    <table name="Y" address="67824" />
  </table>
  <table name="Front Oxygen Sensor Rich Limit" address="20c00" />
  <table name="Front Oxygen Sensor Compensation (Atm. Pressure)" address="60c84">
    <table name="Y" address="60c74" />
  </table>
  <table name="CL Fueling Target Compensation (Load)" address="63bf0">
    <table name="X" address="63b9c" elements="11" />
    <table name="Y" address="63bc8" />
  </table>
  <table name="CL Fueling Target Compensation A (ECT)" address="63a40">
    <table name="X" address="62040" />
    <table name="Y" address="63a34" />
  </table>
  <table name="CL Fueling Target Compensation B (ECT)" address="63af4">
    <table name="X" address="62040" />
    <table name="Y" address="63ae8" />
  </table>
  <table name="CL to OL Delay" address="619a0" />
  <table name="CL to OL Transition with Delay A (Throttle)" address="622fc">
    <table name="Y" address="622bc" />
  </table>
  <table name="CL to OL Transition with Delay B (Throttle)" address="6234c">
    <table name="Y" address="6230c" />
  </table>
  <table name="CL to OL Transition with Delay C (Throttle)" address="6239c">
    <table name="Y" address="6235c" />
  </table>
  <table name="CL to OL Transition with Delay Throttle Hysteresis" address="61d54" />
  <table name="CL to OL Transition with Delay A (Base Pulse Width)" address="62ac8">
    <table name="Y" address="62a88" />
  </table>
  <table name="CL to OL Transition with Delay B (Base Pulse Width)" address="62b28">
    <table name="Y" address="62ae8" />
  </table>
  <table name="CL to OL Transition with Delay C (Base Pulse Width)" address="62b88">
    <table name="Y" address="62b48" />
  </table>
  <table name="CL to OL Transition with Delay BPW Hysteresis" address="61d58" />
  <table name="CL Delay Maximum (EGT)" address="61dd4" />
  <table name="CL Delay Maximum (Vehicle Speed)" address="61dcc" />
  <table name="CL Delay Minimum (ECT)" address="61d5c" />
  <table name="CL Delay Maximum Engine Speed (Per Gear)" address="61d60" />
  <table name="CL Delay Maximum Engine Speed (Neutral)" address="61db0" />
  <table name="CL Delay Throttle Atm. Pressure Thresholds" address="61ddc" />
  <table name="CL Delay Maximum (Throttle) (Low Atm. Pressure)" address="61dc0" />
  <table name="CL Delay Maximum (Throttle) (High Atm. Pressure)" address="61db8" />
  <table name="Injector Latency" address="67308">
    <table name="Y" address="672f4" />
  </table>
  <table name="Injector Flow Scaling" address="61acc" />
  <table name="Per Injector Primary Fuel Offset Compensation A" address="633f0">
    <table name="X" address="63374" elements="17" />
    <table name="Y" address="633b8" />
  </table>
  <table name="Per Injector Primary Fuel Offset Compensation B" address="6355c">
    <table name="X" address="634e0" elements="17" />
    <table name="Y" address="63524" />
  </table>
  <table name="Per Injector Primary Fuel Offset Compensation C" address="636c8">
    <table name="X" address="6364c" elements="17" />
    <table name="Y" address="63690" />
  </table>
  <table name="Per Injector Primary Fuel Offset Compensation D" address="63834">
    <table name="X" address="637b8" elements="17" />
    <table name="Y" address="637fc" />
  </table>
  <table name="Cranking Fuel Injector Pulse Width A (ECT)" address="624f2">
    <table name="Y" address="62040" />
  </table>
  <table name="Cranking Fuel Injector Pulse Width B (ECT)" address="62512">
    <table name="Y" address="62040" />
  </table>
  <table name="Cranking Fuel Injector Pulse Width C (ECT)" address="62532">
    <table name="Y" address="62040" />
  </table>
  <table name="Cranking Fuel Injector Pulse Width D (ECT)" address="62552">
    <table name="Y" address="62040" />
  </table>
  <table name="Cranking Fuel IPW Compensation (RPM)" address="62f00">
    <table name="X" address="62ed0" />
    <table name="Y" address="62ee4" />
  </table>
  <table name="Cranking Fuel IPW Compensation (Accelerator)" address="620e8">
    <table name="Y" address="620d0" />
  </table>
  <table name="Throttle Tip-in Enrichment" address="62cb0">
    <table name="Y" address="62c68" />
  </table>
  <table name="Minimum Tip-in Enrichment Activation" address="61ec4" />
  <table name="Minimum Tip-in Enrichment Activation (Throttle)" address="61ec0" />
  <table name="Tip-in Enrichment Compensation (Boost Error)" address="62468">
    <table name="Y" address="62444" />
  </table>
  <table name="Tip-in Enrichment Compensation (ECT)" address="62cd4">
    <table name="Y" address="62040" />
  </table>
  <table name="Tip-in Enrichment Disable Applied Counter Threshold" address="61966" />
  <table name="Tip-in Enrichment Applied Counter Reset" address="61967" />
  <table name="Tip-in Enrichment Disable Throttle Cumulative Threshold" address="61ec8" />
  <table name="Tip-in Throttle Cumulative Reset" address="61968" />
  <table name="Min Primary Base Enrichment 1" address="6213e">
    <table name="Y" address="62040" />
  </table>
  <table name="Min Primary Base Enrichment 1 (Non-Primary OL)" address="6300c">
    <table name="X" address="62fe0" elements="8" />
    <table name="Y" address="63000" />
  </table>
  <table name="Min Primary Base Enrich 2 Initial Start 1A" address="625f2">
    <table name="Y" address="62040" />
  </table>
  <table name="Min Primary Base Enrich 2 Initial Start 1B" address="62632">
    <table name="Y" address="62040" />
  </table>
  <table name="Min Primary Base Enrich 2 Initial Start 2A" address="62612">
    <table name="Y" address="62040" />
  </table>
  <table name="Min Primary Base Enrich 2 Initial Start 2B" address="62652">
    <table name="Y" address="62040" />
  </table>
  <table name="Min Primary Base Enrich 2 Decay Step 1" address="62672">
    <table name="Y" address="62040" />
  </table>
  <table name="Min Primary Base Enrich 2 Decay Step 2" address="62692">
    <table name="Y" address="62040" />
  </table>
  <table name="Min Primary Base Enrich 3 Initial Start 1A" address="62572">
    <table name="Y" address="62040" />
  </table>
  <table name="Min Primary Base Enrich 3 Initial Start 1B" address="62592">
    <table name="Y" address="62040" />
  </table>
  <table name="Min Primary Base Enrich 3 Initial Start 2A" address="625b2">
    <table name="Y" address="62040" />
  </table>
  <table name="Min Primary Base Enrich 3 Initial Start 2B" address="625d2">
    <table name="Y" address="62040" />
  </table>
  <table name="Min Primary Base Enrich 3 Decay Delay A" address="620fe">
    <table name="Y" address="62040" />
  </table>
  <table name="Min Primary Base Enrich 3 Decay Delay B" address="6210e">
    <table name="Y" address="62040" />
  </table>
  <table name="Min Primary Base Enrich 3 Decay Multiplier" address="61ad0" />
  <table name="A/F Learning #1 Limits" address="61cfc" />
  <table name="A/F Learning #1 Airflow Ranges" address="61d08" />
  <table name="MAF Limit (Maximum)" address="60808" />
  <table name="MAF Sensor Scaling" address="67674">
    <table name="Y" address="675b4" elements="48" />
  </table>
  <table name="MAF Compensation (IAT)" address="61084">
    <table name="X" address="61050" />
    <table name="Y" address="61064" />
  </table>
  <table name="Engine Load Limit (Maximum)" address="1ec10" />
  <table name="Engine Load Compensation (MP)" address="60fcc">
    <table name="X" address="60f70" />
    <table name="Y" address="60f9c" elements="12" />
  </table>
  <table name="Base Timing" address="64b84">
    <table name="X" address="64b00" />
    <table name="Y" address="64b3c" />
  </table>
  <table name="Base Timing Idle" address="64255">
    <table name="Y" address="640f8" />
  </table>
  <table name="Base Timing Idle Minimum" address="6424c">
    <table name="Y" address="64228" />
  </table>
  <table name="Base Timing Idle Minimum Vehicle Speed Enable" address="63e18" />
  <table name="Knock Correction Advance Max" address="64ed8">
    <table name="X" address="64e50" />
    <table name="Y" address="64e90" />
  </table>
  <table name="Timing Compensation (IAT)" address="642c8">
    <table name="Y" address="64288" />
  </table>
  <table name="Timing Compensation (IAT) Activation" address="64cd4">
    <table name="X" address="64c94" />
    <table name="Y" address="64cb4" />
  </table>
  <table name="Timing Compensation (ECT)" address="64275">
    <table name="Y" address="640f8" />
  </table>
  <table name="Timing Compensation (MRP)" address="6502c">
    <table name="X" address="6500c" />
    <table name="Y" address="65020" />
  </table>
  <table name="Timing Compensation Per Cylinder A__" address="646c0">
    <table name="Y" address="64688" />
  </table>
  <table name="Timing Compensation Per Cylinder B__" address="64708">
    <table name="Y" address="646d0" />
  </table>
  <table name="Timing Compensation Per Cylinder C__" address="64750">
    <table name="Y" address="64718" />
  </table>
  <table name="Timing Compensation Per Cylinder D__" address="64798">
    <table name="Y" address="64760" />
  </table>
  <table name="Timing Comp Minimum Load (Per Cylinder)" address="63f50" />
  <table name="Timing Comp Maximum RPM (Per Cylinder)" address="63f4c" />
  <table name="Timing Comp Minimum Coolant Temp (Per Cylinder)" address="63f54" />
  <table name="Feedback Correction Range (RPM)" address="63f88" />
  <table name="Feedback Correction Minimum Load" address="63f98" />
  <table name="Feedback Correction Retard Value" address="63f68" />
  <table name="Feedback Correction Retard Limit" address="63f64" />
  <table name="Feedback Correction Negative Advance Value" address="63f70" />
  <table name="Feedback Correction Negative Advance Delay" address="63d42" />
  <table name="Extended Feedback Correction High RPM Compensation" address="63fa0" />
  <table name="Fine Correction Range (RPM)" address="64080" />
  <table name="Fine Correction Range (Load)" address="64090" />
  <table name="Fine Correction Rows (RPM)" address="640b0" />
  <table name="Fine Correction Columns (Load)" address="640a0" />
  <table name="Fine Correction Retard Value" address="640c8" />
  <table name="Fine Correction Retard Limit" address="64078" />
  <table name="Fine Correction Advance Value" address="6407c" />
  <table name="Fine Correction Advance Limit" address="64074" />
  <table name="Fine Correction Advance Delay" address="63d50" />
  <table name="Rough Correction Range (RPM)" address="64018" />
  <table name="Rough Correction Range (Load)" address="64028" />
  <table name="Rough Correction Minimum KC Advance Map Value" address="64038" />
  <table name="Rough Correction Learning Delay (Increasing)" address="647d0">
    <table name="Y" address="647a8" />
  </table>
  <table name="Advance Multiplier (Initial)" address="64014" />
  <table name="Advance Multiplier Step Value" address="6403c" />
  <table name="Intake Cam Advance Angle (AVCS)" address="68be4">
    <table name="X" address="68b64" />
    <table name="Y" address="68b9c" />
  </table>
  <table name="Requested Torque (Accelerator Pedal)" address="668e4">
    <table name="X" address="6686c" />
    <table name="Y" address="668a8" elements="15" />
  </table>
  <table name="Target Throttle Plate Position (Requested Torque)" address="6664c">
    <table name="X" address="665c8" />
    <table name="Y" address="6660c" />
  </table>
  <table name="Rev Limit (Fuel Cut)" address="61f18" />
  <table name="Rev Limit Fuel Resume (Boost)" address="61f20" />
  <table name="Speed Limiting Enable (Fuel Cut)" address="61f64" />
  <table name="Speed Limiting Disable (Fuel Cut)" address="61f6c" />
  <table name="Speed Limiting (Throttle)" address="60ae8" />
  <table name="EGT Sensor Scaling" address="677ac">
    <table name="Y" address="67734" />
  </table>
  <table name="Intake Temp Sensor Scaling" address="5e644">
    <table name="Y" address="5e5cc" />
  </table>
  <table name="Coolant Temp Sensor Scaling" address="5e55c">
    <table name="Y" address="5e4ec" />
  </table>
  <table name="Atmospheric Pressure Sensor Scaling" address="5e834" />
  <table name="Radiator Fan Modes (ECT)" address="67fd4" />
  <table name="Radiator Fan Modes (Veh. Speed)" address="67fe4" />
  <table name="Idle Speed Target A" address="65be4">
    <table name="Y" address="655f0" />
  </table>
  <table name="Idle Speed Target B" address="65c24">
    <table name="Y" address="655f0" />
  </table>
  <table name="Idle Speed Target C" address="65c64">
    <table name="Y" address="655f0" />
  </table>
  <table name="Force Pass Readiness Monitors" address="51b1e" />
  <table name="(P0031) FRONT O2 SENSOR LOW INPUT" address="4e94a" />
  <table name="(P0032) FRONT O2 SENSOR HIGH INPUT" address="4e948" />
  <table name="(P0037) REAR O2 SENSOR LOW INPUT" address="4e949" />
  <table name="(P0038) REAR O2 SENSOR HIGH INPUT" address="4e947" />
  <table name="(P0102) MAF SENSOR LOW INPUT" address="4e8fd" />
  <table name="(P0103) MAF SENSOR HIGH INPUT" address="4e8fe" />
  <table name="(P0107) MAP SENSOR LOW INPUT" address="4e94b" />
  <table name="(P0108) MAP SENSOR HIGH INPUT" address="4e94c" />
  <table name="(P0112) IAT SENSOR LOW INPUT" address="4e944" />
  <table name="(P0113) IAT SENSOR HIGH INPUT" address="4e945" />
  <table name="(P0117) COOLANT TEMP SENSOR LOW INPUT" address="4e905" />
  <table name="(P0118) COOLANT TEMP SENSOR HIGH INPUT" address="4e906" />
  <table name="(P0122) TPS A LOW INPUT" address="4e902" />
  <table name="(P0123) TPS A HIGH INPUT" address="4e903" />
  <table name="(P0131) FRONT O2 SENSOR LOW INPUT" address="4e941" />
  <table name="(P0132) FRONT O2 SENSOR HIGH INPUT" address="4e942" />
  <table name="(P0134) FRONT O2 SENSOR NO ACTIVITY" address="4e962" />
  <table name="(P0137) REAR O2 SENSOR LOW VOLTAGE" address="4e940" />
  <table name="(P0138) REAR O2 SENSOR HIGH VOLTAGE" address="4e943" />
  <table name="(P0171) SYSTEM TOO LEAN" address="4e936" />
  <table name="(P0172) SYSTEM TOO RICH" address="4e937" />
  <table name="(P0222) TPS B LOW INPUT" address="4e966" />
  <table name="(P0223) TPS B HIGH INPUT" address="4e967" />
  <table name="(P0230) FUEL PUMP PRIMARY CIRCUIT" address="4e95e" />
  <table name="(P0244) WASTEGATE SOLENOID A RANGE/PERF" address="4e954" />
  <table name="(P0245) WASTEGATE SOLENOID A LOW" address="4e952" />
  <table name="(P0246) WASTEGATE SOLENOID A HIGH" address="4e953" />
  <table name="(P0261) FUEL INJECTOR #1 CIRCUIT LOW" address="4e955" />
  <table name="(P0264) FUEL INJECTOR #2 CIRCUIT LOW" address="4e956" />
  <table name="(P0267) FUEL INJECTOR #3 CIRCUIT LOW" address="4e957" />
  <table name="(P0270) FUEL INJECTOR #4 CIRCUIT LOW" address="4e958" />
  <table name="(P0327) KNOCK SENSOR 1 LOW INPUT" address="4e900" />
  <table name="(P0328) KNOCK SENSOR 1 HIGH INPUT" address="4e901" />
  <table name="(P0335) CRANKSHAFT POS. SENSOR A MALFUNCTION" address="4e8f8" />
  <table name="(P0340) CAMSHAFT POS. SENSOR A MALFUNCTION" address="4e97a" />
  <table name="(P0345) CAMSHAFT POS. SENSOR A BANK 2" address="4e979" />
  <table name="(P0350) IGNITION COIL PRIMARY/SECONDARY" address="4e90c" />
  <table name="(P0458) EVAP PURGE VALVE CIRCUIT LOW" address="4e928" />
  <table name="(P0459) EVAP PURGE VALVE CIRCUIT HIGH" address="4e929" />
  <table name="(P0502) VEHICLE SPEED SENSOR LOW INPUT" address="4e95d" />
  <table name="(P0503) VEHICLE SPEED SENSOR INTERMITTENT" address="4e964" />
  <table name="(P0512) STARTER REQUEST CIRCUIT" address="4e90e" />
  <table name="(P0519) IDLE CONTROL MALFUNCTION (FAIL-SAFE)" address="4e960" />
  <table name="(P0545) EGT SENSOR CIRCUIT LOW" address="4e959" />
  <table name="(P0546) EGT SENSOR CIRCUIT HIGH" address="4e95a" />
  <table name="(P0600) SERIAL COMMUNICATION LINK" address="4e976" />
  <table name="(P0604) CONTROL MODULE RAM ERROR" address="4e8fc" />
  <table name="(P0605) CONTROL MODULE ROM ERROR" address="4e97b" />
  <table name="(P0607) CONTROL MODULE PERFORMANCE" address="4e96e" />
  <table name="(P0638) THROTTLE ACTUATOR RANGE/PERF" address="4e96d" />
  <table name="(P0691) RADIATOR FAN CIRCUIT LOW" address="4e91e" />
  <table name="(P0692) RADIATOR FAN CIRCUIT HIGH" address="4e91f" />
  <table name="(P0700) TRANSMISSION CONTROL SYSTEM" address="4e984" />
  <table name="(P0851) NEUTRAL SWITCH INPUT LOW" address="4e912" />
  <table name="(P0852) NEUTRAL SWITCH INPUT HIGH" address="4e916" />
  <table name="(P1160) ABNORMAL RETURN SPRING" address="4e968" />
  <table name="(P1518) STARTER SWITCH LOW INPUT" address="4e90d" />
  <table name="(P1544) EGT TOO HIGH" address="4e95c" />
  <table name="(P1560) BACK-UP VOLTAGE MALFUNCTION" address="4e94f" />
  <table name="(P2004) TGV - INTAKE MANIFOLD RUNNER 1 STUCK OPEN" address="4e987" />
  <table name="(P2005) TGV - INTAKE MANIFOLD RUNNER 2 STUCK OPEN" address="4e989" />
  <table name="(P2006) TGV - INTAKE MANIFOLD RUNNER 1 STUCK CLOSED" address="4e988" />
  <table name="(P2007) TGV - INTAKE MANIFOLD RUNNER 2 STUCK CLOSED" address="4e98a" />
  <table name="(P2008) TGV - INTAKE MANIFOLD RUNNER 1 CIRCUIT OPEN" address="4e995" />
  <table name="(P2009) TGV - INTAKE MANIFOLD RUNNER 1 CIRCUIT LOW" address="4e993" />
  <table name="(P2011) TGV - INTAKE MANIFOLD RUNNER 2 CIRCUIT OPEN" address="4e996" />
  <table name="(P2012) TGV - INTAKE MANIFOLD RUNNER 2 CIRCUIT LOW" address="4e994" />
  <table name="(P2016) TGV - INTAKE MANIFOLD RUNNER 1 POS. SENSOR LOW" address="4e98f" />
  <table name="(P2017) TGV - INTAKE MANIFOLD RUNNER 1 POS. SENSOR HIGH" address="4e990" />
  <table name="(P2021) TGV - INTAKE MANIFOLD RUNNER 2 POS. SENSOR LOW" address="4e991" />
  <table name="(P2022) TGV - INTAKE MANIFOLD RUNNER 2 POS. SENSOR HIGH" address="4e992" />
  <table name="(P2088) OCV SOLENOID A1 CIRCUIT OPEN" address="4e983" />
  <table name="(P2089) OCV SOLENOID A1 CIRCUIT SHORT" address="4e982" />
  <table name="(P2092) OCV SOLENOID A2 CIRCUIT OPEN" address="4e981" />
  <table name="(P2093) OCV SOLENOID A2 CIRCUIT SHORT" address="4e980" />
  <table name="(P2101) THROTTLE ACTUATOR CIRCUIT RANGE/PERF" address="4e96b" />
  <table name="(P2102) THROTTLE ACTUATOR CIRCUIT LOW" address="4e969" />
  <table name="(P2103) THROTTLE ACTUATOR CIRCUIT HIGH" address="4e96a" />
  <table name="(P2109) TPS A MINIMUM STOP PERF" address="4e965" />
  <table name="(P2122) TPS D CIRCUIT LOW INPUT" address="4e972" />
  <table name="(P2123) TPS D CIRCUIT HIGH INPUT" address="4e973" />
  <table name="(P2127) TPS E CIRCUIT LOW INPUT" address="4e970" />
  <table name="(P2128) TPS E CIRCUIT HIGH INPUT" address="4e971" />
  <table name="(P2135) TPS A/B VOLTAGE" address="4e974" />
  <table name="(P2138) TPS D/E VOLTAGE" address="4e96f" />
  <table name="(P2228) BARO. PRESSURE CIRCUIT LOW INPUT" address="4e98e" />
  <table name="(P2229) BARO. PRESSURE CIRCUIT HIGH INPUT" address="4e98d" />
</rom>