<rom>
  <romid>
    <xmlid>A2WC411I</xmlid>
    <internalidaddress>2000</internalidaddress>
    <internalidstring>A2WC411I</internalidstring>
    <ecuid>3B12584206</ecuid>
    <year>05</year>
    <market>USDM</market>
    <make>Subaru</make>
    <model>Forester</model>
    <submodel>XT</submodel>
    <transmission>MT</transmission>
    <memmodel>SH7058</memmodel>
    <flashmethod>sti05</flashmethod>
    <checksummodule>subarudbw</checksummodule>
  </romid>
  <include>A2WC410I</include>
</rom>