<rom>
  <romid>
    <xmlid>E2ZD508C</xmlid>
    <internalidaddress>2000</internalidaddress>
    <internalidstring>E2ZD508C</internalidstring>
    <ecuid>2F421A6106</ecuid>
    <year>04</year>
    <market>EDM</market>
    <make>Subaru</make>
    <model>Outback</model>
    <submodel>2.5i</submodel>
    <transmission>MT</transmission>
    <memmodel>SH7055</memmodel>
    <flashmethod>sti04</flashmethod>
    <checksummodule>subarudbw</checksummodule>
  </romid>
  <include>32BITBASE</include>
  <table name="Manifold Pressure Sensor Scaling" address="74440" />
  <table name="Manifold Pressure Sensor Limits (CEL)" address="74d5c" />
  <table name="Manifold Pressure Sensor CEL Delays" address="7808c" />
  <table name="Primary Open Loop Fueling_" address="7b0f8">
    <table name="X" address="7b0ac" />
    <table name="Y" address="7b0d8" elements="8" />
  </table>
  <table name="Front Oxygen Sensor Scaling" address="7516c">
    <table name="Y" address="75138" />
  </table>
  <table name="Front Oxygen Sensor Rich Limit" address="34208" />
  <table name="Front Oxygen Sensor Compensation (Atm. Pressure)" address="76bb4">
    <table name="Y" address="76ba4" />
  </table>
  <table name="CL Fueling Target Compensation (Load)" address="7b270">
    <table name="X" address="7b204" elements="11" />
    <table name="Y" address="7b230" elements="16" />
  </table>
  <table name="CL Fueling Target Compensation (ECT)_" address="7a952">
    <table name="Y" address="79ea0" />
  </table>
  <table name="CL Fueling Target Compensation (ECT) Disable" address="79a28" />
  <table name="CL to OL Delay A (Atm. Pressure)" address="7abc0">
    <table name="Y" address="7abb8" elements="2" />
  </table>
  <table name="CL to OL Delay B (Atm. Pressure)" address="7abcc">
    <table name="Y" address="7abc4" elements="2" />
  </table>
  <table name="CL to OL Transition with Delay (Accelerator)" address="7a1fc">
    <table name="Y" address="7a1e0" elements="7" />
  </table>
  <table name="CL to OL Transition with Delay Throttle Hysteresis" address="79bb0" />
  <table name="CL to OL Transition with Delay (Base Pulse Width)" address="7abec">
    <table name="Y" address="7abd0" elements="7" />
  </table>
  <table name="CL to OL Transition with Delay BPW Hysteresis" address="79bb4" />
  <table name="CL Delay Minimum (ECT)" address="79bb8" />
  <table name="CL Delay Maximum Engine Speed A" address="79bbc" />
  <table name="CL Delay Maximum Engine Speed B" address="79bc8" />
  <table name="CL Delay Engine Speed B Counter Threshold" address="7981c" />
  <table name="CL Delay Maximum (Throttle) A" address="79bc4" />
  <table name="CL Delay Throttle A Counter Threshold" address="7981a" />
  <table name="Injector Latency" address="74e14">
    <table name="Y" address="74e00" />
  </table>
  <table name="Injector Flow Scaling" address="79928" />
  <table name="Per Injector Primary Fuel Offset Compensation A" address="7b174">
    <table name="X" address="7b164" elements="2" />
    <table name="Y" address="7b16c" elements="2" />
  </table>
  <table name="Per Injector Primary Fuel Offset Compensation B" address="7b198">
    <table name="X" address="7b178" elements="4" />
    <table name="Y" address="7b188" elements="4" />
  </table>
  <table name="Per Injector Primary Fuel Offset Compensation C" address="7b1b8">
    <table name="X" address="7b1a8" elements="2" />
    <table name="Y" address="7b1b0" elements="2" />
  </table>
  <table name="Per Injector Primary Fuel Offset Compensation D" address="7b1dc">
    <table name="X" address="7b1bc" elements="4" />
    <table name="Y" address="7b1cc" elements="4" />
  </table>
  <table name="Cranking Fuel Injector Pulse Width A (ECT)" address="7a34a">
    <table name="Y" address="79ea0" />
  </table>
  <table name="Cranking Fuel Injector Pulse Width B (ECT)" address="7a36a">
    <table name="Y" address="79ea0" />
  </table>
  <table name="Cranking Fuel Injector Pulse Width C (ECT)" address="7a38a">
    <table name="Y" address="79ea0" />
  </table>
  <table name="Cranking Fuel Injector Pulse Width D (ECT)" address="7a3aa">
    <table name="Y" address="79ea0" />
  </table>
  <table name="Cranking Fuel Injector Pulse Width E (ECT)" address="7a3ca">
    <table name="Y" address="79ea0" />
  </table>
  <table name="Cranking Fuel Injector Pulse Width F (ECT)" address="7a3ea">
    <table name="Y" address="79ea0" />
  </table>
  <table name="Cranking Fuel Injector Pulse Width G (ECT)" address="7a40a">
    <table name="Y" address="79ea0" />
  </table>
  <table name="Cranking Fuel Injector Pulse Width H (ECT)" address="7a42a">
    <table name="Y" address="79ea0" />
  </table>
  <table name="Cranking Fuel IPW Compensation A (RPM)" address="7af7c">
    <table name="X" address="7af54" elements="3" />
    <table name="Y" address="7af60" />
  </table>
  <table name="Cranking Fuel IPW Compensation B (RPM)" address="7afd0">
    <table name="X" address="7afa0" elements="3" />
    <table name="Y" address="7afac" elements="9" />
  </table>
  <table name="Cranking Fuel IPW Compensation (MAP)" address="7a01c">
    <table name="Y" address="7a010" elements="3" />
  </table>
  <table name="Cranking Fuel IPW Compensation (Accelerator)" address="7a030">
    <table name="Y" address="7a020" elements="4" />
  </table>
  <table name="Throttle Tip-in Enrichment A" address="7adac">
    <table name="Y" address="7ad64" />
  </table>
  <table name="Throttle Tip-in Enrichment B" address="7ae18">
    <table name="Y" address="7add0" />
  </table>
  <table name="Minimum Tip-in Enrichment Activation" address="79d64" />
  <table name="Minimum Tip-in Enrichment Activation (Throttle)" address="79d60" />
  <table name="Tip-in Enrichment Compensation (RPM)" address="7a2a8">
    <table name="Y" address="7a29c" elements="3" />
  </table>
  <table name="Tip-in Enrichment Compensation (MRP)" address="7a2bc">
    <table name="Y" address="7a2ac" elements="4" />
  </table>
  <table name="Tip-in Enrichment Compensation A (ECT)" address="7a2c0">
    <table name="Y" address="79fcc" elements="2" />
  </table>
  <table name="Tip-in Enrichment Compensation B (ECT)" address="7ae3c">
    <table name="Y" address="79ea0" />
  </table>
  <table name="Tip-in Enrichment Compensation D (ECT)" address="7ae5c">
    <table name="Y" address="79fdc" elements="2" />
  </table>
  <table name="Tip-in Enrichment Compensation D (ECT) Activation" address="79d6c" />
  <table name="Tip-in Enrichment Disable Applied Counter Threshold" address="797ce" />
  <table name="Tip-in Enrichment Applied Counter Reset" address="797cf" />
  <table name="Tip-in Enrichment Disable Throttle Cumulative Threshold" address="79d68" />
  <table name="Tip-in Throttle Cumulative Reset" address="797d0" />
  <table name="A/F Learning #1 Limits" address="79adc" />
  <table name="A/F Learning #1 Airflow Ranges" address="79ae8" />
  <table name="MAF Sensor Scaling" address="75048">
    <table name="Y" address="74f88" elements="48" />
  </table>
  <table name="MAF Compensation (IAT)" address="77448">
    <table name="X" address="77414" />
    <table name="Y" address="77428" />
  </table>
  <table name="Engine Load Limit (Maximum)" address="28d08" />
  <table name="Engine Load Compensation A (MP)" address="77288">
    <table name="X" address="7722c" />
    <table name="Y" address="77258" />
  </table>
  <table name="Engine Load Compensation B (MP)" address="77368">
    <table name="X" address="7730c" />
    <table name="Y" address="77338" />
  </table>
  <table name="Base Timing A" address="7c17c">
    <table name="X" address="7ba58" elements="14" />
    <table name="Y" address="7ba90" />
  </table>
  <table name="Base Timing B" address="7c278">
    <table name="X" address="7ba58" elements="14" />
    <table name="Y" address="7ba90" />
  </table>
  <table name="Base Timing C" address="7c374">
    <table name="X" address="7ba58" elements="14" />
    <table name="Y" address="7ba90" />
  </table>
  <table name="Base Timing Idle A (In-Gear)(Above Speed Threshold)" address="7bce9">
    <table name="Y" address="7ba34" />
  </table>
  <table name="Base Timing Idle B (In-Gear)(Above Speed Threshold)" address="7bcf4">
    <table name="Y" address="7ba34" />
  </table>
  <table name="Base Timing Idle A (In-Gear)(Below Speed Threshold)" address="7bcff">
    <table name="Y" address="7ba34" />
  </table>
  <table name="Base Timing Idle B (In-Gear)(Below Speed Threshold)" address="7bd0a">
    <table name="Y" address="7ba34" />
  </table>
  <table name="Base Timing Idle A (Neutral)_" address="7bd15">
    <table name="Y" address="7ba34" />
  </table>
  <table name="Base Timing Idle B (Neutral)_" address="7bd20">
    <table name="Y" address="7ba34" />
  </table>
  <table name="Base Timing Idle Vehicle Speed Threshold" address="7b788" />
  <table name="Knock Correction Advance Max" address="7c5f4">
    <table name="X" address="7c584" elements="10" />
    <table name="Y" address="7c5ac" />
  </table>
  <table name="Timing Compensation (IAT)" address="7bd98">
    <table name="Y" address="7bd70" elements="10" />
  </table>
  <table name="Timing Comp Min Load (IAT)" address="7b7d8" />
  <table name="Timing Compensation A (ECT)" address="7bd4e">
    <table name="Y" address="7baf8" />
  </table>
  <table name="Timing Compensation B (ECT)" address="7bd5e">
    <table name="Y" address="7baf8" />
  </table>
  <table name="Requested Torque (Accelerator Pedal)" address="7d9f8">
    <table name="X" address="7d9c8" elements="10" />
    <table name="Y" address="7d9f0" elements="2" />
  </table>
  <table name="Target Throttle Plate Position A (Requested Torque)" address="7d8dc">
    <table name="X" address="7d8a8" elements="11" />
    <table name="Y" address="7d8d4" elements="2" />
  </table>
  <table name="Target Throttle Plate Position B (Requested Torque)" address="7d93c">
    <table name="X" address="7d908" elements="11" />
    <table name="Y" address="7d934" elements="2" />
  </table>
  <table name="Target Throttle Plate Position C (Requested Torque)" address="7d99c">
    <table name="X" address="7d968" elements="11" />
    <table name="Y" address="7d994" elements="2" />
  </table>
  <table name="Rev Limit (Fuel Cut)" address="79de4" />
  <table name="Speed Limiting (Fuel Cut)" address="79e2c" />
  <table name="Intake Temp Sensor Scaling" address="74154">
    <table name="Y" address="740dc" />
  </table>
  <table name="Coolant Temp Sensor Scaling" address="7406c">
    <table name="Y" address="73ffc" />
  </table>
  <table name="Radiator Fan Modes (ECT)" address="7e1b8" />
  <table name="Radiator Fan Modes (Veh. Speed)" address="7e1c8" />
  <table name="Atmospheric Pressure Sensor Scaling_" address="7430c" />
  <table name="Idle Speed Target A (MT)" address="7d1f0">
    <table name="Y" address="7cbdc" />
  </table>
  <table name="Idle Speed Target B (MT)" address="7d214">
    <table name="Y" address="7cbdc" />
  </table>
  <table name="Idle Speed Target C (MT)" address="7d238">
    <table name="Y" address="7cbdc" />
  </table>
  <table name="Idle Speed Target D (MT)" address="7d25c">
    <table name="Y" address="7cbdc" />
  </table>
  <table name="Force Pass Readiness Monitors" address="5f646" />
  <table name="(P0000) PASS CODE (NO DTC DETECTED)" address="6e218" />
  <table name="(P0000) PASS CODE (NO DTC DETECTED)_" address="6e223" />
  <table name="(P0030) FRONT O2 SENSOR RANGE/PERF" address="6e25b" />
  <table name="(P0031) FRONT O2 SENSOR LOW INPUT" address="6e232" />
  <table name="(P0032) FRONT O2 SENSOR HIGH INPUT" address="6e230" />
  <table name="(P0037) REAR O2 SENSOR LOW INPUT" address="6e231" />
  <table name="(P0038) REAR O2 SENSOR HIGH INPUT" address="6e22f" />
  <table name="(P0102) MAF SENSOR LOW INPUT" address="6e1cd" />
  <table name="(P0103) MAF SENSOR HIGH INPUT" address="6e1ce" />
  <table name="(P0107) MAP SENSOR LOW INPUT" address="6e235" />
  <table name="(P0108) MAP SENSOR HIGH INPUT" address="6e236" />
  <table name="(P0112) IAT SENSOR LOW INPUT" address="6e22c" />
  <table name="(P0113) IAT SENSOR HIGH INPUT" address="6e22d" />
  <table name="(P0117) COOLANT TEMP SENSOR LOW INPUT" address="6e1d4" />
  <table name="(P0118) COOLANT TEMP SENSOR HIGH INPUT" address="6e1d5" />
  <table name="(P0122) TPS A LOW INPUT" address="6e1d2" />
  <table name="(P0123) TPS A HIGH INPUT" address="6e1d3" />
  <table name="(P0125) INSUFFICIENT COOLANT TEMP (FUELING)" address="6e1d7" />
  <table name="(P0131) FRONT O2 SENSOR LOW INPUT" address="6e226" />
  <table name="(P0132) FRONT O2 SENSOR HIGH INPUT" address="6e228" />
  <table name="(P0133) FRONT O2 SENSOR SLOW RESPONSE" address="6e212" />
  <table name="(P0134) FRONT O2 SENSOR NO ACTIVITY" address="6e259" />
  <table name="(P0137) REAR O2 SENSOR LOW VOLTAGE" address="6e225" />
  <table name="(P0138) REAR O2 SENSOR HIGH VOLTAGE" address="6e22a" />
  <table name="(P0139) REAR O2 SENSOR SLOW RESPONSE" address="6e213" />
  <table name="(P0171) SYSTEM TOO LEAN" address="6e21c" />
  <table name="(P0172) SYSTEM TOO RICH" address="6e21d" />
  <table name="(P0222) TPS B LOW INPUT" address="6e268" />
  <table name="(P0223) TPS B HIGH INPUT" address="6e269" />
  <table name="(P0301) MISFIRE CYLINDER 1" address="6e21e" />
  <table name="(P0302) MISFIRE CYLINDER 2" address="6e21f" />
  <table name="(P0303) MISFIRE CYLINDER 3" address="6e220" />
  <table name="(P0304) MISFIRE CYLINDER 4" address="6e221" />
  <table name="(P0327) KNOCK SENSOR 1 LOW INPUT" address="6e1d0" />
  <table name="(P0328) KNOCK SENSOR 1 HIGH INPUT" address="6e1d1" />
  <table name="(P0335) CRANKSHAFT POS. SENSOR A MALFUNCTION" address="6e1c8" />
  <table name="(P0340) CAMSHAFT POS. SENSOR A MALFUNCTION" address="6e1cb" />
  <table name="(P0400) EGR FLOW" address="6e21b" />
  <table name="(P0458) EVAP PURGE VALVE CIRCUIT LOW" address="6e1fd" />
  <table name="(P0459) EVAP PURGE VALVE CIRCUIT HIGH" address="6e1fe" />
  <table name="(P0462) FUEL LEVEL SENSOR LOW INPUT" address="6e1d8" />
  <table name="(P0463) FUEL LEVEL SENSOR HIGH INPUT" address="6e1d9" />
  <table name="(P0500) VEHICLE SPEED SENSOR A" address="6e1cf" />
  <table name="(P0512) STARTER REQUEST CIRCUIT" address="6e1dd" />
  <table name="(P0519) IDLE CONTROL MALFUNCTION (FAIL-SAFE)" address="6e256" />
  <table name="(P0558) ALTERNATOR CIRCUIT LOW" address="6e250" />
  <table name="(P0559) ALTERNATOR CIRCUIT HIGH" address="6e251" />
  <table name="(P0600) SERIAL COMMUNICATION LINK" address="6e278" />
  <table name="(P0604) CONTROL MODULE RAM ERROR" address="6e1cc" />
  <table name="(P0605) CONTROL MODULE ROM ERROR" address="6e279" />
  <table name="(P0607) CONTROL MODULE PERFORMANCE" address="6e270" />
  <table name="(P0638) THROTTLE ACTUATOR RANGE/PERF" address="6e26f" />
  <table name="(P0691) RADIATOR FAN CIRCUIT LOW" address="6e1f7" />
  <table name="(P0692) RADIATOR FAN CIRCUIT HIGH" address="6e1f8" />
  <table name="(P0700) TRANSMISSION CONTROL SYSTEM" address="6e27c" />
  <table name="(P0851) NEUTRAL SWITCH INPUT LOW" address="6e1e1" />
  <table name="(P0852) NEUTRAL SWITCH INPUT HIGH" address="6e1e5" />
  <table name="(P1086) TGV POS. 2 CIRCUIT LOW" address="6e249" />
  <table name="(P1087) TGV POS. 2 CIRCUIT HIGH" address="6e24a" />
  <table name="(P1088) TGV POS. 1 CIRCUIT LOW" address="6e24b" />
  <table name="(P1089) TGV POS. 1 CIRCUIT HIGH" address="6e24c" />
  <table name="(P1090) TGV SYSTEM 1 (VALVE OPEN)" address="6e1f0" />
  <table name="(P1091) TGV SYSTEM 1 (VALVE CLOSE)" address="6e1f1" />
  <table name="(P1092) TGV SYSTEM 2 (VALVE OPEN)" address="6e1f2" />
  <table name="(P1093) TGV SYSTEM 2 (VALVE CLOSE)" address="6e1f3" />
  <table name="(P1094) TGV SIGNAL 1 (OPEN)" address="6e243" />
  <table name="(P1095) TGV SIGNAL 1 (SHORT)" address="6e241" />
  <table name="(P1096) TGV SIGNAL 2 (OPEN)" address="6e244" />
  <table name="(P1097) TGV SIGNAL 2 (SHORT)" address="6e242" />
  <table name="(P1110) ATMOS. PRESSURE SENSOR LOW INPUT" address="6e233" />
  <table name="(P1111) ATMOS. PRESSURE SENSOR HIGH INPUT" address="6e234" />
  <table name="(P1152) FRONT O2 SENSOR RANGE/PERF LOW B1 S1" address="6e214" />
  <table name="(P1153) FRONT O2 SENSOR RANGE/PERF HIGH B1 S1" address="6e215" />
  <table name="(P1160) ABNORMAL RETURN SPRING" address="6e26a" />
  <table name="(P1492) EGR SOLENOID SIGNAL 1 MALFUNCTION (LOW)" address="6e1e6" />
  <table name="(P1493) EGR SOLENOID SIGNAL 1 MALFUNCTION (HIGH)" address="6e1e7" />
  <table name="(P1494) EGR SOLENOID SIGNAL 2 MALFUNCTION (LOW)" address="6e1e8" />
  <table name="(P1495) EGR SOLENOID SIGNAL 2 MALFUNCTION (HIGH)" address="6e1e9" />
  <table name="(P1496) EGR SIGNAL 3 CIRCUIT LOW" address="6e1ea" />
  <table name="(P1497) EGR SOLENOID SIGNAL 3 MALFUNCTION (HIGH)" address="6e1eb" />
  <table name="(P1498) EGR SIGNAL 4 CIRCUIT LOW" address="6e1ec" />
  <table name="(P1499) EGR SIGNAL 4 CIRCUIT HIGH" address="6e1ed" />
  <table name="(P1518) STARTER SWITCH LOW INPUT" address="6e1dc" />
  <table name="(P1560) BACK-UP VOLTAGE MALFUNCTION" address="6e23e" />
  <table name="(P2101) THROTTLE ACTUATOR CIRCUIT RANGE/PERF" address="6e26d" />
  <table name="(P2102) THROTTLE ACTUATOR CIRCUIT LOW" address="6e26b" />
  <table name="(P2103) THROTTLE ACTUATOR CIRCUIT HIGH" address="6e26c" />
  <table name="(P2109) TPS A MINIMUM STOP PERF" address="6e267" />
  <table name="(P2122) TPS D CIRCUIT LOW INPUT" address="6e274" />
  <table name="(P2123) TPS D CIRCUIT HIGH INPUT" address="6e275" />
  <table name="(P2127) TPS E CIRCUIT LOW INPUT" address="6e272" />
  <table name="(P2128) TPS E CIRCUIT HIGH INPUT" address="6e273" />
  <table name="(P2135) TPS A/B VOLTAGE" address="6e276" />
  <table name="(P2138) TPS D/E VOLTAGE" address="6e271" />
</rom>