<rom>
  <romid>
    <xmlid>A2ZJ710J</xmlid>
    <internalidaddress>2000</internalidaddress>
    <internalidstring>A2ZJ710J</internalidstring>
    <ecuid>2E12495306</ecuid>
    <year>04</year>
    <market>USDM</market>
    <make>Subaru</make>
    <model>Impreza</model>
    <submodel>STi</submodel>
    <transmission>MT</transmission>
    <memmodel>SH7055</memmodel>
    <flashmethod>sti04</flashmethod>
    <checksummodule>subarudbw</checksummodule>
  </romid>
  <include>32BITBASE</include>
  <table name="Target Boost (KCA Additive Low)" address="57128">
    <table name="X" address="570d8" />
    <table name="Y" address="570f8" />
  </table>
  <table name="Target Boost (KCA Additive High)" address="57238">
    <table name="X" address="571e8" />
    <table name="Y" address="57208" />
  </table>
  <table name="Target Boost Compensation (ECT)" address="56768">
    <table name="Y" address="56658" />
  </table>
  <table name="Target Boost Compensation (1st Gear)" address="56654" />
  <table name="Target Boost Compensation (1st Gear) Speed Disable" address="5664c" />
  <table name="Target Boost Compensation (Atm. Pressure) Multiplier" address="56870">
    <table name="Y" address="56860" />
  </table>
  <table name="Target Boost Compensation (Atm. Pressure) Multiplier Offset" address="5679c">
    <table name="Y" address="5678c" />
  </table>
  <table name="Boost Limit (Fuel Cut)" address="5c988">
    <table name="Y" address="5c970" />
  </table>
  <table name="Boost Control Disable (IAM)" address="56634" />
  <table name="Boost Control Disable (Fine Correction)" address="56630" />
  <table name="Boost Control Disable Delay (Fine Correction)" address="565d9" />
  <table name="Initial Wastegate Duty (KCA Additive Low)" address="56b68">
    <table name="X" address="56b18" />
    <table name="Y" address="56b38" />
  </table>
  <table name="Initial Wastegate Duty (KCA Additive High)" address="56c78">
    <table name="X" address="56c28" />
    <table name="Y" address="56c48" />
  </table>
  <table name="Max Wastegate Duty" address="56e38">
    <table name="X" address="56df8" />
    <table name="Y" address="56e18" />
  </table>
  <table name="Max Wastegate Duty Limit Post-Compensation" address="13bf8" />
  <table name="Initial/Max Wastegate Duty Compensation (IAT)" address="56728">
    <table name="Y" address="566e8" />
  </table>
  <table name="Initial/Max Wastegate Duty Compensation (ECT)" address="56748">
    <table name="Y" address="56658" />
  </table>
  <table name="Initial/Max Wastegate Duty Compensation (Atm. Pressure)" address="568e0">
    <table name="X" address="568b8" />
    <table name="Y" address="568d0" />
  </table>
  <table name="Turbo Dynamics Proportional" address="567c4">
    <table name="Y" address="567a0" />
  </table>
  <table name="Turbo Dynamics Integral Positive" address="56834">
    <table name="Y" address="56810" />
  </table>
  <table name="Turbo Dynamics Integral Negative" address="567fc">
    <table name="Y" address="567d8" />
  </table>
  <table name="TD Activation Thresholds (RPM)" address="56618" />
  <table name="TD Activation Thresholds (Target Boost)" address="565ec" />
  <table name="TD Integral Cumulative Range (WGDC Correction)" address="56620" />
  <table name="TD Integral Negative Activation (Boost Error)" address="565f8" />
  <table name="TD Integral Positive Activation (Boost Error)" address="56600" />
  <table name="TD Integral Positive Activation (Wastegate Duty)" address="56604" />
  <table name="Manifold Pressure Sensor Scaling" address="560bc" />
  <table name="Manifold Pressure Sensor Limits (CEL)" address="614e2" />
  <table name="Manifold Pressure Sensor CEL Delays" address="58aa5" />
  <table name="Primary Open Loop Fueling (KCA Additive Low)" address="5cd84">
    <table name="X" address="5cd00" />
    <table name="Y" address="5cd3c" />
  </table>
  <table name="Primary Open Loop Fueling (KCA Additive High)" address="5cf18">
    <table name="X" address="5ce94" />
    <table name="Y" address="5ced0" />
  </table>
  <table name="Primary Open Loop Fueling (Failsafe)(KCA Additive Low)" address="5d0ac">
    <table name="X" address="5d028" />
    <table name="Y" address="5d064" />
  </table>
  <table name="Primary Open Loop Fueling (Failsafe)(KCA Additive High)" address="5d240">
    <table name="X" address="5d1bc" />
    <table name="Y" address="5d1f8" />
  </table>
  <table name="Primary Open Loop Fuel Map Switch (IAM)" address="5bbe8" />
  <table name="Minimum Active Primary Open Loop Enrichment" address="5bb4c" />
  <table name="Minimum Primary Open Loop Enrichment (Throttle)" address="5c0e4">
    <table name="Y" address="5c0cc" />
  </table>
  <table name="Primary Open Loop Fueling Compensation (ECT)" address="5c804">
    <table name="Y" address="5be00" />
  </table>
  <table name="Primary Open Loop Fueling Compensation (Timing Compensation)_" address="5c104">
    <table name="Y" address="5c0ec" />
  </table>
  <table name="Front Oxygen Sensor Scaling" address="61ac4">
    <table name="Y" address="61a90" />
  </table>
  <table name="Front Oxygen Sensor Rich Limit" address="1ec5c" />
  <table name="Front Oxygen Sensor Compensation (Atm. Pressure)" address="58080">
    <table name="Y" address="58070" />
  </table>
  <table name="CL Fueling Target Compensation (Load)" address="5ddec">
    <table name="X" address="5dd90" />
    <table name="Y" address="5ddc4" />
  </table>
  <table name="CL Fueling Target Compensation A (ECT)" address="5db28">
    <table name="X" address="5be00" />
    <table name="Y" address="5db1c" />
  </table>
  <table name="CL Fueling Target Compensation B (ECT)" address="5dc00">
    <table name="X" address="5be00" />
    <table name="Y" address="5dbf4" />
  </table>
  <table name="CL to OL Delay" address="5b812">
    <table name="Y" elements="3" />
  </table>
  <table name="CL to OL Transition with Delay (Throttle)" address="5c0bc">
    <table name="Y" address="5c07c" />
  </table>
  <table name="CL to OL Transition with Delay Throttle Hysteresis" address="5bb50" />
  <table name="CL to OL Transition with Delay (Base Pulse Width)" address="5c7e4">
    <table name="Y" address="5c7a4" />
  </table>
  <table name="CL to OL Transition with Delay BPW Hysteresis" address="5bb54" />
  <table name="CL Delay Maximum (Throttle)" address="5bbc4" />
  <table name="CL Delay Maximum (Vehicle Speed)" address="5bbc8" />
  <table name="CL Delay Minimum (ECT)" address="5bb58" />
  <table name="CL Delay Maximum Engine Speed (Per Gear)" address="5bb84" />
  <table name="CL Delay Maximum Engine Speed (Neutral)" address="5bbac" />
  <table name="Injector Latency" address="6159c">
    <table name="Y" address="61588" />
  </table>
  <table name="Injector Flow Scaling" address="5b8e0" />
  <table name="Per Injector Primary Fuel Offset Compensation A" address="5d3d4">
    <table name="X" address="5d350" elements="17" />
    <table name="Y" address="5d394" elements="16" />
  </table>
  <table name="Per Injector Primary Fuel Offset Compensation B" address="5d568">
    <table name="X" address="5d4e4" elements="17" />
    <table name="Y" address="5d528" elements="16" />
  </table>
  <table name="Per Injector Primary Fuel Offset Compensation C" address="5d6fc">
    <table name="X" address="5d678" elements="17" />
    <table name="Y" address="5d6bc" elements="16" />
  </table>
  <table name="Per Injector Primary Fuel Offset Compensation D" address="5d890">
    <table name="X" address="5d80c" elements="17" />
    <table name="Y" address="5d850" elements="16" />
  </table>
  <table name="Cranking Fuel Injector Pulse Width A (ECT)" address="5c252">
    <table name="Y" address="5be00" />
  </table>
  <table name="Cranking Fuel Injector Pulse Width B (ECT)" address="5c272">
    <table name="Y" address="5be00" />
  </table>
  <table name="Cranking Fuel Injector Pulse Width C (ECT)" address="5c292">
    <table name="Y" address="5be00" />
  </table>
  <table name="Cranking Fuel Injector Pulse Width D (ECT)" address="5c2b2">
    <table name="Y" address="5be00" />
  </table>
  <table name="Cranking Fuel IPW Compensation (RPM)" address="5cbf0">
    <table name="X" address="5cbc0" />
    <table name="Y" address="5cbd4" />
  </table>
  <table name="Cranking Fuel IPW Compensation (Accelerator)" address="5bea8">
    <table name="Y" address="5be90" />
  </table>
  <table name="Throttle Tip-in Enrichment" address="5c90c">
    <table name="Y" address="5c8c4" />
  </table>
  <table name="Minimum Tip-in Enrichment Activation" address="5bcfc" />
  <table name="Minimum Tip-in Enrichment Activation (Throttle)" address="5bcf8" />
  <table name="Tip-in Enrichment Compensation (Boost Error)" address="5c1c8">
    <table name="Y" address="5c1a4" />
  </table>
  <table name="Tip-in Enrichment Compensation (ECT)" address="5c930">
    <table name="Y" address="5be00" />
  </table>
  <table name="Tip-in Enrichment Disable Applied Counter Threshold" address="5b7d7" />
  <table name="Tip-in Enrichment Applied Counter Reset" address="5b7d8" />
  <table name="Tip-in Enrichment Disable Throttle Cumulative Threshold" address="5bd00" />
  <table name="Tip-in Throttle Cumulative Reset" address="5b7d9" />
  <table name="Min Primary Base Enrichment 1" address="5befe">
    <table name="Y" address="5be00" />
  </table>
  <table name="Min Primary Base Enrichment 1 (Non-Primary OL)" address="5cce8">
    <table name="X" address="5ccbc" elements="8" />
    <table name="Y" address="5ccdc" />
  </table>
  <table name="Min Primary Base Enrich 2 Initial Start 1A" address="5c352">
    <table name="Y" address="5be00" />
  </table>
  <table name="Min Primary Base Enrich 2 Initial Start 1B" address="5c392">
    <table name="Y" address="5be00" />
  </table>
  <table name="Min Primary Base Enrich 2 Initial Start 2A" address="5c372">
    <table name="Y" address="5be00" />
  </table>
  <table name="Min Primary Base Enrich 2 Initial Start 2B" address="5c3b2">
    <table name="Y" address="5be00" />
  </table>
  <table name="Min Primary Base Enrich 2 Decay Step 1" address="5c3d2">
    <table name="Y" address="5be00" />
  </table>
  <table name="Min Primary Base Enrich 2 Decay Step 2" address="5c3f2">
    <table name="Y" address="5be00" />
  </table>
  <table name="Min Primary Base Enrich 3 Initial Start 1A" address="5c2d2">
    <table name="Y" address="5be00" />
  </table>
  <table name="Min Primary Base Enrich 3 Initial Start 1B" address="5c2f2">
    <table name="Y" address="5be00" />
  </table>
  <table name="Min Primary Base Enrich 3 Initial Start 2A" address="5c312">
    <table name="Y" address="5be00" />
  </table>
  <table name="Min Primary Base Enrich 3 Initial Start 2B" address="5c332">
    <table name="Y" address="5be00" />
  </table>
  <table name="Min Primary Base Enrich 3 Decay Delay A" address="5bebe">
    <table name="Y" address="5be00" />
  </table>
  <table name="Min Primary Base Enrich 3 Decay Delay B" address="5bece">
    <table name="Y" address="5be00" />
  </table>
  <table name="Min Primary Base Enrich 3 Decay Multiplier" address="5b8e4" />
  <table name="A/F Learning #1 Limits" address="5baf8" />
  <table name="A/F Learning #1 Airflow Ranges" address="5bb04" />
  <table name="MAF Limit (Maximum)" address="57c78" />
  <table name="MAF Sensor Scaling" address="618c8">
    <table name="Y" address="617f0" />
  </table>
  <table name="MAF Compensation (IAT)" address="58540">
    <table name="X" address="5850c" />
    <table name="Y" address="58520" />
  </table>
  <table name="Engine Load Limit (Maximum)" address="1ce4c" />
  <table name="Engine Load Compensation (MP)" address="58488">
    <table name="X" address="5842c" />
    <table name="Y" address="58458" elements="12" />
  </table>
  <table name="Base Timing A" address="5ef2c">
    <table name="X" address="5eea8" />
    <table name="Y" address="5eee4" />
  </table>
  <table name="Base Timing B" address="5f0c0">
    <table name="X" address="5f03c" />
    <table name="Y" address="5f078" />
  </table>
  <table name="Base Timing Idle (Below Speed Threshold)" address="5e26c" />
  <table name="Base Timing Idle (Above Speed Threshold)" address="5e658">
    <table name="Y" address="5e634" />
  </table>
  <table name="Base Timing Idle Vehicle Speed Threshold" address="5e240" />
  <table name="Knock Correction Advance Max Additive (Knock Conditions)" address="5f720">
    <table name="X" address="5f698" />
    <table name="Y" address="5f6d8" />
  </table>
  <table name="Knock Correction Advance Max Primary (Knock Conditions High)(IAM)" address="5f3d0">
    <table name="X" address="5f348" />
    <table name="Y" address="5f388" />
  </table>
  <table name="Knock Correction Advance Max Primary (Knock Conditions Low)(IAM)" address="5f578">
    <table name="X" address="5f4f0" />
    <table name="Y" address="5f530" />
  </table>
  <table name="Knock Correction Advance Alternate Mode_" address="5e146" />
  <table name="Knock Correction Advance Additive Range (RPM)" address="5e424" />
  <table name="Timing Compensation (IAT)" address="5e6c4">
    <table name="Y" address="5e684" />
  </table>
  <table name="Timing Comp Min Load (IAT)" address="5e270" />
  <table name="Timing Compensation (ECT)" address="5e671">
    <table name="Y" address="5e504" />
  </table>
  <table name="Timing Compensation (MRP)" address="5f860">
    <table name="X" address="5f840" />
    <table name="Y" address="5f854" />
  </table>
  <table name="Timing Compensation Per Cylinder A_" address="5ecc8">
    <table name="Y" address="5ec88" />
  </table>
  <table name="Timing Compensation Per Cylinder B_" address="5ed48">
    <table name="Y" address="5ed08" />
  </table>
  <table name="Timing Compensation Per Cylinder C_" address="5edc8">
    <table name="Y" address="5ed88" />
  </table>
  <table name="Timing Compensation Per Cylinder D_" address="5ee48">
    <table name="Y" address="5ee08" />
  </table>
  <table name="Timing Comp Minimum Load (Per Cylinder)" address="5e358" />
  <table name="Timing Comp Maximum RPM (Per Cylinder)" address="5e354" />
  <table name="Timing Comp Minimum Coolant Temp (Per Cylinder)" address="5e35c" />
  <table name="Feedback Correction Range (RPM)" address="5e390" />
  <table name="Feedback Correction Minimum Load" address="5e3a0" />
  <table name="Feedback Correction Retard Value" address="5e374" />
  <table name="Feedback Correction Retard Limit" address="5e370" />
  <table name="Feedback Correction Negative Advance Value" address="5e378" />
  <table name="Feedback Correction Negative Advance Delay" address="5e168" />
  <table name="Extended Feedback Correction High RPM Compensation" address="5e3a8" />
  <table name="Fine Correction Range (RPM)" address="5e4b0" />
  <table name="Fine Correction Range (Load)" address="5e4c0" />
  <table name="Fine Correction Rows (RPM)" address="5e4e0" />
  <table name="Fine Correction Columns (Load)" address="5e4d0" />
  <table name="Fine Correction Retard Value" address="5e4f8" />
  <table name="Fine Correction Retard Limit" address="5e4a8" />
  <table name="Fine Correction Advance Value" address="5e4ac" />
  <table name="Fine Correction Advance Limit" address="5e4a4" />
  <table name="Fine Correction Advance Delay" address="5e178" />
  <table name="Rough Correction Range (RPM)" address="5e450" />
  <table name="Rough Correction Range (Load)" address="5e460" />
  <table name="Rough Correction Minimum KC Advance Map Value" address="5e470" />
  <table name="Rough Correction Learning Delay (Increasing)" address="5e98c">
    <table name="Y" address="5e964" />
  </table>
  <table name="Advance Multiplier (Initial)" address="5e44c" />
  <table name="Advance Multiplier Step Value" address="5e474" />
  <table name="Intake Cam Advance Angle A (AVCS)" address="62e40">
    <table name="X" address="62dc0" />
    <table name="Y" address="62df8" />
  </table>
  <table name="Intake Cam Advance Angle B (AVCS)" address="630b8">
    <table name="X" address="63038" />
    <table name="Y" address="63070" />
  </table>
  <table name="Requested Torque (Accelerator Pedal)" address="60ff0">
    <table name="X" address="60f70" />
    <table name="Y" address="60fac" />
  </table>
  <table name="Target Throttle Plate Position A (Requested Torque)" address="60aac">
    <table name="X" address="60a28" />
    <table name="Y" address="60a6c" />
  </table>
  <table name="Target Throttle Plate Position B (Requested Torque)" address="60d50">
    <table name="X" address="60ccc" />
    <table name="Y" address="60d10" />
  </table>
  <table name="Rev Limit (Fuel Cut)" address="5bd44" />
  <table name="Rev Limit Fuel Resume (Boost)" address="5bd4c" />
  <table name="Speed Limiting Enable (Fuel Cut)" address="5bd94" />
  <table name="Speed Limiting Disable (Fuel Cut)" address="5bd9c" />
  <table name="Speed Limiting (Throttle)" address="57f34" />
  <table name="Fuel Temp Sensor Scaling" address="61778">
    <table name="Y" address="61700" />
  </table>
  <table name="Intake Temp Sensor Scaling" address="55e70">
    <table name="Y" address="55df8" />
  </table>
  <table name="Coolant Temp Sensor Scaling" address="55d88">
    <table name="Y" address="55d18" />
  </table>
  <table name="Atmospheric Pressure Sensor Scaling" address="56060" />
  <table name="Radiator Fan Modes (ECT)" address="62248" />
  <table name="Radiator Fan Modes (Veh. Speed)" address="62258" />
  <table name="Gear Determination Thresholds" address="57e88" />
  <table name="Idle Speed Target A" address="6028c">
    <table name="Y" address="5fd10" />
  </table>
  <table name="Idle Speed Target B" address="602cc">
    <table name="Y" address="5fd10" />
  </table>
  <table name="Idle Speed Target C" address="6030c">
    <table name="Y" address="5fd10" />
  </table>
  <table name="Force Pass Readiness Monitors" address="48e8e" />
  <table name="(P0000) PASS CODE (NO DTC DETECTED)" address="45c7a" />
  <table name="(P0000) PASS CODE (NO DTC DETECTED)_" address="45c7b" />
  <table name="(P0011) CAMSHAFT POS. - TIMING OVER-ADVANCED 1" address="45c60" />
  <table name="(P0021) CAMSHAFT POS. - TIMING OVER-ADVANCED 2" address="45c61" />
  <table name="(P0030) FRONT O2 SENSOR RANGE/PERF" address="45cad" />
  <table name="(P0031) FRONT O2 SENSOR LOW INPUT" address="45c86" />
  <table name="(P0032) FRONT O2 SENSOR HIGH INPUT" address="45c84" />
  <table name="(P0037) REAR O2 SENSOR LOW INPUT" address="45c85" />
  <table name="(P0038) REAR O2 SENSOR HIGH INPUT" address="45c83" />
  <table name="(P0068) MAP SENSOR RANGE/PERF" address="45ca8" />
  <table name="(P0101) MAF SENSOR RANGE/PERF" address="45cab" />
  <table name="(P0102) MAF SENSOR LOW INPUT" address="45c35" />
  <table name="(P0103) MAF SENSOR HIGH INPUT" address="45c36" />
  <table name="(P0107) MAP SENSOR LOW INPUT" address="45c89" />
  <table name="(P0108) MAP SENSOR HIGH INPUT" address="45c8a" />
  <table name="(P0111) IAT SENSOR RANGE/PERF" address="45c82" />
  <table name="(P0112) IAT SENSOR LOW INPUT" address="45c80" />
  <table name="(P0113) IAT SENSOR HIGH INPUT" address="45c81" />
  <table name="(P0117) COOLANT TEMP SENSOR LOW INPUT" address="45c3d" />
  <table name="(P0118) COOLANT TEMP SENSOR HIGH INPUT" address="45c3e" />
  <table name="(P0122) TPS A LOW INPUT" address="45c3a" />
  <table name="(P0123) TPS A HIGH INPUT" address="45c3b" />
  <table name="(P0125) INSUFFICIENT COOLANT TEMP (FUELING)" address="45c40" />
  <table name="(P0128) THERMOSTAT MALFUNCTION" address="45c8b" />
  <table name="(P0129) ATMOS. PRESSURE SENSOR RANGE/PERF" address="45ca9" />
  <table name="(P0131) FRONT O2 SENSOR LOW INPUT" address="45c7d" />
  <table name="(P0132) FRONT O2 SENSOR HIGH INPUT" address="45c7e" />
  <table name="(P0133) FRONT O2 SENSOR SLOW RESPONSE" address="45c6b" />
  <table name="(P0134) FRONT O2 SENSOR NO ACTIVITY" address="45cac" />
  <table name="(P0137) REAR O2 SENSOR LOW VOLTAGE" address="45c7c" />
  <table name="(P0138) REAR O2 SENSOR HIGH VOLTAGE" address="45c7f" />
  <table name="(P0139) REAR O2 SENSOR SLOW RESPONSE" address="45c6c" />
  <table name="(P0171) SYSTEM TOO LEAN" address="45c72" />
  <table name="(P0172) SYSTEM TOO RICH" address="45c73" />
  <table name="(P0181) FUEL TEMP SENSOR A RANGE/PERF" address="45c4d" />
  <table name="(P0182) FUEL TEMP SENSOR A LOW INPUT" address="45c4b" />
  <table name="(P0183) FUEL TEMP SENSOR A HIGH INPUT" address="45c4c" />
  <table name="(P0222) TPS B LOW INPUT" address="45cb0" />
  <table name="(P0223) TPS B HIGH INPUT" address="45cb1" />
  <table name="(P0230) FUEL PUMP PRIMARY CIRCUIT" address="45ca7" />
  <table name="(P0244) WASTEGATE SOLENOID A RANGE/PERF" address="45c92" />
  <table name="(P0245) WASTEGATE SOLENOID A LOW" address="45c90" />
  <table name="(P0246) WASTEGATE SOLENOID A HIGH" address="45c91" />
  <table name="(P0301) MISFIRE CYLINDER 1" address="45c74" />
  <table name="(P0302) MISFIRE CYLINDER 2" address="45c75" />
  <table name="(P0303) MISFIRE CYLINDER 3" address="45c76" />
  <table name="(P0304) MISFIRE CYLINDER 4" address="45c77" />
  <table name="(P0327) KNOCK SENSOR 1 LOW INPUT" address="45c38" />
  <table name="(P0328) KNOCK SENSOR 1 HIGH INPUT" address="45c39" />
  <table name="(P0335) CRANKSHAFT POS. SENSOR A MALFUNCTION" address="45c30" />
  <table name="(P0336) CRANKSHAFT POS. SENSOR A RANGE/PERF" address="45c31" />
  <table name="(P0340) CAMSHAFT POS. SENSOR A MALFUNCTION_" address="45cc4" />
  <table name="(P0345) CAMSHAFT POS. SENSOR A BANK 2" address="45cc3" />
  <table name="(P0420) CAT EFFICIENCY BELOW THRESHOLD" address="45c6f" />
  <table name="(P0442) EVAP LEAK DETECTED (SMALL)" address="45c70" />
  <table name="(P0447) EVAP VENT CONTROL CIRCUIT OPEN" address="45c69" />
  <table name="(P0448) EVAP VENT CONTROL CIRCUIT SHORTED" address="45c6a" />
  <table name="(P0451) EVAP PRESSURE SENSOR RANGE/PERF" address="45c49" />
  <table name="(P0452) EVAP PRESSURE SENSOR LOW INPUT" address="45c47" />
  <table name="(P0453) EVAP PRESSURE SENSOR HIGH INPUT" address="45c48" />
  <table name="(P0456) EVAP LEAK DETECTED (VERY SMALL)" address="45c71" />
  <table name="(P0457) EVAP LEAK DETECTED (FUEL CAP)" address="45c79" />
  <table name="(P0458) EVAP PURGE VALVE CIRCUIT LOW" address="45c64" />
  <table name="(P0459) EVAP PURGE VALVE CIRCUIT HIGH" address="45c65" />
  <table name="(P0461) FUEL LEVEL SENSOR RANGE/PERF" address="45c43" />
  <table name="(P0462) FUEL LEVEL SENSOR LOW INPUT" address="45c41" />
  <table name="(P0463) FUEL LEVEL SENSOR HIGH INPUT" address="45c42" />
  <table name="(P0464) FUEL LEVEL SENSOR INTERMITTENT" address="45c3f" />
  <table name="(P0483) RADIATOR FAN RATIONALITY CHECK" address="45c5c" />
  <table name="(P0502) VEHICLE SPEED SENSOR LOW INPUT" address="45ca6" />
  <table name="(P0503) VEHICLE SPEED SENSOR INTERMITTENT" address="45cae" />
  <table name="(P0506) IDLE CONTROL RPM LOWER THAN EXPECTED" address="45c57" />
  <table name="(P0507) IDLE CONTROL RPM HIGH THAN EXPECTED" address="45c58" />
  <table name="(P0512) STARTER REQUEST CIRCUIT" address="45c46" />
  <table name="(P0519) IDLE CONTROL MALFUNCTION (FAIL-SAFE)" address="45caa" />
  <table name="(P0558) ALTERNATOR CIRCUIT LOW" address="45ca4" />
  <table name="(P0559) ALTERNATOR CIRCUIT HIGH" address="45ca5" />
  <table name="(P0604) CONTROL MODULE RAM ERROR" address="45c34" />
  <table name="(P0605) CONTROL MODULE ROM ERROR" address="45cc5" />
  <table name="(P0607) CONTROL MODULE PERFORMANCE" address="45cb8" />
  <table name="(P0638) THROTTLE ACTUATOR RANGE/PERF" address="45cb7" />
  <table name="(P0691) RADIATOR FAN CIRCUIT LOW" address="45c5a" />
  <table name="(P0692) RADIATOR FAN CIRCUIT HIGH" address="45c5b" />
  <table name="(P0851) NEUTRAL SWITCH INPUT LOW" address="45c4a" />
  <table name="(P0852) NEUTRAL SWITCH INPUT HIGH" address="45c4e" />
  <table name="(P1086) TGV POS. 2 CIRCUIT LOW" address="45c9f" />
  <table name="(P1087) TGV POS. 2 CIRCUIT HIGH" address="45ca0" />
  <table name="(P1088) TGV POS. 1 CIRCUIT LOW" address="45ca1" />
  <table name="(P1089) TGV POS. 1 CIRCUIT HIGH" address="45ca2" />
  <table name="(P1090) TGV SYSTEM 1 (VALVE OPEN)" address="45c51" />
  <table name="(P1091) TGV SYSTEM 1 (VALVE CLOSE)" address="45c52" />
  <table name="(P1092) TGV SYSTEM 2 (VALVE OPEN)" address="45c53" />
  <table name="(P1093) TGV SYSTEM 2 (VALVE CLOSE)" address="45c54" />
  <table name="(P1094) TGV SIGNAL 1 (OPEN)" address="45c95" />
  <table name="(P1095) TGV SIGNAL 1 (SHORT)" address="45c93" />
  <table name="(P1096) TGV SIGNAL 2 (OPEN)" address="45c96" />
  <table name="(P1097) TGV SIGNAL 2 (SHORT)" address="45c94" />
  <table name="(P1110) ATMOS. PRESSURE SENSOR LOW INPUT" address="45c87" />
  <table name="(P1111) ATMOS. PRESSURE SENSOR HIGH INPUT" address="45c88" />
  <table name="(P1152) FRONT O2 SENSOR RANGE/PERF LOW B1 S1" address="45c6d" />
  <table name="(P1153) FRONT O2 SENSOR RANGE/PERF HIGH B1 S1" address="45c6e" />
  <table name="(P1160) ABNORMAL RETURN SPRING" address="45cb2" />
  <table name="(P1282) PCV SYSTEM CIRCUIT (OPEN)" address="45ca3" />
  <table name="(P1400) FUEL TANK PRESSURE SOL. LOW" address="45c62" />
  <table name="(P1420) FUEL TANK PRESSURE SOL. HIGH INPUT" address="45c63" />
  <table name="(P1443) VENT CONTROL SOLENOID FUNCTION PROBLEM" address="45c68" />
  <table name="(P1446) FUEL TANK SENSOR CONTROL CIRCUIT LOW" address="45c4f" />
  <table name="(P1447) FUEL TANK SENSOR CONTROL CIRCUIT HIGH" address="45c50" />
  <table name="(P1448) FUEL TANK SENSOR CONTROL RANGE/PERF" address="45c59" />
  <table name="(P1491) PCV (BLOWBY) FUNCTION PROBLEM" address="45c8c" />
  <table name="(P1518) STARTER SWITCH LOW INPUT" address="45c45" />
  <table name="(P1560) BACK-UP VOLTAGE MALFUNCTION" address="45c8d" />
  <table name="(P2088) OCV SOLENOID A1 CIRCUIT OPEN" address="45ccd" />
  <table name="(P2089) OCV SOLENOID A1 CIRCUIT SHORT" address="45ccc" />
  <table name="(P2092) OCV SOLENOID A2 CIRCUIT OPEN" address="45ccb" />
  <table name="(P2093) OCV SOLENOID A2 CIRCUIT SHORT" address="45cca" />
  <table name="(P2096) POST CATALYST TOO LEAN B1" address="45cb6" />
  <table name="(P2097) POST CATALYST TOO RICH B1" address="45cbf" />
  <table name="(P2101) THROTTLE ACTUATOR CIRCUIT RANGE/PERF" address="45cb5" />
  <table name="(P2102) THROTTLE ACTUATOR CIRCUIT LOW" address="45cb3" />
  <table name="(P2103) THROTTLE ACTUATOR CIRCUIT HIGH" address="45cb4" />
  <table name="(P2109) TPS A MINIMUM STOP PERF" address="45caf" />
  <table name="(P2122) TPS D CIRCUIT LOW INPUT" address="45cbc" />
  <table name="(P2123) TPS D CIRCUIT HIGH INPUT" address="45cbd" />
  <table name="(P2127) TPS E CIRCUIT LOW INPUT" address="45cba" />
  <table name="(P2128) TPS E CIRCUIT HIGH INPUT" address="45cbb" />
  <table name="(P2135) TPS A/B VOLTAGE" address="45cbe" />
  <table name="(P2138) TPS D/E VOLTAGE" address="45cb9" />
</rom>