<rom>
  <romid>
    <xmlid>A4SDA00P</xmlid>
    <internalidaddress>200</internalidaddress>
    <internalidstring>A4SDA00P</internalidstring>
    <ecuid>2904485005</ecuid>
    <year>01/02</year>
    <market>JDM</market>
    <make>Subaru</make>
    <model>Impreza</model>
    <submodel>STi</submodel>
    <transmission>MT/AT</transmission>
    <memmodel>68HC16Y5</memmodel>
    <flashmethod>wrx02</flashmethod>
  </romid>
  <include>A4SDA01Q</include>
  <table name="CL Delay Maximum (EGT)" address="2927d" />
  <table name="EGT Sensor Scaling" address="28584" />
</rom>