<rom>
  <romid>
    <xmlid>A8DK100Z</xmlid>
    <internalidaddress>2000</internalidaddress>
    <internalidstring>A8DK100Z</internalidstring>
    <ecuid>4D42594006</ecuid>
    <year>07</year>
    <market>EDM</market>
    <make>Subaru</make>
    <model>Impreza</model>
    <submodel>STi</submodel>
    <transmission>MT</transmission>
    <memmodel>SH7058</memmodel>
    <flashmethod>sti05</flashmethod>
    <checksummodule>subarudbw</checksummodule>
  </romid>
  <include>32BITBASE</include>
  <table name="Target Boost" address="c0d38">
    <table name="X" address="c0ce0" />
    <table name="Y" address="c0d00" elements="14" />
  </table>
  <table name="Target Boost Compensation (ECT)" address="c088c">
    <table name="Y" address="c06e4" />
  </table>
  <table name="Target Boost Compensation (1st Gear)" address="c06dc" />
  <table name="Target Boost Compensation (1st Gear) Speed Disable" address="c06d8" />
  <table name="Target Boost Compensation (Atm. Pressure) Multiplier" address="c0994">
    <table name="Y" address="c0984" />
  </table>
  <table name="Target Boost Compensation (Atm. Pressure) Multiplier Offset" address="c08c0">
    <table name="Y" address="c08b0" />
  </table>
  <table name="Boost Limit (Fuel Cut)" address="c7794">
    <table name="Y" address="c777c" />
  </table>
  <table name="Boost Control Disable (IAM)" address="c06cc" />
  <table name="Boost Control Disable (Fine Correction)" address="c06c8" />
  <table name="Boost Control Disable Delay (Fine Correction)" address="c0669" />
  <table name="Initial Wastegate Duty" address="c0af8">
    <table name="X" address="c0ab0" />
    <table name="Y" address="c0ad0" elements="10" />
  </table>
  <table name="Max Wastegate Duty" address="c0bf8">
    <table name="X" address="c0bb0" />
    <table name="Y" address="c0bd0" elements="10" />
  </table>
  <table name="Max Wastegate Duty Limit Post-Compensation" address="178e8" />
  <table name="Initial/Max Wastegate Duty Compensation (IAT)" address="c07ac">
    <table name="Y" address="c076c" />
  </table>
  <table name="Initial/Max Wastegate Duty Compensation (ECT)" address="c086c">
    <table name="Y" address="c06e4" />
  </table>
  <table name="Initial/Max Wastegate Duty Compensation (Atm. Pressure)" address="c0a50">
    <table name="X" address="c0a28" />
    <table name="Y" address="c0a40" />
  </table>
  <table name="Turbo Dynamics Proportional" address="c08e8">
    <table name="Y" address="c08c4" />
  </table>
  <table name="Turbo Dynamics Integral Positive" address="c0958">
    <table name="Y" address="c0934" />
  </table>
  <table name="Turbo Dynamics Integral Negative" address="c0920">
    <table name="Y" address="c08fc" />
  </table>
  <table name="TD Proportional Compensation (IAT)" address="c0734">
    <table name="Y" address="c0724" />
  </table>
  <table name="TD Integral Positive Compensation (IAT)" address="c075c">
    <table name="Y" address="c074c" />
  </table>
  <table name="TD Integral Negative Compensation (IAT)" address="c0748">
    <table name="Y" address="c0738" />
  </table>
  <table name="TD Activation Thresholds (RPM)" address="c06a0" />
  <table name="TD Activation Thresholds (Target Boost)" address="c067c" />
  <table name="TD Integral Cumulative Range (WGDC Correction)" address="c06a8" />
  <table name="TD Integral Negative Activation (Boost Error)" address="c0688" />
  <table name="TD Integral Positive Activation (Boost Error)" address="c0690" />
  <table name="TD Integral Positive Activation (Wastegate Duty)" address="c0694" />
  <table name="Manifold Pressure Sensor Scaling" address="c028c" />
  <table name="Manifold Pressure Sensor Limits (CEL)" address="cc1b0" />
  <table name="Manifold Pressure Sensor CEL Delays" address="c1fdd" />
  <table name="Primary Open Loop Fueling" address="c7cd0">
    <table name="X" address="c7c3c" elements="19" />
    <table name="Y" address="c7c88" />
  </table>
  <table name="Primary Open Loop Fueling (Failsafe)" address="c7ed0">
    <table name="X" address="c7e3c" elements="19" />
    <table name="Y" address="c7e88" />
  </table>
  <table name="Primary Open Loop Fuel Map Switch (IAM)" address="c625c" />
  <table name="Minimum Active Primary Open Loop Enrichment" address="c6260" />
  <table name="Minimum Primary Open Loop Enrichment (Throttle)" address="c69a0">
    <table name="Y" address="c6988" />
  </table>
  <table name="Primary Open Loop Fueling Compensation (ECT)" address="c72e0">
    <table name="Y" address="c6620" />
  </table>
  <table name="Primary Open Loop Fueling Compensation (Timing Compensation)" address="c6930">
    <table name="Y" address="c6918" />
  </table>
  <table name="Front Oxygen Sensor Scaling" address="cc734">
    <table name="Y" address="cc700" />
  </table>
  <table name="Front Oxygen Sensor Rich Limit" address="1dc40" />
  <table name="Front Oxygen Sensor Compensation (Atm. Pressure)" address="c1388">
    <table name="Y" address="c1378" />
  </table>
  <table name="CL Fueling Target Compensation A (Load)" address="c8a34">
    <table name="X" address="c89e0" />
    <table name="Y" address="c8a0c" />
  </table>
  <table name="CL Fueling Target Compensation B (Load)" address="c8b7c">
    <table name="X" address="c8b28" />
    <table name="Y" address="c8b54" elements="10" />
  </table>
  <table name="CL Fueling Target Compensation A (ECT)" address="c88b4">
    <table name="X" address="c6620" />
    <table name="Y" address="c88a8" />
  </table>
  <table name="CL Fueling Target Compensation B (ECT)" address="c8968">
    <table name="X" address="c6620" />
    <table name="Y" address="c895c" />
  </table>
  <table name="CL to OL Delay" address="c5eae">
    <table name="Y" elements="2" />
  </table>
  <table name="CL to OL Transition with Delay (Throttle)" address="c6978">
    <table name="Y" address="c6938" />
  </table>
  <table name="CL to OL Transition with Delay Throttle Hysteresis" address="c6264" />
  <table name="CL to OL Transition with Delay (Base Pulse Width)" address="c720c">
    <table name="Y" address="c71cc" />
  </table>
  <table name="CL to OL Transition with Delay BPW Hysteresis" address="c6268" />
  <table name="CL to OL Transition Counter Step Value (MAF)" address="c7254">
    <table name="Y" address="c722c" />
  </table>
  <table name="CL Delay Maximum (Throttle)" address="c62e0" />
  <table name="CL Delay Maximum (Vehicle Speed)" address="c62e4" />
  <table name="CL Delay Minimum (ECT)" address="c626c" />
  <table name="CL Delay Maximum (Engine Load)" address="c62f4" />
  <table name="CL Delay Engine Load Counter Threshold" address="c5eaa" />
  <table name="CL Delay Maximum Engine Speed (Per Gear)" address="c6270" />
  <table name="CL Delay Maximum Engine Speed (Neutral)" address="c62c0" />
  <table name="Injector Latency" address="c77f4">
    <table name="Y" address="c77e0" />
  </table>
  <table name="Injector Flow Scaling" address="c5fb0" />
  <table name="Per Injector Pulse Width Compensation A" address="c80ac">
    <table name="X" address="c8028" />
    <table name="Y" address="c806c" />
  </table>
  <table name="Per Injector Pulse Width Compensation B" address="c8240">
    <table name="X" address="c81bc" />
    <table name="Y" address="c8200" />
  </table>
  <table name="Per Injector Pulse Width Compensation C" address="c83d4">
    <table name="X" address="c8350" />
    <table name="Y" address="c8394" />
  </table>
  <table name="Per Injector Pulse Width Compensation D" address="c8568">
    <table name="X" address="c84e4" />
    <table name="Y" address="c8528" />
  </table>
  <table name="Cranking Fuel Injector Pulse Width A (ECT)" address="c6b8e">
    <table name="Y" address="c6620" />
  </table>
  <table name="Cranking Fuel Injector Pulse Width B (ECT)" address="c6bae">
    <table name="Y" address="c6620" />
  </table>
  <table name="Cranking Fuel Injector Pulse Width C (ECT)" address="c6bce">
    <table name="Y" address="c6620" />
  </table>
  <table name="Cranking Fuel Injector Pulse Width D (ECT)" address="c6bee">
    <table name="Y" address="c6620" />
  </table>
  <table name="Cranking Fuel Injector Pulse Width E (ECT)" address="c6c0e">
    <table name="Y" address="c6620" />
  </table>
  <table name="Cranking Fuel Injector Pulse Width F (ECT)" address="c6c2e">
    <table name="Y" address="c6620" />
  </table>
  <table name="Cranking Fuel IPW Compensation A (RPM)" address="c7998">
    <table name="X" address="c7968" />
    <table name="Y" address="c797c" />
  </table>
  <table name="Cranking Fuel IPW Compensation B (RPM)" address="c7a00">
    <table name="X" address="c79d0" />
    <table name="Y" address="c79e4" />
  </table>
  <table name="Cranking Fuel IPW Compensation (Accelerator)" address="c670c">
    <table name="Y" address="c66f4" />
  </table>
  <table name="Throttle Tip-in Enrichment" address="c76e8">
    <table name="Y" address="c76a0" />
  </table>
  <table name="Minimum Tip-in Enrichment Activation" address="c642c" />
  <table name="Minimum Tip-in Enrichment Activation (Throttle)" address="c6424" />
  <table name="Tip-in Enrichment Compensation (Boost Error)" address="c6a24">
    <table name="Y" address="c6a00" />
  </table>
  <table name="Tip-in Enrichment Compensation (ECT)" address="c770c">
    <table name="Y" address="c6620" />
  </table>
  <table name="Tip-in Enrichment Disable Applied Counter Threshold" address="c5e76" />
  <table name="Tip-in Enrichment Applied Counter Reset" address="c5e77" />
  <table name="Tip-in Enrichment Disable Throttle Cumulative Threshold" address="c6428" />
  <table name="Tip-in Throttle Cumulative Reset" address="c5e78" />
  <table name="Min Primary Base Enrichment 1 A" address="c7ab4">
    <table name="X" address="c6620" />
    <table name="Y" address="c7a94" />
  </table>
  <table name="Min Primary Base Enrichment 1 B" address="c7b54">
    <table name="X" address="c6620" />
    <table name="Y" address="c7b34" />
  </table>
  <table name="Min Primary Base Enrichment 1 (Non-Primary OL)" address="c7c08">
    <table name="X" address="c7bd4" />
    <table name="Y" address="c7bfc" />
  </table>
  <table name="Min Primary Base Enrich 2 Initial Start 1A" address="c6cce">
    <table name="Y" address="c6620" />
  </table>
  <table name="Min Primary Base Enrich 2 Initial Start 1B" address="c6d0e">
    <table name="Y" address="c6620" />
  </table>
  <table name="Min Primary Base Enrich 2 Initial Start 2A" address="c6cee">
    <table name="Y" address="c6620" />
  </table>
  <table name="Min Primary Base Enrich 2 Initial Start 2B" address="c6d2e">
    <table name="Y" address="c6620" />
  </table>
  <table name="Min Primary Base Enrich 2 Decay Step 1" address="c6d4e">
    <table name="Y" address="c6620" />
  </table>
  <table name="Min Primary Base Enrich 2 Decay Step 2" address="c6d6e">
    <table name="Y" address="c6620" />
  </table>
  <table name="Min Primary Base Enrich 3 Initial Start 1A" address="c6c4e">
    <table name="Y" address="c6620" />
  </table>
  <table name="Min Primary Base Enrich 3 Initial Start 1B" address="c6c6e">
    <table name="Y" address="c6620" />
  </table>
  <table name="Min Primary Base Enrich 3 Initial Start 2A" address="c6c8e">
    <table name="Y" address="c6620" />
  </table>
  <table name="Min Primary Base Enrich 3 Initial Start 2B" address="c6cae">
    <table name="Y" address="c6620" />
  </table>
  <table name="Min Primary Base Enrich 3 Decay Delay A" address="c6722">
    <table name="Y" address="c6620" />
  </table>
  <table name="Min Primary Base Enrich 3 Decay Delay B" address="c6732">
    <table name="Y" address="c6620" />
  </table>
  <table name="Min Primary Base Enrich 3 Decay Multiplier" address="c5fb4" />
  <table name="A/F Learning #1 Limits" address="c6230" />
  <table name="A/F Learning #1 Airflow Ranges" address="c6240" />
  <table name="MAF Limit (Maximum)" address="c0fd8" />
  <table name="MAF Sensor Scaling" address="cc624">
    <table name="Y" address="cc548" elements="55" />
  </table>
  <table name="MAF Compensation (IAT)" address="c1960">
    <table name="X" address="c192c" />
    <table name="Y" address="c1940" />
  </table>
  <table name="Engine Load Limit (Maximum)" address="1bc98" />
  <table name="Engine Load Compensation (MP)" address="c19e4">
    <table name="X" address="c1988" />
    <table name="Y" address="c19b4" elements="12" />
  </table>
  <table name="Base Timing" address="ca560">
    <table name="X" address="ca4cc" elements="19" />
    <table name="Y" address="ca518" />
  </table>
  <table name="Base Timing Idle A (In-Gear)" address="c99c1">
    <table name="Y" address="c984c" />
  </table>
  <table name="Base Timing Idle B (In-Gear)" address="c99d1">
    <table name="Y" address="c984c" />
  </table>
  <table name="Base Timing Idle A (Neutral)" address="c99e1">
    <table name="Y" address="c984c" />
  </table>
  <table name="Base Timing Idle B (Neutral)" address="c99f1">
    <table name="Y" address="c984c" />
  </table>
  <table name="Base Timing Idle Minimum" address="c99b8">
    <table name="Y" address="c9994" />
  </table>
  <table name="Base Timing Idle Minimum Vehicle Speed Enable" address="c96d0" />
  <table name="Base Timing Alternate (ECT)" address="c98fe">
    <table name="Y" address="c984c" />
  </table>
  <table name="Knock Correction Advance Max" address="ca34c">
    <table name="X" address="ca2b8" elements="19" />
    <table name="Y" address="ca304" />
  </table>
  <table name="Timing Compensation A (IAT)" address="c9a74">
    <table name="Y" address="c9a34" />
  </table>
  <table name="Timing Compensation A (IAT) Activation" address="ca6f8">
    <table name="X" address="ca6b8" />
    <table name="Y" address="ca6d8" />
  </table>
  <table name="Timing Compensation B (IAT)" address="c9d64">
    <table name="Y" address="c9d24" />
  </table>
  <table name="Timing Compensation B (IAT) IAM Activation" address="c9824" />
  <table name="Timing Compensation B (IAT) Max Additive" address="c9808" />
  <table name="Timing Compensation (ECT)" address="c9a21">
    <table name="Y" address="c984c" />
  </table>
  <table name="Timing Compensation (MRP)" address="ca928">
    <table name="X" address="ca908" />
    <table name="Y" address="ca91c" />
  </table>
  <table name="Timing Compensation Per Cylinder A" address="ca0cc">
    <table name="X" address="ca084" />
    <table name="Y" address="ca0bc" />
  </table>
  <table name="Timing Compensation Per Cylinder B" address="ca14c">
    <table name="X" address="ca104" />
    <table name="Y" address="ca13c" />
  </table>
  <table name="Timing Compensation Per Cylinder C" address="ca1cc">
    <table name="X" address="ca184" />
    <table name="Y" address="ca1bc" />
  </table>
  <table name="Timing Compensation Per Cylinder D" address="ca24c">
    <table name="X" address="ca204" />
    <table name="Y" address="ca23c" />
  </table>
  <table name="Timing Comp Minimum Load (Per Cylinder)" address="c94b0" />
  <table name="Timing Comp Maximum RPM (Per Cylinder)" address="c94ac" />
  <table name="Timing Comp Minimum Coolant Temp (Per Cylinder)" address="c94b4" />
  <table name="Feedback Correction Range (RPM)" address="c94c0" />
  <table name="Feedback Correction Minimum Load" address="c94b8" />
  <table name="Feedback Correction Retard Value" address="c94dc" />
  <table name="Feedback Correction Retard Limit" address="c94d8" />
  <table name="Feedback Correction Negative Advance Value" address="c94e4" />
  <table name="Feedback Correction Negative Advance Delay" address="c947c" />
  <table name="Extended Feedback Correction High RPM Compensation" address="c94ec" />
  <table name="Fine Correction Minimum (RPM)" address="c94f8" />
  <table name="Fine Correction Maximum (RPM)" address="c9618" />
  <table name="Fine Correction Range (Load)" address="c9620" />
  <table name="Fine Correction Rows (RPM)" address="c95e8" />
  <table name="Fine Correction Columns (Load)" address="c95d8" />
  <table name="Fine Correction Retard Value" address="c9614" />
  <table name="Fine Correction Retard Limit" address="c9610" />
  <table name="Fine Correction Advance Value" address="c960c" />
  <table name="Fine Correction Advance Limit" address="c9608" />
  <table name="Fine Correction Advance Delay" address="c948a" />
  <table name="Rough Correction Range (RPM)" address="c9588" />
  <table name="Rough Correction Range (Load)" address="c9598" />
  <table name="Rough Correction Minimum KC Advance Map Value" address="c95a8" />
  <table name="Rough Correction Learning Delay (Increasing)" address="c98f4">
    <table name="Y" address="c98cc" />
  </table>
  <table name="Advance Multiplier (Initial)" address="c95ac" />
  <table name="Advance Multiplier Step Value" address="c95b0" />
  <table name="Intake Cam Advance Angle (AVCS)" address="ce134">
    <table name="X" address="ce0a0" elements="19" />
    <table name="Y" address="ce0ec" />
  </table>
  <table name="Requested Torque (Accelerator Pedal)" address="dc238">
    <table name="X" address="dc1b4" />
    <table name="Y" address="dc1f0" elements="18" />
  </table>
  <table name="Target Throttle Plate Position (Requested Torque)" address="dbcf0">
    <table name="X" address="dbc6c" />
    <table name="Y" address="dbcb0" />
  </table>
  <table name="Target Throttle Plate Position Maximum (Requested Torque)" address="dbf94">
    <table name="X" address="dbf10" />
    <table name="Y" address="dbf54" />
  </table>
  <table name="Rev Limit (Fuel Cut)" address="c6474" />
  <table name="Rev Limit Fuel Resume (Boost)" address="c647c" />
  <table name="Speed Limiting Enable (Fuel Cut)" address="c64c4" />
  <table name="Speed Limiting Disable (Fuel Cut)" address="c64d0" />
  <table name="Speed Limiting (Throttle)" address="db83c" />
  <table name="Intake Temp Sensor Scaling" address="800a0">
    <table name="Y" address="80028" />
  </table>
  <table name="Coolant Temp Sensor Scaling" address="7ffb8">
    <table name="Y" address="7ff48" />
  </table>
  <table name="Atmospheric Pressure Sensor Scaling" address="c0250" />
  <table name="Radiator Fan Modes A (ECT)" address="ccebc" />
  <table name="Radiator Fan Modes B (ECT)" address="ccecc" />
  <table name="Radiator Fan Modes (Veh. Speed)" address="ccedc" />
  <table name="Gear Determination Thresholds" address="c1204" />
  <table name="Idle Speed Target A" address="cb29c">
    <table name="Y" address="caec0" />
  </table>
  <table name="Idle Speed Target B" address="cb2dc">
    <table name="Y" address="caec0" />
  </table>
  <table name="Idle Speed Target C" address="cb31c">
    <table name="Y" address="caec0" />
  </table>
  <table name="Force Pass Readiness Monitors" address="79df6" />
  <table name="(P0000) PASS CODE (NO DTC DETECTED)" address="6ee59" />
  <table name="(P0000) PASS CODE (NO DTC DETECTED)_" address="6ee5a" />
  <table name="(P0011) CAMSHAFT POS. - TIMING OVER-ADVANCED 1" address="6ee3d" />
  <table name="(P0021) CAMSHAFT POS. - TIMING OVER-ADVANCED 2" address="6ee3e" />
  <table name="(P0030) FRONT O2 SENSOR RANGE/PERF" address="6ee87" />
  <table name="(P0031) FRONT O2 SENSOR LOW INPUT" address="6ee68" />
  <table name="(P0032) FRONT O2 SENSOR HIGH INPUT" address="6ee66" />
  <table name="(P0037) REAR O2 SENSOR LOW INPUT" address="6ee67" />
  <table name="(P0038) REAR O2 SENSOR HIGH INPUT" address="6ee65" />
  <table name="(P0102) MAF SENSOR LOW INPUT" address="6ee15" />
  <table name="(P0103) MAF SENSOR HIGH INPUT" address="6ee16" />
  <table name="(P0107) MAP SENSOR LOW INPUT" address="6ee69" />
  <table name="(P0108) MAP SENSOR HIGH INPUT" address="6ee6a" />
  <table name="(P0112) IAT SENSOR LOW INPUT" address="6ee62" />
  <table name="(P0113) IAT SENSOR HIGH INPUT" address="6ee63" />
  <table name="(P0117) COOLANT TEMP SENSOR LOW INPUT" address="6ee1e" />
  <table name="(P0118) COOLANT TEMP SENSOR HIGH INPUT" address="6ee1f" />
  <table name="(P0122) TPS A LOW INPUT" address="6ee1c" />
  <table name="(P0123) TPS A HIGH INPUT" address="6ee1d" />
  <table name="(P0125) INSUFFICIENT COOLANT TEMP (FUELING)" address="6ee21" />
  <table name="(P0131) FRONT O2 SENSOR LOW INPUT" address="6ee5c" />
  <table name="(P0132) FRONT O2 SENSOR HIGH INPUT" address="6ee5e" />
  <table name="(P0133) FRONT O2 SENSOR SLOW RESPONSE" address="6ee46" />
  <table name="(P0134) FRONT O2 SENSOR NO ACTIVITY" address="6ee85" />
  <table name="(P0140) REAR O2 SENSOR NO ACTIVITY" address="6eed3" />
  <table name="(P0171) SYSTEM TOO LEAN" address="6ee50" />
  <table name="(P0172) SYSTEM TOO RICH" address="6ee51" />
  <table name="(P0222) TPS B LOW INPUT" address="6ee8f" />
  <table name="(P0223) TPS B HIGH INPUT" address="6ee90" />
  <table name="(P0230) FUEL PUMP PRIMARY CIRCUIT" address="6ee80" />
  <table name="(P0244) WASTEGATE SOLENOID A RANGE/PERF" address="6ee76" />
  <table name="(P0245) WASTEGATE SOLENOID A LOW" address="6ee74" />
  <table name="(P0246) WASTEGATE SOLENOID A HIGH" address="6ee75" />
  <table name="(P0301) MISFIRE CYLINDER 1" address="6ee52" />
  <table name="(P0302) MISFIRE CYLINDER 2" address="6ee53" />
  <table name="(P0303) MISFIRE CYLINDER 3" address="6ee54" />
  <table name="(P0304) MISFIRE CYLINDER 4" address="6ee55" />
  <table name="(P0327) KNOCK SENSOR 1 LOW INPUT" address="6ee1a" />
  <table name="(P0328) KNOCK SENSOR 1 HIGH INPUT" address="6ee1b" />
  <table name="(P0335) CRANKSHAFT POS. SENSOR A MALFUNCTION" address="6ee10" />
  <table name="(P0340) CAMSHAFT POS. SENSOR A MALFUNCTION_" address="6eea3" />
  <table name="(P0345) CAMSHAFT POS. SENSOR A BANK 2" address="6eea2" />
  <table name="(P0410) SECONDARY AIR PUMP SYSTEM" address="6eecd" />
  <table name="(P0413) SECONDARY AIR PUMP A OPEN" address="6eed1" />
  <table name="(P0414) SECONDARY AIR PUMP A SHORTED" address="6eed6" />
  <table name="(P0418) SECONDARY AIR PUMP RELAY A" address="6eed2" />
  <table name="(P0420) CAT EFFICIENCY BELOW THRESHOLD" address="6ee4c" />
  <table name="(P0458) EVAP PURGE VALVE CIRCUIT LOW" address="6ee41" />
  <table name="(P0459) EVAP PURGE VALVE CIRCUIT HIGH" address="6ee42" />
  <table name="(P0462) FUEL LEVEL SENSOR LOW INPUT" address="6ee22" />
  <table name="(P0463) FUEL LEVEL SENSOR HIGH INPUT" address="6ee23" />
  <table name="(P0502) VEHICLE SPEED SENSOR LOW INPUT" address="6ee7f" />
  <table name="(P0503) VEHICLE SPEED SENSOR INTERMITTENT" address="6ee88" />
  <table name="(P0512) STARTER REQUEST CIRCUIT" address="6ee27" />
  <table name="(P0519) IDLE CONTROL MALFUNCTION (FAIL-SAFE)" address="6ee82" />
  <table name="(P0604) CONTROL MODULE RAM ERROR" address="6ee14" />
  <table name="(P0605) CONTROL MODULE ROM ERROR" address="6eea4" />
  <table name="(P0607) CONTROL MODULE PERFORMANCE" address="6ee97" />
  <table name="(P0638) THROTTLE ACTUATOR RANGE/PERF" address="6ee96" />
  <table name="(P0691) RADIATOR FAN CIRCUIT LOW" address="6ee3a" />
  <table name="(P0692) RADIATOR FAN CIRCUIT HIGH" address="6ee3b" />
  <table name="(P0851) NEUTRAL SWITCH INPUT LOW" address="6ee2b" />
  <table name="(P0852) NEUTRAL SWITCH INPUT HIGH" address="6ee2f" />
  <table name="(P1160) ABNORMAL RETURN SPRING" address="6ee91" />
  <table name="(P1410) SECONDARY AIR PUMP VALVE STUCK OPEN" address="6eeda" />
  <table name="(P1418) SECONDARY AIR PUMP CIRCUIT SHORTED" address="6eed7" />
  <table name="(P1518) STARTER SWITCH LOW INPUT" address="6ee26" />
  <table name="(P1560) BACK-UP VOLTAGE MALFUNCTION" address="6ee71" />
  <table name="(P2004) TGV - INTAKE MANIFOLD RUNNER 1 STUCK OPEN" address="6eebb" />
  <table name="(P2005) TGV - INTAKE MANIFOLD RUNNER 2 STUCK OPEN" address="6eebd" />
  <table name="(P2006) TGV - INTAKE MANIFOLD RUNNER 1 STUCK CLOSED" address="6eebc" />
  <table name="(P2007) TGV - INTAKE MANIFOLD RUNNER 2 STUCK CLOSED" address="6eebe" />
  <table name="(P2008) TGV - INTAKE MANIFOLD RUNNER 1 CIRCUIT OPEN" address="6eec9" />
  <table name="(P2009) TGV - INTAKE MANIFOLD RUNNER 1 CIRCUIT LOW" address="6eec7" />
  <table name="(P2011) TGV - INTAKE MANIFOLD RUNNER 2 CIRCUIT OPEN" address="6eeca" />
  <table name="(P2012) TGV - INTAKE MANIFOLD RUNNER 2 CIRCUIT LOW" address="6eec8" />
  <table name="(P2016) TGV - INTAKE MANIFOLD RUNNER 1 POS. SENSOR LOW" address="6eec3" />
  <table name="(P2017) TGV - INTAKE MANIFOLD RUNNER 1 POS. SENSOR HIGH" address="6eec4" />
  <table name="(P2021) TGV - INTAKE MANIFOLD RUNNER 2 POS. SENSOR LOW" address="6eec5" />
  <table name="(P2022) TGV - INTAKE MANIFOLD RUNNER 2 POS. SENSOR HIGH" address="6eec6" />
  <table name="(P2088) OCV SOLENOID A1 CIRCUIT OPEN" address="6eeac" />
  <table name="(P2089) OCV SOLENOID A1 CIRCUIT SHORT" address="6eeab" />
  <table name="(P2092) OCV SOLENOID A2 CIRCUIT OPEN" address="6eeaa" />
  <table name="(P2093) OCV SOLENOID A2 CIRCUIT SHORT" address="6eea9" />
  <table name="(P2101) THROTTLE ACTUATOR CIRCUIT RANGE/PERF" address="6ee94" />
  <table name="(P2102) THROTTLE ACTUATOR CIRCUIT LOW" address="6ee92" />
  <table name="(P2103) THROTTLE ACTUATOR CIRCUIT HIGH" address="6ee93" />
  <table name="(P2109) TPS A MINIMUM STOP PERF" address="6ee8e" />
  <table name="(P2122) TPS D CIRCUIT LOW INPUT" address="6ee9b" />
  <table name="(P2123) TPS D CIRCUIT HIGH INPUT" address="6ee9c" />
  <table name="(P2127) TPS E CIRCUIT LOW INPUT" address="6ee99" />
  <table name="(P2128) TPS E CIRCUIT HIGH INPUT" address="6ee9a" />
  <table name="(P2135) TPS A/B VOLTAGE" address="6ee9d" />
  <table name="(P2138) TPS D/E VOLTAGE" address="6ee98" />
  <table name="(P2228) BARO. PRESSURE CIRCUIT LOW INPUT" address="6eec2" />
  <table name="(P2229) BARO. PRESSURE CIRCUIT HIGH INPUT" address="6eec1" />
  <table name="(P2432) SECONDARY AIR PUMP CIRCUIT LOW" address="6eed0" />
  <table name="(P2433) SECONDARY AIR PUMP CIRCUIT HIGH" address="6eecf" />
  <table name="(P2440) SECONDARY AIR PUMP VALVE 1 STUCK OPEN" address="6eede" />
  <table name="(P2441) SECONDARY AIR PUMP VALVE 1 STUCK CLOSED" address="6eedd" />
  <table name="(P2444) SECONDARY AIR PUMP 1 STUCK ON B1" address="6eecb" />
  <table name="(P2503) CHARGING SYSTEM VOLTAGE LOW" address="6eeba" />
  <table name="(P2504) CHARGING SYSTEM VOLTAGE HIGH" address="6eeb9" />
</rom>