<rom>
  <romid>
    <xmlid>AZ1G202I</xmlid>
    <internalidaddress>2004</internalidaddress>
    <internalidstring>AZ1G202I</internalidstring>
    <ecuid>6912783007</ecuid>
    <year>08/09</year>
    <market>USDM</market>
    <make>Subaru</make>
    <model>Impreza</model>
    <submodel>STi</submodel>
    <transmission>MT</transmission>
    <memmodel>SH7058</memmodel>
    <flashmethod>subarucan</flashmethod>
    <checksummodule>subarudbw</checksummodule>
  </romid>
  <include>AZ1G201I</include>
</rom>