<rom>
  <romid>
    <xmlid>AZ1G301F</xmlid>
    <internalidaddress>2004</internalidaddress>
    <internalidstring>AZ1G301F</internalidstring>
    <ecuid>5A04784207</ecuid>
    <year>08</year>
    <market>JDM</market>
    <make>Subaru</make>
    <model>Impreza</model>
    <submodel>STi</submodel>
    <transmission>MT</transmission>
    <memmodel>SH7058</memmodel>
    <flashmethod>subarucan</flashmethod>
    <checksummodule>subarudbw</checksummodule>
  </romid>
  <include>AZ1G300F</include>
</rom>