<rom>
  <romid>
    <xmlid>A2SB000Y</xmlid>
    <internalidaddress>2000</internalidaddress>
    <internalidstring>A2SB000Y</internalidstring>
    <ecuid>6202504007</ecuid>
    <year>08</year>
    <market>JDM</market>
    <make>Subaru</make>
    <model>Outback</model>
    <submodel>XT</submodel>
    <transmission>AT</transmission>
    <memmodel>SH7058</memmodel>
    <flashmethod>subarucan</flashmethod>
    <checksummodule>subarudbw</checksummodule>
  </romid>
  <include>32BITBASE</include>
  <table name="Target Boost_" address="c1488">
    <table name="X" address="c1420" />
    <table name="Y" address="c144c" />
  </table>
  <table name="Target Boost Compensation (ECT)" address="c0ac0">
    <table name="Y" address="c0830" />
  </table>
  <table name="Target Boost Compensation (1st Gear)" address="c0828" />
  <table name="Target Boost Compensation (1st Gear) Speed Disable" address="c0824" />
  <table name="Target Boost Compensation (IAT)_" address="c0c38">
    <table name="Y" address="c0c20" />
  </table>
  <table name="Target Boost Compensation (Atm. Pressure)" address="c0af8">
    <table name="Y" address="c0ae0" elements="6" />
  </table>
  <table name="Boost Limit (Fuel Cut)" address="c7ae8">
    <table name="Y" address="c7ad0" />
  </table>
  <table name="Boost Control Disable (IAM)" address="c0818" />
  <table name="Boost Control Disable (Fine Correction)" address="c0814" />
  <table name="Boost Control Disable Delay (Fine Correction)" address="c07b1" />
  <table name="Initial Wastegate Duty_" address="c10e4">
    <table name="X" address="c1078" elements="15" />
    <table name="Y" address="c10b4" />
  </table>
  <table name="Max Wastegate Duty_" address="c0d3c">
    <table name="X" address="c0cd0" elements="15" />
    <table name="Y" address="c0d0c" elements="12" />
  </table>
  <table name="Max Wastegate Duty Limit Post-Compensation" address="18ab0" />
  <table name="Initial/Max Wastegate Duty Compensation (IAT)" address="c08b0">
    <table name="Y" address="c0870" />
  </table>
  <table name="Initial/Max Wastegate Duty Compensation (ECT)" address="c09b0">
    <table name="Y" address="c0830" />
  </table>
  <table name="Initial/Max Wastegate Duty Compensation (Atm. Pressure)" address="c0c78">
    <table name="X" address="c0c50" />
    <table name="Y" address="c0c68" />
  </table>
  <table name="Turbo Dynamics Proportional" address="c0b24">
    <table name="Y" address="c0b00" />
  </table>
  <table name="Turbo Dynamics Integral Positive" address="c0b94">
    <table name="Y" address="c0b70" />
  </table>
  <table name="Turbo Dynamics Integral Negative" address="c0b5c">
    <table name="Y" address="c0b38" />
  </table>
  <table name="TD Proportional Compensation (IAT)" address="c0a10">
    <table name="Y" address="c09d0" elements="16" />
  </table>
  <table name="TD Integral Positive Compensation (IAT)" address="c0ab0">
    <table name="Y" address="c0a70" elements="16" />
  </table>
  <table name="TD Integral Negative Compensation (IAT)" address="c0a60">
    <table name="Y" address="c0a20" elements="16" />
  </table>
  <table name="TD Activation Thresholds (RPM)" address="c07fc" />
  <table name="TD Activation Thresholds (Target Boost)_" address="c07d8" />
  <table name="TD Integral Cumulative Range (WGDC Correction)" address="c080c" />
  <table name="TD Integral Negative Activation (Boost Error)" address="c07e8" />
  <table name="TD Integral Positive Activation (Boost Error)" address="c07f0" />
  <table name="TD Integral Positive Activation (Wastegate Duty)" address="c07f8" />
  <table name="Manifold Pressure Sensor Scaling" address="c028c" />
  <table name="Manifold Pressure Sensor Limits (CEL)" address="ce954" />
  <table name="Manifold Pressure Sensor CEL Delays" address="c4db0" />
  <table name="Primary Open Loop Fueling" address="c8780">
    <table name="X" address="c86fc" />
    <table name="Y" address="c8738" />
  </table>
  <table name="Primary Open Loop Fueling (Failsafe)" address="c8914">
    <table name="X" address="c8890" />
    <table name="Y" address="c88cc" />
  </table>
  <table name="Primary Open Loop Fuel Map Switch (IAM)" address="c6140" />
  <table name="Minimum Active Primary Open Loop Enrichment" address="c6144" />
  <table name="Minimum Primary Open Loop Enrichment (Throttle)" address="c6930">
    <table name="Y" address="c6918" />
  </table>
  <table name="Minimum Primary Open Loop Enrichment (Accelerator)" address="c6950">
    <table name="Y" address="c6938" />
  </table>
  <table name="Primary Open Loop Fueling Compensation (ECT)" address="c74fc">
    <table name="Y" address="c64b8" />
  </table>
  <table name="Primary Open Loop Fueling Compensation (Timing Compensation)" address="c68c0">
    <table name="Y" address="c68a8" />
  </table>
  <table name="Front Oxygen Sensor Scaling" address="ceed8">
    <table name="Y" address="ceea4" />
  </table>
  <table name="Front Oxygen Sensor Rich Limit" address="2a858" />
  <table name="Front Oxygen Sensor Compensation (Atm. Pressure)" address="c4448">
    <table name="Y" address="c4438" />
  </table>
  <table name="CL Fueling Target Compensation (Load)" address="c95ac">
    <table name="X" address="c9554" elements="11" />
    <table name="Y" address="c9580" elements="11" />
  </table>
  <table name="CL Fueling Target Compensation Imm. Cruise (ECT)" address="c93b0">
    <table name="X" address="c64b8" />
    <table name="Y" address="c93a4" />
  </table>
  <table name="CL Fueling Target Compensation Imm. Non-Cruise (ECT)" address="c9488">
    <table name="X" address="c64b8" />
    <table name="Y" address="c947c" />
  </table>
  <table name="CL to OL Delay" address="c5cea">
    <table name="Y" elements="2" />
  </table>
  <table name="CL to OL Delay/Switch SI-DRIVE Intelligent" address="c5ce8" />
  <table name="CL to OL Transition with Delay (Throttle)" address="c6908">
    <table name="Y" address="c68c8" />
  </table>
  <table name="CL to OL Transition with Delay Throttle Hysteresis" address="c6148" />
  <table name="CL to OL Transition with Delay (Base Pulse Width)" address="c7428">
    <table name="Y" address="c73e8" />
  </table>
  <table name="CL to OL Transition with Delay BPW Hysteresis" address="c614c" />
  <table name="CL to OL Transition Counter Step Value (MAF)" address="c7470">
    <table name="Y" address="c7448" />
  </table>
  <table name="CL Delay Maximum (Vehicle Speed)" address="c61c8" />
  <table name="CL Delay Minimum (ECT)" address="c6150" />
  <table name="CL Delay Maximum (Engine Load)" address="c61d8" />
  <table name="CL Delay Engine Load Counter Threshold" address="c5ce6" />
  <table name="CL Delay Maximum Engine Speed (Per Gear)" address="c617c" />
  <table name="CL Delay Maximum Engine Speed (Neutral)" address="c61a4" />
  <table name="CL Delay Throttle Atm. Pressure Thresholds" address="c61ac" />
  <table name="CL Delay Maximum (Throttle) (Low Atm. Pressure)" address="c61b4" />
  <table name="CL Delay Maximum (Throttle) (High Atm. Pressure)" address="c61bc" />
  <table name="Injector Latency" address="c6c00">
    <table name="Y" address="c6bec" />
  </table>
  <table name="Injector Flow Scaling" address="c5ea0" />
  <table name="Per Injector Pulse Width Compensation A" address="c8aac">
    <table name="X" address="c8a24" />
    <table name="Y" address="c8a68" elements="17" />
  </table>
  <table name="Per Injector Pulse Width Compensation B" address="c8c58">
    <table name="X" address="c8bd0" />
    <table name="Y" address="c8c14" elements="17" />
  </table>
  <table name="Per Injector Pulse Width Compensation C" address="c8e04">
    <table name="X" address="c8d7c" />
    <table name="Y" address="c8dc0" elements="17" />
  </table>
  <table name="Per Injector Pulse Width Compensation D" address="c8fb0">
    <table name="X" address="c8f28" />
    <table name="Y" address="c8f6c" elements="17" />
  </table>
  <table name="Cranking Fuel Injector Pulse Width A (ECT)" address="c6b2a">
    <table name="Y" address="c64b8" />
  </table>
  <table name="Cranking Fuel Injector Pulse Width B (ECT)" address="c6b4a">
    <table name="Y" address="c64b8" />
  </table>
  <table name="Cranking Fuel Injector Pulse Width C (ECT)" address="c6b6a">
    <table name="Y" address="c64b8" />
  </table>
  <table name="Cranking Fuel Injector Pulse Width D (ECT)" address="c6b8a">
    <table name="Y" address="c64b8" />
  </table>
  <table name="Cranking Fuel Injector Pulse Width E (ECT)" address="c6baa">
    <table name="Y" address="c64b8" />
  </table>
  <table name="Cranking Fuel Injector Pulse Width F (ECT)" address="c6bca">
    <table name="Y" address="c64b8" />
  </table>
  <table name="Cranking Fuel IPW Compensation Imm. Cruise (RPM)" address="c7ccc">
    <table name="X" address="c7c9c" />
    <table name="Y" address="c7cb0" />
  </table>
  <table name="Cranking Fuel IPW Compensation Imm. Non-Cruise (RPM)" address="c7d74">
    <table name="X" address="c7d44" />
    <table name="Y" address="c7d58" />
  </table>
  <table name="Cranking Fuel IPW Compensation (Accelerator)" address="c65ec">
    <table name="Y" address="c65d4" />
  </table>
  <table name="Throttle Tip-in Enrichment" address="c7a3c">
    <table name="Y" address="c79f4" />
  </table>
  <table name="Minimum Tip-in Enrichment Activation" address="c63b8" />
  <table name="Minimum Tip-in Enrichment Activation (Throttle)" address="c63b0" />
  <table name="Tip-in Enrichment Compensation (Boost Error)" address="c6aa0">
    <table name="Y" address="c6a7c" />
  </table>
  <table name="Tip-in Enrichment Compensation (ECT)" address="c7a60">
    <table name="Y" address="c64b8" />
  </table>
  <table name="Tip-in Enrichment Disable Applied Counter Threshold" address="c5c9d" />
  <table name="Tip-in Enrichment Applied Counter Reset" address="c5c9e" />
  <table name="Tip-in Enrichment Disable Throttle Cumulative Threshold" address="c63b4" />
  <table name="Tip-in Throttle Cumulative Reset" address="c5c9f" />
  <table name="Min Primary Base Enrichment 1 Cruise" address="c7f20">
    <table name="X" address="c64b8" />
    <table name="Y" address="c7efc" elements="9" />
  </table>
  <table name="Min Primary Base Enrichment 1 Non-Cruise" address="c7e7c">
    <table name="X" address="c64b8" />
    <table name="Y" address="c7e5c" />
  </table>
  <table name="Min Primary Base Enrichment 1 (Non-Primary OL)" address="c7fe4">
    <table name="X" address="c7fb0" />
    <table name="Y" address="c7fd8" />
  </table>
  <table name="Min Primary Base Enrich 2 Initial Start 1A" address="c6c8a">
    <table name="Y" address="c64b8" />
  </table>
  <table name="Min Primary Base Enrich 2 Initial Start 1B" address="c6caa">
    <table name="Y" address="c64b8" />
  </table>
  <table name="Min Primary Base Enrich 2 Initial Start 2A" address="c6cca">
    <table name="Y" address="c64b8" />
  </table>
  <table name="Min Primary Base Enrich 2 Initial Start 2B" address="c6cea">
    <table name="Y" address="c64b8" />
  </table>
  <table name="Min Primary Base Enrich 2 Decay Step 1" address="c6d0a">
    <table name="Y" address="c64b8" />
  </table>
  <table name="Min Primary Base Enrich 2 Decay Step 2" address="c6d2a">
    <table name="Y" address="c64b8" />
  </table>
  <table name="Min Primary Base Enrich 3 Initial Start 1A" address="c6c0a">
    <table name="Y" address="c64b8" />
  </table>
  <table name="Min Primary Base Enrich 3 Initial Start 1B" address="c6c2a">
    <table name="Y" address="c64b8" />
  </table>
  <table name="Min Primary Base Enrich 3 Initial Start 2A" address="c6c4a">
    <table name="Y" address="c64b8" />
  </table>
  <table name="Min Primary Base Enrich 3 Initial Start 2B" address="c6c6a">
    <table name="Y" address="c64b8" />
  </table>
  <table name="Min Primary Base Enrich 3 Decay Delay A" address="c6602">
    <table name="Y" address="c64b8" />
  </table>
  <table name="Min Primary Base Enrich 3 Decay Delay B" address="c6612">
    <table name="Y" address="c64b8" />
  </table>
  <table name="Min Primary Base Enrich 3 Decay Multiplier" address="c5ea4" />
  <table name="A/F Learning #1 Limits" address="c6058" />
  <table name="A/F Learning #1 Airflow Ranges" address="c6068" />
  <table name="MAF Limit (Maximum)" address="c3f64" />
  <table name="MAF Sensor Scaling" address="cedcc">
    <table name="Y" address="cecf4" />
  </table>
  <table name="MAF Compensation (IAT)" address="c4710">
    <table name="X" address="c46dc" />
    <table name="Y" address="c46f0" />
  </table>
  <table name="Engine Load Limit (Maximum)" address="28fe0" />
  <table name="Engine Load Compensation (MP)" address="c479c">
    <table name="X" address="c4738" />
    <table name="Y" address="c4764" elements="14" />
  </table>
  <table name="Base Timing Primary Cruise" address="cb668">
    <table name="X" address="cb5e4" />
    <table name="Y" address="cb620" />
  </table>
  <table name="Base Timing Reference Cruise (AVCS related)" address="cb990">
    <table name="X" address="cb90c" />
    <table name="Y" address="cb948" />
  </table>
  <table name="Base Timing Primary Non-Cruise" address="cb7fc">
    <table name="X" address="cb778" />
    <table name="Y" address="cb7b4" />
  </table>
  <table name="Base Timing Reference Non-Cruise (AVCS related)" address="cbb24">
    <table name="X" address="cbaa0" />
    <table name="Y" address="cbadc" />
  </table>
  <table name="Base Timing Idle A (In-Gear)" address="cab29">
    <table name="Y" address="ca968" />
  </table>
  <table name="Base Timing Idle B (In-Gear)" address="cab39">
    <table name="Y" address="ca968" />
  </table>
  <table name="Base Timing Idle A (Neutral)" address="cab49">
    <table name="Y" address="ca968" />
  </table>
  <table name="Base Timing Idle B (Neutral)" address="cab59">
    <table name="Y" address="ca968" />
  </table>
  <table name="Base Timing Idle Minimum" address="cab20">
    <table name="Y" address="caafc" />
  </table>
  <table name="Base Timing Idle Minimum Vehicle Speed Enable" address="ca61c" />
  <table name="Knock Correction Advance Max Cruise" address="cc51c">
    <table name="X" address="cc498" elements="15" />
    <table name="Y" address="cc4d4" />
  </table>
  <table name="Knock Correction Advance Max Non-Cruise" address="cc388">
    <table name="X" address="cc304" elements="15" />
    <table name="Y" address="cc340" />
  </table>
  <table name="Timing Compensation A (IAT)" address="cabdc">
    <table name="Y" address="cab9c" />
  </table>
  <table name="Timing Compensation A (IAT) Activation" address="cbc74">
    <table name="X" address="cbc34" />
    <table name="Y" address="cbc54" />
  </table>
  <table name="Timing Compensation B (IAT)" address="cb0c8">
    <table name="Y" address="cb088" />
  </table>
  <table name="Timing Compensation B (IAT) IAM Activation" address="ca7a0" />
  <table name="Timing Compensation B (IAT) Max Additive" address="ca784" />
  <table name="Timing Compensation (ECT)" address="cab89">
    <table name="Y" address="ca968" />
  </table>
  <table name="Timing Compensation (MRP)" address="cbecc">
    <table name="X" address="cbeac" />
    <table name="Y" address="cbec0" />
  </table>
  <table name="Timing Compensation Per Cylinder A" address="cbf28">
    <table name="X" address="cbedc" />
    <table name="Y" address="cbf14" elements="5" />
  </table>
  <table name="Timing Compensation Per Cylinder B" address="cbfbc">
    <table name="X" address="cbf70" />
    <table name="Y" address="cbfa8" elements="5" />
  </table>
  <table name="Timing Compensation Per Cylinder C" address="cc050">
    <table name="X" address="cc004" />
    <table name="Y" address="cc03c" elements="5" />
  </table>
  <table name="Timing Compensation Per Cylinder D" address="cc0e8">
    <table name="X" address="cc098" />
    <table name="Y" address="cc0d0" elements="6" />
  </table>
  <table name="Timing Comp Minimum Load (Per Cylinder)" address="ca7b4" />
  <table name="Timing Comp Maximum RPM (Per Cylinder)" address="ca7b0" />
  <table name="Timing Comp Minimum Coolant Temp (Per Cylinder)" address="ca7b8" />
  <table name="Feedback Correction Range (RPM)" address="ca7c4" />
  <table name="Feedback Correction Minimum Load" address="ca7bc" />
  <table name="Feedback Correction Retard Value" address="ca7e4" />
  <table name="Feedback Correction Retard Limit" address="ca7e0" />
  <table name="Feedback Correction Negative Advance Value" address="ca7e8" />
  <table name="Feedback Correction Negative Advance Delay" address="ca526" />
  <table name="Extended Feedback Correction High RPM Compensation" address="ca7f0" />
  <table name="Fine Correction Minimum (RPM)" address="ca800" />
  <table name="Fine Correction Maximum (RPM)" address="ca950" />
  <table name="Fine Correction Range (Load)" address="ca958" />
  <table name="Fine Correction Rows (RPM)" address="ca91c" />
  <table name="Fine Correction Columns (Load)" address="ca90c" />
  <table name="Fine Correction Retard Value" address="ca94c" />
  <table name="Fine Correction Retard Limit" address="ca948" />
  <table name="Fine Correction Advance Value" address="ca944" />
  <table name="Fine Correction Advance Limit" address="ca940" />
  <table name="Fine Correction Advance Delay" address="ca536" />
  <table name="Rough Correction Range (RPM)" address="ca8bc" />
  <table name="Rough Correction Range (Load)" address="ca8cc" />
  <table name="Rough Correction Minimum KC Advance Map Value" address="ca8dc" />
  <table name="Rough Correction Learning Delay (Increasing)" address="cb138">
    <table name="Y" address="cb110" />
  </table>
  <table name="Advance Multiplier (Initial)" address="ca8e0" />
  <table name="Advance Multiplier Step Value" address="ca8e4" />
  <table name="Intake Cam Advance Angle Cruise (AVCS)" address="d0dd4">
    <table name="X" address="d0d58" elements="15" />
    <table name="Y" address="d0d94" elements="16" />
  </table>
  <table name="Intake Cam Advance Angle Non-Cruise (AVCS)" address="d1030">
    <table name="X" address="d0fb4" elements="15" />
    <table name="Y" address="d0ff0" elements="16" />
  </table>
  <table name="Requested Torque A (Accelerator Pedal) SI-DRIVE Sport" address="dd44c">
    <table name="X" address="dd3cc" />
    <table name="Y" address="dd408" />
  </table>
  <table name="Requested Torque B (Accelerator Pedal) SI-DRIVE Sport" address="ddbcc">
    <table name="X" address="ddb4c" />
    <table name="Y" address="ddb88" />
  </table>
  <table name="Requested Torque A (Accelerator Pedal) SI-DRIVE Sport Sharp" address="dd6cc">
    <table name="X" address="dd64c" />
    <table name="Y" address="dd688" />
  </table>
  <table name="Requested Torque B (Accelerator Pedal) SI-DRIVE Sport Sharp" address="dde4c">
    <table name="X" address="dddcc" />
    <table name="Y" address="dde08" />
  </table>
  <table name="Requested Torque A (Accelerator Pedal) SI-DRIVE Intelligent" address="dd94c">
    <table name="X" address="dd8cc" />
    <table name="Y" address="dd908" />
  </table>
  <table name="Requested Torque B (Accelerator Pedal) SI-DRIVE Intelligent" address="de0cc">
    <table name="X" address="de04c" />
    <table name="Y" address="de088" />
  </table>
  <table name="Target Throttle Plate Position Cruise (Requested Torque)" address="dcccc">
    <table name="X" address="dcc4c" elements="16" />
    <table name="Y" address="dcc8c" />
  </table>
  <table name="Target Throttle Plate Position Non-Cruise (Requested Torque)" address="dcf4c">
    <table name="X" address="dcecc" elements="16" />
    <table name="Y" address="dcf0c" />
  </table>
  <table name="Target Throttle Plate Position Maximum (Requested Torque)" address="dd1cc">
    <table name="X" address="dd14c" elements="16" />
    <table name="Y" address="dd18c" />
  </table>
  <table name="Rev Limit (Fuel Cut)" address="c640c" />
  <table name="Rev Limit Fuel Resume (Boost)" address="c6414" />
  <table name="Speed Limiting Enable (Fuel Cut)" address="c6458" />
  <table name="Speed Limiting Disable (Fuel Cut)" address="c6464" />
  <table name="Speed Limiting A (Throttle) SI-DRIVE Sport/Sport Sharp" address="dc644" />
  <table name="Speed Limiting B (Throttle) SI-DRIVE Sport/Sport Sharp" address="dc65c" />
  <table name="Speed Limiting (Throttle) SI-DRIVE Intelligent" address="dc650" />
  <table name="Intake Temp Sensor Scaling" address="8a72c">
    <table name="Y" address="8a6b4" />
  </table>
  <table name="Coolant Temp Sensor Scaling" address="8a644">
    <table name="Y" address="8a5d4" />
  </table>
  <table name="Radiator Fan Modes A (ECT)" address="cf65c" />
  <table name="Radiator Fan Modes B (ECT)" address="cf66c" />
  <table name="Radiator Fan Modes (Veh. Speed)" address="cf67c" />
  <table name="Idle Speed Target A" address="cd1ec">
    <table name="Y" address="cccf8" />
  </table>
  <table name="Idle Speed Target B" address="cd22c">
    <table name="Y" address="cccf8" />
  </table>
  <table name="Idle Speed Target C" address="cd26c">
    <table name="Y" address="cccf8" />
  </table>
  <table name="Force Pass Readiness Monitors" address="830f6" />
  <table name="(P0000) PASS CODE (NO DTC DETECTED)" address="77671" />
  <table name="(P0000) PASS CODE (NO DTC DETECTED)_" address="77672" />
  <table name="(P0031) FRONT O2 SENSOR LOW INPUT" address="77680" />
  <table name="(P0032) FRONT O2 SENSOR HIGH INPUT" address="7767e" />
  <table name="(P0037) REAR O2 SENSOR LOW INPUT" address="7767f" />
  <table name="(P0038) REAR O2 SENSOR HIGH INPUT" address="7767d" />
  <table name="(P0102) MAF SENSOR LOW INPUT" address="7762d" />
  <table name="(P0103) MAF SENSOR HIGH INPUT" address="7762e" />
  <table name="(P0107) MAP SENSOR LOW INPUT" address="77681" />
  <table name="(P0108) MAP SENSOR HIGH INPUT" address="77682" />
  <table name="(P0112) IAT SENSOR LOW INPUT" address="7767a" />
  <table name="(P0113) IAT SENSOR HIGH INPUT" address="7767b" />
  <table name="(P0117) COOLANT TEMP SENSOR LOW INPUT" address="77636" />
  <table name="(P0118) COOLANT TEMP SENSOR HIGH INPUT" address="77637" />
  <table name="(P0122) TPS A LOW INPUT" address="77634" />
  <table name="(P0123) TPS A HIGH INPUT" address="77635" />
  <table name="(P0131) FRONT O2 SENSOR LOW INPUT" address="77674" />
  <table name="(P0132) FRONT O2 SENSOR HIGH INPUT" address="77676" />
  <table name="(P0134) FRONT O2 SENSOR NO ACTIVITY" address="7769d" />
  <table name="(P0140) REAR O2 SENSOR NO ACTIVITY" address="776eb" />
  <table name="(P0171) SYSTEM TOO LEAN" address="77668" />
  <table name="(P0172) SYSTEM TOO RICH" address="77669" />
  <table name="(P0222) TPS B LOW INPUT" address="776a7" />
  <table name="(P0223) TPS B HIGH INPUT" address="776a8" />
  <table name="(P0230) FUEL PUMP PRIMARY CIRCUIT" address="77698" />
  <table name="(P0245) WASTEGATE SOLENOID A LOW" address="7768c" />
  <table name="(P0246) WASTEGATE SOLENOID A HIGH" address="7768d" />
  <table name="(P0301) MISFIRE CYLINDER 1" address="7766a" />
  <table name="(P0302) MISFIRE CYLINDER 2" address="7766b" />
  <table name="(P0303) MISFIRE CYLINDER 3" address="7766c" />
  <table name="(P0304) MISFIRE CYLINDER 4" address="7766d" />
  <table name="(P0327) KNOCK SENSOR 1 LOW INPUT" address="77632" />
  <table name="(P0328) KNOCK SENSOR 1 HIGH INPUT" address="77633" />
  <table name="(P0335) CRANKSHAFT POS. SENSOR A MALFUNCTION" address="77628" />
  <table name="(P0340) CAMSHAFT POS. SENSOR A MALFUNCTION" address="776bb" />
  <table name="(P0345) CAMSHAFT POS. SENSOR A BANK 2" address="776ba" />
  <table name="(P0365) CAMSHAFT POS. SENSOR B BANK 1" address="776b9" />
  <table name="(P0390) CAMSHAFT POS. SENSOR B BANK 2" address="776b8" />
  <table name="(P0410) SECONDARY AIR PUMP SYSTEM" address="776e5" />
  <table name="(P0413) SECONDARY AIR PUMP A OPEN" address="776e9" />
  <table name="(P0414) SECONDARY AIR PUMP A SHORTED" address="776ee" />
  <table name="(P0418) SECONDARY AIR PUMP RELAY A" address="776ea" />
  <table name="(P0458) EVAP PURGE VALVE CIRCUIT LOW" address="77659" />
  <table name="(P0459) EVAP PURGE VALVE CIRCUIT HIGH" address="7765a" />
  <table name="(P0462) FUEL LEVEL SENSOR LOW INPUT" address="7763a" />
  <table name="(P0463) FUEL LEVEL SENSOR HIGH INPUT" address="7763b" />
  <table name="(P0500) VEHICLE SPEED SENSOR A" address="7762f" />
  <table name="(P0512) STARTER REQUEST CIRCUIT" address="7763f" />
  <table name="(P0519) IDLE CONTROL MALFUNCTION (FAIL-SAFE)" address="7769a" />
  <table name="(P0562) SYSTEM VOLTAGE LOW" address="7768a" />
  <table name="(P0563) SYSTEM VOLTAGE HIGH" address="7768b" />
  <table name="(P0600) SERIAL COMMUNICATION LINK" address="776b7" />
  <table name="(P0604) CONTROL MODULE RAM ERROR" address="7762c" />
  <table name="(P0605) CONTROL MODULE ROM ERROR" address="776bc" />
  <table name="(P0607) CONTROL MODULE PERFORMANCE" address="776af" />
  <table name="(P0638) THROTTLE ACTUATOR RANGE/PERF" address="776ae" />
  <table name="(P0700) TRANSMISSION CONTROL SYSTEM" address="776c8" />
  <table name="(P0851) NEUTRAL SWITCH INPUT LOW" address="77643" />
  <table name="(P0852) NEUTRAL SWITCH INPUT HIGH" address="77647" />
  <table name="(P1160) ABNORMAL RETURN SPRING" address="776a9" />
  <table name="(P1410) SECONDARY AIR PUMP VALVE STUCK OPEN" address="776f2" />
  <table name="(P1418) SECONDARY AIR PUMP CIRCUIT SHORTED" address="776ef" />
  <table name="(P1519) IMRC STUCK CLOSED" address="776fb" />
  <table name="(P1520) IMRC CIRCUIT MALFUNCTION" address="776fa" />
  <table name="(P1560) BACK-UP VOLTAGE MALFUNCTION" address="77689" />
  <table name="(P1616) SBDS INTERACTIVE CODES" address="776f9" />
  <table name="(P2004) TGV - INTAKE MANIFOLD RUNNER 1 STUCK OPEN" address="776d3" />
  <table name="(P2005) TGV - INTAKE MANIFOLD RUNNER 2 STUCK OPEN" address="776d5" />
  <table name="(P2006) TGV - INTAKE MANIFOLD RUNNER 1 STUCK CLOSED" address="776d4" />
  <table name="(P2007) TGV - INTAKE MANIFOLD RUNNER 2 STUCK CLOSED" address="776d6" />
  <table name="(P2008) TGV - INTAKE MANIFOLD RUNNER 1 CIRCUIT OPEN" address="776e1" />
  <table name="(P2009) TGV - INTAKE MANIFOLD RUNNER 1 CIRCUIT LOW" address="776df" />
  <table name="(P2011) TGV - INTAKE MANIFOLD RUNNER 2 CIRCUIT OPEN" address="776e2" />
  <table name="(P2012) TGV - INTAKE MANIFOLD RUNNER 2 CIRCUIT LOW" address="776e0" />
  <table name="(P2016) TGV - INTAKE MANIFOLD RUNNER 1 POS. SENSOR LOW" address="776db" />
  <table name="(P2017) TGV - INTAKE MANIFOLD RUNNER 1 POS. SENSOR HIGH" address="776dc" />
  <table name="(P2021) TGV - INTAKE MANIFOLD RUNNER 2 POS. SENSOR LOW" address="776dd" />
  <table name="(P2022) TGV - INTAKE MANIFOLD RUNNER 2 POS. SENSOR HIGH" address="776de" />
  <table name="(P2088) OCV SOLENOID A1 CIRCUIT OPEN" address="776c4" />
  <table name="(P2089) OCV SOLENOID A1 CIRCUIT SHORT" address="776c3" />
  <table name="(P2092) OCV SOLENOID A2 CIRCUIT OPEN" address="776c2" />
  <table name="(P2093) OCV SOLENOID A2 CIRCUIT SHORT" address="776c1" />
  <table name="(P2101) THROTTLE ACTUATOR CIRCUIT RANGE/PERF" address="776ac" />
  <table name="(P2102) THROTTLE ACTUATOR CIRCUIT LOW" address="776aa" />
  <table name="(P2103) THROTTLE ACTUATOR CIRCUIT HIGH" address="776ab" />
  <table name="(P2109) TPS A MINIMUM STOP PERF" address="776a6" />
  <table name="(P2122) TPS D CIRCUIT LOW INPUT" address="776b3" />
  <table name="(P2123) TPS D CIRCUIT HIGH INPUT" address="776b4" />
  <table name="(P2127) TPS E CIRCUIT LOW INPUT" address="776b1" />
  <table name="(P2128) TPS E CIRCUIT HIGH INPUT" address="776b2" />
  <table name="(P2135) TPS A/B VOLTAGE" address="776b5" />
  <table name="(P2138) TPS D/E VOLTAGE" address="776b0" />
  <table name="(P2419) EVAP SWITCHING VALVE LOW" address="776fd" />
  <table name="(P2420) EVAP SWITCHING VALVE HIGH" address="776fe" />
  <table name="(P2432) SECONDARY AIR PUMP CIRCUIT LOW" address="776e8" />
  <table name="(P2433) SECONDARY AIR PUMP CIRCUIT HIGH" address="776e7" />
  <table name="(P2440) SECONDARY AIR PUMP VALVE 1 STUCK OPEN" address="776f6" />
  <table name="(P2441) SECONDARY AIR PUMP VALVE 1 STUCK CLOSED" address="776f5" />
  <table name="(P2444) SECONDARY AIR PUMP 1 STUCK ON B1" address="776e3" />
</rom>