<rom>
  <romid>
    <xmlid>A2WF200S</xmlid>
    <internalidaddress>2000</internalidaddress>
    <internalidstring>A2WF200S</internalidstring>
    <ecuid>4512793106</ecuid>
    <year>06</year>
    <market>USDM</market>
    <make>Subaru</make>
    <model>Outback</model>
    <submodel>XT</submodel>
    <transmission>MT</transmission>
    <memmodel>SH7058</memmodel>
    <flashmethod>sti05</flashmethod>
    <checksummodule>subarudbw</checksummodule>
  </romid>
  <include>A2WF200N</include>
</rom>