<rom>
  <romid>
    <xmlid>A2WC510S</xmlid>
    <internalidaddress>2000</internalidaddress>
    <internalidstring>A2WC510S</internalidstring>
    <ecuid>2F12795206</ecuid>
    <year>05</year>
    <market>USDM</market>
    <make>Subaru</make>
    <model>Outback</model>
    <submodel>XT</submodel>
    <transmission>MT</transmission>
    <memmodel>SH7058</memmodel>
    <flashmethod>sti05</flashmethod>
    <checksummodule>subarudbw</checksummodule>
  </romid>
  <include>A2WC510N</include>
</rom>