<rom>
  <romid>
    <xmlid>D2UG101B</xmlid>
    <internalidaddress>2000</internalidaddress>
    <internalidstring>D2UG101B</internalidstring>
    <ecuid>4C1A344007</ecuid>
    <year>07</year>
    <market>USDM</market>
    <make>Subaru</make>
    <model>B9 Tribeca</model>
    <submodel />
    <transmission>AT</transmission>
    <memmodel>SH7058</memmodel>
    <flashmethod>subarucan</flashmethod>
    <checksummodule>subarudbw</checksummodule>
  </romid>
  <include>32BITBASE</include>
  <table name="Manifold Pressure Sensor Scaling" address="c026c" />
  <table name="Manifold Pressure Sensor Limits (CEL)" address="ccb00" />
  <table name="Manifold Pressure Sensor CEL Delays" address="c34c2" />
  <table name="Primary Open Loop Fueling A_" address="c7e94">
    <table name="X" address="c7e30" elements="14" />
    <table name="Y" address="c7e68" elements="11" />
  </table>
  <table name="Primary Open Loop Fueling B_" address="c7f94">
    <table name="X" address="c7f30" elements="14" />
    <table name="Y" address="c7f68" elements="11" />
  </table>
  <table name="Front Oxygen Sensor #1 Scaling" address="ccf88">
    <table name="Y" address="ccf54" />
  </table>
  <table name="Front Oxygen Sensor #2 Scaling" address="ccff0">
    <table name="Y" address="ccfbc" />
  </table>
  <table name="Front Oxygen Sensor Rich Limit" address="26ab8" />
  <table name="Front Oxygen Sensor Compensation (Atm. Pressure)" address="c2478">
    <table name="Y" address="c2468" />
  </table>
  <table name="CL Fueling Target Compensation A (Load)" address="c810c">
    <table name="X" address="c80b4" elements="9" />
    <table name="Y" address="c80d8" elements="13" />
  </table>
  <table name="CL Fueling Target Compensation B (Load)" address="c8250">
    <table name="X" address="c81f8" elements="9" />
    <table name="Y" address="c821c" elements="13" />
  </table>
  <table name="CL Fueling Target Compensation C (Load)" address="c8394">
    <table name="X" address="c833c" elements="9" />
    <table name="Y" address="c8360" elements="13" />
  </table>
  <table name="CL Fueling Target Compensation D (Load)" address="c84d8">
    <table name="X" address="c8480" elements="9" />
    <table name="Y" address="c84a4" elements="13" />
  </table>
  <table name="CL Fueling Target Compensation (ECT)_" address="c74ee">
    <table name="Y" address="c68fc" />
  </table>
  <table name="CL Fueling Target Compensation (ECT) Disable" address="c6454" />
  <table name="CL to OL Delay (Atm. Pressure)" address="c76e4">
    <table name="Y" address="c76c8" />
  </table>
  <table name="CL to OL Transition with Delay (Throttle)" address="c6db4">
    <table name="Y" address="c6dac" elements="2" />
  </table>
  <table name="CL to OL Transition with Delay Throttle Hysteresis" address="c65e8" />
  <table name="CL to OL Transition with Delay (Base Pulse Width)" address="c7734">
    <table name="Y" address="c76f4" />
  </table>
  <table name="CL to OL Transition with Delay BPW Hysteresis" address="c65ec" />
  <table name="CL Delay Minimum (ECT)" address="c65f0" />
  <table name="CL Delay Maximum Engine Speed A" address="c65f4" />
  <table name="CL Delay Maximum Engine Speed B" address="c6600" />
  <table name="CL Delay Engine Speed B Counter Threshold" address="c61a6" />
  <table name="CL Delay Maximum (Throttle) A" address="c65fc" />
  <table name="CL Delay Throttle A Counter Threshold" address="c61a4" />
  <table name="Injector Latency_" address="cd4dc">
    <table name="X" address="cd4bc" />
    <table name="Y" address="cd4d0" />
  </table>
  <table name="Injector Flow Scaling_" address="c6360" />
  <table name="Cranking Fuel Injector Pulse Width A (ECT)" address="c6f0a">
    <table name="Y" address="c68fc" />
  </table>
  <table name="Cranking Fuel Injector Pulse Width B (ECT)" address="c6f2a">
    <table name="Y" address="c68fc" />
  </table>
  <table name="Cranking Fuel Injector Pulse Width C (ECT)" address="c6f4a">
    <table name="Y" address="c68fc" />
  </table>
  <table name="Cranking Fuel Injector Pulse Width D (ECT)" address="c6f6a">
    <table name="Y" address="c68fc" />
  </table>
  <table name="Cranking Fuel IPW Compensation (RPM)" address="c7c4c">
    <table name="X" address="c7c08" />
    <table name="Y" address="c7c1c" elements="12" />
  </table>
  <table name="Cranking Fuel IPW Compensation (MAP)" address="c6afc">
    <table name="Y" address="c6ad4" />
  </table>
  <table name="Cranking Fuel IPW Compensation (Accelerator)" address="c6b20">
    <table name="Y" address="c6b08" />
  </table>
  <table name="Throttle Tip-in Enrichment A" address="c7810">
    <table name="Y" address="c77fc" elements="5" />
  </table>
  <table name="Throttle Tip-in Enrichment B" address="c7830">
    <table name="Y" address="c781c" elements="5" />
  </table>
  <table name="Minimum Tip-in Enrichment Activation" address="c6798" />
  <table name="Minimum Tip-in Enrichment Activation (Throttle)" address="c6794" />
  <table name="Tip-in Enrichment Compensation (RPM)" address="c6e08">
    <table name="Y" address="c6de4" />
  </table>
  <table name="Tip-in Enrichment Compensation (MRP)" address="c6e34">
    <table name="Y" address="c6e14" elements="8" />
  </table>
  <table name="Tip-in Enrichment Compensation A (ECT)" address="c6e3c">
    <table name="Y" address="c68fc" />
  </table>
  <table name="Tip-in Enrichment Compensation B (ECT)" address="c783a">
    <table name="Y" address="c68fc" />
  </table>
  <table name="Tip-in Enrichment Compensation D (ECT)_" address="c785a">
    <table name="Y" address="c693c" />
  </table>
  <table name="Tip-in Enrichment Compensation D (ECT) Activation_" address="c67a0" />
  <table name="Tip-in Enrichment Disable Applied Counter Threshold" address="c6146" />
  <table name="Tip-in Enrichment Applied Counter Reset" address="c6147" />
  <table name="Tip-in Enrichment Disable Throttle Cumulative Threshold" address="c679c" />
  <table name="Tip-in Throttle Cumulative Reset" address="c6148" />
  <table name="A/F Learning Max Limit (ECT)" address="c75bc">
    <table name="Y" address="c68fc" />
  </table>
  <table name="A/F Learning Min Limit (ECT)" address="c759c">
    <table name="Y" address="c68fc" />
  </table>
  <table name="A/F Learning Airflow Ranges" address="c64c4" />
  <table name="MAF Limit (Maximum)_" address="c2398">
    <table name="Y" address="c2390" />
  </table>
  <table name="MAF Sensor Scaling" address="cce44">
    <table name="Y" address="ccd94" elements="44" />
  </table>
  <table name="MAF Compensation (IAT)" address="c2ad8">
    <table name="X" address="c2aa4" />
    <table name="Y" address="c2ab8" />
  </table>
  <table name="Engine Load Limit (Maximum)" address="2509c" />
  <table name="Engine Load Compensation (MP)" address="c2a38">
    <table name="X" address="c29e4" elements="9" />
    <table name="Y" address="c2a08" elements="12" />
  </table>
  <table name="Base Timing A" address="ca090">
    <table name="X" address="c914c" />
    <table name="Y" address="ca058" elements="14" />
  </table>
  <table name="Base Timing B" address="ca19c">
    <table name="X" address="c914c" />
    <table name="Y" address="ca164" elements="14" />
  </table>
  <table name="Base Timing C" address="ca2c0">
    <table name="X" address="c914c" />
    <table name="Y" address="ca270" elements="20" />
  </table>
  <table name="Base Timing D" address="ca43c">
    <table name="X" address="c914c" />
    <table name="Y" address="ca3ec" elements="20" />
  </table>
  <table name="Base Timing E" address="ca5a0">
    <table name="X" address="c914c" />
    <table name="Y" address="ca568" elements="14" />
  </table>
  <table name="Base Timing F" address="ca6ac">
    <table name="X" address="c914c" />
    <table name="Y" address="ca674" elements="14" />
  </table>
  <table name="Base Timing G" address="ca7d0">
    <table name="X" address="c914c" />
    <table name="Y" address="ca780" elements="20" />
  </table>
  <table name="Base Timing H" address="ca94c">
    <table name="X" address="c914c" />
    <table name="Y" address="ca8fc" elements="20" />
  </table>
  <table name="Base Timing Idle" address="c9328">
    <table name="Y" address="c9128" elements="9" />
  </table>
  <table name="Base Timing Idle (Below Speed Threshold)_" address="c931f">
    <table name="Y" address="c9128" />
  </table>
  <table name="Base Timing Idle (Above Speed Threshold)" address="c9316">
    <table name="Y" address="c9128" />
  </table>
  <table name="Base Timing Idle Vehicle Speed Threshold" address="c8e90" />
  <table name="Knock Correction Advance Max A" address="cab34">
    <table name="X" address="caac0" elements="15" />
    <table name="Y" address="caafc" elements="14" />
  </table>
  <table name="Knock Correction Advance Max B" address="cac98">
    <table name="X" address="cac08" elements="15" />
    <table name="Y" address="cac44" elements="21" />
  </table>
  <table name="Timing Compensation (IAT)" address="c9404">
    <table name="Y" address="c93c4" />
  </table>
  <table name="Timing Comp Min Load (IAT)" address="c8ed0" />
  <table name="Timing Compensation A (ECT)" address="c9383">
    <table name="Y" address="c91dc" />
  </table>
  <table name="Timing Compensation B (ECT)" address="c9393">
    <table name="Y" address="c91dc" />
  </table>
  <table name="Timing Compensation C (ECT)" address="c93a3">
    <table name="Y" address="c91dc" />
  </table>
  <table name="Timing Compensation D (ECT)" address="c93b3">
    <table name="Y" address="c91dc" />
  </table>
  <table name="Feedback Correction Range (RPM)" address="c904c" />
  <table name="Feedback Correction Minimum Load_" address="c9d6c">
    <table name="Y" address="c9d64" elements="2" />
  </table>
  <table name="Feedback Correction Retard Value" address="c9038" />
  <table name="Feedback Correction Retard Limit" address="c9034" />
  <table name="Feedback Correction Negative Advance Value" address="c903c" />
  <table name="Feedback Correction Negative Advance Delay" address="c8dc4" />
  <table name="Fine Correction Range (RPM)" address="c90c0" />
  <table name="Fine Correction Range (Load)" address="c90d0" />
  <table name="Fine Correction Rows (RPM)_" address="c90fc" />
  <table name="Fine Correction Columns (Load)_" address="c90e0" />
  <table name="Fine Correction Retard Value_" address="ca024">
    <table name="Y" address="c9ff0" />
  </table>
  <table name="Fine Correction Retard Limit" address="c90b8" />
  <table name="Fine Correction Advance Value" address="c90bc" />
  <table name="Fine Correction Advance Limit" address="c90b4" />
  <table name="Fine Correction Advance Delay" address="c8dcc" />
  <table name="Rough Correction Range (RPM)" address="c906c" />
  <table name="Rough Correction Range (Load)" address="c907c" />
  <table name="Rough Correction Minimum KC Advance Map Value" address="c908c" />
  <table name="Rough Correction Learning Delay (Increasing)" address="c9cd0">
    <table name="Y" address="c9ca8" />
  </table>
  <table name="Advance Multiplier (Initial)" address="c9068" />
  <table name="Advance Multiplier Step Value" address="c9090" />
  <table name="Requested Torque A (Accelerator Pedal)" address="dd2b0">
    <table name="X" address="dd21c" elements="17" />
    <table name="Y" address="dd260" elements="20" />
  </table>
  <table name="Requested Torque B (Accelerator Pedal)" address="dd5ec">
    <table name="X" address="dd558" elements="17" />
    <table name="Y" address="dd59c" elements="20" />
  </table>
  <table name="Target Throttle Plate Position A (Requested Torque)" address="dbed8">
    <table name="X" address="dbe1c" elements="26" />
    <table name="Y" address="dbe84" elements="21" />
  </table>
  <table name="Target Throttle Plate Position B (Requested Torque)" address="dc3d8">
    <table name="X" address="dc31c" elements="26" />
    <table name="Y" address="dc384" elements="21" />
  </table>
  <table name="Target Throttle Plate Position C (Requested Torque)" address="dc8d8">
    <table name="X" address="dc81c" elements="26" />
    <table name="Y" address="dc884" elements="21" />
  </table>
  <table name="Target Throttle Plate Position D (Requested Torque)" address="dcdd8">
    <table name="X" address="dcd1c" elements="26" />
    <table name="Y" address="dcd84" elements="21" />
  </table>
  <table name="Rev Limit A" address="c6808" />
  <table name="Rev Limit B" address="c6810" />
  <table name="Fuel Temp Sensor Scaling" address="ccc9c">
    <table name="Y" address="ccc24" />
  </table>
  <table name="Intake Temp Sensor Scaling" address="c03c0">
    <table name="Y" address="c0348" />
  </table>
  <table name="Coolant Temp Sensor Scaling" address="ccbe4">
    <table name="Y" address="ccba4" elements="16" />
  </table>
  <table name="Radiator Fan Modes (ECT)" address="cd700" />
  <table name="Radiator Fan Modes (Veh. Speed)" address="cd710" />
  <table name="Atmospheric Pressure Sensor Scaling_" address="c02bc" />
  <table name="Idle Speed Target A" address="cb6d8">
    <table name="Y" address="cb428" />
  </table>
  <table name="Idle Speed Target B" address="cb6f8">
    <table name="Y" address="cb428" />
  </table>
  <table name="Idle Speed Target C" address="cb718">
    <table name="Y" address="cb428" />
  </table>
  <table name="Idle Speed Target D" address="cb738">
    <table name="Y" address="cb428" />
  </table>
  <table name="Idle Speed Target E" address="cb758">
    <table name="Y" address="cb428" />
  </table>
  <table name="Idle Speed Target F" address="cb778">
    <table name="Y" address="cb428" />
  </table>
  <table name="Force Pass Readiness Monitors" address="88e56" />
  <table name="(P0000) PASS CODE (NO DTC DETECTED)" address="98209" />
  <table name="(P0000) PASS CODE (NO DTC DETECTED)_" address="9820a" />
  <table name="(P0011) CAMSHAFT POS. - TIMING OVER-ADVANCED 1" address="981ed" />
  <table name="(P0016) CRANKSHAFT/CAMSHAFT CORRELATION 1A" address="98289" />
  <table name="(P0018) CRANKSHAFT/CAMSHAFT CORRELATION 2A" address="98288" />
  <table name="(P0021) CAMSHAFT POS. - TIMING OVER-ADVANCED 2" address="981ee" />
  <table name="(P0026) OSV SOLENOID VALVE CIRCUIT RANGE/PERF B1" address="98264" />
  <table name="(P0028) OSV SOLENOID VALVE CIRCUIT RANGE/PERF B2" address="98261" />
  <table name="(P0030) FRONT O2 SENSOR RANGE/PERF" address="98237" />
  <table name="(P0031) FRONT O2 SENSOR LOW INPUT" address="98218" />
  <table name="(P0032) FRONT O2 SENSOR HIGH INPUT" address="98216" />
  <table name="(P0037) REAR O2 SENSOR LOW INPUT" address="98217" />
  <table name="(P0038) REAR O2 SENSOR HIGH INPUT" address="98215" />
  <table name="(P0050) HO2S CIRCUIT RANGE/PERF B2 S1" address="98236" />
  <table name="(P0051) HO2S CIRCUIT LOW B2 S1" address="9821e" />
  <table name="(P0052) HO2S CIRCUIT HIGH B2 S1" address="9821d" />
  <table name="(P0057) HO2S CIRCUIT LOW B2 S2" address="9823a" />
  <table name="(P0058) HO2S CIRCUIT HIGH B2 S2" address="9823b" />
  <table name="(P0068) MAP SENSOR RANGE/PERF" address="98231" />
  <table name="(P0076) INTAKE VALVE CIRCUIT LOW (BANK 1)" address="98266" />
  <table name="(P0077) INTAKE VALVE CONTROL HIGH (BANK 1)" address="98265" />
  <table name="(P0082) INTAKE VALVE CONTROL LOW (BANK 2)" address="98263" />
  <table name="(P0083) INTAKE VALVE CONTROL HIGH (BANK 2)" address="98262" />
  <table name="(P0101) MAF SENSOR RANGE/PERF" address="98233" />
  <table name="(P0102) MAF SENSOR LOW INPUT" address="981c5" />
  <table name="(P0103) MAF SENSOR HIGH INPUT" address="981c6" />
  <table name="(P0107) MAP SENSOR LOW INPUT" address="98219" />
  <table name="(P0108) MAP SENSOR HIGH INPUT" address="9821a" />
  <table name="(P0111) IAT SENSOR RANGE/PERF" address="98214" />
  <table name="(P0112) IAT SENSOR LOW INPUT" address="98212" />
  <table name="(P0113) IAT SENSOR HIGH INPUT" address="98213" />
  <table name="(P0117) COOLANT TEMP SENSOR LOW INPUT" address="981ce" />
  <table name="(P0118) COOLANT TEMP SENSOR HIGH INPUT" address="981cf" />
  <table name="(P0122) TPS A LOW INPUT" address="981cc" />
  <table name="(P0123) TPS A HIGH INPUT" address="981cd" />
  <table name="(P0125) INSUFFICIENT COOLANT TEMP (FUELING)" address="981d1" />
  <table name="(P0126) INSUFFICIENT COOLANT TEMP (OPERATION)" address="98270" />
  <table name="(P0128) THERMOSTAT MALFUNCTION" address="9821f" />
  <table name="(P0131) FRONT O2 SENSOR LOW INPUT" address="9820c" />
  <table name="(P0132) FRONT O2 SENSOR HIGH INPUT" address="9820e" />
  <table name="(P0133) FRONT O2 SENSOR SLOW RESPONSE" address="981f6" />
  <table name="(P0134) FRONT O2 SENSOR NO ACTIVITY" address="98235" />
  <table name="(P0137) REAR O2 SENSOR LOW VOLTAGE" address="9820b" />
  <table name="(P0138) REAR O2 SENSOR HIGH VOLTAGE" address="98210" />
  <table name="(P0139) REAR O2 SENSOR SLOW RESPONSE" address="981f7" />
  <table name="(P0140) REAR O2 SENSOR NO ACTIVITY" address="98283" />
  <table name="(P0151) O2 SENSOR CIRCUIT LOW B2 S1" address="9820d" />
  <table name="(P0152) O2 SENSOR CIRCUIT HIGH B2 S1" address="9820f" />
  <table name="(P0153) O2 SENSOR CIRCUIT SLOW RESPONSE B2 S1" address="98211" />
  <table name="(P0154) O2 SENSOR CIRCUIT OPEN B2 S1" address="98234" />
  <table name="(P0157) O2 SENSOR CIRCUIT LOW B2 S2" address="9823c" />
  <table name="(P0158) O2 SENSOR CIRCUIT HIGH B2 S2" address="9823d" />
  <table name="(P0159) O2 SENSOR CIRCUIT SLOW RESPONSE B2 S2" address="98239" />
  <table name="(P0160) O2 SENSOR NO ACTIVITY B2 S2" address="98284" />
  <table name="(P0171) SYSTEM TOO LEAN" address="98200" />
  <table name="(P0172) SYSTEM TOO RICH" address="98201" />
  <table name="(P0174) SYSTEM TOO LEAN B2" address="981fa" />
  <table name="(P0175) SYSTEM TOO RICH B2" address="981fb" />
  <table name="(P0181) FUEL TEMP SENSOR A RANGE/PERF" address="981de" />
  <table name="(P0182) FUEL TEMP SENSOR A LOW INPUT" address="981dc" />
  <table name="(P0183) FUEL TEMP SENSOR A HIGH INPUT" address="981dd" />
  <table name="(P0196) OIL TEMP SENSOR RANGE/PERF" address="98267" />
  <table name="(P0197) OIL TEMP SENSOR LOW" address="9825d" />
  <table name="(P0198) OIL TEMP SENSOR HIGH" address="98268" />
  <table name="(P0222) TPS B LOW INPUT" address="9823f" />
  <table name="(P0223) TPS B HIGH INPUT" address="98240" />
  <table name="(P0230) FUEL PUMP PRIMARY CIRCUIT" address="98230" />
  <table name="(P0301) MISFIRE CYLINDER 1" address="98202" />
  <table name="(P0302) MISFIRE CYLINDER 2" address="98203" />
  <table name="(P0303) MISFIRE CYLINDER 3" address="98204" />
  <table name="(P0304) MISFIRE CYLINDER 4" address="98205" />
  <table name="(P0305) MISFIRE CYLINDER 5" address="98206" />
  <table name="(P0306) MISFIRE CYLINDER 6" address="98207" />
  <table name="(P0327) KNOCK SENSOR 1 LOW INPUT" address="981ca" />
  <table name="(P0328) KNOCK SENSOR 1 HIGH INPUT" address="981cb" />
  <table name="(P0332) KNOCK SENSOR 2 LOW INPUT" address="981c8" />
  <table name="(P0333) KNOCK SENSOR 2 HIGH INPUT" address="981c9" />
  <table name="(P0335) CRANKSHAFT POS. SENSOR A MALFUNCTION" address="981c0" />
  <table name="(P0336) CRANKSHAFT POS. SENSOR A RANGE/PERF" address="981c1" />
  <table name="(P0340) CAMSHAFT POS. SENSOR A MALFUNCTION" address="98253" />
  <table name="(P0345) CAMSHAFT POS. SENSOR A BANK 2" address="98252" />
  <table name="(P0420) CAT EFFICIENCY BELOW THRESHOLD" address="981fc" />
  <table name="(P0442) EVAP LEAK DETECTED (SMALL)" address="981fd" />
  <table name="(P0447) EVAP VENT CONTROL CIRCUIT OPEN" address="981f4" />
  <table name="(P0448) EVAP VENT CONTROL CIRCUIT SHORTED" address="981f5" />
  <table name="(P0451) EVAP PRESSURE SENSOR RANGE/PERF" address="981da" />
  <table name="(P0452) EVAP PRESSURE SENSOR LOW INPUT" address="981d8" />
  <table name="(P0453) EVAP PRESSURE SENSOR HIGH INPUT" address="981d9" />
  <table name="(P0456) EVAP LEAK DETECTED (VERY SMALL)" address="981fe" />
  <table name="(P0457) EVAP LEAK DETECTED (FUEL CAP)" address="98208" />
  <table name="(P0458) EVAP PURGE VALVE CIRCUIT LOW" address="981f1" />
  <table name="(P0459) EVAP PURGE VALVE CIRCUIT HIGH" address="981f2" />
  <table name="(P0461) FUEL LEVEL SENSOR RANGE/PERF" address="981d4" />
  <table name="(P0462) FUEL LEVEL SENSOR LOW INPUT" address="981d2" />
  <table name="(P0463) FUEL LEVEL SENSOR HIGH INPUT" address="981d3" />
  <table name="(P0464) FUEL LEVEL SENSOR INTERMITTENT" address="981d0" />
  <table name="(P0483) RADIATOR FAN RATIONALITY CHECK" address="981ec" />
  <table name="(P0500) VEHICLE SPEED SENSOR A" address="981c7" />
  <table name="(P0506) IDLE CONTROL RPM LOWER THAN EXPECTED" address="981e8" />
  <table name="(P0507) IDLE CONTROL RPM HIGH THAN EXPECTED" address="981e9" />
  <table name="(P0512) STARTER REQUEST CIRCUIT" address="981d7" />
  <table name="(P0519) IDLE CONTROL MALFUNCTION (FAIL-SAFE)" address="98232" />
  <table name="(P0600) SERIAL COMMUNICATION LINK" address="9824f" />
  <table name="(P0604) CONTROL MODULE RAM ERROR" address="981c4" />
  <table name="(P0605) CONTROL MODULE ROM ERROR" address="98254" />
  <table name="(P0607) CONTROL MODULE PERFORMANCE" address="98247" />
  <table name="(P0638) THROTTLE ACTUATOR RANGE/PERF" address="98246" />
  <table name="(P0691) RADIATOR FAN CIRCUIT LOW" address="981ea" />
  <table name="(P0692) RADIATOR FAN CIRCUIT HIGH" address="981eb" />
  <table name="(P0700) TRANSMISSION CONTROL SYSTEM" address="98260" />
  <table name="(P1152) FRONT O2 SENSOR RANGE/PERF LOW B1 S1" address="981f8" />
  <table name="(P1153) FRONT O2 SENSOR RANGE/PERF HIGH B1 S1" address="981f9" />
  <table name="(P1154) O2 SENSOR RANGE/PERF LOW B2 S1" address="9821b" />
  <table name="(P1155) O2 SENSOR RANGE/PERF HIGH B2 S1" address="9821c" />
  <table name="(P1160) ABNORMAL RETURN SPRING" address="98241" />
  <table name="(P1443) VENT CONTROL SOLENOID FUNCTION PROBLEM" address="981f3" />
  <table name="(P1518) STARTER SWITCH LOW INPUT" address="981d6" />
  <table name="(P1560) BACK-UP VOLTAGE MALFUNCTION" address="98221" />
  <table name="(P1602) CONTROL MODULE PROGRAMMING ERROR" address="98285" />
  <table name="(P2088) OCV SOLENOID A1 CIRCUIT OPEN" address="9825c" />
  <table name="(P2089) OCV SOLENOID A1 CIRCUIT SHORT" address="9825b" />
  <table name="(P2092) OCV SOLENOID A2 CIRCUIT OPEN" address="9825a" />
  <table name="(P2093) OCV SOLENOID A2 CIRCUIT SHORT" address="98259" />
  <table name="(P2096) POST CATALYST TOO LEAN B1" address="98245" />
  <table name="(P2097) POST CATALYST TOO RICH B1" address="9824e" />
  <table name="(P2098) POST CATALYST TOO LEAN B2" address="9825f" />
  <table name="(P2099) POST CATALYST TOO RICH B2" address="9825e" />
  <table name="(P2101) THROTTLE ACTUATOR CIRCUIT RANGE/PERF" address="98244" />
  <table name="(P2102) THROTTLE ACTUATOR CIRCUIT LOW" address="98242" />
  <table name="(P2103) THROTTLE ACTUATOR CIRCUIT HIGH" address="98243" />
  <table name="(P2109) TPS A MINIMUM STOP PERF" address="9823e" />
  <table name="(P2122) TPS D CIRCUIT LOW INPUT" address="9824b" />
  <table name="(P2123) TPS D CIRCUIT HIGH INPUT" address="9824c" />
  <table name="(P2127) TPS E CIRCUIT LOW INPUT" address="98249" />
  <table name="(P2128) TPS E CIRCUIT HIGH INPUT" address="9824a" />
  <table name="(P2135) TPS A/B VOLTAGE" address="9824d" />
  <table name="(P2138) TPS D/E VOLTAGE" address="98248" />
  <table name="(P2227) BARO. PRESSURE CIRCUIT RANGE/PERF" address="9826f" />
  <table name="(P2228) BARO. PRESSURE CIRCUIT LOW INPUT" address="98272" />
  <table name="(P2229) BARO. PRESSURE CIRCUIT HIGH INPUT" address="98271" />
</rom>