<rom>
	<romid>
		<xmlid>31040008</xmlid>
		<internalidaddress>8226</internalidaddress>
		<internalidhex>31040008</internalidhex>
		<make>Mitsubishi</make>
		<market>USDM</market>
		<model>Eclipse GT</model>
		<transmission>6MT</transmission>
		<year>2008</year>
		<flashmethod>mitsubootloader</flashmethod>
		<checksummodule>mitsucan</checksummodule>
		<memmodel>M32176F6</memmodel>
	</romid>

	<include>evo10base</include>
	<scaling name="MAFVoltScaling" units="units" toexpr="x*5/1024" frexpr="x*1024/5" format="%.3f" min="0" max="5" inc="1" storagetype="uint16" endian="big"/>
	<scaling name="ThrottlePercentage" units="%" toexpr="x/255*100" frexpr="x*255/100" format="%.0f" min="0" max="100" inc="1" storagetype="uint16"/>
	<scaling name="ValveTiming" units="degrees" toexpr="80-x*.625" frexpr="80-x)/0.625" format="%.1f" min="0" max="30" inc="0.6" storagetype="uint8" endian="big"/>
	<scaling name="ValveTiming16" units="degrees" toexpr="72-x*0.6/32" frexpr="(72-x)*32/0.6" format="%.1f" min="-1.8" max="28.8" inc="0.1" storagetype="uint16" endian="big"/>
	<scaling name="WGDC" units="%WGDC" toexpr="x/2" frexpr="x*2" format="%.1f" min="0" max="100" inc="0.5" storagetype="uint8" endian="big"/>
	<scaling name="WGDuty" units="%" toexpr="x/2" frexpr="x*2" format="%.1f" min="0" max="100" inc="0.5" storagetype="uint8" endian="big"/>
	<scaling name="WGDuty16" units="%" toexpr="x/2" frexpr="x*2" format="%.1f" min="0" max="100" inc="0.5" storagetype="uint16" endian="big"/>

	<table name="MAF Compensation Part 1" category="Intake" address="d0aa" type="2D" scaling="AirFlow16">
		<table name="X" address="11636" type="X Axis" elements="40" scaling="MAFVoltScaling"/>
	</table>

	<table name="MAF Compensation Part 2" category="Intake" address="d0fa" type="2D" scaling="AirFlow16">
		<table name="X" address="11686" type="X Axis" elements="40" scaling="MAFVoltScaling"/>
	</table>

	<table name="MAF Compensation Part 3" category="Intake" address="d14a" type="2D" scaling="AirFlow16">
		<table name="X" address="116d6" type="X Axis" elements="50" scaling="MAFVoltScaling"/>
	</table>

	<table name="Timing Map #1" category="Timing" address="addf" type="3D" level="4" swapxy="true" scaling="Timing">
		<table name="Load" address="10dfc" type="X Axis" elements="12" scaling="Load"/>
		<table name="RPM" address="10dd0" type="Y Axis" elements="19" scaling="RPM"/>
	</table>

	<table name="Timing Map #2" category="Timing" address="acf3" type="3D" level="4" swapxy="true" scaling="Timing">
		<table name="Load" address="10dfc" type="X Axis" elements="12" scaling="Load"/>
		<table name="Y" address="10dd0" type="Y Axis" elements="19" scaling="RPM"/>
	</table>

	<table name="EGR Timing Advance #2" category="Timing" address="bf8f" type="3D" level="4" swapxy="true" scaling="Timing">
		<table name="X" address="10dfc" type="X Axis" elements="12" scaling="Load"/>
		<table name="Y" address="10dd0" type="Y Axis" elements="19" scaling="RPM"/>
	</table>

	<table name="EGR Timing Advance #3" category="Timing" address="bccb" type="3D" level="4" swapxy="true" scaling="Timing">
		<table name="X" address="10dfc" type="X Axis" elements="12" scaling="Load"/>
		<table name="Y" address="10dd0" type="Y Axis" elements="19" scaling="RPM"/>
	</table>

	<table name="EGR Timing Advance #4" category="Timing" address="bea3" type="3D" level="4" swapxy="true" scaling="Timing">
		<table name="X" address="10dfc" type="X Axis" elements="12" scaling="Load"/>
		<table name="Y" address="10dd0" type="Y Axis" elements="19" scaling="RPM"/>
	</table>

	<table name="Fuel Map #1" category="Fuel" address="e319" type="3D" level="4" swapxy="true" scaling="AFR">
		<table name="Load" address="10d96" type="X Axis" elements="12" scaling="Load"/>
		<table name="RPM" address="10d72" type="Y Axis" elements="15" scaling="RPM"/>
	</table>

	<table name="Fuel Map #2" category="Fuel" address="a8a3" type="3D" level="4" swapxy="true" scaling="AFR">
		<table name="Load" address="10d96" type="X Axis" elements="12" scaling="Load"/>
		<table name="RPM" address="10d72" type="Y Axis" elements="15" scaling="RPM"/>
	</table>

	<table name="Fuel Map #3" category="Fuel" address="e25d" type="3D" level="4" swapxy="true" scaling="AFR">
		<table name="Load" address="10d96" type="X Axis" elements="12" scaling="Load"/>
		<table name="RPM" address="10d72" type="Y Axis" elements="15" scaling="RPM"/>
	</table>

	<table name="Fuel Map #4" category="Fuel" address="ce81" type="3D" level="4" swapxy="true" scaling="AFR">
		<table name="Load" address="10d96" type="X Axis" elements="12" scaling="Load"/>
		<table name="RPM" address="10d72" type="Y Axis" elements="15" scaling="RPM"/>
	</table>

	<table name="Open Loop Throttle #1" category="Fuel" address="f99e" type="2D" level="4" scaling="ThrottleVoltage">
		<table name="RPM" address="12092" type="Y Axis" elements="13" scaling="RPM"/>
	</table>

	<table name="Open Loop Throttle #2" category="Fuel" address="f99e" type="2D" level="4" scaling="ThrottleVoltage">
		<table name="RPM" address="12092" type="Y Axis" elements="13" scaling="RPM"/>
	</table>

	<table name="Stationary Rev Limiter?" address="a582"/>

	<table name="Base Rev Limit" category="Limits" address="886e" type="1D" level="4" scaling="RPMLimit"/>

	<table name="High Octane Timing Map" address="cf3d">
		<table name="Load" address="10dfc" elements="12"/>
		<table name="RPM" address="10dd0" elements="19"/>
	</table>

	<table name="Low Octane Timing Map" address="aecb">
		<table name="Load" address="10dfc" elements="12"/>
		<table name="Y" address="10dd0" elements="19"/>
	</table>

	<table name="Ignition Warmup Retard" address="afb7" scaling="ValveTiming">
		<table name="Load" address="10dfc" elements="12"/>
		<table name="RPM" address="10dd0" elements="19"/>
	</table>

	<table name="EGR Timing Advance" address="bdb7">
		<table name="Load" address="10dfc" elements="12"/>
		<table name="RPM" address="10dd0" elements="19"/>
	</table>

	<table name="Fuel Injector Scaling" address="97a2"/>

	<table name="Injector Battery Voltage Latency Compensation" address="aaa8">
		<table name="Battery Voltage" address="10cf2"/>
	</table>

	<table name="Injector Base Latency" address="8800"/>

	<table name="Open Loop Load Low Octane #1" address="f97a">
		<table name="RPM" address="12092" elements="13"/>
	</table>

	<table name="Open Loop Load High Octane #1" address="f98c">
		<table name="RPM" address="12092" elements="13"/>
	</table>

	<table name="Rev Limiter" address="a4e4">
		<table elements="2"/>
	</table>

	<table name="Stationary Rev Limiter" address="a4e8" scaling="RPMLimit">
		<table name="X"/>
	</table>

	<table name="Speed Limiter" address="8870">
	</table>

	<table name="ECU ID" address="8226"/>

	<table name="ECU Options Set #1" address="826e">
	</table>

	<table name="ECU Options Set #2" address="827e">
	</table>

	<table name="ECU Options Set #3" address="828e">
	</table>

	<table name="ECU Options Set #4" address="829e">
	</table>

	<table name="ECU Options Set #5" address="82ae">
	</table>

	<table name="ECU Options Set #6" address="82be">
	</table>

	<table name="ECU Options Set #7" address="82ce">
	</table>

	<table name="MUT Table" address="3c08c">
	</table>

</rom>
