<rom>
	<romid>
		<xmlid>88930010</xmlid>
		<internalidaddress>f52</internalidaddress>
		<internalidhex>88930010</internalidhex>
		<make>Mitsubishi</make>
		<market>USDM</market>
		<model>Eclipse</model>
		<submodel>GS</submodel>
		<transmission>Auto</transmission>
		<year>2002</year>
		<flashmethod>mitsukernel</flashmethod>
		<memmodel>SH7052</memmodel>
	</romid>

	<notes>
	     2014/03/21 [Tactrix] Visually examined tables for obvious errors, but no in-car verification has been done.
	</notes>
	
	<include>evo7base</include>

	<table name="High Octane Fuel Map" address="51bb" level="2">
		<table name="Load" address="5904" elements="10"/>
		<table name="RPM" address="5852" elements="14"/>
	</table>

	<table name="Low Octane Fuel Map" address="5123" level="2">
		<table name="Load" address="5904" elements="10"/>
		<table name="RPM" address="5852" elements="14"/>
	</table>

	<table name="High Octane Ignition Map 1" address="5337" level="2">
		<table name="Load" address="5ac6" elements="12"/>
		<table name="RPM" address="5a98" elements="18"/>
	</table>

	<table name="Low Octane Ignition Map 1" address="5253" level="2">
		<table name="Load" address="5ac6" elements="12"/>
		<table name="RPM" address="5a98" elements="18"/>
	</table>

	<table name="Injector Battery Voltage Latency Compensation" address="3f62" level="3">
		<table name="Battery Voltage" address="58d2" elements="7"/>
	</table>

	<table name="Rev Limit" address="156a" level="3"/>

	<table name="Accel Enrichment" address="37ac" level="1">
		<table name="RPM" address="5de2" elements="10"/>
	</table>

	<table name="Open Loop Load # 2" level="1">
		<table name="RPM" elements="11"/>
	</table>

	<table name="Desired ISCV intial step position with AC off-Neutral" address="3b24" level="2">
		<table name="Engine Temp" address="5b66" elements="8"/>
	</table>

	<table name="Desired ISCV intial step position with AC off-Drive" address="3b32" level="2">
		<table name="Engine Temp" address="5b66" elements="8"/>
	</table>

	<table name="Desired ISCV intial step position with AC on-Neutral" address="3b40" level="1">
		<table name="Engine Temp" address="5b66" elements="8"/>
	</table>

	<table name="Desired Idle RPM-Neutral" address="3b08" level="2">
		<table name="Engine Temp" address="5b66" elements="8"/>
	</table>

	<table name="Desired Idle RPM-Drive" level="1">
		<table name="Engine Temp" address="5b66" elements="8"/>
	</table>

	<table name="Open Loop Load # 1" level="1">
		<table name="RPM" elements="11"/>
	</table>

	<table name="Stationary Rev Limit" level="1"/>

	<table name="Open Loop Throttle Low Load" level="1">
		<table name="RPM"/>
	</table>

	<table name="Open Loop Throttle High Load" level="1">
		<table name="RPM"/>
	</table>

	<table name="Desired Idle RPM with AC on" address="1820" level="2">
		<table name="Condition"/>
	</table>

	<table name="High Intake Air Temp Idle Speed Target" address="2450" level="1">
		<table name="Condition"/>
	</table>

	<table name="High Intake Air Temp ISCV Increase" address="2454" level="1">
		<table name="Condition" elements="2"/>
	</table>

	<table name="Min Coolant Temp for Closed Loop" address="1588" level="3"/>

	<table name="Injector Scaling" address="1506" level="3"/>

	<table name="Speed Limit" address="156c" level="3">
		<table name="Condition"/>
	</table>

	<table name="Air Temperature Compensation">
		<table name="Degrees"/>
	</table>

	<table name="Barometric Pressure Compensation" address="3561">
		<table name="Atmosphere Pressure"/>
		<table name="RPM"/>
	</table>

	<table name="Idle Stepper Look-up Table" address="3c0d">
		<table name="Throttle Position" address="5c34"/>
		<table name="RPM" address="5c4e"/>
	</table>

	<table name="MAF Sensor Filtering" address="1508">
		<table name="Load"/>
	</table>

	<table name="MAF Size" address="150c"/>

	<table name="Immobilizer" level="2"/>

	<table name="MAF Scaling" level="1">
		<table name="Load"/>
	</table>

	<table name="MAF Smoothing Table" level="1">
		<table name="Load"/>
	</table>

</rom>
