<rom>
	<romid>
		<xmlid>90920009</xmlid>
		<internalidaddress>f52</internalidaddress>
		<internalidhex>90920009</internalidhex>
		<caseid>MR578582</caseid>
		<make>Mitsubishi</make>
		<market>USDM</market>
		<model>Eclipse</model>
		<submodel>RS</submodel>
		<transmission>Manual</transmission>
		<year>2003</year>
		<flashmethod>mitsukernel</flashmethod>
		<memmodel>SH7052</memmodel>
	</romid>

	<notes>
	     2014/03/20 [Tactrix] Visually examined tables for obvious errors, but no in-car verification has been done.
	                          Standardized file name.
	</notes>
	
	<include>evo7base</include>
	<scaling name="BaudRate" units="units" toexpr="500000/(x+1)" frexpr="500000/x-1" format="%.0f" min="0" max="500000" inc="1" storagetype="uint8" endian="big"/>

	<table name="High Octane Fuel Map" address="35cb" level="2">
		<table name="Load" address="64a0" elements="10"/>
		<table name="RPM" address="6d68" elements="14"/>
	</table>

	<table name="Low Octane Fuel Map" address="3663" level="2">
		<table name="Load" address="64a0" elements="10"/>
		<table name="RPM" address="6d68" elements="14"/>
	</table>

	<table name="High Octane Ignition Map 1" address="3b43" level="2">
		<table name="Load" address="614a" elements="12"/>
		<table name="RPM" address="611c" elements="18"/>
	</table>

	<table name="Low Octane Ignition Map 1" address="3c27" level="2">
		<table name="Load" address="614a" elements="12"/>
		<table name="RPM" address="611c" elements="18"/>
	</table>

	<table name="Injector Battery Voltage Latency Compensation" address="4266" level="3">
		<table name="Battery Voltage" address="5f56" elements="7"/>
	</table>

	<table name="Rev Limit" address="156a" level="3"/>

	<table name="Accel Enrichment" address="38dc" level="2">
		<table name="RPM" address="6466" elements="10"/>
	</table>

	<table name="Open Loop Load # 2" address="3750" level="2">
		<table name="RPM" address="609a" elements="14"/>
	</table>

	<table name="Desired ISCV intial step position with AC off-Neutral" address="3e28" level="2">
		<table name="Engine Temp" address="61ea" elements="8"/>
	</table>

	<table name="Desired ISCV intial step position with AC off-Drive" address="3e36" level="2">
		<table name="Engine Temp" address="61ea" elements="8"/>
	</table>

	<table name="Desired ISCV intial step position with AC on-Neutral" address="3e1a" level="2">
		<table name="Engine Temp" address="61ea" elements="8"/>
	</table>

	<table name="Desired Idle RPM-Neutral" address="3e0c" level="2">
		<table name="Engine Temp" address="61ea" elements="8"/>
	</table>

	<table name="Desired Idle RPM-Drive" level="1">
		<table name="Engine Temp" elements="8"/>
	</table>

	<table name="Open Loop Load # 1" address="373a" level="2">
		<table name="RPM" address="609a" elements="14"/>
	</table>

	<table name="Stationary Rev Limit" level="1"/>

	<table name="Open Loop Throttle Low Load" address="376c" level="2">
		<table name="RPM" address="609a" elements="14"/>
	</table>

	<table name="Open Loop Throttle High Load" address="3782" level="2">
		<table name="RPM" address="609a" elements="14"/>
	</table>

	<table name="Desired Idle RPM with AC on" address="1820" level="2">
		<table name="Condition"/>
	</table>

	<table name="High Intake Air Temp Idle Speed Target" address="2452" level="1">
		<table name="Condition"/>
	</table>

	<table name="High Intake Air Temp ISCV Increase" address="2456" level="2">
		<table name="Condition" elements="2"/>
	</table>

	<table name="Min Coolant Temp for Closed Loop" address="1588" level="3"/>

	<table name="Injector Scaling" address="1506" level="3"/>

	<table name="Speed Limit" address="156c" level="3">
		<table name="Condition"/>
	</table>

	<table name="Air Temperature Compensation" address="354d">
		<table name="Degrees" address="61ea"/>
	</table>

	<table name="Barometric Pressure Compensation" address="3561">
		<table name="Atmosphere Pressure" address="5fde"/>
		<table name="RPM" address="6024"/>
	</table>

	<table name="Idle Stepper Look-up Table" address="3f11">
		<table name="Throttle Position" address="62b8"/>
		<table name="RPM" address="62d2" scaling="RPMStatLimit"/>
	</table>

	<table name="MAF Sensor Filtering" address="1508">
		<table name="Load"/>
	</table>

	<table name="MAF Size" address="150c"/>

	<table name="Immobilizer" level="2"/>

	<table name="MAF Scaling" address="3516" level="2">
		<table name="Load" address="5ff0"/>
	</table>

	<table name="MAF Smoothing Table" address="3532" level="2">
		<table name="Load" address="5ff0"/>
	</table>

	<table name="Knock Sensor Filter Map 1" address="4341">
		<table name="TAR" address="aaaa" elements="9"/>
		<table name="RPM" address="aaaa"/>
	</table>

	<table name="Knock Sensor Filter Map 2" address="43af">
		<table name="TAR" address="aaaa" elements="9"/>
		<table name="RPM" address="aaaa"/>
	</table>

	<table name="Knock Sensor Filter Map 3" address="441d">
		<table name="TAR" address="aaaa" elements="9"/>
		<table name="RPM" address="aaaa"/>
	</table>

	<table name="Knock Sensor Filter Map 4" address="448b">
		<table name="TAR" address="aaaa" elements="9"/>
		<table name="RPM" address="aaaa"/>
	</table>

	<table name="Knock Sensor Filter Map 5" address="44f9">
		<table name="TAR" address="aaaa" elements="9"/>
		<table name="RPM" address="aaaa"/>
	</table>

	<table name="Knock Sensor Filter Map 6" address="46f3">
		<table name="TAR" address="aaaa" elements="9"/>
		<table name="RPM" address="aaaa"/>
	</table>

	<table name="Knock Sensor Filter Map 7" address="4761">
		<table name="TAR" address="aaaa" elements="9"/>
		<table name="RPM" address="aaaa"/>
	</table>

	<table name="Knock Sensor Filter Map 8" address="47cf">
		<table name="TAR" address="aaaa" elements="9"/>
		<table name="RPM" address="aaaa"/>
	</table>

	<table name="Knock Sensor Filter Map 9" address="483d">
		<table name="TAR" address="aaaa" elements="9"/>
		<table name="RPM" address="aaaa"/>
	</table>

	<table name="Knock Sensor Filter Map 10" address="48ab">
		<table name="TAR" address="aaaa" elements="9"/>
		<table name="RPM" address="aaaa"/>
	</table>

	<table name="Knock Sensor Filter Map 11" address="4919">
		<table name="TAR" address="aaaa" elements="9"/>
		<table name="RPM" address="aaaa"/>
	</table>

	<table name="Knock Sensor Filter Map 12">
		<table name="TAR" address="aaaa" elements="9"/>
		<table name="RPM" address="aaaa"/>
	</table>

	<table name="BAUDRATE1_OBD" address="d175" type="1D" level="1" scaling="BaudRate"/>

	<table name="BAUDRATE2_MUT" address="d1a9" type="1D" level="1" scaling="BaudRate"/>

	<table name="BAUDRATE3_unknown" address="d189" type="1D" level="1" scaling="BaudRate"/>

</rom>
