<rom>
	<romid>
		<xmlid>94450007</xmlid>
		<internalidaddress>f52</internalidaddress>
		<internalidhex>94450007</internalidhex>
		<make>Mitsubishi</make>
		<market>USDM</market>
		<model>Eclipse</model>
		<submodel>GT</submodel>
		<transmission>Manual</transmission>
		<year>2005</year>
		<flashmethod>mitsukernel</flashmethod>
		<memmodel>SH7052</memmodel>
	</romid>
	
	<notes>
	     2014/03/21 [Tactrix] Visually examined tables for obvious errors, but no in-car verification has been done.
	</notes>
	
	<include>evo7base</include>

	<table name="High Octane Fuel Map" address="33b7">
		<table name="Load" address="6666" elements="12"/>
		<table name="RPM" address="67ba"/>
	</table>

	<table name="Low Octane Fuel Map" address="3477">
		<table name="Load" address="6666" elements="12"/>
		<table name="RPM" address="67ba"/>
	</table>

	<table name="High Octane Ignition Map 1" address="38ad">
		<table name="Load" address="6834" elements="12"/>
		<table name="RPM" address="6804" elements="19"/>
	</table>

	<table name="Low Octane Ignition Map 1" address="399d">
		<table name="Load" address="6834" elements="12"/>
		<table name="RPM" address="6804" elements="19"/>
	</table>

	<table name="Rev Limit" address="156a"/>

	<table name="Min Coolant Temp for Closed Loop" address="1588"/>

	<table name="Speed Limit" address="156c">
		<table name="Condition"/>
	</table>

	<table name="Injector Scaling" address="1506"/>

	<table name="Accel Enrichment" address="371c">
		<table name="RPM" address="65da" elements="12"/>
	</table>

	<table name="MAF Sensor Filtering" address="1508">
		<table name="Load"/>
	</table>

	<table name="MAF Size" address="150c"/>

	<table name="Injector Battery Voltage Latency Compensation" address="3664">
		<table name="Battery Voltage" address="6722"/>
	</table>

	<table name="Desired ISCV intial step position with AC off-Neutral" address="3c56">
		<table name="Engine Temp" address="68ee"/>
	</table>

	<table name="Desired ISCV intial step position with AC off-Drive" address="3c64">
		<table name="Engine Temp" address="68ee"/>
	</table>

	<table name="Desired ISCV intial step position with AC on-Neutral" address="3c72">
		<table name="Engine Temp" address="68ee"/>
	</table>

	<table name="Desired Idle RPM-Neutral" address="3c3a">
		<table name="Engine Temp" address="68ee"/>
	</table>

	<table name="Desired Idle RPM-Drive" address="3c48">
		<table name="Engine Temp" address="68ee"/>
	</table>

	<table name="Open Loop Load # 1" address="355a">
		<table name="RPM" address="6564" elements="12"/>
	</table>

	<table name="Open Loop Load # 2" address="356c">
		<table name="RPM" address="6564" elements="12"/>
	</table>

	<table name="MAF Scaling" address="3306">
		<table name="Load" address="66d2"/>
	</table>

	<table name="MAF Smoothing Table" address="3322">
		<table name="Load" address="66d2"/>
	</table>

</rom>
