<rom>
	<romid>
		<xmlid>94830008</xmlid>
		<internalidaddress>f52</internalidaddress>
		<internalidhex>94830008</internalidhex>
		<make>Mitsubishi</make>
		<market>USDM</market>
		<model>Eclipse</model>
		<submodel>GS</submodel>
		<transmission>Manual</transmission>
		<year>2004</year>
		<flashmethod>mitsukernel</flashmethod>
		<memmodel>SH7052</memmodel>
	</romid>
	
	<notes>
	     2014/03/21 [Tactrix] Visually examined tables for obvious errors, but no in-car verification has been done.
	</notes>
	
	<include>evo7base</include>

	<table name="High Octane Fuel Map" address="33cb" level="2">
		<table name="Load" address="56fa" elements="10"/>
		<table name="RPM" address="567c" elements="14"/>
	</table>

	<table name="Low Octane Fuel Map" address="3463" level="2">
		<table name="Load" address="56fa" elements="10"/>
		<table name="RPM" address="567c" elements="14"/>
	</table>

	<table name="High Octane Ignition Map 1" address="3943" level="2">
		<table name="Load" address="58f0" elements="12"/>
		<table name="RPM" address="58c2" elements="18"/>
	</table>

	<table name="Low Octane Ignition Map 1" address="3a27" level="2">
		<table name="Load" address="58f0" elements="12"/>
		<table name="RPM" address="58c2" elements="18"/>
	</table>

	<table name="Injector Battery Voltage Latency Compensation" address="4078" level="3">
		<table name="Battery Voltage" address="56fc" elements="7"/>
	</table>

	<table name="Rev Limit" address="156a" level="3"/>

	<table name="Accel Enrichment" address="36dc" level="2">
		<table name="RPM" address="5b56" elements="10"/>
	</table>

	<table name="Open Loop Load # 2" level="2">
		<table name="RPM" elements="14"/>
	</table>

	<table name="Desired ISCV intial step position with AC off-Neutral" address="3c34" level="1">
		<table name="Engine Temp" address="5990" elements="8"/>
	</table>

	<table name="Desired ISCV intial step position with AC off-Drive" address="3c48" level="1">
		<table name="Engine Temp" address="5990" elements="8"/>
	</table>

	<table name="Desired ISCV intial step position with AC on-Neutral" address="3c5c" level="1">
		<table name="Engine Temp" address="5990" elements="8"/>
	</table>

	<table name="Desired Idle RPM-Neutral" address="3c0c" level="2">
		<table name="Engine Temp" address="5990" elements="8"/>
	</table>

	<table name="Desired Idle RPM-Drive" level="1">
		<table name="Engine Temp" elements="8"/>
	</table>

	<table name="Open Loop Load # 1" level="2">
		<table name="RPM" elements="14"/>
	</table>

	<table name="Stationary Rev Limit" level="1"/>

	<table name="Open Loop Throttle Low Load" level="2">
		<table name="RPM" elements="14"/>
	</table>

	<table name="Open Loop Throttle High Load" level="2">
		<table name="RPM" elements="14"/>
	</table>

	<table name="Desired Idle RPM with AC on" address="1820" level="1">
		<table name="Condition"/>
	</table>

	<table name="High Intake Air Temp Idle Speed Target" address="2452" level="1">
		<table name="Condition"/>
	</table>

	<table name="High Intake Air Temp ISCV Increase" address="2456" level="2">
		<table name="Condition" elements="2"/>
	</table>

	<table name="Min Coolant Temp for Closed Loop" address="1588" level="3"/>

	<table name="Injector Scaling" address="1506" level="3"/>

	<table name="Speed Limit" address="156c" level="3">
		<table name="Condition"/>
	</table>

	<table name="Air Temperature Compensation">
		<table name="Degrees"/>
	</table>

	<table name="Barometric Pressure Compensation">
		<table name="Atmosphere Pressure"/>
		<table name="RPM"/>
	</table>

	<table name="Idle Stepper Look-up Table" address="3d41">
		<table name="Throttle Position" address="5a5e"/>
		<table name="RPM" address="6496"/>
	</table>

	<table name="MAF Sensor Filtering" address="1508">
		<table name="Load"/>
	</table>

	<table name="MAF Size" address="150c"/>

	<table name="Immobilizer" level="2"/>

	<table name="MAF Scaling" level="2">
		<table name="Load"/>
	</table>

	<table name="MAF Smoothing Table" level="2">
		<table name="Load"/>
	</table>

</rom>
