<rom>
	<romid>
		<xmlid>96510008</xmlid>
		<internalidaddress>f52</internalidaddress>
		<internalidhex>96510008</internalidhex>
		<make>Mitsubishi</make>
		<market>USDM</market>
		<model>gs</model>
		<submodel>eclipse</submodel>
		<transmission>5MT</transmission>
		<year>2001</year>
		<flashmethod>mitsukernel</flashmethod>
		<memmodel>SH7052</memmodel>
	</romid>
	
	<notes>
	     2014/03/21 [Tactrix] No verification has been done.
	</notes>

	<include>evo7base</include>

	<table name="High Octane Fuel Map" address="35cc">
		<table name="Load" address="5ad4" elements="10"/>
		<table name="RPM" address="56d2" elements="14"/>
	</table>

	<table name="Low Octane Fuel Map" address="3663">
		<table name="Load" address="5ad4" elements="10"/>
		<table name="RPM" address="56d2" elements="14"/>
	</table>

	<table name="High Octane Ignition Map 1" address="3b43">
		<table name="Load" address="5782" elements="12"/>
		<table name="RPM" address="5754" elements="18"/>
	</table>

	<table name="Low Octane Ignition Map 1" address="3c27">
		<table name="Load" address="5782" elements="12"/>
		<table name="RPM" address="5754" elements="18"/>
	</table>

	<table name="Injector Battery Voltage Latency Compensation" address="4262">
		<table name="Battery Voltage" address="4252"/>
	</table>

	<table name="Rev Limit" address="156a"/>

	<table name="Accel Enrichment" address="38dc">
		<table name="RPM" address="5754" elements="10"/>
	</table>

	<table name="Open Loop Load # 1" address="373a">
		<table name="RPM" address="56d2" elements="14"/>
	</table>

	<table name="Open Loop Load # 2" address="3750">
		<table name="RPM" address="56d2" elements="14"/>
	</table>

	<table name="Open Loop Throttle Low Load" address="376c">
		<table name="RPM" address="56d2" elements="14"/>
	</table>

	<table name="Open Loop Throttle High Load" address="3782">
		<table name="RPM" address="56d2"/>
	</table>

	<table name="Min Coolant Temp for Closed Loop" address="1588"/>

	<table name="Injector Scaling" address="1506"/>

	<table name="MAF Scaling" address="3516">
		<table name="Load" address="5754"/>
	</table>

	<table name="MAF Smoothing Table" address="3532">
		<table name="Load" address="5ff0"/>
	</table>

	<table name="Air Temperature Compensation" address="354d">
		<table name="Degrees" address="61ea"/>
	</table>

	<table name="Barometric Pressure Compensation" address="3561">
		<table name="Atmosphere Pressure" address="5fde"/>
		<table name="RPM" address="56d2"/>
	</table>

	<table name="Idle Stepper Look-up Table" address="3f11">
		<table name="Throttle Position" address="62b8"/>
		<table name="RPM" address="62d2"/>
	</table>

	<table name="MAF Sensor Filtering" address="1508">
		<table name="Load"/>
	</table>

	<table name="MAF Size" address="150c"/>

</rom>
