<rom>
	<romid>
		<xmlid>B3290000</xmlid>
		<internalidaddress>8226</internalidaddress>
		<internalidhex>B3290000</internalidhex>
		<make>Mitsubishi</make>
		<market>USDM</market>
		<model>Eclipse GT</model>
		<transmission>6MT</transmission>
		<year>2008</year>
		<flashmethod>mitsubootloader</flashmethod>
		<checksummodule>mitsucan</checksummodule>
		<memmodel>M32176F4</memmodel>
	</romid>

	<include>evo10base</include>
	<scaling name="MAFVoltScaling" units="units" toexpr="x*5/1024" frexpr="x*1024/5" format="%.3f" min="0" max="5" inc="1" storagetype="uint16" endian="big"/>
	<scaling name="ThrottlePercentage" units="%" toexpr="x/255*100" frexpr="x*255/100" format="%.0f" min="0" max="100" inc="1" storagetype="uint16"/>
	<scaling name="ValveTiming" units="degrees" toexpr="80-x*.625" frexpr="80-x)/0.625" format="%.1f" min="0" max="30" inc="0.6" storagetype="uint8" endian="big"/>
	<scaling name="ValveTiming16" units="degrees" toexpr="72-x*0.6/32" frexpr="(72-x)*32/0.6" format="%.1f" min="-1.8" max="28.8" inc="0.1" storagetype="uint16" endian="big"/>
	<scaling name="WGDC" units="%WGDC" toexpr="x/2" frexpr="x*2" format="%.1f" min="0" max="100" inc="0.5" storagetype="uint8" endian="big"/>
	<scaling name="WGDuty" units="%" toexpr="x/2" frexpr="x*2" format="%.1f" min="0" max="100" inc="0.5" storagetype="uint8" endian="big"/>
	<scaling name="WGDuty16" units="%" toexpr="x/2" frexpr="x*2" format="%.1f" min="0" max="100" inc="0.5" storagetype="uint16" endian="big"/>

	<table name="MAF Compensation Part 1" category="Intake" address="cac0" type="2D" scaling="AirFlow16">
		<table name="X" address="11cce" type="X Axis" elements="40" scaling="MAFVoltScaling"/>
	</table>

	<table name="MAF Compensation Part 2" category="Intake" address="cb10" type="2D" scaling="AirFlow16">
		<table name="X" address="11d1e" type="X Axis" elements="40" scaling="MAFVoltScaling"/>
	</table>

	<table name="MAF Compensation Part 3" category="Intake" address="cb60" type="2D" scaling="AirFlow16">
		<table name="X" address="11d6e" type="X Axis" elements="50" scaling="MAFVoltScaling"/>
	</table>

	<table name="Timing Map #1" category="Timing" address="aad7" type="3D" level="4" swapxy="true" scaling="Timing">
		<table name="Load" address="11494" type="X Axis" elements="12" scaling="Load"/>
		<table name="RPM" address="11468" type="Y Axis" elements="19" scaling="RPM"/>
	</table>

	<table name="Timing Map #2" category="Timing" address="abc3" type="3D" level="4" swapxy="true" scaling="Timing">
		<table name="Load" address="11494" type="X Axis" elements="12" scaling="Load"/>
		<table name="Y" address="11468" type="Y Axis" elements="19" scaling="RPM"/>
	</table>

	<table name="Timing Map #3" category="Timing" address="acaf" type="3D" level="4" swapxy="true" scaling="Timing">
		<table name="X" address="11494" type="X Axis" elements="12" scaling="Load"/>
		<table name="Y" address="11468" type="Y Axis" elements="19" scaling="RPM"/>
	</table>

	<table name="Timing Map #4" category="Timing" address="c94b" type="3D" level="4" swapxy="true" scaling="Timing">
		<table name="X" address="11494" type="X Axis" elements="12" scaling="Load"/>
		<table name="Y" address="11468" type="Y Axis" elements="19" scaling="RPM"/>
	</table>

	<table name="EGR Timing Advance #2" category="Timing" address="b9a7" type="3D" level="4" swapxy="true" scaling="Timing">
		<table name="X" address="11494" type="X Axis" elements="12" scaling="Load"/>
		<table name="Y" address="11468" type="Y Axis" elements="19" scaling="RPM"/>
	</table>

	<table name="EGR Timing Advance #3" category="Timing" address="b6e3" type="3D" level="4" swapxy="true" scaling="Timing">
		<table name="X" address="11494" type="X Axis" elements="12" scaling="Load"/>
		<table name="Y" address="11468" type="Y Axis" elements="19" scaling="RPM"/>
	</table>

	<table name="EGR Timing Advance #4" category="Timing" address="b8bb" type="3D" level="4" swapxy="true" scaling="Timing">
		<table name="X" address="11494" type="X Axis" elements="12" scaling="Load"/>
		<table name="Y" address="11468" type="Y Axis" elements="19" scaling="RPM"/>
	</table>

	<table name="Fuel Map #1" category="Fuel" address="dac7" type="3D" level="4" swapxy="true" scaling="AFR">
		<table name="Load" address="1142e" type="X Axis" elements="12" scaling="Load"/>
		<table name="RPM" address="1140a" type="Y Axis" elements="15" scaling="RPM"/>
	</table>

	<table name="Fuel Map #2" category="Fuel" address="a6a3" type="3D" level="4" swapxy="true" scaling="AFR">
		<table name="Load" address="1142e" type="X Axis" elements="12" scaling="Load"/>
		<table name="RPM" address="1140a" type="Y Axis" elements="15" scaling="RPM"/>
	</table>

	<table name="Fuel Map #3" category="Fuel" address="da0b" type="3D" level="4" swapxy="true" scaling="AFR">
		<table name="Load" address="1142e" type="X Axis" elements="12" scaling="Load"/>
		<table name="RPM" address="1140a" type="Y Axis" elements="15" scaling="RPM"/>
	</table>

	<table name="Fuel Map #4" category="Fuel" address="c88f" type="3D" level="4" swapxy="true" scaling="AFR">
		<table name="Load" address="1142e" type="X Axis" elements="12" scaling="Load"/>
		<table name="RPM" address="1140a" type="Y Axis" elements="15" scaling="RPM"/>
	</table>

	<table name="Fuel Map Compensation #1" category="Fuel" address="c167" type="3D" level="4" swapxy="true" scaling="AFR">
		<table name="Load" address="1142e" type="X Axis" elements="12" scaling="Load"/>
		<table name="RPM" address="1140a" type="Y Axis" elements="15" scaling="RPM"/>
	</table>

	<table name="Fuel Map Compensation #2" category="Fuel" address="c223" type="3D" level="4" swapxy="true" scaling="AFR">
		<table name="Load" address="1142e" type="X Axis" elements="12" scaling="Load"/>
		<table name="RPM" address="1140a" type="Y Axis" elements="15" scaling="RPM"/>
	</table>

	<table name="Open Loop Throttle" category="Fuel" address="f1dc" type="2D" level="4" scaling="ThrottleVoltage">
		<table name="RPM" address="11208" type="Y Axis" elements="12" scaling="RPM"/>
	</table>

	<table name="Stationary Rev Limiter?" address="a582"/>

	<table name="Base Rev Limit" category="Limits" address="886e" type="1D" level="4" scaling="RPMLimit"/>

	<table name="Ignition Warmup Retard" address="ad9b" scaling="ValveTiming">
		<table name="Load" address="11494" elements="12"/>
		<table name="RPM" address="11468" elements="19"/>
	</table>

	<table name="EGR Timing Advance" address="b7cf">
		<table name="Load" address="11494" elements="12"/>
		<table name="RPM" address="11468" elements="19"/>
	</table>

	<table name="Fuel Injector Scaling" address="9260"/>

	<table name="Injector Battery Voltage Latency Compensation" address="a88c">
		<table name="Battery Voltage" address="1138a"/>
	</table>

	<table name="Injector Base Latency" address="8800"/>

	<table name="Open Loop Load Low Octane #1" address="f1b8">
		<table name="RPM" address="1272a" elements="13"/>
	</table>

	<table name="Open Loop Load High Octane #1" address="f1ca">
		<table name="RPM" address="1272a" elements="13"/>
	</table>

	<table name="Throttle Map #1" address="e367" scaling="ThrottleVoltage">
		<table name="Unkown" address="12c7e" elements="10"/>
		<table name="RPM" address="11bca" elements="27"/>
	</table>

	<table name="Throttle Map #2" address="e47d" scaling="ThrottleVoltage">
		<table name="Unknown" address="12c7e" elements="10"/>
		<table name="RPM" address="11bca" elements="27"/>
	</table>

	<table name="Throttle Map #3" address="e593" scaling="ThrottleVoltage">
		<table name="Unknown" address="12c7e" elements="10"/>
		<table name="RPM" address="11bca" elements="27"/>
	</table>

	<table name="Rev Limiter" address="a4cc">
		<table elements="2"/>
	</table>

	<table name="Stationary Rev Limiter" address="a4c8" scaling="RPMLimit">
		<table name="X"/>
	</table>

	<table name="Speed Limiter" address="8870">
	</table>

	<table name="ECU ID" address="8226"/>

	<table name="ECU Options Set #1" address="826e">
	</table>

	<table name="ECU Options Set #2" address="827e">
	</table>

	<table name="ECU Options Set #3" address="828e">
	</table>

	<table name="ECU Options Set #4" address="829e">
	</table>

	<table name="ECU Options Set #5" address="82ae">
	</table>

	<table name="ECU Options Set #6" address="82be">
	</table>

	<table name="ECU Options Set #7" address="82ce">
	</table>

	<table name="MUT Table" address="3c3fc">
	</table>

</rom>
