<rom>
  <romid>
    <xmlid>A2ZJE11J</xmlid>
    <internalidaddress>2000</internalidaddress>
    <internalidstring>A2ZJE11J</internalidstring>
    <ecuid>4312594006</ecuid>
    <year>06</year>
    <market>USDM</market>
    <make>Subaru</make>
    <model>Impreza</model>
    <submodel>STi</submodel>
    <transmission>MT</transmission>
    <memmodel>SH7058</memmodel>
    <flashmethod>sti05</flashmethod>
    <checksummodule>subarudbw</checksummodule>
  </romid>
  <include>32BITBASE</include>
  <table name="Target Boost (KCA Additive Low)" address="c1088">
    <table name="X" address="c1038" />
    <table name="Y" address="c1058" />
  </table>
  <table name="Target Boost (KCA Additive High)" address="c1198">
    <table name="X" address="c1148" />
    <table name="Y" address="c1168" />
  </table>
  <table name="Target Boost Compensation (ECT)" address="c06c8">
    <table name="Y" address="c05b8" />
  </table>
  <table name="Target Boost Compensation (1st Gear)" address="c05b4" />
  <table name="Target Boost Compensation (1st Gear) Speed Disable" address="c05ac" />
  <table name="Target Boost Compensation (Atm. Pressure) Multiplier" address="c07d0">
    <table name="Y" address="c07c0" />
  </table>
  <table name="Target Boost Compensation (Atm. Pressure) Multiplier Offset" address="c06fc">
    <table name="Y" address="c06ec" />
  </table>
  <table name="Boost Limit (Fuel Cut)" address="c6c4c">
    <table name="Y" address="c6c34" />
  </table>
  <table name="Boost Control Disable (IAM)" address="c0594" />
  <table name="Boost Control Disable (Fine Correction)" address="c0590" />
  <table name="Boost Control Disable Delay (Fine Correction)" address="c0539" />
  <table name="Initial Wastegate Duty (KCA Additive Low)" address="c0ac8">
    <table name="X" address="c0a78" />
    <table name="Y" address="c0a98" />
  </table>
  <table name="Initial Wastegate Duty (KCA Additive High)" address="c0bd8">
    <table name="X" address="c0b88" />
    <table name="Y" address="c0ba8" />
  </table>
  <table name="Max Wastegate Duty" address="c0d98">
    <table name="X" address="c0d58" />
    <table name="Y" address="c0d78" />
  </table>
  <table name="Max Wastegate Duty Limit Post-Compensation" address="157d0" />
  <table name="Initial/Max Wastegate Duty Compensation (IAT)" address="c0688">
    <table name="Y" address="c0648" />
  </table>
  <table name="Initial/Max Wastegate Duty Compensation (ECT)" address="c06a8">
    <table name="Y" address="c05b8" />
  </table>
  <table name="Initial/Max Wastegate Duty Compensation (Atm. Pressure)" address="c0840">
    <table name="X" address="c0818" />
    <table name="Y" address="c0830" />
  </table>
  <table name="Turbo Dynamics Proportional" address="c0724">
    <table name="Y" address="c0700" />
  </table>
  <table name="Turbo Dynamics Integral Positive" address="c0794">
    <table name="Y" address="c0770" />
  </table>
  <table name="Turbo Dynamics Integral Negative" address="c075c">
    <table name="Y" address="c0738" />
  </table>
  <table name="TD Activation Thresholds (RPM)" address="c0578" />
  <table name="TD Activation Thresholds (Target Boost)" address="c054c" />
  <table name="TD Integral Cumulative Range (WGDC Correction)" address="c0580" />
  <table name="TD Integral Negative Activation (Boost Error)" address="c0558" />
  <table name="TD Integral Positive Activation (Boost Error)" address="c0560" />
  <table name="TD Integral Positive Activation (Wastegate Duty)" address="c0564" />
  <table name="Manifold Pressure Sensor Scaling" address="c00c4" />
  <table name="Manifold Pressure Sensor Limits (CEL)" address="cba10" />
  <table name="Manifold Pressure Sensor CEL Delays" address="c2a11" />
  <table name="Primary Open Loop Fueling (KCA Additive Low)" address="c6ed0">
    <table name="X" address="c6e4c" />
    <table name="Y" address="c6e88" />
  </table>
  <table name="Primary Open Loop Fueling (KCA Additive High)" address="c7064">
    <table name="X" address="c6fe0" />
    <table name="Y" address="c701c" />
  </table>
  <table name="Primary Open Loop Fueling (Failsafe)(KCA Additive Low)" address="c71f8">
    <table name="X" address="c7174" />
    <table name="Y" address="c71b0" />
  </table>
  <table name="Primary Open Loop Fueling (Failsafe)(KCA Additive High)" address="c738c">
    <table name="X" address="c7308" />
    <table name="Y" address="c7344" />
  </table>
  <table name="Primary Open Loop Fuel Map Switch (IAM)" address="c5ec8" />
  <table name="Minimum Active Primary Open Loop Enrichment" address="c5e2c" />
  <table name="Minimum Primary Open Loop Enrichment (Throttle)" address="c63b4">
    <table name="Y" address="c639c" />
  </table>
  <table name="Primary Open Loop Fueling Compensation (ECT)" address="c6ac8">
    <table name="Y" address="c60e0" />
  </table>
  <table name="Primary Open Loop Fueling Compensation (Timing Compensation)_" address="c63d4">
    <table name="Y" address="c63bc" />
  </table>
  <table name="Front Oxygen Sensor Scaling" address="cc00c">
    <table name="Y" address="cbfd8" />
  </table>
  <table name="Front Oxygen Sensor Rich Limit" address="2049c" />
  <table name="Front Oxygen Sensor Compensation (Atm. Pressure)" address="c1fe8">
    <table name="Y" address="c1fd8" />
  </table>
  <table name="CL Fueling Target Compensation (Load)" address="c8140">
    <table name="X" address="c80e4" />
    <table name="Y" address="c8118" />
  </table>
  <table name="CL Fueling Target Compensation A (ECT)" address="c7e7c">
    <table name="X" address="c60e0" />
    <table name="Y" address="c7e70" />
  </table>
  <table name="CL Fueling Target Compensation B (ECT)" address="c7f54">
    <table name="X" address="c60e0" />
    <table name="Y" address="c7f48" />
  </table>
  <table name="CL to OL Delay" address="c5aec">
    <table name="Y" elements="3" />
  </table>
  <table name="CL to OL Transition with Delay (Throttle)" address="c638c">
    <table name="Y" address="c634c" />
  </table>
  <table name="CL to OL Transition with Delay Throttle Hysteresis" address="c5e30" />
  <table name="CL to OL Transition with Delay (Base Pulse Width)" address="c6aa8">
    <table name="Y" address="c6a68" />
  </table>
  <table name="CL to OL Transition with Delay BPW Hysteresis" address="c5e34" />
  <table name="CL Delay Maximum (Throttle)" address="c5ea4" />
  <table name="CL Delay Maximum (Vehicle Speed)" address="c5ea8" />
  <table name="CL Delay Minimum (ECT)" address="c5e38" />
  <table name="CL Delay Maximum Engine Speed (Per Gear)" address="c5e64" />
  <table name="CL Delay Maximum Engine Speed (Neutral)" address="c5e8c" />
  <table name="Injector Latency" address="cbae4">
    <table name="Y" address="cbad0" />
  </table>
  <table name="Injector Flow Scaling" address="c5bbc" />
  <table name="Per Injector Primary Fuel Offset Compensation A" address="c7524">
    <table name="X" address="c749c" elements="18" />
    <table name="Y" address="c74e4" elements="16" />
  </table>
  <table name="Per Injector Primary Fuel Offset Compensation B" address="c76cc">
    <table name="X" address="c7644" elements="18" />
    <table name="Y" address="c768c" elements="16" />
  </table>
  <table name="Per Injector Primary Fuel Offset Compensation C" address="c7874">
    <table name="X" address="c77ec" elements="18" />
    <table name="Y" address="c7834" elements="16" />
  </table>
  <table name="Per Injector Primary Fuel Offset Compensation D" address="c7a1c">
    <table name="X" address="c7994" elements="18" />
    <table name="Y" address="c79dc" elements="16" />
  </table>
  <table name="Cranking Fuel Injector Pulse Width A (ECT)" address="c64f2">
    <table name="Y" address="c60e0" />
  </table>
  <table name="Cranking Fuel Injector Pulse Width B (ECT)" address="c6512">
    <table name="Y" address="c60e0" />
  </table>
  <table name="Cranking Fuel Injector Pulse Width C (ECT)" address="c6532">
    <table name="Y" address="c60e0" />
  </table>
  <table name="Cranking Fuel Injector Pulse Width D (ECT)" address="c6552">
    <table name="Y" address="c60e0" />
  </table>
  <table name="Cranking Fuel IPW Compensation (RPM)" address="c6d3c">
    <table name="X" address="c6d0c" />
    <table name="Y" address="c6d20" />
  </table>
  <table name="Cranking Fuel IPW Compensation (Accelerator)" address="c6178">
    <table name="Y" address="c6160" />
  </table>
  <table name="Throttle Tip-in Enrichment" address="c6bd0">
    <table name="Y" address="c6b88" />
  </table>
  <table name="Minimum Tip-in Enrichment Activation" address="c5fdc" />
  <table name="Minimum Tip-in Enrichment Activation (Throttle)" address="c5fd8" />
  <table name="Tip-in Enrichment Compensation (Boost Error)" address="c6498">
    <table name="Y" address="c6474" />
  </table>
  <table name="Tip-in Enrichment Compensation (ECT)" address="c6bf4">
    <table name="Y" address="c60e0" />
  </table>
  <table name="Tip-in Enrichment Disable Applied Counter Threshold" address="c5ab2" />
  <table name="Tip-in Enrichment Applied Counter Reset" address="c5ab3" />
  <table name="Tip-in Enrichment Disable Throttle Cumulative Threshold" address="c5fe0" />
  <table name="Tip-in Throttle Cumulative Reset" address="c5ab4" />
  <table name="Min Primary Base Enrichment 1" address="c61ce">
    <table name="Y" address="c60e0" />
  </table>
  <table name="Min Primary Base Enrichment 1 (Non-Primary OL)" address="c6e34">
    <table name="X" address="c6e08" elements="8" />
    <table name="Y" address="c6e28" />
  </table>
  <table name="Min Primary Base Enrich 2 Initial Start 1A" address="c65f2">
    <table name="Y" address="c60e0" />
  </table>
  <table name="Min Primary Base Enrich 2 Initial Start 1B" address="c6632">
    <table name="Y" address="c60e0" />
  </table>
  <table name="Min Primary Base Enrich 2 Initial Start 2A" address="c6612">
    <table name="Y" address="c60e0" />
  </table>
  <table name="Min Primary Base Enrich 2 Initial Start 2B" address="c6652">
    <table name="Y" address="c60e0" />
  </table>
  <table name="Min Primary Base Enrich 2 Decay Step 1" address="c6672">
    <table name="Y" address="c60e0" />
  </table>
  <table name="Min Primary Base Enrich 2 Decay Step 2" address="c6692">
    <table name="Y" address="c60e0" />
  </table>
  <table name="Min Primary Base Enrich 3 Initial Start 1A" address="c6572">
    <table name="Y" address="c60e0" />
  </table>
  <table name="Min Primary Base Enrich 3 Initial Start 1B" address="c6592">
    <table name="Y" address="c60e0" />
  </table>
  <table name="Min Primary Base Enrich 3 Initial Start 2A" address="c65b2">
    <table name="Y" address="c60e0" />
  </table>
  <table name="Min Primary Base Enrich 3 Initial Start 2B" address="c65d2">
    <table name="Y" address="c60e0" />
  </table>
  <table name="Min Primary Base Enrich 3 Decay Delay A" address="c618e">
    <table name="Y" address="c60e0" />
  </table>
  <table name="Min Primary Base Enrich 3 Decay Delay B" address="c619e">
    <table name="Y" address="c60e0" />
  </table>
  <table name="Min Primary Base Enrich 3 Decay Multiplier" address="c5bc0" />
  <table name="A/F Learning #1 Limits" address="c5dd8" />
  <table name="A/F Learning #1 Airflow Ranges" address="c5de4" />
  <table name="MAF Limit (Maximum)" address="c1bf0" />
  <table name="MAF Sensor Scaling" address="cbe10">
    <table name="Y" address="cbd38" />
  </table>
  <table name="MAF Compensation (IAT)" address="c24a8">
    <table name="X" address="c2474" />
    <table name="Y" address="c2488" />
  </table>
  <table name="Engine Load Limit (Maximum)" address="1e74c" />
  <table name="Engine Load Compensation (MP)" address="c23f0">
    <table name="X" address="c2394" />
    <table name="Y" address="c23c0" elements="12" />
  </table>
  <table name="Base Timing A" address="c9798">
    <table name="X" address="c9714" />
    <table name="Y" address="c9750" />
  </table>
  <table name="Base Timing B" address="c992c">
    <table name="X" address="c98a8" />
    <table name="Y" address="c98e4" />
  </table>
  <table name="Base Timing Idle (Below Speed Threshold)" address="c8744" />
  <table name="Base Timing Idle (Above Speed Threshold)" address="c89e0">
    <table name="Y" address="c89bc" />
  </table>
  <table name="Base Timing Idle Vehicle Speed Threshold" address="c8718" />
  <table name="Knock Correction Advance Max Additive (Knock Conditions)" address="c95f4">
    <table name="X" address="c956c" />
    <table name="Y" address="c95ac" />
  </table>
  <table name="Knock Correction Advance Max Primary (Knock Conditions High)(IAM)" address="c92a4">
    <table name="X" address="c921c" />
    <table name="Y" address="c925c" />
  </table>
  <table name="Knock Correction Advance Max Primary (Knock Conditions Low)(IAM)" address="c944c">
    <table name="X" address="c93c4" />
    <table name="Y" address="c9404" />
  </table>
  <table name="Knock Correction Advance Alternate Mode_" address="c848e" />
  <table name="Knock Correction Advance Additive Range (RPM)" address="c85a0" />
  <table name="Timing Compensation (IAT)" address="c8a4c">
    <table name="Y" address="c8a0c" />
  </table>
  <table name="Timing Comp Min Load (IAT)" address="c8748" />
  <table name="Timing Compensation (ECT)" address="c89f9">
    <table name="Y" address="c8858" />
  </table>
  <table name="Timing Compensation (MRP)" address="c9bfc">
    <table name="X" address="c9bdc" />
    <table name="Y" address="c9bf0" />
  </table>
  <table name="Timing Compensation Per Cylinder A_" address="c8dac">
    <table name="Y" address="c8d6c" />
  </table>
  <table name="Timing Compensation Per Cylinder B_" address="c8e2c">
    <table name="Y" address="c8dec" />
  </table>
  <table name="Timing Compensation Per Cylinder C_" address="c8eac">
    <table name="Y" address="c8e6c" />
  </table>
  <table name="Timing Compensation Per Cylinder D_" address="c8f2c">
    <table name="Y" address="c8eec" />
  </table>
  <table name="Timing Comp Minimum Load (Per Cylinder)" address="c84d4" />
  <table name="Timing Comp Maximum RPM (Per Cylinder)" address="c84d0" />
  <table name="Timing Comp Minimum Coolant Temp (Per Cylinder)" address="c84d8" />
  <table name="Feedback Correction Range (RPM)" address="c850c" />
  <table name="Feedback Correction Minimum Load" address="c851c" />
  <table name="Feedback Correction Retard Value" address="c84f0" />
  <table name="Feedback Correction Retard Limit" address="c84ec" />
  <table name="Feedback Correction Negative Advance Value" address="c84f4" />
  <table name="Feedback Correction Negative Advance Delay" address="c84a8" />
  <table name="Extended Feedback Correction High RPM Compensation" address="c8524" />
  <table name="Fine Correction Range (RPM)" address="c862c" />
  <table name="Fine Correction Range (Load)" address="c863c" />
  <table name="Fine Correction Rows (RPM)" address="c865c" />
  <table name="Fine Correction Columns (Load)" address="c864c" />
  <table name="Fine Correction Retard Value" address="c8674" />
  <table name="Fine Correction Retard Limit" address="c8624" />
  <table name="Fine Correction Advance Value" address="c8628" />
  <table name="Fine Correction Advance Limit" address="c8620" />
  <table name="Fine Correction Advance Delay" address="c84b8" />
  <table name="Rough Correction Range (RPM)" address="c85cc" />
  <table name="Rough Correction Range (Load)" address="c85dc" />
  <table name="Rough Correction Minimum KC Advance Map Value" address="c85ec" />
  <table name="Rough Correction Learning Delay (Increasing)" address="c8900">
    <table name="Y" address="c88d8" />
  </table>
  <table name="Advance Multiplier (Initial)" address="c85c8" />
  <table name="Advance Multiplier Step Value" address="c85f0" />
  <table name="Intake Cam Advance Angle A (AVCS)" address="cd38c">
    <table name="X" address="cd30c" />
    <table name="Y" address="cd344" />
  </table>
  <table name="Intake Cam Advance Angle B (AVCS)" address="cd604">
    <table name="X" address="cd584" />
    <table name="Y" address="cd5bc" />
  </table>
  <table name="Requested Torque (Accelerator Pedal)" address="cb418">
    <table name="X" address="cb398" />
    <table name="Y" address="cb3d4" />
  </table>
  <table name="Target Throttle Plate Position A (Requested Torque)" address="caed4">
    <table name="X" address="cae50" />
    <table name="Y" address="cae94" />
  </table>
  <table name="Target Throttle Plate Position B (Requested Torque)" address="cb178">
    <table name="X" address="cb0f4" />
    <table name="Y" address="cb138" />
  </table>
  <table name="Rev Limit (Fuel Cut)" address="c6024" />
  <table name="Rev Limit Fuel Resume (Boost)" address="c602c" />
  <table name="Speed Limiting Enable (Fuel Cut)" address="c6074" />
  <table name="Speed Limiting Disable (Fuel Cut)" address="c607c" />
  <table name="Speed Limiting (Throttle)" address="c1e9c" />
  <table name="Fuel Temp Sensor Scaling" address="cbcc0">
    <table name="Y" address="cbc48" />
  </table>
  <table name="Intake Temp Sensor Scaling" address="7c378">
    <table name="Y" address="7c300" />
  </table>
  <table name="Coolant Temp Sensor Scaling" address="7c290">
    <table name="Y" address="7c220" />
  </table>
  <table name="Atmospheric Pressure Sensor Scaling" address="c0070" />
  <table name="Radiator Fan Modes (ECT)" address="cc790" />
  <table name="Radiator Fan Modes (Veh. Speed)" address="cc7a0" />
  <table name="Gear Determination Thresholds" address="c1e00" />
  <table name="Idle Speed Target A" address="ca6b4">
    <table name="Y" address="ca138" />
  </table>
  <table name="Idle Speed Target B" address="ca6f4">
    <table name="Y" address="ca138" />
  </table>
  <table name="Idle Speed Target C" address="ca734">
    <table name="Y" address="ca138" />
  </table>
  <table name="Force Pass Readiness Monitors" address="6f002" />
  <table name="(P0000) PASS CODE (NO DTC DETECTED)" address="6bc5e" />
  <table name="(P0000) PASS CODE (NO DTC DETECTED)_" address="6bc5f" />
  <table name="(P0011) CAMSHAFT POS. - TIMING OVER-ADVANCED 1" address="6bc44" />
  <table name="(P0021) CAMSHAFT POS. - TIMING OVER-ADVANCED 2" address="6bc45" />
  <table name="(P0030) FRONT O2 SENSOR RANGE/PERF" address="6bc83" />
  <table name="(P0031) FRONT O2 SENSOR LOW INPUT" address="6bc6a" />
  <table name="(P0032) FRONT O2 SENSOR HIGH INPUT" address="6bc68" />
  <table name="(P0037) REAR O2 SENSOR LOW INPUT" address="6bc69" />
  <table name="(P0038) REAR O2 SENSOR HIGH INPUT" address="6bc67" />
  <table name="(P0068) MAP SENSOR RANGE/PERF" address="6bc7f" />
  <table name="(P0101) MAF SENSOR RANGE/PERF" address="6bc81" />
  <table name="(P0102) MAF SENSOR LOW INPUT" address="6bc1d" />
  <table name="(P0103) MAF SENSOR HIGH INPUT" address="6bc1e" />
  <table name="(P0107) MAP SENSOR LOW INPUT" address="6bc6b" />
  <table name="(P0108) MAP SENSOR HIGH INPUT" address="6bc6c" />
  <table name="(P0111) IAT SENSOR RANGE/PERF" address="6bc66" />
  <table name="(P0112) IAT SENSOR LOW INPUT" address="6bc64" />
  <table name="(P0113) IAT SENSOR HIGH INPUT" address="6bc65" />
  <table name="(P0117) COOLANT TEMP SENSOR LOW INPUT" address="6bc25" />
  <table name="(P0118) COOLANT TEMP SENSOR HIGH INPUT" address="6bc26" />
  <table name="(P0122) TPS A LOW INPUT" address="6bc22" />
  <table name="(P0123) TPS A HIGH INPUT" address="6bc23" />
  <table name="(P0125) INSUFFICIENT COOLANT TEMP (FUELING)" address="6bc28" />
  <table name="(P0126) INSUFFICIENT COOLANT TEMP (OPERATION)" address="6bcac" />
  <table name="(P0128) THERMOSTAT MALFUNCTION" address="6bc6d" />
  <table name="(P0131) FRONT O2 SENSOR LOW INPUT" address="6bc61" />
  <table name="(P0132) FRONT O2 SENSOR HIGH INPUT" address="6bc62" />
  <table name="(P0133) FRONT O2 SENSOR SLOW RESPONSE" address="6bc4f" />
  <table name="(P0134) FRONT O2 SENSOR NO ACTIVITY" address="6bc82" />
  <table name="(P0137) REAR O2 SENSOR LOW VOLTAGE" address="6bc60" />
  <table name="(P0138) REAR O2 SENSOR HIGH VOLTAGE" address="6bc63" />
  <table name="(P0139) REAR O2 SENSOR SLOW RESPONSE" address="6bc50" />
  <table name="(P0171) SYSTEM TOO LEAN" address="6bc56" />
  <table name="(P0172) SYSTEM TOO RICH" address="6bc57" />
  <table name="(P0181) FUEL TEMP SENSOR A RANGE/PERF" address="6bc35" />
  <table name="(P0182) FUEL TEMP SENSOR A LOW INPUT" address="6bc33" />
  <table name="(P0183) FUEL TEMP SENSOR A HIGH INPUT" address="6bc34" />
  <table name="(P0222) TPS B LOW INPUT" address="6bc86" />
  <table name="(P0223) TPS B HIGH INPUT" address="6bc87" />
  <table name="(P0230) FUEL PUMP PRIMARY CIRCUIT" address="6bc7e" />
  <table name="(P0244) WASTEGATE SOLENOID A RANGE/PERF" address="6bc74" />
  <table name="(P0245) WASTEGATE SOLENOID A LOW" address="6bc72" />
  <table name="(P0246) WASTEGATE SOLENOID A HIGH" address="6bc73" />
  <table name="(P0301) MISFIRE CYLINDER 1" address="6bc58" />
  <table name="(P0302) MISFIRE CYLINDER 2" address="6bc59" />
  <table name="(P0303) MISFIRE CYLINDER 3" address="6bc5a" />
  <table name="(P0304) MISFIRE CYLINDER 4" address="6bc5b" />
  <table name="(P0327) KNOCK SENSOR 1 LOW INPUT" address="6bc20" />
  <table name="(P0328) KNOCK SENSOR 1 HIGH INPUT" address="6bc21" />
  <table name="(P0335) CRANKSHAFT POS. SENSOR A MALFUNCTION" address="6bc18" />
  <table name="(P0336) CRANKSHAFT POS. SENSOR A RANGE/PERF" address="6bc19" />
  <table name="(P0340) CAMSHAFT POS. SENSOR A MALFUNCTION_" address="6bc9a" />
  <table name="(P0345) CAMSHAFT POS. SENSOR A BANK 2" address="6bc99" />
  <table name="(P0420) CAT EFFICIENCY BELOW THRESHOLD" address="6bc53" />
  <table name="(P0442) EVAP LEAK DETECTED (SMALL)" address="6bc54" />
  <table name="(P0447) EVAP VENT CONTROL CIRCUIT OPEN" address="6bc4d" />
  <table name="(P0448) EVAP VENT CONTROL CIRCUIT SHORTED" address="6bc4e" />
  <table name="(P0451) EVAP PRESSURE SENSOR RANGE/PERF" address="6bc31" />
  <table name="(P0452) EVAP PRESSURE SENSOR LOW INPUT" address="6bc2f" />
  <table name="(P0453) EVAP PRESSURE SENSOR HIGH INPUT" address="6bc30" />
  <table name="(P0456) EVAP LEAK DETECTED (VERY SMALL)" address="6bc55" />
  <table name="(P0457) EVAP LEAK DETECTED (FUEL CAP)" address="6bc5d" />
  <table name="(P0458) EVAP PURGE VALVE CIRCUIT LOW" address="6bc48" />
  <table name="(P0459) EVAP PURGE VALVE CIRCUIT HIGH" address="6bc49" />
  <table name="(P0461) FUEL LEVEL SENSOR RANGE/PERF" address="6bc2b" />
  <table name="(P0462) FUEL LEVEL SENSOR LOW INPUT" address="6bc29" />
  <table name="(P0463) FUEL LEVEL SENSOR HIGH INPUT" address="6bc2a" />
  <table name="(P0464) FUEL LEVEL SENSOR INTERMITTENT" address="6bc27" />
  <table name="(P0483) RADIATOR FAN RATIONALITY CHECK" address="6bc40" />
  <table name="(P0502) VEHICLE SPEED SENSOR LOW INPUT" address="6bc7d" />
  <table name="(P0503) VEHICLE SPEED SENSOR INTERMITTENT" address="6bc84" />
  <table name="(P0506) IDLE CONTROL RPM LOWER THAN EXPECTED" address="6bc3b" />
  <table name="(P0507) IDLE CONTROL RPM HIGH THAN EXPECTED" address="6bc3c" />
  <table name="(P0512) STARTER REQUEST CIRCUIT" address="6bc2e" />
  <table name="(P0519) IDLE CONTROL MALFUNCTION (FAIL-SAFE)" address="6bc80" />
  <table name="(P0604) CONTROL MODULE RAM ERROR" address="6bc1c" />
  <table name="(P0605) CONTROL MODULE ROM ERROR" address="6bc9b" />
  <table name="(P0607) CONTROL MODULE PERFORMANCE" address="6bc8e" />
  <table name="(P0638) THROTTLE ACTUATOR RANGE/PERF" address="6bc8d" />
  <table name="(P0691) RADIATOR FAN CIRCUIT LOW" address="6bc3e" />
  <table name="(P0692) RADIATOR FAN CIRCUIT HIGH" address="6bc3f" />
  <table name="(P0851) NEUTRAL SWITCH INPUT LOW" address="6bc32" />
  <table name="(P0852) NEUTRAL SWITCH INPUT HIGH" address="6bc36" />
  <table name="(P1152) FRONT O2 SENSOR RANGE/PERF LOW B1 S1" address="6bc51" />
  <table name="(P1153) FRONT O2 SENSOR RANGE/PERF HIGH B1 S1" address="6bc52" />
  <table name="(P1160) ABNORMAL RETURN SPRING" address="6bc88" />
  <table name="(P1400) FUEL TANK PRESSURE SOL. LOW" address="6bc46" />
  <table name="(P1420) FUEL TANK PRESSURE SOL. HIGH INPUT" address="6bc47" />
  <table name="(P1443) VENT CONTROL SOLENOID FUNCTION PROBLEM" address="6bc4c" />
  <table name="(P1446) FUEL TANK SENSOR CONTROL CIRCUIT LOW" address="6bc37" />
  <table name="(P1447) FUEL TANK SENSOR CONTROL CIRCUIT HIGH" address="6bc38" />
  <table name="(P1448) FUEL TANK SENSOR CONTROL RANGE/PERF" address="6bc3d" />
  <table name="(P1491) PCV (BLOWBY) FUNCTION PROBLEM" address="6bc6e" />
  <table name="(P1518) STARTER SWITCH LOW INPUT" address="6bc2d" />
  <table name="(P1560) BACK-UP VOLTAGE MALFUNCTION" address="6bc6f" />
  <table name="(P2004) TGV - INTAKE MANIFOLD RUNNER 1 STUCK OPEN" address="6bca7" />
  <table name="(P2005) TGV - INTAKE MANIFOLD RUNNER 2 STUCK OPEN" address="6bca9" />
  <table name="(P2006) TGV - INTAKE MANIFOLD RUNNER 1 STUCK CLOSED" address="6bca8" />
  <table name="(P2007) TGV - INTAKE MANIFOLD RUNNER 2 STUCK CLOSED" address="6bcaa" />
  <table name="(P2008) TGV - INTAKE MANIFOLD RUNNER 1 CIRCUIT OPEN" address="6bcb5" />
  <table name="(P2009) TGV - INTAKE MANIFOLD RUNNER 1 CIRCUIT LOW" address="6bcb3" />
  <table name="(P2011) TGV - INTAKE MANIFOLD RUNNER 2 CIRCUIT OPEN" address="6bcb6" />
  <table name="(P2012) TGV - INTAKE MANIFOLD RUNNER 2 CIRCUIT LOW" address="6bcb4" />
  <table name="(P2016) TGV - INTAKE MANIFOLD RUNNER 1 POS. SENSOR LOW" address="6bcaf" />
  <table name="(P2017) TGV - INTAKE MANIFOLD RUNNER 1 POS. SENSOR HIGH" address="6bcb0" />
  <table name="(P2021) TGV - INTAKE MANIFOLD RUNNER 2 POS. SENSOR LOW" address="6bcb1" />
  <table name="(P2022) TGV - INTAKE MANIFOLD RUNNER 2 POS. SENSOR HIGH" address="6bcb2" />
  <table name="(P2088) OCV SOLENOID A1 CIRCUIT OPEN" address="6bca3" />
  <table name="(P2089) OCV SOLENOID A1 CIRCUIT SHORT" address="6bca2" />
  <table name="(P2092) OCV SOLENOID A2 CIRCUIT OPEN" address="6bca1" />
  <table name="(P2093) OCV SOLENOID A2 CIRCUIT SHORT" address="6bca0" />
  <table name="(P2096) POST CATALYST TOO LEAN B1" address="6bc8c" />
  <table name="(P2097) POST CATALYST TOO RICH B1" address="6bc95" />
  <table name="(P2101) THROTTLE ACTUATOR CIRCUIT RANGE/PERF" address="6bc8b" />
  <table name="(P2102) THROTTLE ACTUATOR CIRCUIT LOW" address="6bc89" />
  <table name="(P2103) THROTTLE ACTUATOR CIRCUIT HIGH" address="6bc8a" />
  <table name="(P2109) TPS A MINIMUM STOP PERF" address="6bc85" />
  <table name="(P2122) TPS D CIRCUIT LOW INPUT" address="6bc92" />
  <table name="(P2123) TPS D CIRCUIT HIGH INPUT" address="6bc93" />
  <table name="(P2127) TPS E CIRCUIT LOW INPUT" address="6bc90" />
  <table name="(P2128) TPS E CIRCUIT HIGH INPUT" address="6bc91" />
  <table name="(P2135) TPS A/B VOLTAGE" address="6bc94" />
  <table name="(P2138) TPS D/E VOLTAGE" address="6bc8f" />
  <table name="(P2227) BARO. PRESSURE CIRCUIT RANGE/PERF" address="6bcab" />
  <table name="(P2228) BARO. PRESSURE CIRCUIT LOW INPUT" address="6bcae" />
  <table name="(P2229) BARO. PRESSURE CIRCUIT HIGH INPUT" address="6bcad" />
</rom>