<rom>
  <romid>
    <xmlid>A4RG060P</xmlid>
    <internalidaddress>200</internalidaddress>
    <internalidstring>A4RG060P</internalidstring>
    <ecuid>2954594105</ecuid>
    <year>01/02</year>
    <market>ADM</market>
    <make>Subaru</make>
    <model>Impreza</model>
    <submodel>STi</submodel>
    <transmission>MT/AT</transmission>
    <memmodel>68HC16Y5</memmodel>
    <flashmethod>wrx02</flashmethod>
  </romid>
  <include>A4RG060Q</include>
  <table name="Catalyst Readiness Threshold Fix A" address="2bbfe" />
  <table name="Catalyst Readiness Threshold Fix G" address="2bc0e" />
  <table name="Misfire CEL Fix (P0301, P0302, P0303, P0304)" address="2d49f" />
</rom>