<rom>
  <romid>
    <xmlid>AZ1G201I</xmlid>
    <internalidaddress>2004</internalidaddress>
    <internalidstring>AZ1G201I</internalidstring>
    <ecuid>5A12784107</ecuid>
    <year>08/09</year>
    <market>USDM</market>
    <make>Subaru</make>
    <model>Impreza</model>
    <submodel>STi</submodel>
    <transmission>MT</transmission>
    <memmodel>SH7058</memmodel>
    <flashmethod>subarucan</flashmethod>
    <checksummodule>subarudbw</checksummodule>
  </romid>
  <include>32BITBASE</include>
  <table name="Target Boost_" address="c0a0c">
    <table name="X" address="c099c" elements="14" />
    <table name="Y" address="c09d4" elements="14" />
  </table>
  <table name="Target Boost Compensation (ECT)" address="c0520">
    <table name="Y" address="c0440" />
  </table>
  <table name="Target Boost Compensation (1st Gear)" address="c0438" />
  <table name="Target Boost Compensation (1st Gear) Speed Disable" address="c0434" />
  <table name="Target Boost Compensation (IAT)_" address="c067c">
    <table name="Y" address="c0650" elements="11" />
  </table>
  <table name="Target Boost Compensation (Atm. Pressure)_" address="c0718">
    <table name="X" address="c06e8" />
    <table name="Y" address="c0700" />
  </table>
  <table name="Boost Limit (Fuel Cut)_" address="ceeb4">
    <table name="X" address="cee84" />
    <table name="Y" address="cee9c" />
  </table>
  <table name="Boost Control Disable (IAM)" address="c0428" />
  <table name="Boost Control Disable (Fine Correction)" address="c0424" />
  <table name="Boost Control Disable Delay (Fine Correction)" address="c03d9" />
  <table name="Initial Wastegate Duty_" address="c08c0">
    <table name="X" address="c086c" elements="11" />
    <table name="Y" address="c0898" elements="10" />
  </table>
  <table name="Max Wastegate Duty_" address="c0790">
    <table name="X" address="c073c" elements="11" />
    <table name="Y" address="c0768" elements="10" />
  </table>
  <table name="Max Wastegate Duty Limit Post-Compensation" address="13c84" />
  <table name="Initial/Max Wastegate Duty Compensation (IAT)" address="c04c0">
    <table name="Y" address="c0480" />
  </table>
  <table name="Initial/Max Wastegate Duty Compensation (ECT)" address="c04e0">
    <table name="Y" address="c0440" />
  </table>
  <table name="Initial/Max Wastegate Duty Compensation (Atm. Pressure)" address="c06d0">
    <table name="X" address="c06a8" />
    <table name="Y" address="c06c0" />
  </table>
  <table name="Turbo Dynamics Proportional" address="c0554">
    <table name="Y" address="c0530" />
  </table>
  <table name="Turbo Dynamics Integral Positive" address="c05c4">
    <table name="Y" address="c05a0" />
  </table>
  <table name="Turbo Dynamics Integral Negative" address="c058c">
    <table name="Y" address="c0568" />
  </table>
  <table name="TD Proportional Compensation (IAT)" address="c04f0">
    <table name="Y" address="c0480" elements="16" />
  </table>
  <table name="TD Integral Positive Compensation (IAT)" address="c0510">
    <table name="Y" address="c0480" elements="16" />
  </table>
  <table name="TD Integral Negative Compensation (IAT)" address="c0500">
    <table name="Y" address="c0480" elements="16" />
  </table>
  <table name="TD Activation Thresholds (RPM)" address="c0414" />
  <table name="TD Activation Thresholds (Target Boost)_" address="c0400" />
  <table name="TD Integral Cumulative Range (WGDC Correction)" address="c041c" />
  <table name="TD Integral Negative Activation (Boost Error)" address="c0408" />
  <table name="TD Integral Positive Activation (Boost Error)" address="c040c" />
  <table name="TD Integral Negative Activation (Wastegate Duty)" address="c0410" />
  <table name="Manifold Pressure Sensor Scaling_" address="d54e4" />
  <table name="Manifold Pressure Sensor Limits (CEL)" address="d54ac" />
  <table name="Manifold Pressure Sensor CEL Delays" address="c392c" />
  <table name="Primary Open Loop Fueling (KCA Additive B Low)" address="ccce8">
    <table name="X" address="ccc54" elements="19" />
    <table name="Y" address="ccca0" />
  </table>
  <table name="Primary Open Loop Fueling (KCA Additive B High)" address="cced4">
    <table name="X" address="cce40" elements="19" />
    <table name="Y" address="cce8c" />
  </table>
  <table name="Primary Open Loop Fueling (Failsafe)" address="cd0c0">
    <table name="X" address="cd02c" elements="19" />
    <table name="Y" address="cd078" />
  </table>
  <table name="Primary Open Loop Fueling (KCA Alternate Mode)" address="cc8fc">
    <table name="X" address="cc868" elements="19" />
    <table name="Y" address="cc8b4" />
  </table>
  <table name="Primary Open Loop Fueling (Failsafe)(KCA Alternate Mode)" address="ccae8">
    <table name="X" address="cca54" elements="19" />
    <table name="Y" address="ccaa0" />
  </table>
  <table name="Primary Open Loop Fuel Map Switch (IAM)" address="c8ce0" />
  <table name="Minimum Active Primary Open Loop Enrichment" address="c8ce4" />
  <table name="Minimum Primary Open Loop Enrichment (Throttle)" address="c984c">
    <table name="Y" address="c9834" />
  </table>
  <table name="Minimum Primary Open Loop Enrichment (Accelerator)" address="c9870">
    <table name="Y" address="c9854" elements="7" />
  </table>
  <table name="Primary Open Loop Fueling Compensation (ECT)" address="cb174">
    <table name="Y" address="c9110" />
  </table>
  <table name="Primary Open Loop Fueling Compensation (Timing Compensation)_" address="c97dc">
    <table name="Y" address="c97c4" />
  </table>
  <table name="Front Oxygen Sensor Scaling" address="d5a58">
    <table name="Y" address="d5a24" />
  </table>
  <table name="Front Oxygen Sensor Rich Limit" address="20f48" />
  <table name="Front Oxygen Sensor Compensation (Atm. Pressure)" address="c2c7c">
    <table name="Y" address="c2c6c" />
  </table>
  <table name="CL Fueling Target Compensation A (Load)" address="ce03c">
    <table name="X" address="cdfe8" />
    <table name="Y" address="ce014" />
  </table>
  <table name="CL Fueling Target Compensation B (Load)" address="ce29c">
    <table name="X" address="ce248" />
    <table name="Y" address="ce274" elements="10" />
  </table>
  <table name="CL Fueling Target Compensation Imm. Cruise (ECT)" address="cdf1c">
    <table name="X" address="c9110" />
    <table name="Y" address="cdf10" />
  </table>
  <table name="CL Fueling Target Compensation Imm. Non-Cruise (ECT)" address="cdf88">
    <table name="X" address="c9110" />
    <table name="Y" address="cdf7c" />
  </table>
  <table name="CL Fueling Target Compensation (ECT) Disable" address="c8b2c" />
  <table name="CL to OL Delay_" address="c87f0" />
  <table name="CL to OL Delay/Switch SI-DRIVE Intelligent" address="c87ea" />
  <table name="CL to OL Transition with Delay (Throttle)" address="c9824">
    <table name="Y" address="c97e4" />
  </table>
  <table name="CL to OL Transition with Delay Throttle Hysteresis" address="c8cec" />
  <table name="CL to OL Transition with Delay (Base Pulse Width)" address="cb0a0">
    <table name="Y" address="cb060" />
  </table>
  <table name="CL to OL Transition with Delay BPW Hysteresis" address="c8ce8" />
  <table name="CL to OL Transition Counter Step Value (MAF)" address="cb0e8">
    <table name="Y" address="cb0c0" />
  </table>
  <table name="CL Delay Maximum (Throttle)" address="c8d4c" />
  <table name="CL Delay Maximum (Vehicle Speed)" address="c8d68" />
  <table name="CL Delay Minimum (ECT)" address="c8cf0" />
  <table name="CL Delay Maximum (Engine Load)" address="c8d78" />
  <table name="CL Delay Engine Load Counter Threshold" address="c87e8" />
  <table name="CL Delay Maximum Engine Speed (Per Gear)" address="c8cf4" />
  <table name="CL Delay Maximum Engine Speed (Neutral)" address="c8d1c" />
  <table name="Injector Latency_" address="cdadc">
    <table name="X" address="cdabc" />
    <table name="Y" address="cdad0" />
  </table>
  <table name="Injector Flow Scaling" address="c89b4" />
  <table name="Per Injector Pulse Width Compensation A" address="cd300">
    <table name="X" address="cd280" elements="16" />
    <table name="Y" address="cd2c0" />
  </table>
  <table name="Per Injector Pulse Width Compensation B" address="cd480">
    <table name="X" address="cd400" elements="16" />
    <table name="Y" address="cd440" />
  </table>
  <table name="Per Injector Pulse Width Compensation C" address="cd600">
    <table name="X" address="cd580" elements="16" />
    <table name="Y" address="cd5c0" />
  </table>
  <table name="Per Injector Pulse Width Compensation D" address="cd780">
    <table name="X" address="cd700" elements="16" />
    <table name="Y" address="cd740" />
  </table>
  <table name="Cranking Fuel Injector Pulse Width A (ECT)" address="c9d96">
    <table name="Y" address="c9110" />
  </table>
  <table name="Cranking Fuel Injector Pulse Width B (ECT)" address="c9db6">
    <table name="Y" address="c9110" />
  </table>
  <table name="Cranking Fuel Injector Pulse Width C (ECT)" address="c9dd6">
    <table name="Y" address="c9110" />
  </table>
  <table name="Cranking Fuel Injector Pulse Width D (ECT)" address="c9df6">
    <table name="Y" address="c9110" />
  </table>
  <table name="Cranking Fuel Injector Pulse Width E (ECT)" address="c9e16">
    <table name="Y" address="c9110" />
  </table>
  <table name="Cranking Fuel Injector Pulse Width F (ECT)" address="c9e36">
    <table name="Y" address="c9110" />
  </table>
  <table name="Cranking Fuel IPW Compensation Imm. Cruise (RPM)" address="cc29c">
    <table name="X" address="cc26c" />
    <table name="Y" address="cc280" />
  </table>
  <table name="Cranking Fuel IPW Compensation Imm. Non-Cruise (RPM)" address="cc248">
    <table name="X" address="cc218" />
    <table name="Y" address="cc22c" />
  </table>
  <table name="Cranking Fuel IPW Compensation (MAP)" address="c9314">
    <table name="Y" address="c92ec" />
  </table>
  <table name="Cranking Fuel IPW Compensation (Accelerator)" address="c9348">
    <table name="Y" address="c9320" elements="10" />
  </table>
  <table name="Cranking Fuel IPW Compensation (IAT)" address="c9368">
    <table name="Y" address="c9354" />
  </table>
  <table name="Throttle Tip-in Enrichment A" address="cb8f8">
    <table name="Y" address="cb8b0" />
  </table>
  <table name="Throttle Tip-in Enrichment B" address="cb964">
    <table name="Y" address="cb91c" />
  </table>
  <table name="Minimum Tip-in Enrichment Activation" address="c9008" />
  <table name="Minimum Tip-in Enrichment Activation (Throttle)" address="c9004" />
  <table name="Tip-in Enrichment Compensation (Boost Error)" address="c9bfc">
    <table name="Y" address="c9bd8" />
  </table>
  <table name="Tip-in Enrichment Compensation (RPM)" address="c9bc8">
    <table name="Y" address="c9b88" elements="16" />
  </table>
  <table name="Tip-in Enrichment Compensation A (ECT)" address="c9c05">
    <table name="Y" address="c9110" />
  </table>
  <table name="Tip-in Enrichment Compensation B (ECT)" address="cb988">
    <table name="Y" address="c9110" />
  </table>
  <table name="Tip-in Enrichment Compensation C (ECT)" address="cb9a8">
    <table name="Y" address="c9110" />
  </table>
  <table name="Tip-in Enrichment Compensation D (ECT)" address="cb9e8">
    <table name="Y" address="c9150" />
  </table>
  <table name="Tip-in Enrichment Compensation D (ECT) Activation" address="c900c" />
  <table name="Tip-in Enrichment Disable Applied Counter Threshold A (ECT)" address="c9c15">
    <table name="Y" address="c9110" />
  </table>
  <table name="Tip-in Enrichment Disable Applied Counter Threshold B (ECT)" address="c9c25">
    <table name="Y" address="c9110" />
  </table>
  <table name="Tip-in Enrichment Applied Counter Reset" address="c879a" />
  <table name="Tip-in Enrichment Disable Throttle Cumulative Threshold A (ECT)" address="cba08">
    <table name="Y" address="c9110" />
  </table>
  <table name="Tip-in Enrichment Disable Throttle Cumulative Threshold B (ECT)" address="cba28">
    <table name="Y" address="c9110" />
  </table>
  <table name="Tip-in Throttle Cumulative Reset" address="c879b" />
  <table name="Min Primary Base Enrichment 1 Cruise" address="cc4f4">
    <table name="X" address="c9110" />
    <table name="Y" address="cc4d0" elements="9" />
  </table>
  <table name="Min Primary Base Enrichment 1 Non-Cruise" address="cc450">
    <table name="X" address="c9110" />
    <table name="Y" address="cc430" />
  </table>
  <table name="Min Primary Base Enrichment 1 (Non-Primary OL)_" address="c93cd">
    <table name="Y" address="c9110" />
  </table>
  <table name="A/F Learning #1 Limits" address="c8be8" />
  <table name="A/F Learning #1 Airflow Ranges" address="c8bf8" />
  <table name="MAF Limit (Maximum)" address="c27d8" />
  <table name="MAF Sensor Scaling" address="d594c">
    <table name="Y" address="d5874" />
  </table>
  <table name="MAF Compensation (IAT)" address="c2f50">
    <table name="X" address="c2f1c" />
    <table name="Y" address="c2f30" />
  </table>
  <table name="Engine Load Limit A (Maximum)" address="1f678" />
  <table name="Engine Load Limit B Maximum (RPM)" address="c2b7c">
    <table name="Y" address="c2b74" />
  </table>
  <table name="Engine Load Compensation Cruise (MP)" address="c3000">
    <table name="X" address="c2f78" />
    <table name="Y" address="c2fa4" elements="23" />
  </table>
  <table name="Engine Load Compensation Non-Cruise (MP)" address="c3180">
    <table name="X" address="c3100" />
    <table name="Y" address="c312c" elements="21" />
  </table>
  <table name="Base Timing Primary Cruise" address="d1818">
    <table name="X" address="d1784" elements="19" />
    <table name="Y" address="d17d0" />
  </table>
  <table name="Base Timing Reference Cruise (AVCS related)" address="d1bf0">
    <table name="X" address="d1b5c" elements="19" />
    <table name="Y" address="d1ba8" />
  </table>
  <table name="Base Timing Primary Non-Cruise" address="d1a04">
    <table name="X" address="d1970" elements="19" />
    <table name="Y" address="d19bc" />
  </table>
  <table name="Base Timing Reference Non-Cruise (AVCS related)" address="d1ddc">
    <table name="X" address="d1d48" elements="19" />
    <table name="Y" address="d1d94" />
  </table>
  <table name="Base Timing Idle A (In-Gear)" address="cfab6">
    <table name="Y" address="cf860" />
  </table>
  <table name="Base Timing Idle B (In-Gear)" address="cfac6">
    <table name="Y" address="cf860" />
  </table>
  <table name="Base Timing Idle A (Neutral)" address="cfad6">
    <table name="Y" address="cf860" />
  </table>
  <table name="Base Timing Idle B (Neutral)" address="cfae6">
    <table name="Y" address="cf860" />
  </table>
  <table name="Base Timing Idle Minimum" address="cfaad">
    <table name="Y" address="cf8e0" />
  </table>
  <table name="Base Timing Idle Minimum Vehicle Speed Enable" address="cf658" />
  <table name="Knock Correction Advance Max Additive A (Knock Conditions)(IAM)" address="d0ff8">
    <table name="X" address="d0f64" elements="19" />
    <table name="Y" address="d0fb0" />
  </table>
  <table name="Knock Correction Advance Max Additive B (Knock Conditions)" address="d15bc">
    <table name="X" address="d1528" elements="19" />
    <table name="Y" address="d1574" />
  </table>
  <table name="Knock Correction Advance Max Primary Cruise (IAM)" address="d11e4">
    <table name="X" address="d1150" elements="19" />
    <table name="Y" address="d119c" />
  </table>
  <table name="Knock Correction Advance Max Primary Non-Cruise (IAM)" address="d13d0">
    <table name="X" address="d133c" elements="19" />
    <table name="Y" address="d1388" />
  </table>
  <table name="Knock Correction Advance Alternate Mode__" address="cf2be" />
  <table name="Knock Correction Advance Additive Range (RPM)" address="cf478" />
  <table name="Timing Compensation A (IAT)" address="cfb98">
    <table name="Y" address="cfb58" />
  </table>
  <table name="Timing Compensation A (IAT) Activation" address="d1f74">
    <table name="X" address="d1f34" />
    <table name="Y" address="d1f54" />
  </table>
  <table name="Timing Compensation B (IAT)" address="d0140">
    <table name="Y" address="d0100" />
  </table>
  <table name="Timing Compensation B (IAT) IAM Activation" address="cf808" />
  <table name="Timing Compensation B (IAT) Max Additive" address="cf7ec" />
  <table name="Timing Compensation Imm. Cruise A (ECT)" address="cfb36">
    <table name="Y" address="cf860" />
  </table>
  <table name="Timing Compensation Imm. Cruise B (ECT)" address="cfb46">
    <table name="Y" address="cf860" />
  </table>
  <table name="Timing Compensation Imm. Non-Cruise A (ECT)" address="cfb16">
    <table name="Y" address="cf860" />
  </table>
  <table name="Timing Compensation Imm. Non-Cruise B (ECT)" address="cfb26">
    <table name="Y" address="cf860" />
  </table>
  <table name="Timing Compensation Per Cylinder A" address="d0d8c">
    <table name="X" address="d0d44" />
    <table name="Y" address="d0d7c" />
  </table>
  <table name="Timing Compensation Per Cylinder B" address="d0e0c">
    <table name="X" address="d0dc4" />
    <table name="Y" address="d0dfc" />
  </table>
  <table name="Timing Compensation Per Cylinder C" address="d0e8c">
    <table name="X" address="d0e44" />
    <table name="Y" address="d0e7c" />
  </table>
  <table name="Timing Compensation Per Cylinder D" address="d0f0c">
    <table name="X" address="d0ec4" />
    <table name="Y" address="d0efc" />
  </table>
  <table name="Timing Comp Minimum Load (Per Cylinder)" address="cf378" />
  <table name="Timing Comp Maximum RPM (Per Cylinder)" address="cf374" />
  <table name="Timing Comp Minimum Coolant Temp (Per Cylinder)" address="cf37c" />
  <table name="Feedback Correction Range (RPM)" address="cf388" />
  <table name="Feedback Correction Minimum Load" address="cf380" />
  <table name="Feedback Correction Retard Value" address="cf3a8" />
  <table name="Feedback Correction Retard Limit" address="cf3a4" />
  <table name="Feedback Correction Negative Advance Value" address="cf3ac" />
  <table name="Feedback Correction Negative Advance Delay" address="cf2e8" />
  <table name="Extended Feedback Correction High RPM Compensation" address="cf3b4" />
  <table name="Fine Correction Range (RPM)" address="cf550" />
  <table name="Fine Correction Range (Load)" address="cf560" />
  <table name="Fine Correction Rows (RPM)" address="cf4f0" />
  <table name="Fine Correction Columns (Load)" address="cf50c" />
  <table name="Fine Correction Retard Value" address="cf534" />
  <table name="Fine Correction Retard Limit" address="cf530" />
  <table name="Fine Correction Advance Value" address="cf52c" />
  <table name="Fine Correction Advance Limit" address="cf528" />
  <table name="Fine Correction Advance Delay" address="cf2f8" />
  <table name="Rough Correction Range (RPM)" address="cf498" />
  <table name="Rough Correction Range (Load)" address="cf4a8" />
  <table name="Rough Correction Minimum KC Advance Map Value" address="cf4b8" />
  <table name="Rough Correction Learning Delay (Increasing)_" address="d0330">
    <table name="Y" address="d0308" />
  </table>
  <table name="Advance Multiplier (Initial)" address="cf4bc" />
  <table name="Advance Multiplier Step Value" address="cf4c0" />
  <table name="Intake Cam Advance Angle Cruise (AVCS)" address="d853c">
    <table name="X" address="d84a8" elements="19" />
    <table name="Y" address="d84f4" />
  </table>
  <table name="Intake Cam Advance Angle Non-Cruise (AVCS)" address="d887c">
    <table name="X" address="d87e8" elements="19" />
    <table name="Y" address="d8834" />
  </table>
  <table name="Exhaust Cam Retard Angle Cruise (AVCS)" address="d7a54">
    <table name="X" address="d79c0" elements="19" />
    <table name="Y" address="d7a0c" />
  </table>
  <table name="Exhaust Cam Retard Angle Non-Cruise (AVCS)" address="d7d94">
    <table name="X" address="d7d00" elements="19" />
    <table name="Y" address="d7d4c" />
  </table>
  <table name="Requested Torque (Accelerator Pedal) SI-DRIVE Sport" address="dd8a0">
    <table name="X" address="dd81c" elements="16" />
    <table name="Y" address="dd85c" />
  </table>
  <table name="Requested Torque (Accelerator Pedal) SI-DRIVE Sport Sharp" address="ddb44">
    <table name="X" address="ddac0" elements="16" />
    <table name="Y" address="ddb00" />
  </table>
  <table name="Requested Torque (Accelerator Pedal) SI-DRIVE Intelligent" address="ddde8">
    <table name="X" address="ddd64" elements="16" />
    <table name="Y" address="ddda4" />
  </table>
  <table name="Requested Torque Base (RPM)" address="dc83c">
    <table name="Y" address="dc7fc" />
  </table>
  <table name="Target Throttle Plate Position Cruise (Requested Torque Ratio)" address="dcd08">
    <table name="X" address="dcc6c" />
    <table name="Y" address="dccc8" />
  </table>
  <table name="Target Throttle Plate Position Non-Cruise (Requested Torque Ratio)" address="dd084">
    <table name="X" address="dcfe8" />
    <table name="Y" address="dd044" />
  </table>
  <table name="Target Throttle Plate Position Maximum (Requested Torque Ratio)" address="dd400">
    <table name="X" address="dd364" />
    <table name="Y" address="dd3c0" />
  </table>
  <table name="Rev Limit (Fuel Cut)" address="c9064" />
  <table name="Rev Limit Fuel Resume (Boost)" address="c906c" />
  <table name="Speed Limiting Enable (Fuel Cut)" address="c90b4" />
  <table name="Speed Limiting Disable (Fuel Cut)" address="c90bc" />
  <table name="Speed Limiting A (Throttle) SI-DRIVE Sport/Sport Sharp" address="dc644" />
  <table name="Speed Limiting B (Throttle) SI-DRIVE Sport/Sport Sharp" address="dc65c" />
  <table name="Speed Limiting (Throttle) SI-DRIVE Intelligent" address="dc650" />
  <table name="Fuel Temp Sensor Scaling" address="d57fc">
    <table name="Y" address="d5784" />
  </table>
  <table name="Intake Temp Sensor Scaling" address="d568c">
    <table name="Y" address="d5614" />
  </table>
  <table name="Coolant Temp Sensor Scaling" address="d55a4">
    <table name="Y" address="d5534" />
  </table>
  <table name="Radiator Fan Modes A (ECT)" address="d5e0c" />
  <table name="Radiator Fan Modes B (ECT)" address="d5e1c" />
  <table name="Radiator Fan Modes (Veh. Speed)" address="d5e2c" />
  <table name="Gear Determination Thresholds A" address="c29d0" />
  <table name="Gear Determination Thresholds B" address="c29e4" />
  <table name="Gear Determination Thresholds C" address="c29f8" />
  <table name="Idle Speed Target A" address="d36ea">
    <table name="Y" address="d3044" />
  </table>
  <table name="Idle Speed Target B" address="d372a">
    <table name="Y" address="d3044" />
  </table>
  <table name="Idle Speed Target C" address="d376a">
    <table name="Y" address="d3044" />
  </table>
  <table name="Force Pass Readiness Monitors_" address="944f0" />
  <table name="(P0000) PASS CODE (NO DTC DETECTED)" address="89375" />
  <table name="(P0000) PASS CODE (NO DTC DETECTED)_" address="89376" />
  <table name="(P0011) CAMSHAFT POS. - TIMING OVER-ADVANCED 1" address="89359" />
  <table name="(P0014) EXHAUST AVCS SYSTEM 1 RANGE/PERF" address="893f3" />
  <table name="(P0016) CRANKSHAFT/CAMSHAFT CORRELATION 1A" address="893ea" />
  <table name="(P0017) CRANK/CAM TIMING B FAILURE 1" address="893fb" />
  <table name="(P0018) CRANKSHAFT/CAMSHAFT CORRELATION 2A" address="893e9" />
  <table name="(P0019) CRANK/CAM TIMING B FAILURE 2" address="893fa" />
  <table name="(P0021) CAMSHAFT POS. - TIMING OVER-ADVANCED 2" address="8935a" />
  <table name="(P0024) EXHAUST AVCS SYSTEM 2 RANGE/PERF" address="893f2" />
  <table name="(P0030) FRONT O2 SENSOR RANGE/PERF" address="8939a" />
  <table name="(P0031) FRONT O2 SENSOR LOW INPUT" address="89384" />
  <table name="(P0032) FRONT O2 SENSOR HIGH INPUT" address="89382" />
  <table name="(P0037) REAR O2 SENSOR LOW INPUT" address="89383" />
  <table name="(P0038) REAR O2 SENSOR HIGH INPUT" address="89381" />
  <table name="(P0068) MAP SENSOR RANGE/PERF" address="89395" />
  <table name="(P0101) MAF SENSOR RANGE/PERF" address="89396" />
  <table name="(P0102) MAF SENSOR LOW INPUT" address="89335" />
  <table name="(P0103) MAF SENSOR HIGH INPUT" address="89336" />
  <table name="(P0107) MAP SENSOR LOW INPUT" address="89385" />
  <table name="(P0108) MAP SENSOR HIGH INPUT" address="89386" />
  <table name="(P0111) IAT SENSOR RANGE/PERF" address="89380" />
  <table name="(P0112) IAT SENSOR LOW INPUT" address="8937e" />
  <table name="(P0113) IAT SENSOR HIGH INPUT" address="8937f" />
  <table name="(P0117) COOLANT TEMP SENSOR LOW INPUT" address="8933e" />
  <table name="(P0118) COOLANT TEMP SENSOR HIGH INPUT" address="8933f" />
  <table name="(P0122) TPS A LOW INPUT" address="8933c" />
  <table name="(P0123) TPS A HIGH INPUT" address="8933d" />
  <table name="(P0125) INSUFFICIENT COOLANT TEMP (FUELING)" address="89341" />
  <table name="(P0126) INSUFFICIENT COOLANT TEMP (OPERATION)" address="893d1" />
  <table name="(P0128) THERMOSTAT MALFUNCTION" address="8938b" />
  <table name="(P0131) FRONT O2 SENSOR LOW INPUT" address="89378" />
  <table name="(P0132) FRONT O2 SENSOR HIGH INPUT" address="8937a" />
  <table name="(P0133) FRONT O2 SENSOR SLOW RESPONSE" address="89362" />
  <table name="(P0134) FRONT O2 SENSOR NO ACTIVITY" address="89398" />
  <table name="(P0137) REAR O2 SENSOR LOW VOLTAGE" address="89377" />
  <table name="(P0138) REAR O2 SENSOR HIGH VOLTAGE" address="8937c" />
  <table name="(P0139) REAR O2 SENSOR SLOW RESPONSE" address="89363" />
  <table name="(P0140) REAR O2 SENSOR NO ACTIVITY" address="893e4" />
  <table name="(P0171) SYSTEM TOO LEAN" address="8936c" />
  <table name="(P0172) SYSTEM TOO RICH" address="8936d" />
  <table name="(P0181) FUEL TEMP SENSOR A RANGE/PERF" address="8934d" />
  <table name="(P0182) FUEL TEMP SENSOR A LOW INPUT" address="8934b" />
  <table name="(P0183) FUEL TEMP SENSOR A HIGH INPUT" address="8934c" />
  <table name="(P0222) TPS B LOW INPUT" address="893a2" />
  <table name="(P0223) TPS B HIGH INPUT" address="893a3" />
  <table name="(P0230) FUEL PUMP PRIMARY CIRCUIT" address="89394" />
  <table name="(P0244) WASTEGATE SOLENOID A RANGE/PERF" address="89392" />
  <table name="(P0245) WASTEGATE SOLENOID A LOW" address="89390" />
  <table name="(P0246) WASTEGATE SOLENOID A HIGH" address="89391" />
  <table name="(P0301) MISFIRE CYLINDER 1" address="8936e" />
  <table name="(P0302) MISFIRE CYLINDER 2" address="8936f" />
  <table name="(P0303) MISFIRE CYLINDER 3" address="89370" />
  <table name="(P0304) MISFIRE CYLINDER 4" address="89371" />
  <table name="(P0327) KNOCK SENSOR 1 LOW INPUT" address="8933a" />
  <table name="(P0328) KNOCK SENSOR 1 HIGH INPUT" address="8933b" />
  <table name="(P0335) CRANKSHAFT POS. SENSOR A MALFUNCTION" address="89330" />
  <table name="(P0336) CRANKSHAFT POS. SENSOR A RANGE/PERF" address="89331" />
  <table name="(P0340) CAMSHAFT POS. SENSOR A MALFUNCTION" address="893b6" />
  <table name="(P0345) CAMSHAFT POS. SENSOR A BANK 2" address="893b5" />
  <table name="(P0365) CAMSHAFT POS. SENSOR B BANK 1" address="893b4" />
  <table name="(P0390) CAMSHAFT POS. SENSOR B BANK 2" address="893b3" />
  <table name="(P0410) SECONDARY AIR PUMP SYSTEM" address="893de" />
  <table name="(P0411) SECONDARY AIR PUMP INCORRECT FLOW" address="893dd" />
  <table name="(P0413) SECONDARY AIR PUMP A OPEN" address="893e2" />
  <table name="(P0414) SECONDARY AIR PUMP A SHORTED" address="893e7" />
  <table name="(P0416) SECONDARY AIR PUMP B OPEN" address="893f1" />
  <table name="(P0417) SECONDARY AIR PUMP B SHORTED" address="893f0" />
  <table name="(P0418) SECONDARY AIR PUMP RELAY A" address="893e3" />
  <table name="(P0420) CAT EFFICIENCY BELOW THRESHOLD" address="89368" />
  <table name="(P0441) EVAP INCORRECT PURGE FLOW" address="893f7" />
  <table name="(P0442) EVAP LEAK DETECTED (SMALL)" address="89369" />
  <table name="(P0447) EVAP VENT CONTROL CIRCUIT OPEN" address="89360" />
  <table name="(P0448) EVAP VENT CONTROL CIRCUIT SHORTED" address="89361" />
  <table name="(P0451) EVAP PRESSURE SENSOR RANGE/PERF" address="89349" />
  <table name="(P0452) EVAP PRESSURE SENSOR LOW INPUT" address="89347" />
  <table name="(P0453) EVAP PRESSURE SENSOR HIGH INPUT" address="89348" />
  <table name="(P0456) EVAP LEAK DETECTED (VERY SMALL)" address="8936a" />
  <table name="(P0457) EVAP LEAK DETECTED (FUEL CAP)" address="89374" />
  <table name="(P0458) EVAP PURGE VALVE CIRCUIT LOW" address="8935d" />
  <table name="(P0459) EVAP PURGE VALVE CIRCUIT HIGH" address="8935e" />
  <table name="(P0461) FUEL LEVEL SENSOR RANGE/PERF" address="89344" />
  <table name="(P0462) FUEL LEVEL SENSOR LOW INPUT" address="89342" />
  <table name="(P0463) FUEL LEVEL SENSOR HIGH INPUT" address="89343" />
  <table name="(P0464) FUEL LEVEL SENSOR INTERMITTENT" address="89340" />
  <table name="(P0500) VEHICLE SPEED SENSOR A" address="89337" />
  <table name="(P0506) IDLE CONTROL RPM LOWER THAN EXPECTED" address="89357" />
  <table name="(P0507) IDLE CONTROL RPM HIGH THAN EXPECTED" address="89358" />
  <table name="(P0512) STARTER REQUEST CIRCUIT" address="89346" />
  <table name="(P0600) SERIAL COMMUNICATION LINK" address="893b2" />
  <table name="(P0604) CONTROL MODULE RAM ERROR" address="89334" />
  <table name="(P0605) CONTROL MODULE ROM ERROR" address="893b7" />
  <table name="(P0607) CONTROL MODULE PERFORMANCE" address="893aa" />
  <table name="(P0638) THROTTLE ACTUATOR RANGE/PERF" address="893a9" />
  <table name="(P0851) NEUTRAL SWITCH INPUT LOW" address="8934a" />
  <table name="(P0852) NEUTRAL SWITCH INPUT HIGH" address="8934e" />
  <table name="(P1152) FRONT O2 SENSOR RANGE/PERF LOW B1 S1" address="89364" />
  <table name="(P1153) FRONT O2 SENSOR RANGE/PERF HIGH B1 S1" address="89365" />
  <table name="(P1160) ABNORMAL RETURN SPRING" address="893a4" />
  <table name="(P1400) FUEL TANK PRESSURE SOL. LOW" address="8935b" />
  <table name="(P1410) SECONDARY AIR PUMP VALVE STUCK OPEN" address="893eb" />
  <table name="(P1418) SECONDARY AIR PUMP CIRCUIT SHORTED" address="893e8" />
  <table name="(P1420) FUEL TANK PRESSURE SOL. HIGH INPUT" address="8935c" />
  <table name="(P1443) VENT CONTROL SOLENOID FUNCTION PROBLEM" address="8935f" />
  <table name="(P1491) PCV (BLOWBY) FUNCTION PROBLEM" address="8938c" />
  <table name="(P1519) IMRC STUCK CLOSED" address="893f6" />
  <table name="(P1520) IMRC CIRCUIT MALFUNCTION" address="893f5" />
  <table name="(P1560) BACK-UP VOLTAGE MALFUNCTION" address="8938d" />
  <table name="(P1602) CONTROL MODULE PROGRAMMING ERROR" address="893e6" />
  <table name="(P1616) SBDS INTERACTIVE CODES" address="893f4" />
  <table name="(P2004) TGV - INTAKE MANIFOLD RUNNER 1 STUCK OPEN" address="893cc" />
  <table name="(P2005) TGV - INTAKE MANIFOLD RUNNER 2 STUCK OPEN" address="893ce" />
  <table name="(P2006) TGV - INTAKE MANIFOLD RUNNER 1 STUCK CLOSED" address="893cd" />
  <table name="(P2007) TGV - INTAKE MANIFOLD RUNNER 2 STUCK CLOSED" address="893cf" />
  <table name="(P2008) TGV - INTAKE MANIFOLD RUNNER 1 CIRCUIT OPEN" address="893da" />
  <table name="(P2009) TGV - INTAKE MANIFOLD RUNNER 1 CIRCUIT LOW" address="893d8" />
  <table name="(P2011) TGV - INTAKE MANIFOLD RUNNER 2 CIRCUIT OPEN" address="893db" />
  <table name="(P2012) TGV - INTAKE MANIFOLD RUNNER 2 CIRCUIT LOW" address="893d9" />
  <table name="(P2016) TGV - INTAKE MANIFOLD RUNNER 1 POS. SENSOR LOW" address="893d4" />
  <table name="(P2017) TGV - INTAKE MANIFOLD RUNNER 1 POS. SENSOR HIGH" address="893d5" />
  <table name="(P2021) TGV - INTAKE MANIFOLD RUNNER 2 POS. SENSOR LOW" address="893d6" />
  <table name="(P2022) TGV - INTAKE MANIFOLD RUNNER 2 POS. SENSOR HIGH" address="893d7" />
  <table name="(P2088) OCV SOLENOID A1 CIRCUIT OPEN" address="893bf" />
  <table name="(P2089) OCV SOLENOID A1 CIRCUIT SHORT" address="893be" />
  <table name="(P2090) OCV SOLENOID B1 CIRCUIT OPEN" address="893bb" />
  <table name="(P2091) OCV SOLENOID B1 CIRCUIT SHORT" address="893ba" />
  <table name="(P2092) OCV SOLENOID A2 CIRCUIT OPEN" address="893bd" />
  <table name="(P2093) OCV SOLENOID A2 CIRCUIT SHORT" address="893bc" />
  <table name="(P2094) OCV SOLENOID B2 CIRCUIT OPEN" address="893b9" />
  <table name="(P2095) OCV SOLENOID B2 CIRCUIT SHORT" address="893b8" />
  <table name="(P2096) POST CATALYST TOO LEAN B1" address="893a8" />
  <table name="(P2097) POST CATALYST TOO RICH B1" address="893b1" />
  <table name="(P2101) THROTTLE ACTUATOR CIRCUIT RANGE/PERF" address="893a7" />
  <table name="(P2102) THROTTLE ACTUATOR CIRCUIT LOW" address="893a5" />
  <table name="(P2103) THROTTLE ACTUATOR CIRCUIT HIGH" address="893a6" />
  <table name="(P2109) TPS A MINIMUM STOP PERF" address="893a1" />
  <table name="(P2122) TPS D CIRCUIT LOW INPUT" address="893ae" />
  <table name="(P2123) TPS D CIRCUIT HIGH INPUT" address="893af" />
  <table name="(P2127) TPS E CIRCUIT LOW INPUT" address="893ac" />
  <table name="(P2128) TPS E CIRCUIT HIGH INPUT" address="893ad" />
  <table name="(P2135) TPS A/B VOLTAGE" address="893b0" />
  <table name="(P2138) TPS D/E VOLTAGE" address="893ab" />
  <table name="(P2419) EVAP SWITCHING VALVE LOW" address="893f8" />
  <table name="(P2420) EVAP SWITCHING VALVE HIGH" address="893f9" />
  <table name="(P2431) SECONDARY AIR PUMP CIRCUIT RANGE/PERF" address="893df" />
  <table name="(P2432) SECONDARY AIR PUMP CIRCUIT LOW" address="893e1" />
  <table name="(P2433) SECONDARY AIR PUMP CIRCUIT HIGH" address="893e0" />
  <table name="(P2440) SECONDARY AIR PUMP VALVE 1 STUCK OPEN" address="893ef" />
  <table name="(P2441) SECONDARY AIR PUMP VALVE 1 STUCK CLOSED" address="893ee" />
  <table name="(P2442) SECONDARY AIR PUMP VALVE 2 STUCK OPEN" address="893ed" />
  <table name="(P2443) SECONDARY AIR PUMP 2 STUCK CLOSED" address="893ec" />
  <table name="(P2444) SECONDARY AIR PUMP 1 STUCK ON B1" address="893dc" />
</rom>