<rom>
  <romid>
    <xmlid>EZ1D302B</xmlid>
    <internalidaddress>2004</internalidaddress>
    <internalidstring>EZ1D302B</internalidstring>
    <ecuid>5222167307</ecuid>
    <year>09</year>
    <market>USDM</market>
    <make>Subaru</make>
    <model>Legacy</model>
    <submodel>2.5i</submodel>
    <transmission>AT</transmission>
    <memmodel>SH7058</memmodel>
    <flashmethod>subarucan</flashmethod>
    <checksummodule>subarudbw</checksummodule>
  </romid>
  <include>32BITBASE</include>
  <table name="Manifold Pressure Sensor Scaling_" address="d0b08" />
  <table name="Manifold Pressure Sensor Limits (CEL)" address="d0ad4" />
  <table name="Manifold Pressure Sensor CEL Delays" address="c3360" />
  <table name="Primary Open Loop Fueling A_" address="c93b8">
    <table name="X" address="c9364" />
    <table name="Y" address="c9390" elements="10" />
  </table>
  <table name="Primary Open Loop Fueling B_" address="c947c">
    <table name="X" address="c9428" />
    <table name="Y" address="c9454" elements="10" />
  </table>
  <table name="Minimum Active Primary Open Loop Enrichment" address="c6678" />
  <table name="Front Oxygen Sensor Scaling" address="d1034">
    <table name="Y" address="d1000" />
  </table>
  <table name="Front Oxygen Sensor Rich Limit" address="1f178" />
  <table name="Front Oxygen Sensor Compensation (Atm. Pressure)" address="c21e0">
    <table name="Y" address="c21d0" />
  </table>
  <table name="CL Fueling Target Compensation A (Load)" address="c9e9c">
    <table name="X" address="c9e24" />
    <table name="Y" address="c9e50" elements="19" />
  </table>
  <table name="CL Fueling Target Compensation B (Load)" address="ca2d4">
    <table name="X" address="ca25c" />
    <table name="Y" address="ca288" elements="19" />
  </table>
  <table name="CL Fueling Target Compensation C (Load)" address="ca728">
    <table name="X" address="ca6ac" />
    <table name="Y" address="ca6d8" elements="20" />
  </table>
  <table name="CL Fueling Target Compensation D (Load)" address="cab90">
    <table name="X" address="cab14" />
    <table name="Y" address="cab40" elements="20" />
  </table>
  <table name="CL Fueling Target Compensation (ECT)" address="c9ba8">
    <table name="X" address="c69c4" />
    <table name="Y" address="c9b9c" />
  </table>
  <table name="CL Fueling Target Compensation (ECT) Disable" address="c64dc" />
  <table name="CL to OL Delay A (Atm. Pressure)" address="c8264">
    <table name="Y" address="c8248" />
  </table>
  <table name="CL to OL Delay B (Atm. Pressure)" address="c8290">
    <table name="Y" address="c8274" />
  </table>
  <table name="CL to OL Transition with Delay (Accelerator)" address="c6fc8">
    <table name="Y" address="c6f88" />
  </table>
  <table name="CL to OL Transition with Delay Throttle Hysteresis" address="c667c" />
  <table name="CL to OL Transition with Delay (Base Pulse Width)" address="c8228">
    <table name="Y" address="c81e8" />
  </table>
  <table name="CL to OL Transition with Delay BPW Hysteresis" address="c6680" />
  <table name="CL Delay Minimum (ECT)" address="c6684" />
  <table name="CL Delay Maximum Engine Speed A" address="c6690" />
  <table name="CL Delay Maximum Engine Speed B" address="c668c" />
  <table name="CL Delay Engine Speed B Counter Threshold" address="c6228" />
  <table name="CL Delay Maximum (Throttle) A" address="c6688" />
  <table name="CL Delay Throttle A Counter Threshold" address="c6226" />
  <table name="CL Delay Maximum (Throttle) B (ECT)" address="c6fd8">
    <table name="Y" address="c69c4" />
  </table>
  <table name="Injector Latency_" address="c99c4">
    <table name="X" address="c99a4" />
    <table name="Y" address="c99b8" />
  </table>
  <table name="Injector Flow Scaling" address="c6398" />
  <table name="Per Injector Pulse Width Compensation A" address="c9574">
    <table name="X" address="c9538" elements="8" />
    <table name="Y" address="c9558" elements="7" />
  </table>
  <table name="Per Injector Pulse Width Compensation B" address="c95e8">
    <table name="X" address="c95ac" elements="8" />
    <table name="Y" address="c95cc" elements="7" />
  </table>
  <table name="Per Injector Pulse Width Compensation C" address="c965c">
    <table name="X" address="c9620" elements="8" />
    <table name="Y" address="c9640" elements="7" />
  </table>
  <table name="Per Injector Pulse Width Compensation D" address="c96d0">
    <table name="X" address="c9694" elements="8" />
    <table name="Y" address="c96b4" elements="7" />
  </table>
  <table name="Cranking Fuel Injector Pulse Width A (ECT)" address="c72f6">
    <table name="Y" address="c69c4" />
  </table>
  <table name="Cranking Fuel Injector Pulse Width B (ECT)" address="c7316">
    <table name="Y" address="c69c4" />
  </table>
  <table name="Cranking Fuel Injector Pulse Width C (ECT)" address="c7336">
    <table name="Y" address="c69c4" />
  </table>
  <table name="Cranking Fuel Injector Pulse Width D (ECT)" address="c7356">
    <table name="Y" address="c69c4" />
  </table>
  <table name="Cranking Fuel Injector Pulse Width E (ECT)" address="c7376">
    <table name="Y" address="c69c4" />
  </table>
  <table name="Cranking Fuel Injector Pulse Width F (ECT)" address="c7396">
    <table name="Y" address="c69c4" />
  </table>
  <table name="Cranking Fuel Injector Pulse Width G (ECT)" address="c73b6">
    <table name="Y" address="c69c4" />
  </table>
  <table name="Cranking Fuel Injector Pulse Width H (ECT)" address="c73d6">
    <table name="Y" address="c69c4" />
  </table>
  <table name="Cranking Fuel Injector Pulse Width I (ECT)" address="c73f6">
    <table name="Y" address="c69c4" />
  </table>
  <table name="Cranking Fuel IPW Compensation A (RPM)" address="c8e30">
    <table name="X" address="c8e00" />
    <table name="Y" address="c8e14" />
  </table>
  <table name="Cranking Fuel IPW Compensation B (RPM)" address="c8ee0">
    <table name="X" address="c8ea8" />
    <table name="Y" address="c8ebc" elements="9" />
  </table>
  <table name="Cranking Fuel IPW Compensation (MAP)" address="c6bbc">
    <table name="Y" address="c6b94" />
  </table>
  <table name="Cranking Fuel IPW Compensation (Accelerator)" address="c6be0">
    <table name="Y" address="c6bc8" />
  </table>
  <table name="Cranking Fuel IPW Compensation (IAT)" address="c6bfc">
    <table name="Y" address="c6be8" />
  </table>
  <table name="Throttle Tip-in Enrichment A" address="c8824">
    <table name="Y" address="c87dc" />
  </table>
  <table name="Throttle Tip-in Enrichment B" address="c8890">
    <table name="Y" address="c8848" />
  </table>
  <table name="Minimum Tip-in Enrichment Activation" address="c6858" />
  <table name="Minimum Tip-in Enrichment Activation (Throttle)" address="c6854" />
  <table name="Tip-in Enrichment Compensation (RPM)" address="c718c">
    <table name="Y" address="c7168" />
  </table>
  <table name="Tip-in Enrichment Compensation (MRP)" address="c71bc">
    <table name="Y" address="c7198" />
  </table>
  <table name="Tip-in Enrichment Compensation A (ECT)" address="c71c5">
    <table name="Y" address="c69c4" />
  </table>
  <table name="Tip-in Enrichment Compensation B (ECT)" address="c88b4">
    <table name="Y" address="c69c4" />
  </table>
  <table name="Tip-in Enrichment Compensation C (ECT)" address="c88d4">
    <table name="Y" address="c69c4" />
  </table>
  <table name="Tip-in Enrichment Compensation D (ECT)" address="c8914">
    <table name="Y" address="c6a04" />
  </table>
  <table name="Tip-in Enrichment Compensation D (ECT) Activation" address="c685c" />
  <table name="Tip-in Enrichment Disable Applied Counter Threshold A (ECT)" address="c71d5">
    <table name="Y" address="c69c4" />
  </table>
  <table name="Tip-in Enrichment Disable Applied Counter Threshold B (ECT)" address="c71e5">
    <table name="Y" address="c69c4" />
  </table>
  <table name="Tip-in Enrichment Applied Counter Reset" address="c61d7" />
  <table name="Tip-in Enrichment Disable Throttle Cumulative Threshold A (ECT)" address="c8934">
    <table name="Y" address="c69c4" />
  </table>
  <table name="Tip-in Enrichment Disable Throttle Cumulative Threshold B (ECT)" address="c8954">
    <table name="Y" address="c69c4" />
  </table>
  <table name="Tip-in Throttle Cumulative Reset" address="c61d8" />
  <table name="A/F Learning #1 Limits" address="c6580" />
  <table name="A/F Learning #1 Airflow Ranges" address="c6590" />
  <table name="MAF Limit (Maximum)" address="c1c18" />
  <table name="MAF Sensor Scaling" address="d0f40">
    <table name="Y" address="d0e80" elements="48" />
  </table>
  <table name="MAF Compensation (IAT)" address="c265c">
    <table name="X" address="c2628" />
    <table name="Y" address="c263c" />
  </table>
  <table name="Engine Load Limit (Maximum)" address="1e2e0" />
  <table name="Engine Load Compensation A (MP)" address="c26e0">
    <table name="X" address="c2684" />
    <table name="Y" address="c26b0" />
  </table>
  <table name="Engine Load Compensation B (MP)" address="c27c0">
    <table name="X" address="c2764" />
    <table name="Y" address="c2790" />
  </table>
  <table name="Base Timing A" address="cd43c">
    <table name="X" address="cd3b8" elements="14" />
    <table name="Y" address="cd3f0" elements="19" />
  </table>
  <table name="Base Timing B" address="cd5cc">
    <table name="X" address="cd548" elements="14" />
    <table name="Y" address="cd580" elements="19" />
  </table>
  <table name="Base Timing C" address="cd75c">
    <table name="X" address="cd6d8" elements="14" />
    <table name="Y" address="cd710" elements="19" />
  </table>
  <table name="Base Timing D" address="cd8ec">
    <table name="X" address="cd868" elements="14" />
    <table name="Y" address="cd8a0" elements="19" />
  </table>
  <table name="Base Timing Idle (In-Gear)(Above Speed Threshold)" address="cc040">
    <table name="Y" address="cbed4" />
  </table>
  <table name="Base Timing Idle (In-Gear)(Below Speed Threshold)" address="cc049">
    <table name="Y" address="cbed4" />
  </table>
  <table name="Base Timing Idle (Neutral)" address="cc080">
    <table name="Y" address="cc05c" />
  </table>
  <table name="Base Timing Idle Vehicle Speed Threshold" address="cbb40" />
  <table name="Knock Correction Advance Max A" address="ce10c">
    <table name="X" address="ce088" elements="14" />
    <table name="Y" address="ce0c0" elements="19" />
  </table>
  <table name="Knock Correction Advance Max B" address="ce29c">
    <table name="X" address="ce218" elements="14" />
    <table name="Y" address="ce250" elements="19" />
  </table>
  <table name="Timing Compensation (IAT)" address="cc1ec">
    <table name="Y" address="cc1ac" />
  </table>
  <table name="Timing Compensation (IAT) Activation" address="cda48">
    <table name="X" address="cd9f8" elements="16" />
    <table name="Y" address="cda38" elements="4" />
  </table>
  <table name="Timing Compensation A (ECT)" address="cc169">
    <table name="Y" address="cbe54" />
  </table>
  <table name="Timing Compensation B (ECT)" address="cc179">
    <table name="Y" address="cbe54" />
  </table>
  <table name="Timing Compensation C (ECT)" address="cc189">
    <table name="Y" address="cbe54" />
  </table>
  <table name="Timing Compensation D (ECT)" address="cc199">
    <table name="Y" address="cbe54" />
  </table>
  <table name="Timing Compensation Per Cylinder A" address="cddfc">
    <table name="X" address="cdda8" />
    <table name="Y" address="cdde0" elements="7" />
  </table>
  <table name="Timing Compensation Per Cylinder B" address="cdeb4">
    <table name="X" address="cde60" />
    <table name="Y" address="cde98" elements="7" />
  </table>
  <table name="Timing Compensation Per Cylinder C" address="cdf6c">
    <table name="X" address="cdf18" />
    <table name="Y" address="cdf50" elements="7" />
  </table>
  <table name="Timing Compensation Per Cylinder D" address="ce024">
    <table name="X" address="cdfd0" />
    <table name="Y" address="ce008" elements="7" />
  </table>
  <table name="Timing Comp Minimum Load (Per Cylinder)" address="cbd44" />
  <table name="Timing Comp Maximum RPM (Per Cylinder)" address="cbd40" />
  <table name="Timing Comp Minimum Coolant Temp (Per Cylinder)" address="cbd48" />
  <table name="Feedback Correction Range (RPM)" address="cbd50" />
  <table name="Feedback Correction Minimum Load_" address="cc8b4">
    <table name="Y" address="cc8a4" />
  </table>
  <table name="Feedback Correction Retard Value_" address="cd254">
    <table name="Y" address="cd220" />
  </table>
  <table name="Feedback Correction Retard Limit" address="cbd64" />
  <table name="Feedback Correction Negative Advance Value" address="cbd68" />
  <table name="Feedback Correction Negative Advance Delay_" address="cc8f0">
    <table name="Y" address="cc8bc" />
  </table>
  <table name="Fine Correction Range (RPM)" address="cbe1c" />
  <table name="Fine Correction Range (Load)" address="cbe2c" />
  <table name="Fine Correction Rows (RPM)_" address="cbdc4" />
  <table name="Fine Correction Columns (Load)_" address="cbde4" />
  <table name="Fine Correction Retard Value_" address="cd2bc">
    <table name="Y" address="cd288" />
  </table>
  <table name="Fine Correction Retard Limit" address="cbe10" />
  <table name="Fine Correction Advance Value" address="cbe0c" />
  <table name="Fine Correction Advance Limit" address="cbe08" />
  <table name="Fine Correction Advance Delay" address="cba54" />
  <table name="Rough Correction Range (RPM)" address="cbd80" />
  <table name="Rough Correction Range (Load)" address="cbd90" />
  <table name="Rough Correction Minimum KC Advance Map Value" address="cbda0" />
  <table name="Rough Correction Learning Delay (Increasing)_" address="cc934">
    <table name="Y" address="cc90c" />
  </table>
  <table name="Advance Multiplier (Initial)" address="cbda4" />
  <table name="Advance Multiplier Step Value" address="cbda8" />
  <table name="Requested Torque A (Accelerator Pedal)" address="ddefc">
    <table name="X" address="dde68" elements="17" />
    <table name="Y" address="ddeac" elements="20" />
  </table>
  <table name="Requested Torque B (Accelerator Pedal)" address="de238">
    <table name="X" address="de1a4" elements="17" />
    <table name="Y" address="de1e8" elements="20" />
  </table>
  <table name="Requested Torque C (Accelerator Pedal)" address="de574">
    <table name="X" address="de4e0" elements="17" />
    <table name="Y" address="de524" elements="20" />
  </table>
  <table name="Requested Torque D (Accelerator Pedal)" address="de8b0">
    <table name="X" address="de81c" elements="17" />
    <table name="Y" address="de860" elements="20" />
  </table>
  <table name="Requested Torque E (Accelerator Pedal)" address="debec">
    <table name="X" address="deb58" elements="17" />
    <table name="Y" address="deb9c" elements="20" />
  </table>
  <table name="Requested Torque F (Accelerator Pedal)" address="def28">
    <table name="X" address="dee94" elements="17" />
    <table name="Y" address="deed8" elements="20" />
  </table>
  <table name="Target Throttle Plate Position A (Requested Torque)" address="dcd98">
    <table name="X" address="dccd8" elements="28" />
    <table name="Y" address="dcd48" elements="20" />
  </table>
  <table name="Target Throttle Plate Position B (Requested Torque)" address="dd2b8">
    <table name="X" address="dd1f8" elements="28" />
    <table name="Y" address="dd268" elements="20" />
  </table>
  <table name="Target Throttle Plate Position Maximum (Requested Torque)" address="dd7d8">
    <table name="X" address="dd718" elements="28" />
    <table name="Y" address="dd788" elements="20" />
  </table>
  <table name="Rev Limit (Fuel Cut)" address="c68e0" />
  <table name="Rev Limit Fuel Resume (MP)" address="c68e8" />
  <table name="Speed Limiting Enable (Fuel Cut)" address="c692c" />
  <table name="Speed Limiting Disable (Fuel Cut)" address="c6934" />
  <table name="Speed Limiting A (Throttle)" address="dc648" />
  <table name="Speed Limiting B (Throttle)" address="dc660" />
  <table name="Fuel Temp Sensor Scaling" address="d0e08">
    <table name="Y" address="d0d90" />
  </table>
  <table name="Intake Temp Sensor Scaling" address="d0c98">
    <table name="Y" address="d0c20" />
  </table>
  <table name="Coolant Temp Sensor Scaling" address="d0bb0">
    <table name="Y" address="d0b40" />
  </table>
  <table name="Radiator Fan Modes A (ECT)" address="d12d8" />
  <table name="Radiator Fan Modes B (ECT)" address="d12e8" />
  <table name="Radiator Fan Modes (Veh. Speed)" address="d12f8" />
  <table name="Idle Speed Target A" address="cf00c">
    <table name="Y" address="cea70" />
  </table>
  <table name="Idle Speed Target B" address="cf04c">
    <table name="Y" address="cea70" />
  </table>
  <table name="Idle Speed Target C" address="cf08c">
    <table name="Y" address="cea70" />
  </table>
  <table name="Idle Speed Target D" address="cf0ac">
    <table name="Y" address="cea70" />
  </table>
  <table name="Idle Speed Target E" address="cf0ec">
    <table name="Y" address="cea70" />
  </table>
  <table name="Idle Speed Target F" address="cf12c">
    <table name="Y" address="cea70" />
  </table>
  <table name="Force Pass Readiness Monitors_" address="8383c" />
  <table name="(P0000) PASS CODE (NO DTC DETECTED)" address="78837" />
  <table name="(P0000) PASS CODE (NO DTC DETECTED)_" address="78838" />
  <table name="(P0026) OSV SOLENOID VALVE CIRCUIT RANGE/PERF B1" address="78889" />
  <table name="(P0028) OSV SOLENOID VALVE CIRCUIT RANGE/PERF B2" address="78886" />
  <table name="(P0030) FRONT O2 SENSOR RANGE/PERF" address="7885c" />
  <table name="(P0031) FRONT O2 SENSOR LOW INPUT" address="78846" />
  <table name="(P0032) FRONT O2 SENSOR HIGH INPUT" address="78844" />
  <table name="(P0037) REAR O2 SENSOR LOW INPUT" address="78845" />
  <table name="(P0038) REAR O2 SENSOR HIGH INPUT" address="78843" />
  <table name="(P0068) MAP SENSOR RANGE/PERF" address="78857" />
  <table name="(P0076) INTAKE VALVE CIRCUIT LOW (BANK 1)" address="7888b" />
  <table name="(P0077) INTAKE VALVE CONTROL HIGH (BANK 1)" address="7888a" />
  <table name="(P0082) INTAKE VALVE CONTROL LOW (BANK 2)" address="78888" />
  <table name="(P0083) INTAKE VALVE CONTROL HIGH (BANK 2)" address="78887" />
  <table name="(P0101) MAF SENSOR RANGE/PERF" address="78858" />
  <table name="(P0102) MAF SENSOR LOW INPUT" address="787f5" />
  <table name="(P0103) MAF SENSOR HIGH INPUT" address="787f6" />
  <table name="(P0107) MAP SENSOR LOW INPUT" address="78847" />
  <table name="(P0108) MAP SENSOR HIGH INPUT" address="78848" />
  <table name="(P0111) IAT SENSOR RANGE/PERF" address="78842" />
  <table name="(P0112) IAT SENSOR LOW INPUT" address="78840" />
  <table name="(P0113) IAT SENSOR HIGH INPUT" address="78841" />
  <table name="(P0117) COOLANT TEMP SENSOR LOW INPUT" address="787fe" />
  <table name="(P0118) COOLANT TEMP SENSOR HIGH INPUT" address="787ff" />
  <table name="(P0122) TPS A LOW INPUT" address="787fc" />
  <table name="(P0123) TPS A HIGH INPUT" address="787fd" />
  <table name="(P0125) INSUFFICIENT COOLANT TEMP (FUELING)" address="78801" />
  <table name="(P0126) INSUFFICIENT COOLANT TEMP (OPERATION)" address="78895" />
  <table name="(P0128) THERMOSTAT MALFUNCTION" address="7884d" />
  <table name="(P0131) FRONT O2 SENSOR LOW INPUT" address="7883a" />
  <table name="(P0132) FRONT O2 SENSOR HIGH INPUT" address="7883c" />
  <table name="(P0133) FRONT O2 SENSOR SLOW RESPONSE" address="78824" />
  <table name="(P0134) FRONT O2 SENSOR NO ACTIVITY" address="7885a" />
  <table name="(P0137) REAR O2 SENSOR LOW VOLTAGE" address="78839" />
  <table name="(P0138) REAR O2 SENSOR HIGH VOLTAGE" address="7883e" />
  <table name="(P0139) REAR O2 SENSOR SLOW RESPONSE" address="78825" />
  <table name="(P0140) REAR O2 SENSOR NO ACTIVITY" address="788a8" />
  <table name="(P0171) SYSTEM TOO LEAN" address="7882e" />
  <table name="(P0172) SYSTEM TOO RICH" address="7882f" />
  <table name="(P0181) FUEL TEMP SENSOR A RANGE/PERF" address="7880d" />
  <table name="(P0182) FUEL TEMP SENSOR A LOW INPUT" address="7880b" />
  <table name="(P0183) FUEL TEMP SENSOR A HIGH INPUT" address="7880c" />
  <table name="(P0196) OIL TEMP SENSOR RANGE/PERF" address="7888c" />
  <table name="(P0197) OIL TEMP SENSOR LOW" address="78882" />
  <table name="(P0198) OIL TEMP SENSOR HIGH" address="7888d" />
  <table name="(P0222) TPS B LOW INPUT" address="78864" />
  <table name="(P0223) TPS B HIGH INPUT" address="78865" />
  <table name="(P0301) MISFIRE CYLINDER 1" address="78830" />
  <table name="(P0302) MISFIRE CYLINDER 2" address="78831" />
  <table name="(P0303) MISFIRE CYLINDER 3" address="78832" />
  <table name="(P0304) MISFIRE CYLINDER 4" address="78833" />
  <table name="(P0327) KNOCK SENSOR 1 LOW INPUT" address="787fa" />
  <table name="(P0328) KNOCK SENSOR 1 HIGH INPUT" address="787fb" />
  <table name="(P0335) CRANKSHAFT POS. SENSOR A MALFUNCTION" address="787f0" />
  <table name="(P0336) CRANKSHAFT POS. SENSOR A RANGE/PERF" address="787f1" />
  <table name="(P0340) CAMSHAFT POS. SENSOR A MALFUNCTION" address="787f3" />
  <table name="(P0341) CAMSHAFT POS. SENSOR A RANGE/PERF" address="787f2" />
  <table name="(P0400) EGR FLOW" address="7882d" />
  <table name="(P0420) CAT EFFICIENCY BELOW THRESHOLD" address="7882a" />
  <table name="(P0442) EVAP LEAK DETECTED (SMALL)" address="7882b" />
  <table name="(P0447) EVAP VENT CONTROL CIRCUIT OPEN" address="78822" />
  <table name="(P0448) EVAP VENT CONTROL CIRCUIT SHORTED" address="78823" />
  <table name="(P0451) EVAP PRESSURE SENSOR RANGE/PERF" address="78809" />
  <table name="(P0452) EVAP PRESSURE SENSOR LOW INPUT" address="78807" />
  <table name="(P0453) EVAP PRESSURE SENSOR HIGH INPUT" address="78808" />
  <table name="(P0456) EVAP LEAK DETECTED (VERY SMALL)" address="7882c" />
  <table name="(P0457) EVAP LEAK DETECTED (FUEL CAP)" address="78836" />
  <table name="(P0458) EVAP PURGE VALVE CIRCUIT LOW" address="7881f" />
  <table name="(P0459) EVAP PURGE VALVE CIRCUIT HIGH" address="78820" />
  <table name="(P0461) FUEL LEVEL SENSOR RANGE/PERF" address="78804" />
  <table name="(P0462) FUEL LEVEL SENSOR LOW INPUT" address="78802" />
  <table name="(P0463) FUEL LEVEL SENSOR HIGH INPUT" address="78803" />
  <table name="(P0464) FUEL LEVEL SENSOR INTERMITTENT" address="78800" />
  <table name="(P0500) VEHICLE SPEED SENSOR A" address="787f7" />
  <table name="(P0506) IDLE CONTROL RPM LOWER THAN EXPECTED" address="78817" />
  <table name="(P0507) IDLE CONTROL RPM HIGH THAN EXPECTED" address="78818" />
  <table name="(P0512) STARTER REQUEST CIRCUIT" address="78806" />
  <table name="(P0600) SERIAL COMMUNICATION LINK" address="78874" />
  <table name="(P0604) CONTROL MODULE RAM ERROR" address="787f4" />
  <table name="(P0605) CONTROL MODULE ROM ERROR" address="78879" />
  <table name="(P0607) CONTROL MODULE PERFORMANCE" address="7886c" />
  <table name="(P0638) THROTTLE ACTUATOR RANGE/PERF" address="7886b" />
  <table name="(P0700) TRANSMISSION CONTROL SYSTEM" address="78885" />
  <table name="(P0851) NEUTRAL SWITCH INPUT LOW" address="7880a" />
  <table name="(P0852) NEUTRAL SWITCH INPUT HIGH" address="7880e" />
  <table name="(P1152) FRONT O2 SENSOR RANGE/PERF LOW B1 S1" address="78826" />
  <table name="(P1153) FRONT O2 SENSOR RANGE/PERF HIGH B1 S1" address="78827" />
  <table name="(P1160) ABNORMAL RETURN SPRING" address="78866" />
  <table name="(P1400) FUEL TANK PRESSURE SOL. LOW" address="7881d" />
  <table name="(P1420) FUEL TANK PRESSURE SOL. HIGH INPUT" address="7881e" />
  <table name="(P1443) VENT CONTROL SOLENOID FUNCTION PROBLEM" address="78821" />
  <table name="(P1491) PCV (BLOWBY) FUNCTION PROBLEM" address="7884e" />
  <table name="(P1492) EGR SOLENOID SIGNAL 1 MALFUNCTION (LOW)" address="7880f" />
  <table name="(P1493) EGR SOLENOID SIGNAL 1 MALFUNCTION (HIGH)" address="78810" />
  <table name="(P1494) EGR SOLENOID SIGNAL 2 MALFUNCTION (LOW)" address="78811" />
  <table name="(P1495) EGR SOLENOID SIGNAL 2 MALFUNCTION (HIGH)" address="78812" />
  <table name="(P1496) EGR SIGNAL 3 CIRCUIT LOW" address="78813" />
  <table name="(P1497) EGR SOLENOID SIGNAL 3 MALFUNCTION (HIGH)" address="78814" />
  <table name="(P1498) EGR SIGNAL 4 CIRCUIT LOW" address="78815" />
  <table name="(P1499) EGR SIGNAL 4 CIRCUIT HIGH" address="78816" />
  <table name="(P1519) IMRC STUCK CLOSED" address="788ba" />
  <table name="(P1520) IMRC CIRCUIT MALFUNCTION" address="788b9" />
  <table name="(P1560) BACK-UP VOLTAGE MALFUNCTION" address="7884f" />
  <table name="(P1602) CONTROL MODULE PROGRAMMING ERROR" address="788aa" />
  <table name="(P1616) SBDS INTERACTIVE CODES" address="788b8" />
  <table name="(P2096) POST CATALYST TOO LEAN B1" address="7886a" />
  <table name="(P2097) POST CATALYST TOO RICH B1" address="78873" />
  <table name="(P2101) THROTTLE ACTUATOR CIRCUIT RANGE/PERF" address="78869" />
  <table name="(P2102) THROTTLE ACTUATOR CIRCUIT LOW" address="78867" />
  <table name="(P2103) THROTTLE ACTUATOR CIRCUIT HIGH" address="78868" />
  <table name="(P2109) TPS A MINIMUM STOP PERF" address="78863" />
  <table name="(P2122) TPS D CIRCUIT LOW INPUT" address="78870" />
  <table name="(P2123) TPS D CIRCUIT HIGH INPUT" address="78871" />
  <table name="(P2127) TPS E CIRCUIT LOW INPUT" address="7886e" />
  <table name="(P2128) TPS E CIRCUIT HIGH INPUT" address="7886f" />
  <table name="(P2135) TPS A/B VOLTAGE" address="78872" />
  <table name="(P2138) TPS D/E VOLTAGE" address="7886d" />
  <table name="(P2227) BARO. PRESSURE CIRCUIT RANGE/PERF" address="78894" />
  <table name="(P2228) BARO. PRESSURE CIRCUIT LOW INPUT" address="78897" />
  <table name="(P2229) BARO. PRESSURE CIRCUIT HIGH INPUT" address="78896" />
</rom>