<rom>
  <romid>
    <xmlid>D0XJ001T</xmlid>
    <internalidaddress>2000</internalidaddress>
    <internalidstring>D0XJ001T</internalidstring>
    <ecuid>455A344006</ecuid>
    <year>06</year>
    <market>ADM</market>
    <make>Subaru</make>
    <model>Liberty</model>
    <submodel>3.0R</submodel>
    <transmission>AT</transmission>
    <memmodel>SH7058</memmodel>
    <flashmethod>sti05</flashmethod>
    <checksummodule>subarudbw</checksummodule>
  </romid>
  <include>32BITBASE</include>
  <table name="Manifold Pressure Sensor Scaling" address="c0274" />
  <table name="Manifold Pressure Sensor Limits (CEL)" address="c9e04" />
  <table name="Manifold Pressure Sensor CEL Delays" address="c2898" />
  <table name="Primary Open Loop Fueling A_" address="c5f50">
    <table name="X" address="c5ef0" elements="14" />
    <table name="Y" address="c5f28" elements="10" />
  </table>
  <table name="Primary Open Loop Fueling B_" address="c603c">
    <table name="X" address="c5fdc" elements="14" />
    <table name="Y" address="c6014" elements="10" />
  </table>
  <table name="Front Oxygen Sensor #1 Scaling" address="ca20c">
    <table name="Y" address="ca1d8" />
  </table>
  <table name="Front Oxygen Sensor #2 Scaling" address="ca274">
    <table name="Y" address="ca240" />
  </table>
  <table name="Front Oxygen Sensor Rich Limit" address="1d638" />
  <table name="Front Oxygen Sensor Compensation (Atm. Pressure)" address="c190c">
    <table name="Y" address="c18fc" />
  </table>
  <table name="CL Fueling Target Compensation A (Load)" address="c61a4">
    <table name="X" address="c614c" elements="9" />
    <table name="Y" address="c6170" elements="13" />
  </table>
  <table name="CL Fueling Target Compensation B (Load)" address="c62e8">
    <table name="X" address="c6290" elements="9" />
    <table name="Y" address="c62b4" elements="13" />
  </table>
  <table name="CL Fueling Target Compensation (ECT)_" address="c53de">
    <table name="Y" address="c4988" />
  </table>
  <table name="CL Fueling Target Compensation (ECT) Disable" address="c4510" />
  <table name="CL to OL Delay (Atm. Pressure)" address="c573c">
    <table name="Y" address="c5734" elements="2" />
  </table>
  <table name="CL to OL Transition with Delay A (Throttle)" address="c4e30">
    <table name="Y" address="c4e28" elements="2" />
  </table>
  <table name="CL to OL Transition with Delay B (Throttle)" address="c4e3c">
    <table name="Y" address="c4e34" elements="2" />
  </table>
  <table name="CL to OL Transition with Delay Throttle Hysteresis" address="c46a0" />
  <table name="CL to OL Transition with Delay (Base Pulse Width)" address="c5750">
    <table name="Y" address="c5740" elements="4" />
  </table>
  <table name="CL to OL Transition with Delay BPW Hysteresis" address="c46a4" />
  <table name="CL Delay Minimum (ECT)" address="c46a8" />
  <table name="CL Delay Maximum Engine Speed A" address="c46ac" />
  <table name="CL Delay Maximum Engine Speed B" address="c46b8" />
  <table name="CL Delay Engine Speed B Counter Threshold" address="c4294" />
  <table name="CL Delay Maximum (Throttle) A" address="c46b4" />
  <table name="CL Delay Throttle A Counter Threshold" address="c4292" />
  <table name="Injector Latency_" address="ca760">
    <table name="X" address="ca740" />
    <table name="Y" address="ca754" />
  </table>
  <table name="Injector Flow Scaling_" address="c4434" />
  <table name="Cranking Fuel Injector Pulse Width A (ECT)" address="c4f76">
    <table name="Y" address="c4988" />
  </table>
  <table name="Cranking Fuel Injector Pulse Width B (ECT)" address="c4f96">
    <table name="Y" address="c4988" />
  </table>
  <table name="Cranking Fuel Injector Pulse Width C (ECT)" address="c4fb6">
    <table name="Y" address="c4988" />
  </table>
  <table name="Cranking Fuel Injector Pulse Width D (ECT)" address="c4fd6">
    <table name="Y" address="c4988" />
  </table>
  <table name="Cranking Fuel IPW Compensation (RPM)" address="c5d0c">
    <table name="X" address="c5cc8" />
    <table name="Y" address="c5cdc" elements="12" />
  </table>
  <table name="Cranking Fuel IPW Compensation (MAP)" address="c4b88">
    <table name="Y" address="c4b60" />
  </table>
  <table name="Cranking Fuel IPW Compensation (Accelerator)" address="c4bac">
    <table name="Y" address="c4b94" />
  </table>
  <table name="Throttle Tip-in Enrichment A" address="c58cc">
    <table name="Y" address="c58b8" elements="5" />
  </table>
  <table name="Throttle Tip-in Enrichment B" address="c58ec">
    <table name="Y" address="c58d8" elements="5" />
  </table>
  <table name="Minimum Tip-in Enrichment Activation" address="c4854" />
  <table name="Minimum Tip-in Enrichment Activation (Throttle)" address="c4850" />
  <table name="Tip-in Enrichment Compensation (RPM)" address="c4e9c">
    <table name="Y" address="c4e78" />
  </table>
  <table name="Tip-in Enrichment Compensation (MRP)" address="c4ec8">
    <table name="Y" address="c4ea8" elements="8" />
  </table>
  <table name="Tip-in Enrichment Compensation A (ECT)" address="c4ed0">
    <table name="Y" address="c4988" />
  </table>
  <table name="Tip-in Enrichment Compensation B (ECT)" address="c58f6">
    <table name="Y" address="c4988" />
  </table>
  <table name="Tip-in Enrichment Compensation D (ECT)" address="c5916">
    <table name="Y" address="c49c8" />
  </table>
  <table name="Tip-in Enrichment Compensation D (ECT) Activation" address="c485c" />
  <table name="Tip-in Enrichment Disable Applied Counter Threshold" address="c4238" />
  <table name="Tip-in Enrichment Applied Counter Reset" address="c4239" />
  <table name="Tip-in Enrichment Disable Throttle Cumulative Threshold" address="c4858" />
  <table name="Tip-in Throttle Cumulative Reset" address="c423a" />
  <table name="A/F Learning Max Limit (ECT)" address="c5628">
    <table name="Y" address="c4988" />
  </table>
  <table name="A/F Learning Min Limit (ECT)" address="c5608">
    <table name="Y" address="c4988" />
  </table>
  <table name="A/F Learning Airflow Ranges" address="c4598" />
  <table name="MAF Limit (Maximum)_" address="c182c">
    <table name="Y" address="c1824" />
  </table>
  <table name="MAF Sensor Scaling" address="ca0c8">
    <table name="Y" address="ca018" elements="44" />
  </table>
  <table name="MAF Compensation (IAT)" address="c2180">
    <table name="X" address="c214c" />
    <table name="Y" address="c2160" />
  </table>
  <table name="Engine Load Limit (Maximum)" address="1bacc" />
  <table name="Engine Load Compensation (MP)" address="c20e0">
    <table name="X" address="c208c" elements="9" />
    <table name="Y" address="c20b0" elements="12" />
  </table>
  <table name="Base Timing A" address="c7d5c">
    <table name="X" address="c6b94" />
    <table name="Y" address="c7d24" elements="14" />
  </table>
  <table name="Base Timing B" address="c7e68">
    <table name="X" address="c6b94" />
    <table name="Y" address="c7e30" elements="14" />
  </table>
  <table name="Base Timing C" address="c7f8c">
    <table name="X" address="c6b94" />
    <table name="Y" address="c7f3c" elements="20" />
  </table>
  <table name="Base Timing D" address="c8108">
    <table name="X" address="c6b94" />
    <table name="Y" address="c80b8" elements="20" />
  </table>
  <table name="Base Timing E" address="c826c">
    <table name="X" address="c6b94" />
    <table name="Y" address="c8234" elements="14" />
  </table>
  <table name="Base Timing F" address="c8378">
    <table name="X" address="c6b94" />
    <table name="Y" address="c8340" elements="14" />
  </table>
  <table name="Base Timing G" address="c849c">
    <table name="X" address="c6b94" />
    <table name="Y" address="c844c" elements="20" />
  </table>
  <table name="Base Timing H" address="c8618">
    <table name="X" address="c6b94" />
    <table name="Y" address="c85c8" elements="20" />
  </table>
  <table name="Base Timing Idle" address="c6f54">
    <table name="Y" address="c6b70" elements="9" />
  </table>
  <table name="Base Timing Idle (Below Speed Threshold)_" address="c6f4b">
    <table name="Y" address="c6b70" />
  </table>
  <table name="Base Timing Idle (Above Speed Threshold)" address="c6f42">
    <table name="Y" address="c6b70" />
  </table>
  <table name="Base Timing Idle Vehicle Speed Threshold" address="c69ec" />
  <table name="Knock Correction Advance Max A" address="c7a84">
    <table name="X" address="c7a10" elements="15" />
    <table name="Y" address="c7a4c" elements="14" />
  </table>
  <table name="Knock Correction Advance Max B" address="c7be8">
    <table name="X" address="c7b58" elements="15" />
    <table name="Y" address="c7b94" elements="21" />
  </table>
  <table name="Timing Compensation (IAT)" address="c700c">
    <table name="Y" address="c6ff0" elements="7" />
  </table>
  <table name="Timing Comp Min Load (IAT)" address="c6a2c" />
  <table name="Timing Compensation A (ECT)" address="c6faf">
    <table name="Y" address="c6c24" />
  </table>
  <table name="Timing Compensation B (ECT)" address="c6fbf">
    <table name="Y" address="c6c24" />
  </table>
  <table name="Timing Compensation C (ECT)" address="c6fcf">
    <table name="Y" address="c6c24" />
  </table>
  <table name="Timing Compensation D (ECT)" address="c6fdf">
    <table name="Y" address="c6c24" />
  </table>
  <table name="Feedback Correction Range (RPM)" address="c6850" />
  <table name="Feedback Correction Minimum Load_" address="c769c">
    <table name="Y" address="c7694" elements="2" />
  </table>
  <table name="Feedback Correction Retard Value" address="c683c" />
  <table name="Feedback Correction Retard Limit" address="c6838" />
  <table name="Feedback Correction Negative Advance Value" address="c6840" />
  <table name="Feedback Correction Negative Advance Delay" address="c67f0" />
  <table name="Fine Correction Range (RPM)" address="c68c4" />
  <table name="Fine Correction Range (Load)" address="c68d4" />
  <table name="Fine Correction Rows (RPM)_" address="c6900" />
  <table name="Fine Correction Columns (Load)_" address="c68e4" />
  <table name="Fine Correction Retard Value_" address="c775c">
    <table name="Y" address="c7728" />
  </table>
  <table name="Fine Correction Retard Limit" address="c68bc" />
  <table name="Fine Correction Advance Value" address="c68c0" />
  <table name="Fine Correction Advance Limit" address="c68b8" />
  <table name="Fine Correction Advance Delay" address="c67f8" />
  <table name="Rough Correction Range (RPM)" address="c6870" />
  <table name="Rough Correction Range (Load)" address="c6880" />
  <table name="Rough Correction Minimum KC Advance Map Value" address="c6890" />
  <table name="Rough Correction Learning Delay (Increasing)" address="c6e7c">
    <table name="Y" address="c6e54" />
  </table>
  <table name="Advance Multiplier (Initial)" address="c686c" />
  <table name="Advance Multiplier Step Value" address="c6894" />
  <table name="Requested Torque A (Accelerator Pedal)" address="dd23c">
    <table name="X" address="dd1a8" elements="17" />
    <table name="Y" address="dd1ec" elements="20" />
  </table>
  <table name="Requested Torque B (Accelerator Pedal)" address="dd578">
    <table name="X" address="dd4e4" elements="17" />
    <table name="Y" address="dd528" elements="20" />
  </table>
  <table name="Target Throttle Plate Position A (Requested Torque)" address="dbe64">
    <table name="X" address="dbda8" elements="26" />
    <table name="Y" address="dbe10" elements="21" />
  </table>
  <table name="Target Throttle Plate Position B (Requested Torque)" address="dc364">
    <table name="X" address="dc2a8" elements="26" />
    <table name="Y" address="dc310" elements="21" />
  </table>
  <table name="Target Throttle Plate Position C (Requested Torque)" address="dc864">
    <table name="X" address="dc7a8" elements="26" />
    <table name="Y" address="dc810" elements="21" />
  </table>
  <table name="Target Throttle Plate Position D (Requested Torque)" address="dcd64">
    <table name="X" address="dcca8" elements="26" />
    <table name="Y" address="dcd10" elements="21" />
  </table>
  <table name="Rev Limit A" address="c48c0" />
  <table name="Rev Limit B" address="c48c8" />
  <table name="Fuel Temp Sensor Scaling" address="c9f20">
    <table name="Y" address="c9ea8" />
  </table>
  <table name="Intake Temp Sensor Scaling" address="c04a8">
    <table name="Y" address="c0430" />
  </table>
  <table name="Coolant Temp Sensor Scaling" address="c03c0">
    <table name="Y" address="c0350" />
  </table>
  <table name="Radiator Fan Modes A (ECT)" address="ca918" />
  <table name="Radiator Fan Modes B (ECT)" address="ca928" />
  <table name="Radiator Fan Modes C (ECT)" address="ca938" />
  <table name="Radiator Fan Modes (Veh. Speed)" address="ca8d4" />
  <table name="Idle Speed Target A" address="c8f6c">
    <table name="Y" address="c8cbc" />
  </table>
  <table name="Idle Speed Target B" address="c8f8c">
    <table name="Y" address="c8cbc" />
  </table>
  <table name="Idle Speed Target C" address="c8fac">
    <table name="Y" address="c8cbc" />
  </table>
  <table name="Idle Speed Target D" address="c8fcc">
    <table name="Y" address="c8cbc" />
  </table>
  <table name="Idle Speed Target E" address="c8fec">
    <table name="Y" address="c8cbc" />
  </table>
  <table name="Idle Speed Target F" address="c900c">
    <table name="Y" address="c8cbc" />
  </table>
  <table name="Force Pass Readiness Monitors" address="70972" />
  <table name="(P0000) PASS CODE (NO DTC DETECTED)" address="7f8ca" />
  <table name="(P0000) PASS CODE (NO DTC DETECTED)_" address="7f8cb" />
  <table name="(P0011) CAMSHAFT POS. - TIMING OVER-ADVANCED 1" address="7f8ae" />
  <table name="(P0021) CAMSHAFT POS. - TIMING OVER-ADVANCED 2" address="7f8af" />
  <table name="(P0026) OSV SOLENOID VALVE CIRCUIT RANGE/PERF B1" address="7f90f" />
  <table name="(P0028) OSV SOLENOID VALVE CIRCUIT RANGE/PERF B2" address="7f90c" />
  <table name="(P0030) FRONT O2 SENSOR RANGE/PERF" address="7f8e9" />
  <table name="(P0031) FRONT O2 SENSOR LOW INPUT" address="7f8d9" />
  <table name="(P0032) FRONT O2 SENSOR HIGH INPUT" address="7f8d7" />
  <table name="(P0037) REAR O2 SENSOR LOW INPUT" address="7f8d8" />
  <table name="(P0038) REAR O2 SENSOR HIGH INPUT" address="7f8d6" />
  <table name="(P0050) HO2S CIRCUIT RANGE/PERF B2 S1" address="7f8e8" />
  <table name="(P0051) HO2S CIRCUIT LOW B2 S1" address="7f8df" />
  <table name="(P0052) HO2S CIRCUIT HIGH B2 S1" address="7f8de" />
  <table name="(P0057) HO2S CIRCUIT LOW B2 S2" address="7f8eb" />
  <table name="(P0058) HO2S CIRCUIT HIGH B2 S2" address="7f8ec" />
  <table name="(P0076) INTAKE VALVE CIRCUIT LOW (BANK 1)" address="7f911" />
  <table name="(P0077) INTAKE VALVE CONTROL HIGH (BANK 1)" address="7f910" />
  <table name="(P0082) INTAKE VALVE CONTROL LOW (BANK 2)" address="7f90e" />
  <table name="(P0083) INTAKE VALVE CONTROL HIGH (BANK 2)" address="7f90d" />
  <table name="(P0102) MAF SENSOR LOW INPUT" address="7f887" />
  <table name="(P0103) MAF SENSOR HIGH INPUT" address="7f888" />
  <table name="(P0107) MAP SENSOR LOW INPUT" address="7f8da" />
  <table name="(P0108) MAP SENSOR HIGH INPUT" address="7f8db" />
  <table name="(P0112) IAT SENSOR LOW INPUT" address="7f8d3" />
  <table name="(P0113) IAT SENSOR HIGH INPUT" address="7f8d4" />
  <table name="(P0117) COOLANT TEMP SENSOR LOW INPUT" address="7f890" />
  <table name="(P0118) COOLANT TEMP SENSOR HIGH INPUT" address="7f891" />
  <table name="(P0122) TPS A LOW INPUT" address="7f88e" />
  <table name="(P0123) TPS A HIGH INPUT" address="7f88f" />
  <table name="(P0125) INSUFFICIENT COOLANT TEMP (FUELING)" address="7f893" />
  <table name="(P0131) FRONT O2 SENSOR LOW INPUT" address="7f8cd" />
  <table name="(P0132) FRONT O2 SENSOR HIGH INPUT" address="7f8cf" />
  <table name="(P0133) FRONT O2 SENSOR SLOW RESPONSE" address="7f8b7" />
  <table name="(P0134) FRONT O2 SENSOR NO ACTIVITY" address="7f8e7" />
  <table name="(P0140) REAR O2 SENSOR NO ACTIVITY" address="7f91a" />
  <table name="(P0151) O2 SENSOR CIRCUIT LOW B2 S1" address="7f8ce" />
  <table name="(P0152) O2 SENSOR CIRCUIT HIGH B2 S1" address="7f8d0" />
  <table name="(P0153) O2 SENSOR CIRCUIT SLOW RESPONSE B2 S1" address="7f8d2" />
  <table name="(P0154) O2 SENSOR CIRCUIT OPEN B2 S1" address="7f8e6" />
  <table name="(P0160) O2 SENSOR NO ACTIVITY B2 S2" address="7f91b" />
  <table name="(P0171) SYSTEM TOO LEAN" address="7f8c1" />
  <table name="(P0172) SYSTEM TOO RICH" address="7f8c2" />
  <table name="(P0174) SYSTEM TOO LEAN B2" address="7f8bb" />
  <table name="(P0175) SYSTEM TOO RICH B2" address="7f8bc" />
  <table name="(P0197) OIL TEMP SENSOR LOW" address="7f908" />
  <table name="(P0198) OIL TEMP SENSOR HIGH" address="7f913" />
  <table name="(P0222) TPS B LOW INPUT" address="7f8f0" />
  <table name="(P0223) TPS B HIGH INPUT" address="7f8f1" />
  <table name="(P0230) FUEL PUMP PRIMARY CIRCUIT" address="7f8e2" />
  <table name="(P0301) MISFIRE CYLINDER 1" address="7f8c3" />
  <table name="(P0302) MISFIRE CYLINDER 2" address="7f8c4" />
  <table name="(P0303) MISFIRE CYLINDER 3" address="7f8c5" />
  <table name="(P0304) MISFIRE CYLINDER 4" address="7f8c6" />
  <table name="(P0305) MISFIRE CYLINDER 5" address="7f8c7" />
  <table name="(P0306) MISFIRE CYLINDER 6" address="7f8c8" />
  <table name="(P0327) KNOCK SENSOR 1 LOW INPUT" address="7f88c" />
  <table name="(P0328) KNOCK SENSOR 1 HIGH INPUT" address="7f88d" />
  <table name="(P0332) KNOCK SENSOR 2 LOW INPUT" address="7f88a" />
  <table name="(P0333) KNOCK SENSOR 2 HIGH INPUT" address="7f88b" />
  <table name="(P0335) CRANKSHAFT POS. SENSOR A MALFUNCTION" address="7f884" />
  <table name="(P0340) CAMSHAFT POS. SENSOR A MALFUNCTION" address="7f902" />
  <table name="(P0345) CAMSHAFT POS. SENSOR A BANK 2" address="7f901" />
  <table name="(P0420) CAT EFFICIENCY BELOW THRESHOLD" address="7f8bd" />
  <table name="(P0458) EVAP PURGE VALVE CIRCUIT LOW" address="7f8b2" />
  <table name="(P0459) EVAP PURGE VALVE CIRCUIT HIGH" address="7f8b3" />
  <table name="(P0462) FUEL LEVEL SENSOR LOW INPUT" address="7f894" />
  <table name="(P0463) FUEL LEVEL SENSOR HIGH INPUT" address="7f895" />
  <table name="(P0500) VEHICLE SPEED SENSOR A" address="7f889" />
  <table name="(P0512) STARTER REQUEST CIRCUIT" address="7f898" />
  <table name="(P0519) IDLE CONTROL MALFUNCTION (FAIL-SAFE)" address="7f8e4" />
  <table name="(P0600) SERIAL COMMUNICATION LINK" address="7f900" />
  <table name="(P0604) CONTROL MODULE RAM ERROR" address="7f886" />
  <table name="(P0605) CONTROL MODULE ROM ERROR" address="7f903" />
  <table name="(P0607) CONTROL MODULE PERFORMANCE" address="7f8f8" />
  <table name="(P0638) THROTTLE ACTUATOR RANGE/PERF" address="7f8f7" />
  <table name="(P0691) RADIATOR FAN CIRCUIT LOW" address="7f8ab" />
  <table name="(P0692) RADIATOR FAN CIRCUIT HIGH" address="7f8ac" />
  <table name="(P0700) TRANSMISSION CONTROL SYSTEM" address="7f90b" />
  <table name="(P1160) ABNORMAL RETURN SPRING" address="7f8f2" />
  <table name="(P1518) STARTER SWITCH LOW INPUT" address="7f897" />
  <table name="(P1560) BACK-UP VOLTAGE MALFUNCTION" address="7f8e1" />
  <table name="(P2088) OCV SOLENOID A1 CIRCUIT OPEN" address="7f907" />
  <table name="(P2089) OCV SOLENOID A1 CIRCUIT SHORT" address="7f906" />
  <table name="(P2092) OCV SOLENOID A2 CIRCUIT OPEN" address="7f905" />
  <table name="(P2093) OCV SOLENOID A2 CIRCUIT SHORT" address="7f904" />
  <table name="(P2101) THROTTLE ACTUATOR CIRCUIT RANGE/PERF" address="7f8f5" />
  <table name="(P2102) THROTTLE ACTUATOR CIRCUIT LOW" address="7f8f3" />
  <table name="(P2103) THROTTLE ACTUATOR CIRCUIT HIGH" address="7f8f4" />
  <table name="(P2109) TPS A MINIMUM STOP PERF" address="7f8ef" />
  <table name="(P2122) TPS D CIRCUIT LOW INPUT" address="7f8fc" />
  <table name="(P2123) TPS D CIRCUIT HIGH INPUT" address="7f8fd" />
  <table name="(P2127) TPS E CIRCUIT LOW INPUT" address="7f8fa" />
  <table name="(P2128) TPS E CIRCUIT HIGH INPUT" address="7f8fb" />
  <table name="(P2135) TPS A/B VOLTAGE" address="7f8fe" />
  <table name="(P2138) TPS D/E VOLTAGE" address="7f8f9" />
  <table name="(P2503) CHARGING SYSTEM VOLTAGE LOW" address="7f915" />
  <table name="(P2504) CHARGING SYSTEM VOLTAGE HIGH" address="7f914" />
</rom>