<rom>
  <romid>
    <xmlid>D2WD603H</xmlid>
    <internalidaddress>2000</internalidaddress>
    <internalidstring>D2WD603H</internalidstring>
    <ecuid>3C5A384106</ecuid>
    <year>05</year>
    <market>ADM</market>
    <make>Subaru</make>
    <model>Liberty</model>
    <submodel>3.0R</submodel>
    <transmission>MT</transmission>
    <memmodel>SH7055</memmodel>
    <flashmethod>sti04</flashmethod>
    <checksummodule>subarudbw</checksummodule>
  </romid>
  <include>32BITBASE</include>
  <table name="Manifold Pressure Sensor Scaling" address="72804" />
  <table name="Manifold Pressure Sensor Limits (CEL)" address="7b278" />
  <table name="Manifold Pressure Sensor CEL Delays" address="74d04" />
  <table name="Primary Open Loop Fueling A_" address="77770">
    <table name="X" address="77710" elements="14" />
    <table name="Y" address="77748" elements="10" />
  </table>
  <table name="Primary Open Loop Fueling B_" address="7785c">
    <table name="X" address="777fc" elements="14" />
    <table name="Y" address="77834" elements="10" />
  </table>
  <table name="Front Oxygen Sensor #1 Scaling" address="7b6a0">
    <table name="Y" address="7b66c" />
  </table>
  <table name="Front Oxygen Sensor #2 Scaling" address="7b708">
    <table name="Y" address="7b6d4" />
  </table>
  <table name="Front Oxygen Sensor Rich Limit" address="18ee4" />
  <table name="Front Oxygen Sensor Compensation (Atm. Pressure)" address="73dfc">
    <table name="Y" address="73dec" />
  </table>
  <table name="CL Fueling Target Compensation (Load)" address="779a4">
    <table name="X" address="7794c" elements="9" />
    <table name="Y" address="77970" elements="13" />
  </table>
  <table name="CL Fueling Target Compensation (ECT)_" address="76f5c">
    <table name="Y" address="76508" />
  </table>
  <table name="CL Fueling Target Compensation (ECT) Disable" address="760e0" />
  <table name="CL to OL Delay (Atm. Pressure)" address="772d0">
    <table name="Y" address="772c8" elements="2" />
  </table>
  <table name="CL to OL Transition with Delay (Throttle)" address="76a3c">
    <table name="Y" address="76a34" elements="2" />
  </table>
  <table name="CL to OL Transition with Delay Throttle Hysteresis" address="76248" />
  <table name="CL to OL Transition with Delay (Base Pulse Width)" address="772e4">
    <table name="Y" address="772d4" elements="4" />
  </table>
  <table name="CL to OL Transition with Delay BPW Hysteresis" address="7624c" />
  <table name="CL Delay Minimum (ECT)" address="76250" />
  <table name="CL Delay Maximum Engine Speed A" address="76254" />
  <table name="CL Delay Maximum Engine Speed B" address="76260" />
  <table name="CL Delay Engine Speed B Counter Threshold" address="75e7e" />
  <table name="CL Delay Maximum (Throttle) A" address="7625c" />
  <table name="CL Delay Throttle A Counter Threshold" address="75e7c" />
  <table name="Injector Latency" address="7b30c">
    <table name="Y" address="7b2f8" />
  </table>
  <table name="Injector Flow Scaling_" address="76008" />
  <table name="Cranking Fuel Injector Pulse Width A (ECT)" address="76b6a">
    <table name="Y" address="76508" />
  </table>
  <table name="Cranking Fuel Injector Pulse Width B (ECT)" address="76b8a">
    <table name="Y" address="76508" />
  </table>
  <table name="Cranking Fuel Injector Pulse Width C (ECT)" address="76baa">
    <table name="Y" address="76508" />
  </table>
  <table name="Cranking Fuel Injector Pulse Width D (ECT)" address="76bca">
    <table name="Y" address="76508" />
  </table>
  <table name="Cranking Fuel IPW Compensation (RPM)" address="775d4">
    <table name="X" address="77590" />
    <table name="Y" address="775a4" elements="12" />
  </table>
  <table name="Cranking Fuel IPW Compensation (MAP)" address="76708">
    <table name="Y" address="766e0" />
  </table>
  <table name="Cranking Fuel IPW Compensation (Accelerator)" address="7672c">
    <table name="Y" address="76714" />
  </table>
  <table name="Throttle Tip-in Enrichment A" address="77390">
    <table name="Y" address="7737c" elements="5" />
  </table>
  <table name="Throttle Tip-in Enrichment B" address="773b0">
    <table name="Y" address="7739c" elements="5" />
  </table>
  <table name="Minimum Tip-in Enrichment Activation" address="763d4" />
  <table name="Minimum Tip-in Enrichment Activation (Throttle)" address="763d0" />
  <table name="Tip-in Enrichment Compensation (RPM)" address="76a90">
    <table name="Y" address="76a6c" />
  </table>
  <table name="Tip-in Enrichment Compensation (MRP)" address="76abc">
    <table name="Y" address="76a9c" elements="8" />
  </table>
  <table name="Tip-in Enrichment Compensation A (ECT)" address="76ac4">
    <table name="Y" address="76508" />
  </table>
  <table name="Tip-in Enrichment Compensation B (ECT)" address="773ba">
    <table name="Y" address="76508" />
  </table>
  <table name="Tip-in Enrichment Compensation D (ECT)" address="773da">
    <table name="Y" address="76548" />
  </table>
  <table name="Tip-in Enrichment Compensation D (ECT) Activation" address="763dc" />
  <table name="Tip-in Enrichment Disable Applied Counter Threshold" address="75e26" />
  <table name="Tip-in Enrichment Applied Counter Reset" address="75e27" />
  <table name="Tip-in Enrichment Disable Throttle Cumulative Threshold" address="763d8" />
  <table name="Tip-in Throttle Cumulative Reset" address="75e28" />
  <table name="A/F Learning Max Limit (ECT)" address="771bc">
    <table name="Y" address="76508" />
  </table>
  <table name="A/F Learning Min Limit (ECT)" address="7719c">
    <table name="Y" address="76508" />
  </table>
  <table name="A/F Learning Airflow Ranges" address="76160" />
  <table name="MAF Limit (Maximum)_" address="73c5c">
    <table name="Y" address="73c54" />
  </table>
  <table name="MAF Sensor Scaling" address="7b55c">
    <table name="Y" address="7b4ac" elements="44" />
  </table>
  <table name="MAF Compensation (IAT)" address="7435c">
    <table name="X" address="74328" />
    <table name="Y" address="7433c" />
  </table>
  <table name="Engine Load Limit (Maximum)" address="17614" />
  <table name="Engine Load Compensation (MP)" address="742bc">
    <table name="X" address="74268" elements="9" />
    <table name="Y" address="7428c" elements="12" />
  </table>
  <table name="Base Timing A" address="78a94">
    <table name="X" address="780b0" />
    <table name="Y" address="78a5c" elements="14" />
  </table>
  <table name="Base Timing B" address="78ba0">
    <table name="X" address="780b0" />
    <table name="Y" address="78b68" elements="14" />
  </table>
  <table name="Base Timing C" address="78cc4">
    <table name="X" address="780b0" />
    <table name="Y" address="78c74" elements="20" />
  </table>
  <table name="Base Timing D" address="78e28">
    <table name="X" address="780b0" />
    <table name="Y" address="78df0" elements="14" />
  </table>
  <table name="Base Timing E" address="78f34">
    <table name="X" address="780b0" />
    <table name="Y" address="78efc" elements="14" />
  </table>
  <table name="Base Timing F" address="79058">
    <table name="X" address="780b0" />
    <table name="Y" address="79008" elements="20" />
  </table>
  <table name="Base Timing Idle" address="7828c">
    <table name="Y" address="7808c" elements="9" />
  </table>
  <table name="Base Timing Idle (Below Speed Threshold)_" address="78283">
    <table name="Y" address="7808c" />
  </table>
  <table name="Base Timing Idle (Above Speed Threshold)" address="7827a">
    <table name="Y" address="7808c" />
  </table>
  <table name="Base Timing Idle Vehicle Speed Threshold" address="77e10" />
  <table name="Knock Correction Advance Max A" address="79240">
    <table name="X" address="791cc" elements="15" />
    <table name="Y" address="79208" elements="14" />
  </table>
  <table name="Knock Correction Advance Max B" address="793a0">
    <table name="X" address="79314" elements="15" />
    <table name="Y" address="79350" elements="20" />
  </table>
  <table name="Timing Compensation (IAT)" address="78340">
    <table name="Y" address="78324" elements="7" />
  </table>
  <table name="Timing Comp Min Load (IAT)" address="77e4c" />
  <table name="Timing Compensation A (ECT)" address="782e1">
    <table name="Y" address="78140" />
  </table>
  <table name="Timing Compensation B (ECT)" address="782f1">
    <table name="Y" address="78140" />
  </table>
  <table name="Timing Compensation C (ECT)" address="78301">
    <table name="Y" address="78140" />
  </table>
  <table name="Timing Compensation D (ECT)" address="78311">
    <table name="Y" address="78140" />
  </table>
  <table name="Feedback Correction Range (RPM)" address="77fb0" />
  <table name="Feedback Correction Minimum Load_" address="787b0">
    <table name="Y" address="787a8" elements="2" />
  </table>
  <table name="Feedback Correction Retard Value" address="77f9c" />
  <table name="Feedback Correction Retard Limit" address="77f98" />
  <table name="Feedback Correction Negative Advance Value" address="77fa0" />
  <table name="Feedback Correction Negative Advance Delay" address="77d46" />
  <table name="Fine Correction Range (RPM)" address="78024" />
  <table name="Fine Correction Range (Load)" address="78034" />
  <table name="Fine Correction Rows (RPM)_" address="78060" />
  <table name="Fine Correction Columns (Load)_" address="78044" />
  <table name="Fine Correction Retard Value_" address="78a28">
    <table name="Y" address="789f4" />
  </table>
  <table name="Fine Correction Retard Limit" address="7801c" />
  <table name="Fine Correction Advance Value" address="78020" />
  <table name="Fine Correction Advance Limit" address="78018" />
  <table name="Fine Correction Advance Delay" address="77d4e" />
  <table name="Rough Correction Range (RPM)" address="77fd0" />
  <table name="Rough Correction Range (Load)" address="77fe0" />
  <table name="Rough Correction Minimum KC Advance Map Value" address="77ff0" />
  <table name="Rough Correction Learning Delay (Increasing)" address="78740">
    <table name="Y" address="78718" />
  </table>
  <table name="Advance Multiplier (Initial)" address="77fcc" />
  <table name="Advance Multiplier Step Value" address="77ff4" />
  <table name="Intake Cam Advance Angle A (AVCS)" address="7c5a4">
    <table name="X" address="7c540" />
    <table name="Y" address="7c578" elements="11" />
  </table>
  <table name="Intake Cam Advance Angle B (AVCS)" address="7c758">
    <table name="X" address="7c6d8" />
    <table name="Y" address="7c710" />
  </table>
  <table name="Requested Torque (Accelerator Pedal)" address="7aa20">
    <table name="X" address="7a984" elements="19" />
    <table name="Y" address="7a9d0" elements="20" />
  </table>
  <table name="Target Throttle Plate Position (Requested Torque)" address="7a72c">
    <table name="X" address="7a6a0" elements="15" />
    <table name="Y" address="7a6dc" elements="20" />
  </table>
  <table name="Rev Limit A" address="76440" />
  <table name="Rev Limit B" address="76448" />
  <table name="Fuel Temp Sensor Scaling" address="7b3b4">
    <table name="Y" address="7b33c" />
  </table>
  <table name="Intake Temp Sensor Scaling" address="729cc">
    <table name="Y" address="72954" />
  </table>
  <table name="Coolant Temp Sensor Scaling" address="728e4">
    <table name="Y" address="72874" />
  </table>
  <table name="Radiator Fan Modes A (ECT)" address="7bd30" />
  <table name="Radiator Fan Modes B (ECT)" address="7bd40" />
  <table name="Radiator Fan Modes C (ECT)" address="7bd50" />
  <table name="Radiator Fan Modes (Veh. Speed)" address="7bcec" />
  <table name="Gear Determination Thresholds A" address="73bbc" />
  <table name="Gear Determination Thresholds B" address="73bd0" />
  <table name="Idle Speed Target A" address="79d58">
    <table name="Y" address="79984" />
  </table>
  <table name="Idle Speed Target B" address="79d78">
    <table name="Y" address="79984" />
  </table>
  <table name="Idle Speed Target C" address="79d98">
    <table name="Y" address="79984" />
  </table>
  <table name="Idle Speed Target D" address="79db8">
    <table name="Y" address="79984" />
  </table>
  <table name="Idle Speed Target E" address="79dd8">
    <table name="Y" address="79984" />
  </table>
  <table name="Idle Speed Target F" address="79df8">
    <table name="Y" address="79984" />
  </table>
  <table name="Force Pass Readiness Monitors" address="4d442" />
  <table name="(P0000) PASS CODE (NO DTC DETECTED)" address="5bd91" />
  <table name="(P0000) PASS CODE (NO DTC DETECTED)_" address="5bd92" />
  <table name="(P0011) CAMSHAFT POS. - TIMING OVER-ADVANCED 1" address="5bd75" />
  <table name="(P0021) CAMSHAFT POS. - TIMING OVER-ADVANCED 2" address="5bd76" />
  <table name="(P0031) FRONT O2 SENSOR LOW INPUT" address="5bda0" />
  <table name="(P0032) FRONT O2 SENSOR HIGH INPUT" address="5bd9e" />
  <table name="(P0037) REAR O2 SENSOR LOW INPUT" address="5bd9f" />
  <table name="(P0038) REAR O2 SENSOR HIGH INPUT" address="5bd9d" />
  <table name="(P0051) HO2S CIRCUIT LOW B2 S1" address="5bda8" />
  <table name="(P0052) HO2S CIRCUIT HIGH B2 S1" address="5bda7" />
  <table name="(P0057) HO2S CIRCUIT LOW B2 S2" address="5bdb5" />
  <table name="(P0058) HO2S CIRCUIT HIGH B2 S2" address="5bdb6" />
  <table name="(P0076) INTAKE VALVE CIRCUIT LOW (BANK 1)" address="5bdd9" />
  <table name="(P0077) INTAKE VALVE CONTROL HIGH (BANK 1)" address="5bdd8" />
  <table name="(P0082) INTAKE VALVE CONTROL LOW (BANK 2)" address="5bdd7" />
  <table name="(P0083) INTAKE VALVE CONTROL HIGH (BANK 2)" address="5bdd6" />
  <table name="(P0102) MAF SENSOR LOW INPUT" address="5bd4b" />
  <table name="(P0103) MAF SENSOR HIGH INPUT" address="5bd4c" />
  <table name="(P0107) MAP SENSOR LOW INPUT" address="5bda3" />
  <table name="(P0108) MAP SENSOR HIGH INPUT" address="5bda4" />
  <table name="(P0112) IAT SENSOR LOW INPUT" address="5bd9a" />
  <table name="(P0113) IAT SENSOR HIGH INPUT" address="5bd9b" />
  <table name="(P0117) COOLANT TEMP SENSOR LOW INPUT" address="5bd54" />
  <table name="(P0118) COOLANT TEMP SENSOR HIGH INPUT" address="5bd55" />
  <table name="(P0122) TPS A LOW INPUT" address="5bd52" />
  <table name="(P0123) TPS A HIGH INPUT" address="5bd53" />
  <table name="(P0131) FRONT O2 SENSOR LOW INPUT" address="5bd94" />
  <table name="(P0132) FRONT O2 SENSOR HIGH INPUT" address="5bd96" />
  <table name="(P0134) FRONT O2 SENSOR NO ACTIVITY" address="5bdb1" />
  <table name="(P0137) REAR O2 SENSOR LOW VOLTAGE" address="5bd93" />
  <table name="(P0138) REAR O2 SENSOR HIGH VOLTAGE" address="5bd98" />
  <table name="(P0151) O2 SENSOR CIRCUIT LOW B2 S1" address="5bd95" />
  <table name="(P0152) O2 SENSOR CIRCUIT HIGH B2 S1" address="5bd97" />
  <table name="(P0154) O2 SENSOR CIRCUIT OPEN B2 S1" address="5bdb0" />
  <table name="(P0157) O2 SENSOR CIRCUIT LOW B2 S2" address="5bdb7" />
  <table name="(P0158) O2 SENSOR CIRCUIT HIGH B2 S2" address="5bdb8" />
  <table name="(P0171) SYSTEM TOO LEAN" address="5bd88" />
  <table name="(P0172) SYSTEM TOO RICH" address="5bd89" />
  <table name="(P0174) SYSTEM TOO LEAN B2" address="5bd82" />
  <table name="(P0175) SYSTEM TOO RICH B2" address="5bd83" />
  <table name="(P0197) OIL TEMP SENSOR LOW" address="5bdd2" />
  <table name="(P0198) OIL TEMP SENSOR HIGH" address="5bddb" />
  <table name="(P0222) TPS B LOW INPUT" address="5bdba" />
  <table name="(P0223) TPS B HIGH INPUT" address="5bdbb" />
  <table name="(P0230) FUEL PUMP PRIMARY CIRCUIT" address="5bdab" />
  <table name="(P0301) MISFIRE CYLINDER 1" address="5bd8a" />
  <table name="(P0302) MISFIRE CYLINDER 2" address="5bd8b" />
  <table name="(P0303) MISFIRE CYLINDER 3" address="5bd8c" />
  <table name="(P0304) MISFIRE CYLINDER 4" address="5bd8d" />
  <table name="(P0305) MISFIRE CYLINDER 5" address="5bd8e" />
  <table name="(P0306) MISFIRE CYLINDER 6" address="5bd8f" />
  <table name="(P0327) KNOCK SENSOR 1 LOW INPUT" address="5bd50" />
  <table name="(P0328) KNOCK SENSOR 1 HIGH INPUT" address="5bd51" />
  <table name="(P0332) KNOCK SENSOR 2 LOW INPUT" address="5bd4e" />
  <table name="(P0333) KNOCK SENSOR 2 HIGH INPUT" address="5bd4f" />
  <table name="(P0335) CRANKSHAFT POS. SENSOR A MALFUNCTION" address="5bd48" />
  <table name="(P0340) CAMSHAFT POS. SENSOR A MALFUNCTION" address="5bdcc" />
  <table name="(P0345) CAMSHAFT POS. SENSOR A BANK 2" address="5bdcb" />
  <table name="(P0458) EVAP PURGE VALVE CIRCUIT LOW" address="5bd79" />
  <table name="(P0459) EVAP PURGE VALVE CIRCUIT HIGH" address="5bd7a" />
  <table name="(P0462) FUEL LEVEL SENSOR LOW INPUT" address="5bd58" />
  <table name="(P0463) FUEL LEVEL SENSOR HIGH INPUT" address="5bd59" />
  <table name="(P0500) VEHICLE SPEED SENSOR A" address="5bd4d" />
  <table name="(P0512) STARTER REQUEST CIRCUIT" address="5bd5c" />
  <table name="(P0519) IDLE CONTROL MALFUNCTION (FAIL-SAFE)" address="5bdae" />
  <table name="(P0600) SERIAL COMMUNICATION LINK" address="5bdca" />
  <table name="(P0604) CONTROL MODULE RAM ERROR" address="5bd4a" />
  <table name="(P0605) CONTROL MODULE ROM ERROR" address="5bdcd" />
  <table name="(P0607) CONTROL MODULE PERFORMANCE" address="5bdc2" />
  <table name="(P0638) THROTTLE ACTUATOR RANGE/PERF" address="5bdc1" />
  <table name="(P0700) TRANSMISSION CONTROL SYSTEM" address="5bdd5" />
  <table name="(P0851) NEUTRAL SWITCH INPUT LOW" address="5bd60" />
  <table name="(P0852) NEUTRAL SWITCH INPUT HIGH" address="5bd64" />
  <table name="(P1026) VVL SYSTEMS 1 PERFORMANCE" address="5bddf" />
  <table name="(P1028) VVL SYSTEMS 2 PERFORMANCE" address="5bdde" />
  <table name="(P1160) ABNORMAL RETURN SPRING" address="5bdbc" />
  <table name="(P1518) STARTER SWITCH LOW INPUT" address="5bd5b" />
  <table name="(P1560) BACK-UP VOLTAGE MALFUNCTION" address="5bdaa" />
  <table name="(P2088) OCV SOLENOID A1 CIRCUIT OPEN" address="5bdd1" />
  <table name="(P2089) OCV SOLENOID A1 CIRCUIT SHORT" address="5bdd0" />
  <table name="(P2092) OCV SOLENOID A2 CIRCUIT OPEN" address="5bdcf" />
  <table name="(P2093) OCV SOLENOID A2 CIRCUIT SHORT" address="5bdce" />
  <table name="(P2101) THROTTLE ACTUATOR CIRCUIT RANGE/PERF" address="5bdbf" />
  <table name="(P2102) THROTTLE ACTUATOR CIRCUIT LOW" address="5bdbd" />
  <table name="(P2103) THROTTLE ACTUATOR CIRCUIT HIGH" address="5bdbe" />
  <table name="(P2109) TPS A MINIMUM STOP PERF" address="5bdb9" />
  <table name="(P2122) TPS D CIRCUIT LOW INPUT" address="5bdc6" />
  <table name="(P2123) TPS D CIRCUIT HIGH INPUT" address="5bdc7" />
  <table name="(P2127) TPS E CIRCUIT LOW INPUT" address="5bdc4" />
  <table name="(P2128) TPS E CIRCUIT HIGH INPUT" address="5bdc5" />
  <table name="(P2135) TPS A/B VOLTAGE" address="5bdc8" />
  <table name="(P2138) TPS D/E VOLTAGE" address="5bdc3" />
</rom>