<rom>
  <romid>
    <xmlid>A4RM200K</xmlid>
    <internalidaddress>200</internalidaddress>
    <internalidstring>A4RM200K</internalidstring>
    <ecuid>3DA4583005</ecuid>
    <year>05</year>
    <market>SADM</market>
    <make>Subaru</make>
    <model>Impreza</model>
    <submodel>WRX</submodel>
    <transmission>MT/AT</transmission>
    <memmodel>68HC16Y5</memmodel>
    <flashmethod>wrx02</flashmethod>
  </romid>
  <include>16BITBASE</include>
  <table name="Target Boost (MT)" address="2b334">
    <table name="X" address="2b322" />
    <table name="Y" address="2b30f" />
  </table>
  <table name="Target Boost (AT)" address="2b2c7">
    <table name="X" address="2b2b5" />
    <table name="Y" address="2b2a2" />
  </table>
  <table name="Target Boost Compensation (IAT)" address="2b399">
    <table name="X" address="2b393" />
    <table name="Y" address="2b38e" />
  </table>
  <table name="Target Boost Compensation (Atm. Pressure)" address="2b382" />
  <table name="Boost Limit (CEL)" address="2b97a" />
  <table name="Boost Limit CEL Delay" address="2b972" />
  <table name="Boost Limit (Fuel Cut)" address="29860" />
  <table name="Boost Control Disable (IAM)" address="2b3fd" />
  <table name="Boost Control Disable (Fine Correction)" address="2b3fb" />
  <table name="Boost Control Disable Delay (Fine Correction)" address="2b3fc" />
  <table name="Initial Off-Idle Wastegate Duty" address="2b293" />
  <table name="Max Wastegate Duty (MT)" address="2b22f">
    <table name="X" address="2b21d" />
    <table name="Y" address="2b20c" />
  </table>
  <table name="Max Wastegate Duty (AT)" address="2b1cc">
    <table name="X" address="2b1ba" />
    <table name="Y" address="2b1a9" />
  </table>
  <table name="Max Wastegate Duty Compensation (IAT)" address="2b27f" />
  <table name="Max Wastegate Duty Compensation (Atm. Pressure)" address="2b275" />
  <table name="Turbo Dynamics Burst" address="2b3d7">
    <table name="Y" address="2b3c3" />
  </table>
  <table name="Turbo Dynamics Continuous" address="2b3b1">
    <table name="Y" address="2b39d" />
  </table>
  <table name="TD Burst Activation Thresholds (Boost Error)" address="2b3f3" />
  <table name="TD Continuous Activation Thresholds (Boost Error)" address="2b3f7" />
  <table name="Manifold Pressure Sensor Multiplier A" address="583c" />
  <table name="Manifold Pressure Sensor Offset A" address="5842" />
  <table name="Manifold Pressure Sensor Multiplier B" address="58ec" />
  <table name="Manifold Pressure Sensor Offset B" address="58f2" />
  <table name="Manifold Pressure Sensor Multiplier C" address="596e" />
  <table name="Manifold Pressure Sensor Offset C" address="5974" />
  <table name="Manifold Pressure Sensor Multiplier D" address="e334" />
  <table name="Manifold Pressure Sensor Offset D" address="e33a" />
  <table name="Manifold Pressure Sensor High Input (CEL)" address="2b7a2" />
  <table name="Manifold Pressure Sensor CEL Delay (High Input)" address="2b7a4" />
  <table name="Manifold Pressure Sensor Low Input (CEL)" address="2b7a5" />
  <table name="Manifold Pressure Sensor CEL Delay (Low Input)" address="2b7a7" />
  <table name="Primary Open Loop Fueling" address="29363">
    <table name="X" address="29341" elements="16" />
    <table name="Y" address="2931c" elements="18" />
  </table>
  <table name="Primary Open Loop Fueling (Failsafe)" address="294d9">
    <table name="X" address="294b7" elements="16" />
    <table name="Y" address="29492" />
  </table>
  <table name="Primary Open Loop Fuel Map Switch (IAM)" address="2930b" />
  <table name="Minimum Active Primary Open Loop Enrichment" address="29264" />
  <table name="Minimum Primary Open Loop Enrichment (Throttle)" address="292df" />
  <table name="Minimum Primary Fueling CL to OL Intermediate Enrich" address="29268" />
  <table name="Maximum Primary Fueling CL to OL Intermediate Steps" address="2926e" />
  <table name="Primary Open Loop Fueling Compensation (ECT)" address="292eb" />
  <table name="Front Oxygen Sensor Scaling" address="28560">
    <table name="Y" address="28544" />
  </table>
  <table name="Front Oxygen Sensor Compensation (Atm. Pressure)" address="2852d">
    <table name="Y" address="28523" />
  </table>
  <table name="Closed Loop Base Fueling Target" address="15cfc" />
  <table name="Closed Loop Fueling Target Limits" address="28fef" />
  <table name="CL Fueling Target Compensation (Load)(MT)" address="29121">
    <table name="X" address="2910f" />
    <table name="Y" address="29100" />
  </table>
  <table name="CL Fueling Target Compensation (Load)(AT)" address="290c8">
    <table name="X" address="290b6" />
    <table name="Y" address="290a7" />
  </table>
  <table name="CL Fueling Target Compensation A (ECT)(MT)" address="29027" />
  <table name="CL Fueling Target Compensation B (ECT)(MT)" address="29073" />
  <table name="CL Fueling Target Compensation A (ECT)(AT)" address="29001" />
  <table name="CL Fueling Target Compensation B (ECT)(AT)" address="2904d" />
  <table name="CL Fueling Target Compensation (ECT) Disable" address="28ffa" />
  <table name="CL to OL Delay" address="2928b" />
  <table name="CL to OL Transition with Delay (Throttle)" address="292b5" />
  <table name="CL to OL Transition with Delay Throttle Hysteresis" address="29270" />
  <table name="CL to OL Transition with Delay (Base Pulse Width)" address="292cb" />
  <table name="CL to OL Transition with Delay BPW Hysteresis_" address="29271" />
  <table name="CL Delay Maximum (EGT)" address="29283" />
  <table name="CL Delay Maximum (Throttle) (MT)" address="2927d" />
  <table name="CL Delay Maximum Engine Speed" address="29275" />
  <table name="CL Delay Maximum (Vehicle Speed)" address="29281" />
  <table name="CL Delay Minimum (ECT)" address="29273" />
  <table name="CL Delay Throttle Atm. Pressure Thresholds" address="292ab" />
  <table name="CL Delay Maximum (Throttle) (Low Atm. Pressure)(AT)" address="2927b" />
  <table name="CL Delay Maximum (Throttle) (High Atm. Pressure)(AT)" address="29279" />
  <table name="Injector Latency" address="28a85" />
  <table name="Injector Flow Scaling" address="28a7d" />
  <table name="Per Injector Primary Fuel Offset Compensation A" address="29641">
    <table name="Y" address="2963b" elements="2" />
  </table>
  <table name="Per Injector Primary Fuel Offset Compensation B" address="2964b">
    <table name="Y" address="29645" elements="2" />
  </table>
  <table name="Per Injector Primary Fuel Offset Compensation C" address="29655">
    <table name="Y" address="2964f" elements="2" />
  </table>
  <table name="Per Injector Primary Fuel Offset Compensation D" address="2965f">
    <table name="Y" address="29659" elements="2" />
  </table>
  <table name="Per Injector Compensation Activation (RPM)" address="29637" />
  <table name="Cranking Fuel Injector Pulse Width A (ECT)" address="2897d" />
  <table name="Cranking Fuel Injector Pulse Width B (ECT)" address="289a3">
    <table name="Y" elements="13" />
  </table>
  <table name="Cranking Fuel Injector Pulse Width C (ECT)" address="289c3" />
  <table name="Cranking Fuel Injector Pulse Width D (ECT)" address="289e9">
    <table name="Y" elements="13" />
  </table>
  <table name="Cranking Fuel IPW Compensation (MAP)" address="28907" />
  <table name="Cranking Fuel IPW Compensation (Throttle)" address="28915" />
  <table name="Cranking Fuel IPW Compensation (RPM)(MT)" address="28954" />
  <table name="Cranking Fuel IPW Compensation (RPM)(AT)" address="28926" />
  <table name="Throttle Tip-in Enrichment" address="29705">
    <table name="Y" address="296f1" />
  </table>
  <table name="Minimum Tip-in Enrichment Activation" address="296eb" />
  <table name="Minimum Tip-in Enrichment Activation (Throttle)" address="296e9" />
  <table name="Tip-in Enrichment Compensation (Positive Boost Error)" address="2972a" />
  <table name="Tip-in Enrichment Compensation A (ECT)" address="29737" />
  <table name="Tip-in Enrichment Compensation B (ECT)" address="29767" />
  <table name="Tip-in Enrichment Compensation B (ECT) Activation" address="2975b" />
  <table name="Tip-in Enrichment Compensation (RPM)" address="2971b" />
  <table name="Tip-in Enrichment Disable Applied Counter Threshold" address="296ea" />
  <table name="Tip-in Enrichment Applied Counter Reset" address="296ef" />
  <table name="Tip-in Enrichment Disable Throttle Cumulative Threshold" address="296ed" />
  <table name="Tip-in Throttle Cumulative Reset" address="296f0" />
  <table name="Primary Base Enrichment Additive 1" address="28c12" />
  <table name="Primary Base Enrichment Additive Compensation (Load)" address="28c28" />
  <table name="Primary Base Enrichment Additive 2 Initial Start 1A" address="28b29" />
  <table name="Primary Base Enrichment Additive 2 Initial Start 1B" address="28b6f" />
  <table name="Primary Base Enrichment Additive 2 Initial Start 2A" address="28b4f">
    <table name="Y" elements="13" />
  </table>
  <table name="Primary Base Enrichment Additive 2 Initial Start 2B" address="28b95">
    <table name="Y" elements="13" />
  </table>
  <table name="Primary Base Enrichment Additive 2 Decay Step 1" address="28bb7" />
  <table name="Primary Base Enrichment Additive 2 Decay Step 2" address="28bdd">
    <table name="Y" elements="13" />
  </table>
  <table name="Primary Base Enrichment Additive 3 Initial Start 1A" address="28aac">
    <table name="Y" elements="13" />
  </table>
  <table name="Primary Base Enrichment Additive 3 Initial Start 1B" address="28ad5">
    <table name="Y" elements="13" />
  </table>
  <table name="Primary Base Enrichment Additive 3 Initial Start 2A" address="28a96" />
  <table name="Primary Base Enrichment Additive 3 Initial Start 2B" address="28abf" />
  <table name="Primary Base Enrichment Additive 3 Decay Delay 1" address="28b01">
    <table name="Y" elements="13" />
  </table>
  <table name="Primary Base Enrichment Additive 3 Decay Delay 2" address="28aeb" />
  <table name="Primary Base Enrichment Additive 3 Decay Multiplier" address="28ae4" />
  <table name="A/F Learning #1 Limits" address="29188" />
  <table name="A/F Learning #1 Airflow Ranges" address="2918e" />
  <table name="MAF Sensor Scaling" address="2808a">
    <table name="Y" address="28028" />
  </table>
  <table name="MAF Sensor Limit (CEL)" address="2b802" />
  <table name="MAF Compensation (IAT)" address="2821d">
    <table name="X" address="28216" />
    <table name="Y" address="2820d" />
  </table>
  <table name="Engine Load Compensation (MP)" address="28189">
    <table name="X" address="28171" />
    <table name="Y" address="28158" />
  </table>
  <table name="Base Timing" address="29b54">
    <table name="X" address="29b32" />
    <table name="Y" address="29b0d" elements="18" />
  </table>
  <table name="Base Timing Idle A (Neutral)" address="29ae6" />
  <table name="Base Timing Idle B (Neutral)" address="29af5" />
  <table name="Base Timing Idle (In-Gear)(Above Speed Threshold)" address="29ab9" />
  <table name="Base Timing Idle A (In-Gear)(Below Speed Threshold)" address="29ac8" />
  <table name="Base Timing Idle B (In-Gear)(Below Speed Threshold)" address="29ad7" />
  <table name="Base Timing Idle Vehicle Speed Threshold" address="29a92" />
  <table name="Knock Correction Advance Max" address="2a120">
    <table name="X" address="2a0fe" elements="16" />
    <table name="Y" address="2a0d9" elements="18" />
  </table>
  <table name="Timing Compensation (IAT)" address="29cbc" />
  <table name="Timing Comp Min Load (IAT)" address="29ccc" />
  <table name="Timing Compensation (ECT)" address="29ca6" />
  <table name="Timing Compensation Idle A (ECT)" address="29c7a" />
  <table name="Timing Compensation Idle B (ECT)" address="29c90" />
  <table name="Timing Compensation Per Cylinder A (RPM)_" address="2a35a" />
  <table name="Timing Compensation Per Cylinder B (RPM)_" address="2a36e" />
  <table name="Timing Compensation Per Cylinder C (RPM)_" address="2a382" />
  <table name="Timing Compensation Per Cylinder D (RPM)_" address="2a396" />
  <table name="Timing Comp Minimum Load (Per Cylinder)" address="2a34e" />
  <table name="Timing Comp Maximum RPM (Per Cylinder)" address="2a34c" />
  <table name="Timing Comp Minimum Coolant Temp (Per Cylinder)" address="2a350" />
  <table name="Feedback Correction Range (RPM)" address="2a27b" />
  <table name="Feedback Correction Minimum Load" address="2a283" />
  <table name="Feedback Correction Retard Value" address="2a26e" />
  <table name="Feedback Correction Retard Limit" address="2a26d" />
  <table name="Feedback Correction Negative Advance Value" address="2a26f" />
  <table name="Feedback Correction Negative Advance Delay" address="2a269" />
  <table name="Fine Correction Range (RPM)" address="2a2c3" />
  <table name="Fine Correction Range (Load)" address="2a2cb" />
  <table name="Fine Correction Rows (RPM)" address="2a298" />
  <table name="Fine Correction Columns (Load)" address="2a288" />
  <table name="Fine Correction Retard Value" address="2a2b3" />
  <table name="Fine Correction Retard Limit" address="2a2ab" />
  <table name="Fine Correction Advance Value" address="2a2ac" />
  <table name="Fine Correction Advance Limit" address="2a2aa" />
  <table name="Fine Correction Advance Delay" address="2a2a8" />
  <table name="Rough Correction Range (RPM)" address="2a241" />
  <table name="Rough Correction Range (Load)" address="2a249" />
  <table name="Rough Correction Minimum KC Advance Map Value" address="2a251" />
  <table name="Rough Correction Learning Delay (Increasing)" address="2a259" />
  <table name="Advance Multiplier (Initial)" address="2a240" />
  <table name="Advance Multiplier Step Value" address="2a252" />
  <table name="EGT Limit (Failsafe)" address="2bb07">
    <table name="X" address="2baef" elements="11" />
    <table name="Y" address="2bad6" elements="12" />
  </table>
  <table name="Rev Limit (Fuel Cut)" address="2982f" />
  <table name="Speed Limiting (Fuel Cut)" address="29850" />
  <table name="Speed Limiting Disable (Fuel Cut)" address="12b12" />
  <table name="Speed Limiting (Wastegate)" address="2b3ea" />
  <table name="Speed Limiting Disable (Wastegate)" address="2b3e9" />
  <table name="EGT Sensor Scaling" address="285e7" />
  <table name="Intake Temp Sensor Scaling" address="284be" />
  <table name="Coolant Temp Sensor Scaling" address="2847a" />
  <table name="Radiator Fan Modes (ECT)" address="2b13a" />
  <table name="Radiator Fan Modes (Veh. Speed)" address="2b13e" />
  <table name="Radiator Fan Switching Determination (Modes)" address="2b11a" />
  <table name="Gear Determination Thresholds (MT)" address="2868a" />
  <table name="Idle Speed Target A (MT)" address="2a69e" />
  <table name="Idle Speed Target B (MT)" address="2a6c4" />
  <table name="Idle Speed Target A (AT)" address="2a6ea" />
  <table name="Idle Speed Target B (AT)" address="2a710" />
  <table name="Min Idle Speed A/C (MT)" address="2a732" />
  <table name="Min Idle Speed A/C (AT)" address="2a734" />
  <table name="Min Idle Speed Startup (MT)" address="2a997" />
  <table name="Min Idle Speed Startup (AT)" address="2a98f" />
  <table name="Min Idle Speed High Electrical Load (MT)" address="2a995" />
  <table name="Min Idle Speed High Electrical Load (AT)" address="2a98b" />
  <table name="Force Pass Readiness Monitors" address="1bf70" />
  <table name="Catalyst Readiness Threshold Fix F" address="2b691" />
  <table name="Catalyst Readiness Threshold Fix F2" address="2b6a7" />
  <scaling name="TGVCELFix(P2016,P2017,P2021,P2022)" storagetype="bloblist">
    <data name="enabled" value="274C274C" />
    <data name="disabled" value="FA00F234" />
  </scaling>
  <table name="TGV CEL Fix (P2016, P2017, P2021, P2022)" address="b86" scaling="TGVCELFix(P2016,P2017,P2021,P2022)" />
  <scaling name="TGVCELFix(P2004,P2005,P2006,P2007)" storagetype="bloblist">
    <data name="enabled" value="274C274C274C274C" />
    <data name="disabled" value="FA00F0FCFA00F198" />
  </scaling>
  <table name="TGV CEL Fix (P2004, P2005, P2006, P2007)" address="d6c" scaling="TGVCELFix(P2004,P2005,P2006,P2007)" />
  <scaling name="TGVCELFix(P2008,P2009,P2011,P2012)" storagetype="bloblist">
    <data name="enabled" value="274C274C" />
    <data name="disabled" value="FA01A96E" />
  </scaling>
  <table name="TGV CEL Fix (P2008, P2009, P2011, P2012)" address="b72" scaling="TGVCELFix(P2008,P2009,P2011,P2012)" />
  <table name="Misfire CEL Fix (P0301, P0302, P0303, P0304)" address="2d18b" />
  <scaling name="(P0011)CAMSHAFTPOS.-TIMINGOVER-ADVANCED1" storagetype="bloblist">
    <data name="enabled" value="030011" />
    <data name="disabled" value="050000" />
  </scaling>
  <table name="(P0011) CAMSHAFT POS. - TIMING OVER-ADVANCED 1" address="2dafd" scaling="(P0011)CAMSHAFTPOS.-TIMINGOVER-ADVANCED1" />
  <scaling name="(P0021)CAMSHAFTPOS.-TIMINGOVER-ADVANCED2" storagetype="bloblist">
    <data name="enabled" value="030021" />
    <data name="disabled" value="050000" />
  </scaling>
  <table name="(P0021) CAMSHAFT POS. - TIMING OVER-ADVANCED 2" address="2db01" scaling="(P0021)CAMSHAFTPOS.-TIMINGOVER-ADVANCED2" />
  <table name="(P0030) FRONT O2 SENSOR RANGE/PERF" address="2def9" />
  <table name="(P0031) FRONT O2 SENSOR LOW INPUT" address="2dc79" />
  <table name="(P0032) FRONT O2 SENSOR HIGH INPUT" address="2dc71" />
  <table name="(P0034) TURBO BYPASS VALVE CIRCUIT LOW" address="2dc2d" />
  <table name="(P0035) TURBO BYPASS VALVE CIRCUIT HIGH" address="2dc31" />
  <table name="(P0037) REAR O2 SENSOR LOW INPUT" address="2dc75" />
  <table name="(P0038) REAR O2 SENSOR HIGH INPUT" address="2dc6d" />
  <table name="(P0068) MAP SENSOR RANGE/PERF" address="2decd" />
  <table name="(P0101) MAF SENSOR RANGE/PERF" address="2dedd" />
  <table name="(P0102) MAF SENSOR LOW INPUT" address="2d969" />
  <table name="(P0103) MAF SENSOR HIGH INPUT" address="2d96d" />
  <table name="(P0107) MAP SENSOR LOW INPUT" address="2dc91" />
  <table name="(P0108) MAP SENSOR HIGH INPUT" address="2dc95" />
  <table name="(P0111) IAT SENSOR RANGE/PERF" address="2dc65" />
  <table name="(P0112) IAT SENSOR LOW INPUT" address="2dc5d" />
  <table name="(P0113) IAT SENSOR HIGH INPUT" address="2dc61" />
  <table name="(P0117) COOLANT TEMP SENSOR LOW INPUT" address="2d9b1" />
  <table name="(P0118) COOLANT TEMP SENSOR HIGH INPUT" address="2d9b5" />
  <table name="(P0121) TPS RANGE/PERF" address="2d9a9" />
  <table name="(P0122) TPS A LOW INPUT" address="2d99d" />
  <table name="(P0123) TPS A HIGH INPUT" address="2d9a1" />
  <table name="(P0125) INSUFFICIENT COOLANT TEMP (FUELING)" address="2d9bd" />
  <table name="(P0128) THERMOSTAT MALFUNCTION" address="2dced" />
  <table name="(P0130) FRONT O2 SENSOR MALFUNCTION" address="2def1" />
  <table name="(P0133) FRONT O2 SENSOR SLOW RESPONSE" address="2dba9" />
  <table name="(P0134) FRONT O2 SENSOR NO ACTIVITY" address="2dee9" />
  <table name="(P0137) REAR O2 SENSOR LOW VOLTAGE" address="2dc39" />
  <table name="(P0138) REAR O2 SENSOR HIGH VOLTAGE" address="2dc51" />
  <table name="(P0139) REAR O2 SENSOR SLOW RESPONSE" address="2dbb1" />
  <table name="(P0171) SYSTEM TOO LEAN" address="2dbe5" />
  <table name="(P0172) SYSTEM TOO RICH" address="2dbe9" />
  <table name="(P0181) FUEL TEMP SENSOR A RANGE/PERF" address="2da35" />
  <table name="(P0182) FUEL TEMP SENSOR A LOW INPUT" address="2da2d" />
  <table name="(P0183) FUEL TEMP SENSOR A HIGH INPUT" address="2da31" />
  <table name="(P0230) FUEL PUMP PRIMARY CIRCUIT" address="2dec5" />
  <table name="(P0244) WASTEGATE SOLENOID A RANGE/PERF" address="2dd41" />
  <table name="(P0245) WASTEGATE SOLENOID A LOW" address="2dd35" />
  <table name="(P0246) WASTEGATE SOLENOID A HIGH" address="2dd39" />
  <table name="(P0249) WASTEGATE SOLENOID B LOW" address="2dd49" />
  <table name="(P0250) WASTEGATE SOLENOID B HIGH" address="2dd4d" />
  <table name="(P0261) FUEL INJECTOR #1 CIRCUIT LOW" address="2dd8d" />
  <table name="(P0264) FUEL INJECTOR #2 CIRCUIT LOW" address="2dd91" />
  <table name="(P0267) FUEL INJECTOR #3 CIRCUIT LOW" address="2dd95" />
  <table name="(P0270) FUEL INJECTOR #4 CIRCUIT LOW" address="2dd99" />
  <table name="(P0301) MISFIRE CYLINDER 1" address="2dbf1" />
  <table name="(P0302) MISFIRE CYLINDER 2" address="2dbf5" />
  <table name="(P0303) MISFIRE CYLINDER 3" address="2dbf9" />
  <table name="(P0304) MISFIRE CYLINDER 4" address="2dbfd" />
  <table name="(P0327) KNOCK SENSOR 1 LOW INPUT" address="2d995" />
  <table name="(P0328) KNOCK SENSOR 1 HIGH INPUT" address="2d999" />
  <table name="(P0335) CRANKSHAFT POS. SENSOR A MALFUNCTION" address="2d945" />
  <table name="(P0336) CRANKSHAFT POS. SENSOR A RANGE/PERF" address="2d94d" />
  <table name="(P0340) CAMSHAFT POS. SENSOR A MALFUNCTION" address="2d955" />
  <table name="(P0341) CAMSHAFT POS. SENSOR A RANGE/PERF" address="2d951" />
  <table name="(P0350) IGNITION COIL PRIMARY/SECONDARY" address="2d9e9" />
  <table name="(P0365) CAMSHAFT POS. SENSOR B BANK 1" address="2daf5" />
  <table name="(P0390) CAMSHAFT POS. SENSOR B BANK 2" address="2daf9" />
  <table name="(P0420) CAT EFFICIENCY BELOW THRESHOLD" address="2dbcd" />
  <table name="(P0442) EVAP LEAK DETECTED (SMALL)" address="2dbd1" />
  <table name="(P0447) EVAP VENT CONTROL CIRCUIT OPEN" address="2db31" />
  <table name="(P0448) EVAP VENT CONTROL CIRCUIT SHORTED" address="2db35" />
  <table name="(P0451) EVAP PRESSURE SENSOR RANGE/PERF" address="2da05" />
  <table name="(P0452) EVAP PRESSURE SENSOR LOW INPUT" address="2d9f9" />
  <table name="(P0453) EVAP PRESSURE SENSOR HIGH INPUT" address="2d9fd" />
  <table name="(P0456) EVAP LEAK DETECTED (VERY SMALL)" address="2dbd9" />
  <table name="(P0457) EVAP LEAK DETECTED (FUEL CAP)" address="2dc0d" />
  <table name="(P0458) EVAP PURGE VALVE CIRCUIT LOW" address="2db0d" />
  <table name="(P0459) EVAP PURGE VALVE CIRCUIT HIGH" address="2db11" />
  <table name="(P0461) FUEL LEVEL SENSOR RANGE/PERF" address="2d9c9" />
  <table name="(P0462) FUEL LEVEL SENSOR LOW INPUT" address="2d9c1" />
  <table name="(P0463) FUEL LEVEL SENSOR HIGH INPUT" address="2d9c5" />
  <table name="(P0464) FUEL LEVEL SENSOR INTERMITTENT" address="2d9b9" />
  <table name="(P0483) RADIATOR FAN RATIONALITY CHECK" address="2dae9" />
  <table name="(P0502) VEHICLE SPEED SENSOR LOW INPUT" address="2dec1" />
  <table name="(P0503) VEHICLE SPEED SENSOR INTERMITTENT" address="2df01" />
  <table name="(P0506) IDLE CONTROL RPM LOWER THAN EXPECTED" address="2dab9" />
  <table name="(P0507) IDLE CONTROL RPM HIGH THAN EXPECTED" address="2dabd" />
  <table name="(P0508) IDLE CONTROL CIRCUIT LOW" address="2daad" />
  <table name="(P0509) IDLE CONTROL CIRCUIT HIGH" address="2dab1" />
  <table name="(P0512) STARTER REQUEST CIRCUIT" address="2d9f1" />
  <table name="(P0519) IDLE CONTROL MALFUNCTION (FAIL-SAFE)" address="2ded5" />
  <table name="(P0545) EGT SENSOR CIRCUIT LOW" address="2dda1" />
  <table name="(P0546) EGT SENSOR CIRCUIT HIGH" address="2dda5" />
  <table name="(P0562) SYSTEM VOLTAGE LOW" address="2dd29" />
  <table name="(P0563) SYSTEM VOLTAGE HIGH" address="2dd2d" />
  <table name="(P0565) CRUISE CONTROL SET SIGNAL" address="2dec9" />
  <table name="(P0604) CONTROL MODULE RAM ERROR" address="2d95d" />
  <table name="(P0691) RADIATOR FAN CIRCUIT LOW" address="2dad9" />
  <table name="(P0692) RADIATOR FAN CIRCUIT HIGH" address="2dadd" />
  <table name="(P0703) BRAKE SWITCH INPUT MALFUNCTION" address="2db55" />
  <table name="(P0705) TRANSMISSION RANGE SENSOR MALFUNCTION" address="2db4d" />
  <table name="(P0710) ATF TEMP SENSOR MALFUNCTION" address="2db49" />
  <table name="(P0716) TORQUE CONVERTER TURBINE SPEED RANGE/PERF" address="2de65" />
  <table name="(P0720) AT VEHICLE SPEED SENSOR HIGH" address="2db3d" />
  <table name="(P0726) ENGINE SPEED INPUT RANGE/PERF" address="2de69" />
  <table name="(P0731) GEAR 1 INCORRECT RATIO" address="2db75" />
  <table name="(P0732) GEAR 2 INCORRECT RATIO" address="2db79" />
  <table name="(P0733) GEAR 3 INCORRECT RATIO" address="2db7d" />
  <table name="(P0734) GEAR 4 INCORRECT RATIO" address="2db85" />
  <table name="(P0741) TORQUE CONVERTER CLUTCH MALFUNCTION" address="2db59" />
  <table name="(P0743) TORQUE CONVERTER CLUTCH LOCK-UP DUTY SOLENOID" address="2db71" />
  <table name="(P0748) PRESSURE CONTROL LINE PRESSURE DUTY SOLENOID" address="2db6d" />
  <table name="(P0753) SHIFT SOLENOID A ELECTRICAL" address="2db61" />
  <table name="(P0758) SHIFT SOLENOID B ELECTRICAL" address="2db65" />
  <table name="(P0771) AT LOW CLUTCH TIMING SOLENOID MALFUNCTION" address="2de61" />
  <table name="(P0778) AT 2-4 BRAKE PRESSURE SOLENOID MALFUNCTION" address="2dcc1" />
  <table name="(P0785) AT 2-4 BRAKE TIMING SOLENOID MALFUNCTION" address="2dcbd" />
  <table name="(P0851) NEUTRAL SWITCH INPUT LOW" address="2da29" />
  <table name="(P0852) NEUTRAL SWITCH INPUT HIGH" address="2da39" />
  <table name="(P0864) TCM COMMUNICATION RANGE/PERF" address="2daed" />
  <table name="(P0865) TCM COMMUNICATION CIRCUIT LOW" address="2db19" />
  <table name="(P0866) TCM COMMUNICATION CIRCUIT HIGH" address="2db1d" />
  <table name="(P1134) FRONT O2 SENSOR MICROCOMPUTER" address="2dc3d" />
  <table name="(P1152) FRONT O2 SENSOR RANGE/PERF LOW B1 S1" address="2dbb9" />
  <table name="(P1153) FRONT O2 SENSOR RANGE/PERF HIGH B1 S1" address="2dbbd" />
  <table name="(P1199) DIFFERENTIAL PRESSURE SENSOR" address="2ddd1" />
  <table name="(P1235) ICV SOLENOID CIRCUIT LOW" address="2dc1d" />
  <table name="(P1236) ICV SOLENOID CIRCUIT HIGH" address="2dc21" />
  <table name="(P1237) ECV SOLENOID LOW POS. PRESSURE" address="2da09" />
  <table name="(P1238) ECV SOLENOID HIGH POS. PRESSURE" address="2da0d" />
  <table name="(P1239) ECV SOLENOID LOW NEG. PRESSURE" address="2da11" />
  <table name="(P1240) ECV SOLENOID HIGH NEG. PRESSURE" address="2da15" />
  <table name="(P1241) 2 STAGE TWIN TURBO SYSTEM (SINGLE)" address="2ddcd" />
  <table name="(P1242) 2 STAGE TWIN TURBO SYSTEM (TWIN)" address="2ddc9" />
  <table name="(P1247) RELIEF VALVE SOLENOID 1 CIRCUIT LOW" address="2dd51" />
  <table name="(P1248) RELIEF VALVE SOLENOID 1 CIRCUIT HIGH" address="2dd11" />
  <table name="(P1249) RELIEF VALVE SOLENOID 2 CIRCUIT LOW" address="2dd15" />
  <table name="(P1250) RELIEF VALVE SOLENOID 2 CIRCUIT HIGH" address="2dd19" />
  <table name="(P1301) MISFIRE (HIGH TEMP EXHAUST GAS)" address="2dc09" />
  <table name="(P1306) OCV SOLENOID SIGNAL 1 MALFUNCTION (OPEN)" address="2ddb1" />
  <table name="(P1307) OCV SOLENOID SIGNAL 1 MALFUNCTION (SHORT)" address="2ddb9" />
  <table name="(P1308) OCV SOLENOID SIGNAL 2 MALFUNCTION (OPEN)" address="2ddb5" />
  <table name="(P1309) OCV SOLENOID SIGNAL 2 MALFUNCTION (SHORT)" address="2ddbd" />
  <table name="(P1312) EGT SENSOR MALFUNCTION" address="2dda9" />
  <table name="(P1400) FUEL TANK PRESSURE SOL. LOW" address="2db05" />
  <table name="(P1420) FUEL TANK PRESSURE SOL. HIGH INPUT" address="2db09" />
  <table name="(P1443) VENT CONTROL SOLENOID FUNCTION PROBLEM" address="2db21" />
  <table name="(P1446) FUEL TANK SENSOR CONTROL CIRCUIT LOW" address="2da91" />
  <table name="(P1447) FUEL TANK SENSOR CONTROL CIRCUIT HIGH" address="2da95" />
  <table name="(P1448) FUEL TANK SENSOR CONTROL RANGE/PERF" address="2dac9" />
  <table name="(P1518) STARTER SWITCH LOW INPUT" address="2d9ed" />
  <table name="(P1544) EGT TOO HIGH" address="2ddad" />
  <table name="(P1560) BACK-UP VOLTAGE MALFUNCTION" address="2dd1d" />
  <table name="(P1700) TPS CIRCUIT MALFUNCTION (AT)" address="2db45" />
  <table name="(P1711) ENGINE TORQUE SIGNAL #1 MALFUNCTION" address="2dcad" />
  <table name="(P1712) ENGINE TORQUE SIGNAL #2 MALFUNCTION" address="2dcb1" />
  <table name="(P2004) TGV - INTAKE MANIFOLD RUNNER 1 STUCK OPEN" address="2e095" />
  <table name="(P2005) TGV - INTAKE MANIFOLD RUNNER 2 STUCK OPEN" address="2e09d" />
  <table name="(P2006) TGV - INTAKE MANIFOLD RUNNER 1 STUCK CLOSED" address="2e099" />
  <table name="(P2007) TGV - INTAKE MANIFOLD RUNNER 2 STUCK CLOSED" address="2e0a1" />
  <table name="(P2008) TGV - INTAKE MANIFOLD RUNNER 1 CIRCUIT OPEN" address="2e0d1" />
  <table name="(P2009) TGV - INTAKE MANIFOLD RUNNER 1 CIRCUIT LOW" address="2e0c9" />
  <table name="(P2011) TGV - INTAKE MANIFOLD RUNNER 2 CIRCUIT OPEN" address="2e0d5" />
  <table name="(P2012) TGV - INTAKE MANIFOLD RUNNER 2 CIRCUIT LOW" address="2e0cd" />
  <table name="(P2016) TGV - INTAKE MANIFOLD RUNNER 1 POS. SENSOR LOW" address="2e0b9" />
  <table name="(P2017) TGV - INTAKE MANIFOLD RUNNER 1 POS. SENSOR HIGH" address="2e0bd" />
  <table name="(P2021) TGV - INTAKE MANIFOLD RUNNER 2 POS. SENSOR LOW" address="2e0c1" />
  <table name="(P2022) TGV - INTAKE MANIFOLD RUNNER 2 POS. SENSOR HIGH" address="2e0c5" />
  <table name="(P2227) BARO. PRESSURE CIRCUIT RANGE/PERF" address="2e0a5" />
  <table name="(P2228) BARO. PRESSURE CIRCUIT LOW INPUT" address="2e0b1" />
  <table name="(P2229) BARO. PRESSURE CIRCUIT HIGH INPUT" address="2e0ad" />
  <table name="(P2503) CHARGING SYSTEM VOLTAGE LOW" address="2e059" />
  <table name="(P2504) CHARGING SYSTEM VOLTAGE HIGH" address="2e055" />
</rom>