<rom>
  <romid>
    <xmlid>A4TC400L</xmlid>
    <internalidaddress>200</internalidaddress>
    <internalidstring>A4TC400L</internalidstring>
    <ecuid>3614486305</ecuid>
    <year>03</year>
    <market>USDM</market>
    <make>Subaru</make>
    <model>Impreza</model>
    <submodel>WRX</submodel>
    <transmission>MT</transmission>
    <memmodel>68HC16Y5</memmodel>
    <flashmethod>wrx02</flashmethod>
  </romid>
  <include>A4TC300L</include>
  <table name="EGT Sensor Scaling" address="2bff6" />
  <table name="Intake Temp Sensor Scaling" address="2bfb4" />
  <table name="Coolant Temp Sensor Scaling" address="2bf76" />
  <table name="Force Pass Readiness Monitors" address="1f160" />
  <scaling name="TGVCELFix(P1094,P1095,P1096,P1097)" storagetype="bloblist">
    <data name="enabled" value="274C274C" />
    <data name="disabled" value="FA01D714" />
  </scaling>
  <table name="TGV CEL Fix (P1094, P1095, P1096, P1097)" address="b5a" scaling="TGVCELFix(P1094,P1095,P1096,P1097)" />
  <table name="Misfire CEL Fix (P0301, P0302, P0303, P0304)" address="2be69" />
</rom>