<rom>
  <romid>
    <xmlid>A4TC300L</xmlid>
    <internalidaddress>200</internalidaddress>
    <internalidstring>A4TC300L</internalidstring>
    <ecuid>3614486205</ecuid>
    <year>03</year>
    <market>USDM</market>
    <make>Subaru</make>
    <model>Impreza</model>
    <submodel>WRX</submodel>
    <transmission>MT</transmission>
    <memmodel>68HC16Y5</memmodel>
    <flashmethod>wrx02</flashmethod>
  </romid>
  <include>16BITBASE</include>
  <table name="Target Boost" address="2a736">
    <table name="X" address="2a724" />
    <table name="Y" address="2a711" />
  </table>
  <table name="Target Boost Compensation (IAT)" address="2a79b">
    <table name="X" address="2a795" />
    <table name="Y" address="2a790" />
  </table>
  <table name="Target Boost Compensation (Atm. Pressure)" address="2a784" />
  <table name="Boost Limit (CEL)" address="2af6a" />
  <table name="Boost Limit CEL Delay" address="2af62" />
  <table name="Boost Limit (Fuel Cut)" address="291ff" />
  <table name="Boost Control Disable (IAM)" address="2a7ff" />
  <table name="Boost Control Disable (Fine Correction)" address="2a7fd" />
  <table name="Boost Control Disable Delay (Fine Correction)" address="2a7fe" />
  <table name="Initial Off-Idle Wastegate Duty" address="2a702" />
  <table name="Max Wastegate Duty" address="2a69e">
    <table name="X" address="2a68c" />
    <table name="Y" address="2a67b" />
  </table>
  <table name="Max Wastegate Duty Compensation (IAT)" address="2a6ee" />
  <table name="Max Wastegate Duty Compensation (Atm. Pressure)" address="2a6e4" />
  <table name="Turbo Dynamics Burst" address="2a7d9">
    <table name="Y" address="2a7c5" />
  </table>
  <table name="Turbo Dynamics Continuous" address="2a7b3">
    <table name="Y" address="2a79f" />
  </table>
  <table name="TD Burst Activation Thresholds (Boost Error)" address="2a7f5" />
  <table name="TD Continuous Activation Thresholds (Boost Error)" address="2a7f9" />
  <table name="Manifold Pressure Sensor Multiplier A" address="538a" />
  <table name="Manifold Pressure Sensor Offset A" address="5390" />
  <table name="Manifold Pressure Sensor Multiplier B" address="5436" />
  <table name="Manifold Pressure Sensor Offset B" address="543c" />
  <table name="Manifold Pressure Sensor Multiplier C" address="54b6" />
  <table name="Manifold Pressure Sensor Offset C" address="54bc" />
  <table name="Manifold Pressure Sensor Multiplier D" address="d0d4" />
  <table name="Manifold Pressure Sensor Offset D" address="d0da" />
  <table name="Manifold Pressure Sensor High Input (CEL)" address="2ad4f" />
  <table name="Manifold Pressure Sensor CEL Delay (High Input)" address="2ad51" />
  <table name="Manifold Pressure Sensor Low Input (CEL)" address="2ad52" />
  <table name="Manifold Pressure Sensor CEL Delay (Low Input)" address="2ad54" />
  <table name="Primary Open Loop Fueling" address="28e12">
    <table name="X" address="28df4" />
    <table name="Y" address="28dd3" />
  </table>
  <table name="Primary Open Loop Fueling (Failsafe)" address="28f35">
    <table name="X" address="28f17" />
    <table name="Y" address="28ef2" />
  </table>
  <table name="Primary Open Loop Fuel Map Switch (IAM)" address="28dd1" />
  <table name="Minimum Active Primary Open Loop Enrichment" address="28d2a" />
  <table name="Minimum Primary Open Loop Enrichment (Throttle)" address="28da5" />
  <table name="Minimum Primary Fueling CL to OL Intermediate Enrich" address="28d2e" />
  <table name="Maximum Primary Fueling CL to OL Intermediate Steps" address="28d34" />
  <table name="Primary Open Loop Fueling Compensation (ECT)" address="28db1" />
  <table name="Front Oxygen Sensor Scaling" address="2828d">
    <table name="Y" address="28271" />
  </table>
  <table name="Front Oxygen Sensor Compensation (Atm. Pressure)" address="2825a">
    <table name="Y" address="28250" />
  </table>
  <table name="Closed Loop Base Fueling Target" address="157e2" />
  <table name="Closed Loop Fueling Target Limits" address="28b8b" />
  <table name="CL Fueling Target Compensation (Load)" address="28bf2">
    <table name="X" address="28be0" />
    <table name="Y" address="28bd1" />
  </table>
  <table name="CL Fueling Target Compensation (ECT)" address="28b9d" />
  <table name="CL Fueling Target Compensation (ECT) Disable" address="28b96" />
  <table name="CL to OL Delay" address="28d51" />
  <table name="CL to OL Transition with Delay (Throttle)" address="28d7b" />
  <table name="CL to OL Transition with Delay Throttle Hysteresis" address="28d36" />
  <table name="CL to OL Transition with Delay (Base Pulse Width)" address="28d91" />
  <table name="CL to OL Transition with Delay BPW Hysteresis_" address="28d37" />
  <table name="CL Delay Maximum (EGT)" address="28d49" />
  <table name="CL Delay Maximum (Throttle) (MT)" address="28d43" />
  <table name="CL Delay Maximum Engine Speed" address="28d3b" />
  <table name="CL Delay Maximum (Vehicle Speed)" address="28d47" />
  <table name="CL Delay Minimum (ECT)" address="28d39" />
  <table name="CL Delay Throttle Atm. Pressure Thresholds" address="28d71" />
  <table name="CL Delay Maximum (Throttle) (Low Atm. Pressure)(AT)" address="28d41" />
  <table name="CL Delay Maximum (Throttle) (High Atm. Pressure)(AT)" address="28d3f" />
  <table name="Injector Latency" address="286a1" />
  <table name="Injector Flow Scaling" address="28699" />
  <table name="Per Injector Primary Fuel Offset Compensation A_" address="2908b" />
  <table name="Per Injector Primary Fuel Offset Compensation B_" address="2908d" />
  <table name="Per Injector Primary Fuel Offset Compensation C_" address="2908f" />
  <table name="Per Injector Primary Fuel Offset Compensation D_" address="29091" />
  <table name="Per Injector Compensation Activation (RPM)" address="29087" />
  <table name="Cranking Fuel Injector Pulse Width A (ECT)" address="28599" />
  <table name="Cranking Fuel Injector Pulse Width B (ECT)" address="285bf">
    <table name="Y" elements="13" />
  </table>
  <table name="Cranking Fuel Injector Pulse Width C (ECT)" address="285df" />
  <table name="Cranking Fuel Injector Pulse Width D (ECT)" address="28605">
    <table name="Y" elements="13" />
  </table>
  <table name="Cranking Fuel IPW Compensation (MAP)" address="28523" />
  <table name="Cranking Fuel IPW Compensation (Throttle)" address="28531" />
  <table name="Cranking Fuel IPW Compensation (RPM)(MT)" address="28570" />
  <table name="Cranking Fuel IPW Compensation (RPM)(AT)" address="28542" />
  <table name="Throttle Tip-in Enrichment" address="2910d">
    <table name="Y" address="290f9" />
  </table>
  <table name="Minimum Tip-in Enrichment Activation" address="290f3" />
  <table name="Minimum Tip-in Enrichment Activation (Throttle)" address="290f1" />
  <table name="Tip-in Enrichment Compensation (Positive Boost Error)" address="2912b" />
  <table name="Tip-in Enrichment Compensation (ECT)" address="29138" />
  <table name="Tip-in Enrichment Disable Applied Counter Threshold" address="290f2" />
  <table name="Tip-in Enrichment Applied Counter Reset" address="290f7" />
  <table name="Tip-in Enrichment Disable Throttle Cumulative Threshold" address="290f5" />
  <table name="Tip-in Throttle Cumulative Reset" address="290f8" />
  <table name="Primary Base Enrichment Additive 1_" address="2882e" />
  <table name="Primary Base Enrichment Additive 2 Initial Start 1A" address="28745" />
  <table name="Primary Base Enrichment Additive 2 Initial Start 1B" address="2878b" />
  <table name="Primary Base Enrichment Additive 2 Initial Start 2A" address="2876b">
    <table name="Y" elements="13" />
  </table>
  <table name="Primary Base Enrichment Additive 2 Initial Start 2B" address="287b1">
    <table name="Y" elements="13" />
  </table>
  <table name="Primary Base Enrichment Additive 2 Decay Step 1" address="287d3" />
  <table name="Primary Base Enrichment Additive 2 Decay Step 2" address="287f9">
    <table name="Y" elements="13" />
  </table>
  <table name="Primary Base Enrichment Additive 3 Initial Start 1A" address="286c8">
    <table name="Y" elements="13" />
  </table>
  <table name="Primary Base Enrichment Additive 3 Initial Start 1B" address="286f1">
    <table name="Y" elements="13" />
  </table>
  <table name="Primary Base Enrichment Additive 3 Initial Start 2A" address="286b2" />
  <table name="Primary Base Enrichment Additive 3 Initial Start 2B" address="286db" />
  <table name="Primary Base Enrichment Additive 3 Decay Delay 1" address="2871d">
    <table name="Y" elements="13" />
  </table>
  <table name="Primary Base Enrichment Additive 3 Decay Delay 2" address="28707" />
  <table name="Primary Base Enrichment Additive 3 Decay Multiplier" address="28700" />
  <table name="A/F Learning #1 Limits" address="28c59" />
  <table name="A/F Learning #1 Airflow Ranges" address="28c5f" />
  <table name="MAF Sensor Scaling" address="2808a">
    <table name="Y" address="28028" />
  </table>
  <table name="MAF Sensor Limit (CEL)" address="2adee" />
  <table name="MAF Compensation (IAT)" address="2816d">
    <table name="X" address="28166" />
    <table name="Y" address="2815d" />
  </table>
  <table name="Engine Load Compensation (MP)" address="28159">
    <table name="X" address="28153" elements="2" />
    <table name="Y" address="2814e" elements="2" />
  </table>
  <table name="Base Timing" address="293ef">
    <table name="X" address="293cd" />
    <table name="Y" address="293ae" />
  </table>
  <table name="Base Timing Idle (Neutral)" address="293a5" />
  <table name="Base Timing Idle (In-Gear)(Above Speed Threshold)" address="29387" />
  <table name="Base Timing Idle (In-Gear)(Below Speed Threshold)" address="29396" />
  <table name="Base Timing Idle Vehicle Speed Threshold" address="29362" />
  <table name="Knock Correction Advance Max" address="298c1">
    <table name="X" address="298a5" />
    <table name="Y" address="29884" />
  </table>
  <table name="Timing Compensation (IAT)" address="29528" />
  <table name="Timing Comp Min Load (IAT)" address="29538" />
  <table name="Timing Compensation (ECT)" address="29512" />
  <table name="Timing Compensation Idle A (ECT)" address="294e6" />
  <table name="Timing Compensation Idle B (ECT)" address="294fc" />
  <table name="Timing Compensation Per Cylinder A (RPM)" address="29a94" />
  <table name="Timing Compensation Per Cylinder B (RPM)" address="29a9c" />
  <table name="Timing Compensation Per Cylinder C (RPM)" address="29aa4" />
  <table name="Timing Compensation Per Cylinder D (RPM)" address="29aac" />
  <table name="Timing Comp Minimum Load (Per Cylinder)" address="29a8a" />
  <table name="Timing Comp Maximum RPM (Per Cylinder)" address="29a88" />
  <table name="Timing Comp Minimum Coolant Temp (Per Cylinder)" address="29a8c" />
  <table name="Feedback Correction Range (RPM)" address="299cc" />
  <table name="Feedback Correction Minimum Load" address="299d4" />
  <table name="Feedback Correction Retard Value" address="299bf" />
  <table name="Feedback Correction Retard Limit" address="299be" />
  <table name="Feedback Correction Negative Advance Value" address="299c0" />
  <table name="Feedback Correction Negative Advance Delay" address="299ba" />
  <table name="Fine Correction Range (RPM)" address="299ff" />
  <table name="Fine Correction Range (Load)" address="29a07" />
  <table name="Fine Correction Rows (RPM)" address="299e9" />
  <table name="Fine Correction Columns (Load)" address="299d9" />
  <table name="Fine Correction Retard Value_" address="299fe" />
  <table name="Fine Correction Retard Limit" address="299fc" />
  <table name="Fine Correction Advance Value" address="299fd" />
  <table name="Fine Correction Advance Limit" address="299fb" />
  <table name="Fine Correction Advance Delay" address="299f9" />
  <table name="Rough Correction Range (RPM)" address="29992" />
  <table name="Rough Correction Range (Load)" address="2999a" />
  <table name="Rough Correction Minimum KC Advance Map Value" address="299a2" />
  <table name="Rough Correction Learning Delay (Increasing)" address="299aa" />
  <table name="Advance Multiplier (Initial)" address="29991" />
  <table name="Advance Multiplier Step Value" address="299a3" />
  <table name="EGT Limit (Failsafe)" address="2b0b1">
    <table name="X" address="2b0ab" />
    <table name="Y" address="2b0a6" />
  </table>
  <table name="Rev Limit (Fuel Cut)" address="291ce" />
  <table name="Speed Limiting (Fuel Cut)" address="291ef" />
  <table name="Speed Limiting Disable (Fuel Cut)" address="129d2" />
  <table name="Speed Limiting (Wastegate)" address="2a7ec" />
  <table name="Speed Limiting Disable (Wastegate)" address="2a7eb" />
  <table name="EGT Sensor Scaling" address="2bff4" />
  <table name="Fuel Temp Sensor Scaling" address="282f3" />
  <table name="Intake Temp Sensor Scaling" address="2bfb2" />
  <table name="Coolant Temp Sensor Scaling" address="2bf74" />
  <table name="Radiator Fan Modes (ECT)" address="2a60e" />
  <table name="Radiator Fan Modes (Veh. Speed)" address="2a612" />
  <table name="Radiator Fan Switching Determination (Modes)" address="2a5ee" />
  <table name="Gear Determination Thresholds (MT)" address="28391" />
  <table name="Idle Speed Target A (MT)" address="29d0d" />
  <table name="Idle Speed Target B (MT)" address="29d33" />
  <table name="Idle Speed Target A (AT)" address="29d59" />
  <table name="Idle Speed Target B (AT)" address="29d7f" />
  <table name="Min Idle Speed A/C (MT)" address="29da1" />
  <table name="Min Idle Speed A/C (AT)" address="29da3" />
  <table name="Min Idle Speed Startup (MT)" address="29fb8" />
  <table name="Min Idle Speed Startup (AT)" address="29fae" />
  <table name="Min Idle Speed High Electrical Load (MT)" address="29fb6" />
  <table name="Min Idle Speed High Electrical Load (AT)" address="29faa" />
  <table name="Force Pass Readiness Monitors" address="1f126" />
  <table name="Catalyst Readiness Threshold Fix F" address="2a979" />
  <table name="Catalyst Readiness Threshold Fix H" address="2a98f" />
  <scaling name="TGVCELFix(P1086,P1087,P1088,P1089)" storagetype="bloblist">
    <data name="enabled" value="274C274C" />
    <data name="disabled" value="FA00DF8E" />
  </scaling>
  <table name="TGV CEL Fix (P1086, P1087, P1088, P1089)" address="b6e" scaling="TGVCELFix(P1086,P1087,P1088,P1089)" />
  <scaling name="TGVCELFix(P1090,P1091,P1092,P1093)" storagetype="bloblist">
    <data name="enabled" value="274C274C274C274C" />
    <data name="disabled" value="FA00DE56FA00DEF2" />
  </scaling>
  <table name="TGV CEL Fix (P1090, P1091, P1092, P1093)" address="d3a" scaling="TGVCELFix(P1090,P1091,P1092,P1093)" />
  <scaling name="TGVCELFix(P1094,P1095,P1096,P1097)" storagetype="bloblist">
    <data name="enabled" value="274C274C" />
    <data name="disabled" value="FA01D6DA" />
  </scaling>
  <table name="TGV CEL Fix (P1094, P1095, P1096, P1097)" address="b5a" scaling="TGVCELFix(P1094,P1095,P1096,P1097)" />
  <table name="Misfire CEL Fix (P0301, P0302, P0303, P0304)" address="2be67" />
  <table name="(P0011) CAMSHAFT POS. - TIMING OVER-ADVANCED 1" address="2c83d" />
  <table name="(P0021) CAMSHAFT POS. - TIMING OVER-ADVANCED 2" address="2c841" />
  <table name="(P0030) FRONT O2 SENSOR RANGE/PERF" address="2cc39" />
  <table name="(P0031) FRONT O2 SENSOR LOW INPUT" address="2c9b9" />
  <table name="(P0032) FRONT O2 SENSOR HIGH INPUT" address="2c9b1" />
  <table name="(P0034) TURBO BYPASS VALVE CIRCUIT LOW" address="2c96d" />
  <table name="(P0035) TURBO BYPASS VALVE CIRCUIT HIGH" address="2c971" />
  <table name="(P0037) REAR O2 SENSOR LOW INPUT" address="2c9b5" />
  <table name="(P0038) REAR O2 SENSOR HIGH INPUT" address="2c9ad" />
  <table name="(P0068) MAP SENSOR RANGE/PERF" address="2cc0d" />
  <table name="(P0101) MAF SENSOR RANGE/PERF" address="2cc1d" />
  <table name="(P0102) MAF SENSOR LOW INPUT" address="2c6a9" />
  <table name="(P0103) MAF SENSOR HIGH INPUT" address="2c6ad" />
  <table name="(P0107) MAP SENSOR LOW INPUT" address="2c9d1" />
  <table name="(P0108) MAP SENSOR HIGH INPUT" address="2c9d5" />
  <table name="(P0111) IAT SENSOR RANGE/PERF" address="2c9a5" />
  <table name="(P0112) IAT SENSOR LOW INPUT" address="2c99d" />
  <table name="(P0113) IAT SENSOR HIGH INPUT" address="2c9a1" />
  <table name="(P0117) COOLANT TEMP SENSOR LOW INPUT" address="2c6f1" />
  <table name="(P0118) COOLANT TEMP SENSOR HIGH INPUT" address="2c6f5" />
  <table name="(P0121) TPS RANGE/PERF" address="2c6e9" />
  <table name="(P0122) TPS A LOW INPUT" address="2c6dd" />
  <table name="(P0123) TPS A HIGH INPUT" address="2c6e1" />
  <table name="(P0125) INSUFFICIENT COOLANT TEMP (FUELING)" address="2c6fd" />
  <table name="(P0128) THERMOSTAT MALFUNCTION" address="2ca2d" />
  <table name="(P0129) ATMOS. PRESSURE SENSOR RANGE/PERF" address="2cc11" />
  <table name="(P0130) FRONT O2 SENSOR MALFUNCTION" address="2cc31" />
  <table name="(P0133) FRONT O2 SENSOR SLOW RESPONSE" address="2c8e9" />
  <table name="(P0134) FRONT O2 SENSOR NO ACTIVITY" address="2cc29" />
  <table name="(P0137) REAR O2 SENSOR LOW VOLTAGE" address="2c979" />
  <table name="(P0138) REAR O2 SENSOR HIGH VOLTAGE" address="2c991" />
  <table name="(P0139) REAR O2 SENSOR SLOW RESPONSE" address="2c8f1" />
  <table name="(P0171) SYSTEM TOO LEAN" address="2c925" />
  <table name="(P0172) SYSTEM TOO RICH" address="2c929" />
  <table name="(P0181) FUEL TEMP SENSOR A RANGE/PERF" address="2c775" />
  <table name="(P0182) FUEL TEMP SENSOR A LOW INPUT" address="2c76d" />
  <table name="(P0183) FUEL TEMP SENSOR A HIGH INPUT" address="2c771" />
  <table name="(P0230) FUEL PUMP PRIMARY CIRCUIT" address="2cc05" />
  <table name="(P0244) WASTEGATE SOLENOID A RANGE/PERF" address="2ca81" />
  <table name="(P0245) WASTEGATE SOLENOID A LOW" address="2ca75" />
  <table name="(P0246) WASTEGATE SOLENOID A HIGH" address="2ca79" />
  <table name="(P0249) WASTEGATE SOLENOID B LOW" address="2ca89" />
  <table name="(P0250) WASTEGATE SOLENOID B HIGH" address="2ca8d" />
  <table name="(P0261) FUEL INJECTOR #1 CIRCUIT LOW" address="2cacd" />
  <table name="(P0264) FUEL INJECTOR #2 CIRCUIT LOW" address="2cad1" />
  <table name="(P0267) FUEL INJECTOR #3 CIRCUIT LOW" address="2cad5" />
  <table name="(P0270) FUEL INJECTOR #4 CIRCUIT LOW" address="2cad9" />
  <table name="(P0301) MISFIRE CYLINDER 1" address="2c931" />
  <table name="(P0302) MISFIRE CYLINDER 2" address="2c935" />
  <table name="(P0303) MISFIRE CYLINDER 3" address="2c939" />
  <table name="(P0304) MISFIRE CYLINDER 4" address="2c93d" />
  <table name="(P0327) KNOCK SENSOR 1 LOW INPUT" address="2c6d5" />
  <table name="(P0328) KNOCK SENSOR 1 HIGH INPUT" address="2c6d9" />
  <table name="(P0335) CRANKSHAFT POS. SENSOR A MALFUNCTION" address="2c685" />
  <table name="(P0336) CRANKSHAFT POS. SENSOR A RANGE/PERF" address="2c68d" />
  <table name="(P0340) CAMSHAFT POS. SENSOR A MALFUNCTION" address="2c695" />
  <table name="(P0341) CAMSHAFT POS. SENSOR A RANGE/PERF" address="2c691" />
  <table name="(P0350) IGNITION COIL PRIMARY/SECONDARY" address="2c729" />
  <table name="(P0365) CAMSHAFT POS. SENSOR B BANK 1" address="2c835" />
  <table name="(P0390) CAMSHAFT POS. SENSOR B BANK 2" address="2c839" />
  <table name="(P0420) CAT EFFICIENCY BELOW THRESHOLD" address="2c90d" />
  <table name="(P0442) EVAP LEAK DETECTED (SMALL)" address="2c911" />
  <table name="(P0447) EVAP VENT CONTROL CIRCUIT OPEN" address="2c871" />
  <table name="(P0448) EVAP VENT CONTROL CIRCUIT SHORTED" address="2c875" />
  <table name="(P0451) EVAP PRESSURE SENSOR RANGE/PERF" address="2c745" />
  <table name="(P0452) EVAP PRESSURE SENSOR LOW INPUT" address="2c739" />
  <table name="(P0453) EVAP PRESSURE SENSOR HIGH INPUT" address="2c73d" />
  <table name="(P0456) EVAP LEAK DETECTED (VERY SMALL)" address="2c919" />
  <table name="(P0457) EVAP LEAK DETECTED (FUEL CAP)" address="2c94d" />
  <table name="(P0458) EVAP PURGE VALVE CIRCUIT LOW" address="2c84d" />
  <table name="(P0459) EVAP PURGE VALVE CIRCUIT HIGH" address="2c851" />
  <table name="(P0461) FUEL LEVEL SENSOR RANGE/PERF" address="2c709" />
  <table name="(P0462) FUEL LEVEL SENSOR LOW INPUT" address="2c701" />
  <table name="(P0463) FUEL LEVEL SENSOR HIGH INPUT" address="2c705" />
  <table name="(P0464) FUEL LEVEL SENSOR INTERMITTENT" address="2c6f9" />
  <table name="(P0483) RADIATOR FAN RATIONALITY CHECK" address="2c829" />
  <table name="(P0502) VEHICLE SPEED SENSOR LOW INPUT" address="2cc01" />
  <table name="(P0503) VEHICLE SPEED SENSOR INTERMITTENT" address="2cc41" />
  <table name="(P0506) IDLE CONTROL RPM LOWER THAN EXPECTED" address="2c7f9" />
  <table name="(P0507) IDLE CONTROL RPM HIGH THAN EXPECTED" address="2c7fd" />
  <table name="(P0508) IDLE CONTROL CIRCUIT LOW" address="2c7ed" />
  <table name="(P0509) IDLE CONTROL CIRCUIT HIGH" address="2c7f1" />
  <table name="(P0512) STARTER REQUEST CIRCUIT" address="2c731" />
  <table name="(P0519) IDLE CONTROL MALFUNCTION (FAIL-SAFE)" address="2cc15" />
  <table name="(P0545) EGT SENSOR CIRCUIT LOW" address="2cae1" />
  <table name="(P0546) EGT SENSOR CIRCUIT HIGH" address="2cae5" />
  <table name="(P0558) ALTERNATOR CIRCUIT LOW" address="2cbf5" />
  <table name="(P0559) ALTERNATOR CIRCUIT HIGH" address="2cbf9" />
  <table name="(P0562) SYSTEM VOLTAGE LOW" address="2ca69" />
  <table name="(P0563) SYSTEM VOLTAGE HIGH" address="2ca6d" />
  <table name="(P0565) CRUISE CONTROL SET SIGNAL" address="2cc09" />
  <table name="(P0604) CONTROL MODULE RAM ERROR" address="2c69d" />
  <table name="(P0691) RADIATOR FAN CIRCUIT LOW" address="2c819" />
  <table name="(P0692) RADIATOR FAN CIRCUIT HIGH" address="2c81d" />
  <table name="(P0703) BRAKE SWITCH INPUT MALFUNCTION" address="2c895" />
  <table name="(P0705) TRANSMISSION RANGE SENSOR MALFUNCTION" address="2c88d" />
  <table name="(P0710) ATF TEMP SENSOR MALFUNCTION" address="2c889" />
  <table name="(P0716) TORQUE CONVERTER TURBINE SPEED RANGE/PERF" address="2cba5" />
  <table name="(P0720) AT VEHICLE SPEED SENSOR HIGH" address="2c87d" />
  <table name="(P0726) ENGINE SPEED INPUT RANGE/PERF" address="2cba9" />
  <table name="(P0731) GEAR 1 INCORRECT RATIO" address="2c8b5" />
  <table name="(P0732) GEAR 2 INCORRECT RATIO" address="2c8b9" />
  <table name="(P0733) GEAR 3 INCORRECT RATIO" address="2c8bd" />
  <table name="(P0734) GEAR 4 INCORRECT RATIO" address="2c8c5" />
  <table name="(P0741) TORQUE CONVERTER CLUTCH MALFUNCTION" address="2c899" />
  <table name="(P0743) TORQUE CONVERTER CLUTCH LOCK-UP DUTY SOLENOID" address="2c8b1" />
  <table name="(P0748) PRESSURE CONTROL LINE PRESSURE DUTY SOLENOID" address="2c8ad" />
  <table name="(P0753) SHIFT SOLENOID A ELECTRICAL" address="2c8a1" />
  <table name="(P0758) SHIFT SOLENOID B ELECTRICAL" address="2c8a5" />
  <table name="(P0771) AT LOW CLUTCH TIMING SOLENOID MALFUNCTION" address="2cba1" />
  <table name="(P0778) AT 2-4 BRAKE PRESSURE SOLENOID MALFUNCTION" address="2ca01" />
  <table name="(P0785) AT 2-4 BRAKE TIMING SOLENOID MALFUNCTION" address="2c9fd" />
  <table name="(P0851) NEUTRAL SWITCH INPUT LOW" address="2c769" />
  <table name="(P0852) NEUTRAL SWITCH INPUT HIGH" address="2c779" />
  <table name="(P0864) TCM COMMUNICATION RANGE/PERF" address="2c82d" />
  <table name="(P0865) TCM COMMUNICATION CIRCUIT LOW" address="2c859" />
  <table name="(P0866) TCM COMMUNICATION CIRCUIT HIGH" address="2c85d" />
  <table name="(P1086) TGV POS. 2 CIRCUIT LOW" address="2cb15" />
  <table name="(P1087) TGV POS. 2 CIRCUIT HIGH" address="2cb19" />
  <table name="(P1088) TGV POS. 1 CIRCUIT LOW" address="2cb1d" />
  <table name="(P1089) TGV POS. 1 CIRCUIT HIGH" address="2cb21" />
  <table name="(P1090) TGV SYSTEM 1 (VALVE OPEN)" address="2c7d9" />
  <table name="(P1091) TGV SYSTEM 1 (VALVE CLOSE)" address="2c7dd" />
  <table name="(P1092) TGV SYSTEM 2 (VALVE OPEN)" address="2c7e1" />
  <table name="(P1093) TGV SYSTEM 2 (VALVE CLOSE)" address="2c7e5" />
  <table name="(P1094) TGV SIGNAL 1 (OPEN)" address="2cac5" />
  <table name="(P1095) TGV SIGNAL 1 (SHORT)" address="2cabd" />
  <table name="(P1096) TGV SIGNAL 2 (OPEN)" address="2cac9" />
  <table name="(P1097) TGV SIGNAL 2 (SHORT)" address="2cac1" />
  <table name="(P1110) ATMOS. PRESSURE SENSOR LOW INPUT" address="2c9c1" />
  <table name="(P1111) ATMOS. PRESSURE SENSOR HIGH INPUT" address="2c9c5" />
  <table name="(P1134) FRONT O2 SENSOR MICROCOMPUTER" address="2c97d" />
  <table name="(P1152) FRONT O2 SENSOR RANGE/PERF LOW B1 S1" address="2c8f9" />
  <table name="(P1153) FRONT O2 SENSOR RANGE/PERF HIGH B1 S1" address="2c8fd" />
  <table name="(P1199) DIFFERENTIAL PRESSURE SENSOR" address="2cb11" />
  <table name="(P1235) ICV SOLENOID CIRCUIT LOW" address="2c95d" />
  <table name="(P1236) ICV SOLENOID CIRCUIT HIGH" address="2c961" />
  <table name="(P1237) ECV SOLENOID LOW POS. PRESSURE" address="2c749" />
  <table name="(P1238) ECV SOLENOID HIGH POS. PRESSURE" address="2c74d" />
  <table name="(P1239) ECV SOLENOID LOW NEG. PRESSURE" address="2c751" />
  <table name="(P1240) ECV SOLENOID HIGH NEG. PRESSURE" address="2c755" />
  <table name="(P1241) 2 STAGE TWIN TURBO SYSTEM (SINGLE)" address="2cb0d" />
  <table name="(P1242) 2 STAGE TWIN TURBO SYSTEM (TWIN)" address="2cb09" />
  <table name="(P1247) RELIEF VALVE SOLENOID 1 CIRCUIT LOW" address="2ca91" />
  <table name="(P1248) RELIEF VALVE SOLENOID 1 CIRCUIT HIGH" address="2ca51" />
  <table name="(P1249) RELIEF VALVE SOLENOID 2 CIRCUIT LOW" address="2ca55" />
  <table name="(P1250) RELIEF VALVE SOLENOID 2 CIRCUIT HIGH" address="2ca59" />
  <table name="(P1301) MISFIRE (HIGH TEMP EXHAUST GAS)" address="2c949" />
  <table name="(P1306) OCV SOLENOID SIGNAL 1 MALFUNCTION (OPEN)" address="2caf1" />
  <table name="(P1307) OCV SOLENOID SIGNAL 1 MALFUNCTION (SHORT)" address="2caf9" />
  <table name="(P1308) OCV SOLENOID SIGNAL 2 MALFUNCTION (OPEN)" address="2caf5" />
  <table name="(P1309) OCV SOLENOID SIGNAL 2 MALFUNCTION (SHORT)" address="2cafd" />
  <table name="(P1312) EGT SENSOR MALFUNCTION" address="2cae9" />
  <table name="(P1400) FUEL TANK PRESSURE SOL. LOW" address="2c845" />
  <table name="(P1420) FUEL TANK PRESSURE SOL. HIGH INPUT" address="2c849" />
  <table name="(P1443) VENT CONTROL SOLENOID FUNCTION PROBLEM" address="2c861" />
  <table name="(P1446) FUEL TANK SENSOR CONTROL CIRCUIT LOW" address="2c7d1" />
  <table name="(P1447) FUEL TANK SENSOR CONTROL CIRCUIT HIGH" address="2c7d5" />
  <table name="(P1448) FUEL TANK SENSOR CONTROL RANGE/PERF" address="2c809" />
  <table name="(P1491) PCV (BLOWBY) FUNCTION PROBLEM" address="2ca31" />
  <table name="(P1518) STARTER SWITCH LOW INPUT" address="2c72d" />
  <table name="(P1544) EGT TOO HIGH" address="2caed" />
  <table name="(P1560) BACK-UP VOLTAGE MALFUNCTION" address="2ca5d" />
  <table name="(P1700) TPS CIRCUIT MALFUNCTION (AT)" address="2c885" />
  <table name="(P1711) ENGINE TORQUE SIGNAL #1 MALFUNCTION" address="2c9ed" />
  <table name="(P1712) ENGINE TORQUE SIGNAL #2 MALFUNCTION" address="2c9f1" />
</rom>