<rom>
  <romid>
    <xmlid>A4TE100G</xmlid>
    <internalidaddress>200</internalidaddress>
    <internalidstring>A4TE100G</internalidstring>
    <ecuid>2E44586005</ecuid>
    <year>03</year>
    <market>EDM</market>
    <make>Subaru</make>
    <model>Impreza</model>
    <submodel>WRX</submodel>
    <transmission>MT/AT</transmission>
    <memmodel>68HC16Y5</memmodel>
    <flashmethod>wrx02</flashmethod>
  </romid>
  <include>A4TE001G</include>
  <table name="Manifold Pressure Sensor Multiplier D" address="c022" />
  <table name="Manifold Pressure Sensor Offset D" address="c028" />
  <table name="EGT Sensor Scaling" address="2bcf2" />
  <table name="Intake Temp Sensor Scaling" address="2bcb0" />
  <table name="Coolant Temp Sensor Scaling" address="2bc72" />
  <table name="Force Pass Readiness Monitors" address="1b534" />
  <scaling name="TGVCELFix(P1086,P1087,P1088,P1089)" storagetype="bloblist">
    <data name="enabled" value="274C274C" />
    <data name="disabled" value="FA00CEDC" />
  </scaling>
  <table name="TGV CEL Fix (P1086, P1087, P1088, P1089)" address="b82" scaling="TGVCELFix(P1086,P1087,P1088,P1089)" />
  <scaling name="TGVCELFix(P1090,P1091,P1092,P1093)" storagetype="bloblist">
    <data name="enabled" value="274C274C274C274C" />
    <data name="disabled" value="FA00CDA4FA00CE40" />
  </scaling>
  <table name="TGV CEL Fix (P1090, P1091, P1092, P1093)" address="d64" scaling="TGVCELFix(P1090,P1091,P1092,P1093)" />
  <scaling name="TGVCELFix(P1094,P1095,P1096,P1097)" storagetype="bloblist">
    <data name="enabled" value="274C274C" />
    <data name="disabled" value="FA019FA4" />
  </scaling>
  <table name="TGV CEL Fix (P1094, P1095, P1096, P1097)" address="b6e" scaling="TGVCELFix(P1094,P1095,P1096,P1097)" />
  <scaling name="MisfireCELFix(P0301,P0302,P0303,P0304)" storagetype="bloblist">
    <data name="enabled" value="FFFFFFFFFFFFFFFF" />
    <data name="disabled" value="350A0CFF0C64FF35" />
  </scaling>
  <table name="Misfire CEL Fix (P0301, P0302, P0303, P0304)" address="2bb65" scaling="MisfireCELFix(P0301,P0302,P0303,P0304)" />
</rom>