<rom>
  <romid>
    <xmlid>A4TF300F</xmlid>
    <internalidaddress>200</internalidaddress>
    <internalidstring>A4TF300F</internalidstring>
    <ecuid>2E14486006</ecuid>
    <year>04</year>
    <market>USDM</market>
    <make>Subaru</make>
    <model>Impreza</model>
    <submodel>WRX</submodel>
    <transmission>MT</transmission>
    <memmodel>68HC16Y5</memmodel>
    <flashmethod>wrx04</flashmethod>
  </romid>
  <include>A4TF400E</include>
  <table name="Manifold Pressure Sensor Multiplier D" address="c27e" />
  <table name="Manifold Pressure Sensor Offset D" address="c284" />
  <table name="Closed Loop Base Fueling Target" address="0f3c2" />
  <table name="EGT Limit (Failsafe)" address="2aff8">
    <table name="X" address="2aff2" />
    <table name="Y" address="2afed" />
  </table>
  <table name="Speed Limiting Disable (Fuel Cut)" address="129c2" />
  <table name="EGT Sensor Scaling" address="2bb6e" />
  <table name="Intake Temp Sensor Scaling" address="2bb2c" />
  <table name="Coolant Temp Sensor Scaling" address="2baee" />
  <table name="Force Pass Readiness Monitors" address="1d92a" />
  <scaling name="TGVCELFix(P1086,P1087,P1088,P1089)" storagetype="bloblist">
    <data name="enabled" value="274C274C" />
    <data name="disabled" value="FA00D138" />
  </scaling>
  <table name="TGV CEL Fix (P1086, P1087, P1088, P1089)" address="b72" scaling="TGVCELFix(P1086,P1087,P1088,P1089)" />
  <scaling name="TGVCELFix(P1090,P1091,P1092,P1093)" storagetype="bloblist">
    <data name="enabled" value="274C274C274C274C" />
    <data name="disabled" value="FA00D000FA00D09C" />
  </scaling>
  <table name="TGV CEL Fix (P1090, P1091, P1092, P1093)" address="d42" scaling="TGVCELFix(P1090,P1091,P1092,P1093)" />
  <scaling name="TGVCELFix(P1094,P1095,P1096,P1097)" storagetype="bloblist">
    <data name="enabled" value="274C274C" />
    <data name="disabled" value="FA01BE58" />
  </scaling>
  <table name="TGV CEL Fix (P1094, P1095, P1096, P1097)" address="b5e" scaling="TGVCELFix(P1094,P1095,P1096,P1097)" />
  <table name="Misfire CEL Fix (P0301, P0302, P0303, P0304)" address="2b9f0" />
</rom>