<rom>
  <romid>
    <xmlid>A4TF400E</xmlid>
    <internalidaddress>200</internalidaddress>
    <internalidstring>A4TF400E</internalidstring>
    <ecuid>2E14446106</ecuid>
    <year>04</year>
    <market>USDM</market>
    <make>Subaru</make>
    <model>Impreza</model>
    <submodel>WRX</submodel>
    <transmission>AT</transmission>
    <memmodel>68HC16Y5</memmodel>
    <flashmethod>wrx04</flashmethod>
  </romid>
  <include>16BITBASE</include>
  <table name="Target Boost" address="2a726">
    <table name="X" address="2a714" />
    <table name="Y" address="2a701" />
  </table>
  <table name="Target Boost Compensation (IAT)" address="2a78b">
    <table name="X" address="2a785" />
    <table name="Y" address="2a780" />
  </table>
  <table name="Target Boost Compensation (Atm. Pressure)" address="2a774" />
  <table name="Boost Limit (CEL)" address="2aee1" />
  <table name="Boost Limit CEL Delay" address="2aed9" />
  <table name="Boost Limit (Fuel Cut)" address="291f9" />
  <table name="Boost Control Disable (IAM)" address="2a7ef" />
  <table name="Boost Control Disable (Fine Correction)" address="2a7ed" />
  <table name="Boost Control Disable Delay (Fine Correction)" address="2a7ee" />
  <table name="Initial Off-Idle Wastegate Duty" address="2a6f2" />
  <table name="Max Wastegate Duty" address="2a68e">
    <table name="X" address="2a67c" />
    <table name="Y" address="2a66b" />
  </table>
  <table name="Max Wastegate Duty Compensation (IAT)" address="2a6de" />
  <table name="Max Wastegate Duty Compensation (Atm. Pressure)" address="2a6d4" />
  <table name="Turbo Dynamics Burst" address="2a7c9">
    <table name="Y" address="2a7b5" />
  </table>
  <table name="Turbo Dynamics Continuous" address="2a7a3">
    <table name="Y" address="2a78f" />
  </table>
  <table name="TD Burst Activation Thresholds (Boost Error)" address="2a7e5" />
  <table name="TD Continuous Activation Thresholds (Boost Error)" address="2a7e9" />
  <table name="Manifold Pressure Sensor Multiplier A" address="539c" />
  <table name="Manifold Pressure Sensor Offset A" address="53a2" />
  <table name="Manifold Pressure Sensor Multiplier B" address="5448" />
  <table name="Manifold Pressure Sensor Offset B" address="544e" />
  <table name="Manifold Pressure Sensor Multiplier C" address="54c8" />
  <table name="Manifold Pressure Sensor Offset C" address="54ce" />
  <table name="Manifold Pressure Sensor Multiplier D" address="c2a4" />
  <table name="Manifold Pressure Sensor Offset D" address="c2aa" />
  <table name="Manifold Pressure Sensor High Input (CEL)" address="2acd9" />
  <table name="Manifold Pressure Sensor CEL Delay (High Input)" address="2acdb" />
  <table name="Manifold Pressure Sensor Low Input (CEL)" address="2acdc" />
  <table name="Manifold Pressure Sensor CEL Delay (Low Input)" address="2acde" />
  <table name="Primary Open Loop Fueling" address="28e0d">
    <table name="X" address="28def" />
    <table name="Y" address="28dce" />
  </table>
  <table name="Primary Open Loop Fueling (Failsafe)" address="28f30">
    <table name="X" address="28f12" />
    <table name="Y" address="28eed" />
  </table>
  <table name="Primary Open Loop Fuel Map Switch (IAM)" address="28dcc" />
  <table name="Minimum Active Primary Open Loop Enrichment" address="28d4e" />
  <table name="Minimum Primary Open Loop Enrichment (Throttle)" address="28da0" />
  <table name="Minimum Primary Fueling CL to OL Intermediate Enrich" address="28d52" />
  <table name="Maximum Primary Fueling CL to OL Intermediate Steps" address="28d58" />
  <table name="Primary Open Loop Fueling Compensation (ECT)" address="28dac" />
  <table name="Front Oxygen Sensor Scaling" address="282af">
    <table name="Y" address="28293" />
  </table>
  <table name="Front Oxygen Sensor Compensation (Atm. Pressure)" address="2827c">
    <table name="Y" address="28272" />
  </table>
  <table name="Closed Loop Base Fueling Target" address="0f3e8" />
  <table name="Closed Loop Fueling Target Limits" address="28bad" />
  <table name="CL Fueling Target Compensation (Load)" address="28c14">
    <table name="X" address="28c02" />
    <table name="Y" address="28bf3" />
  </table>
  <table name="CL Fueling Target Compensation (ECT)" address="28bbf" />
  <table name="CL Fueling Target Compensation (ECT) Disable" address="28bb8" />
  <table name="CL to OL Delay" address="28d72" />
  <table name="CL to OL Transition with Delay (Throttle)_" address="28d5a" />
  <table name="CL to OL Transition with Delay Throttle Hysteresis" address="28d5b" />
  <table name="CL to OL Transition with Delay (Base Pulse Width)(MT)" address="28d5d" />
  <table name="CL to OL Transition with Delay (Base Pulse Width)(AT)" address="28d5c" />
  <table name="CL to OL Transition with Delay BPW Hysteresis_" address="28d5e" />
  <table name="CL Delay Maximum (EGT) (IAM)" address="28d68" />
  <table name="CL Delay Maximum Engine Speed" address="28d62" />
  <table name="CL Delay Maximum (Vehicle Speed)" address="28d66" />
  <table name="CL Delay Minimum (ECT)" address="28d60" />
  <table name="Injector Latency" address="286c3" />
  <table name="Injector Flow Scaling" address="286bb" />
  <table name="Per Injector Primary Fuel Offset Compensation A_" address="29085" />
  <table name="Per Injector Primary Fuel Offset Compensation B_" address="29087" />
  <table name="Per Injector Primary Fuel Offset Compensation C_" address="29089" />
  <table name="Per Injector Primary Fuel Offset Compensation D_" address="2908b" />
  <table name="Per Injector Compensation Activation (RPM)" address="29081" />
  <table name="Cranking Fuel Injector Pulse Width A (ECT)" address="285bb" />
  <table name="Cranking Fuel Injector Pulse Width B (ECT)" address="285e1">
    <table name="Y" elements="13" />
  </table>
  <table name="Cranking Fuel Injector Pulse Width C (ECT)" address="28601" />
  <table name="Cranking Fuel Injector Pulse Width D (ECT)" address="28627">
    <table name="Y" elements="13" />
  </table>
  <table name="Cranking Fuel IPW Compensation (MAP)" address="28545" />
  <table name="Cranking Fuel IPW Compensation (Throttle)" address="28553" />
  <table name="Cranking Fuel IPW Compensation (RPM)(MT)" address="28592" />
  <table name="Cranking Fuel IPW Compensation (RPM)(AT)" address="28564" />
  <table name="Throttle Tip-in Enrichment" address="29107">
    <table name="Y" address="290f3" />
  </table>
  <table name="Minimum Tip-in Enrichment Activation" address="290ed" />
  <table name="Minimum Tip-in Enrichment Activation (Throttle)" address="290eb" />
  <table name="Tip-in Enrichment Compensation (Positive Boost Error)" address="29125" />
  <table name="Tip-in Enrichment Compensation (ECT)" address="29132" />
  <table name="Tip-in Enrichment Disable Applied Counter Threshold" address="290ec" />
  <table name="Tip-in Enrichment Applied Counter Reset" address="290f1" />
  <table name="Tip-in Enrichment Disable Throttle Cumulative Threshold" address="290ef" />
  <table name="Tip-in Throttle Cumulative Reset" address="290f2" />
  <table name="Primary Base Enrichment Additive 1_" address="28850" />
  <table name="Primary Base Enrichment Additive 2 Initial Start 1A" address="28767" />
  <table name="Primary Base Enrichment Additive 2 Initial Start 1B" address="287ad" />
  <table name="Primary Base Enrichment Additive 2 Initial Start 2A" address="2878d">
    <table name="Y" elements="13" />
  </table>
  <table name="Primary Base Enrichment Additive 2 Initial Start 2B" address="287d3">
    <table name="Y" elements="13" />
  </table>
  <table name="Primary Base Enrichment Additive 2 Decay Step 1" address="287f5" />
  <table name="Primary Base Enrichment Additive 2 Decay Step 2" address="2881b">
    <table name="Y" elements="13" />
  </table>
  <table name="Primary Base Enrichment Additive 3 Initial Start 1A" address="286ea">
    <table name="Y" elements="13" />
  </table>
  <table name="Primary Base Enrichment Additive 3 Initial Start 1B" address="28713">
    <table name="Y" elements="13" />
  </table>
  <table name="Primary Base Enrichment Additive 3 Initial Start 2A" address="286d4" />
  <table name="Primary Base Enrichment Additive 3 Initial Start 2B" address="286fd" />
  <table name="Primary Base Enrichment Additive 3 Decay Delay 1" address="2873f">
    <table name="Y" elements="13" />
  </table>
  <table name="Primary Base Enrichment Additive 3 Decay Delay 2" address="28729" />
  <table name="Primary Base Enrichment Additive 3 Decay Multiplier" address="28722" />
  <table name="A/F Learning #1 Limits" address="28c7d" />
  <table name="A/F Learning #1 Airflow Ranges" address="28c83" />
  <table name="MAF Sensor Scaling" address="2808a">
    <table name="Y" address="28028" />
  </table>
  <table name="MAF Sensor Limit (CEL)" address="2ad78" />
  <table name="MAF Compensation (IAT)" address="2816d">
    <table name="X" address="28166" />
    <table name="Y" address="2815d" />
  </table>
  <table name="Engine Load Compensation (MP)" address="28159">
    <table name="X" address="28153" elements="2" />
    <table name="Y" address="2814e" elements="2" />
  </table>
  <table name="Base Timing" address="293eb">
    <table name="X" address="293c9" />
    <table name="Y" address="293aa" />
  </table>
  <table name="Base Timing Idle (Neutral)" address="293a1" />
  <table name="Base Timing Idle (In-Gear)(Above Speed Threshold)" address="29383" />
  <table name="Base Timing Idle (In-Gear)(Below Speed Threshold)" address="29392" />
  <table name="Base Timing Idle Vehicle Speed Threshold" address="2935e" />
  <table name="Knock Correction Advance Max" address="298bd">
    <table name="X" address="298a1" />
    <table name="Y" address="29880" />
  </table>
  <table name="Timing Compensation (IAT)" address="29524" />
  <table name="Timing Comp Min Load (IAT)" address="29534" />
  <table name="Timing Compensation (ECT)" address="2950e" />
  <table name="Timing Compensation Idle A (ECT)" address="294e2" />
  <table name="Timing Compensation Idle B (ECT)" address="294f8" />
  <table name="Timing Compensation Per Cylinder A (RPM)" address="29a90" />
  <table name="Timing Compensation Per Cylinder B (RPM)" address="29a98" />
  <table name="Timing Compensation Per Cylinder C (RPM)" address="29aa0" />
  <table name="Timing Compensation Per Cylinder D (RPM)" address="29aa8" />
  <table name="Timing Comp Minimum Load (Per Cylinder)" address="29a86" />
  <table name="Timing Comp Maximum RPM (Per Cylinder)" address="29a84" />
  <table name="Timing Comp Minimum Coolant Temp (Per Cylinder)" address="29a88" />
  <table name="Feedback Correction Range (RPM)" address="299c8" />
  <table name="Feedback Correction Minimum Load" address="299d0" />
  <table name="Feedback Correction Retard Value" address="299bb" />
  <table name="Feedback Correction Retard Limit" address="299ba" />
  <table name="Feedback Correction Negative Advance Value" address="299bc" />
  <table name="Feedback Correction Negative Advance Delay" address="299b6" />
  <table name="Fine Correction Range (RPM)" address="299fb" />
  <table name="Fine Correction Range (Load)" address="29a03" />
  <table name="Fine Correction Rows (RPM)" address="299e5" />
  <table name="Fine Correction Columns (Load)" address="299d5" />
  <table name="Fine Correction Retard Value_" address="299fa" />
  <table name="Fine Correction Retard Limit" address="299f8" />
  <table name="Fine Correction Advance Value" address="299f9" />
  <table name="Fine Correction Advance Limit" address="299f7" />
  <table name="Fine Correction Advance Delay" address="299f5" />
  <table name="Rough Correction Range (RPM)" address="2998e" />
  <table name="Rough Correction Range (Load)" address="29996" />
  <table name="Rough Correction Minimum KC Advance Map Value" address="2999e" />
  <table name="Rough Correction Learning Delay (Increasing)" address="299a6" />
  <table name="Advance Multiplier (Initial)" address="2998d" />
  <table name="Advance Multiplier Step Value" address="2999f" />
  <table name="EGT Limit (Failsafe)" address="2affa">
    <table name="X" address="2aff4" />
    <table name="Y" address="2afef" />
  </table>
  <table name="Rev Limit (Fuel Cut)" address="291c8" />
  <table name="Speed Limiting (Fuel Cut)" address="291e9" />
  <table name="Speed Limiting Disable (Fuel Cut)" address="129da" />
  <table name="Speed Limiting (Wastegate)" address="2a7dc" />
  <table name="Speed Limiting Disable (Wastegate)" address="2a7db" />
  <table name="EGT Sensor Scaling" address="2ba62" />
  <table name="Fuel Temp Sensor Scaling" address="28315" />
  <table name="Intake Temp Sensor Scaling" address="2ba20" />
  <table name="Coolant Temp Sensor Scaling" address="2b9e2" />
  <table name="Radiator Fan Modes (ECT)" address="2a5fe" />
  <table name="Radiator Fan Modes (Veh. Speed)" address="2a602" />
  <table name="Radiator Fan Switching Determination (Modes)" address="2a5de" />
  <table name="Gear Determination Thresholds (MT)" address="283b3" />
  <table name="Idle Speed Target A (MT)" address="29d09" />
  <table name="Idle Speed Target B (MT)" address="29d2f" />
  <table name="Idle Speed Target A (AT)" address="29d55" />
  <table name="Idle Speed Target B (AT)" address="29d7b" />
  <table name="Min Idle Speed A/C (MT)" address="29d9d" />
  <table name="Min Idle Speed A/C (AT)" address="29d9f" />
  <table name="Min Idle Speed Startup (MT)" address="29fb4" />
  <table name="Min Idle Speed Startup (AT)" address="29faa" />
  <table name="Min Idle Speed High Electrical Load (MT)" address="29fb2" />
  <table name="Min Idle Speed High Electrical Load (AT)" address="29fa6" />
  <table name="Force Pass Readiness Monitors" address="1d91e" />
  <table name="Catalyst Readiness Threshold Fix D" address="2a967" />
  <table name="Catalyst Readiness Threshold Fix E" address="2a979" />
  <scaling name="TGVCELFix(P1086,P1087,P1088,P1089)" storagetype="bloblist">
    <data name="enabled" value="274C274C" />
    <data name="disabled" value="FA00D15E" />
  </scaling>
  <table name="TGV CEL Fix (P1086, P1087, P1088, P1089)" address="b72" scaling="TGVCELFix(P1086,P1087,P1088,P1089)" />
  <scaling name="TGVCELFix(P1090,P1091,P1092,P1093)" storagetype="bloblist">
    <data name="enabled" value="274C274C274C274C" />
    <data name="disabled" value="FA00D026FA00D0C2" />
  </scaling>
  <table name="TGV CEL Fix (P1090, P1091, P1092, P1093)" address="d42" scaling="TGVCELFix(P1090,P1091,P1092,P1093)" />
  <scaling name="TGVCELFix(P1094,P1095,P1096,P1097)" storagetype="bloblist">
    <data name="enabled" value="274C274C" />
    <data name="disabled" value="FA01BE4C" />
  </scaling>
  <table name="TGV CEL Fix (P1094, P1095, P1096, P1097)" address="b5e" scaling="TGVCELFix(P1094,P1095,P1096,P1097)" />
  <table name="Misfire CEL Fix (P0301, P0302, P0303, P0304)" address="2b8e4" />
  <table name="(P0011) CAMSHAFT POS. - TIMING OVER-ADVANCED 1" address="2c33d" />
  <table name="(P0021) CAMSHAFT POS. - TIMING OVER-ADVANCED 2" address="2c341" />
  <table name="(P0030) FRONT O2 SENSOR RANGE/PERF" address="2c739" />
  <table name="(P0031) FRONT O2 SENSOR LOW INPUT" address="2c4b9" />
  <table name="(P0032) FRONT O2 SENSOR HIGH INPUT" address="2c4b1" />
  <table name="(P0034) TURBO BYPASS VALVE CIRCUIT LOW" address="2c46d" />
  <table name="(P0035) TURBO BYPASS VALVE CIRCUIT HIGH" address="2c471" />
  <table name="(P0037) REAR O2 SENSOR LOW INPUT" address="2c4b5" />
  <table name="(P0038) REAR O2 SENSOR HIGH INPUT" address="2c4ad" />
  <table name="(P0068) MAP SENSOR RANGE/PERF" address="2c70d" />
  <table name="(P0101) MAF SENSOR RANGE/PERF" address="2c71d" />
  <table name="(P0102) MAF SENSOR LOW INPUT" address="2c1a9" />
  <table name="(P0103) MAF SENSOR HIGH INPUT" address="2c1ad" />
  <table name="(P0107) MAP SENSOR LOW INPUT" address="2c4d1" />
  <table name="(P0108) MAP SENSOR HIGH INPUT" address="2c4d5" />
  <table name="(P0111) IAT SENSOR RANGE/PERF" address="2c4a5" />
  <table name="(P0112) IAT SENSOR LOW INPUT" address="2c49d" />
  <table name="(P0113) IAT SENSOR HIGH INPUT" address="2c4a1" />
  <table name="(P0117) COOLANT TEMP SENSOR LOW INPUT" address="2c1f1" />
  <table name="(P0118) COOLANT TEMP SENSOR HIGH INPUT" address="2c1f5" />
  <table name="(P0121) TPS RANGE/PERF" address="2c1e9" />
  <table name="(P0122) TPS A LOW INPUT" address="2c1dd" />
  <table name="(P0123) TPS A HIGH INPUT" address="2c1e1" />
  <table name="(P0125) INSUFFICIENT COOLANT TEMP (FUELING)" address="2c1fd" />
  <table name="(P0128) THERMOSTAT MALFUNCTION" address="2c52d" />
  <table name="(P0129) ATMOS. PRESSURE SENSOR RANGE/PERF" address="2c711" />
  <table name="(P0130) FRONT O2 SENSOR MALFUNCTION" address="2c731" />
  <table name="(P0133) FRONT O2 SENSOR SLOW RESPONSE" address="2c3e9" />
  <table name="(P0134) FRONT O2 SENSOR NO ACTIVITY" address="2c729" />
  <table name="(P0137) REAR O2 SENSOR LOW VOLTAGE" address="2c479" />
  <table name="(P0138) REAR O2 SENSOR HIGH VOLTAGE" address="2c491" />
  <table name="(P0139) REAR O2 SENSOR SLOW RESPONSE" address="2c3f1" />
  <table name="(P0171) SYSTEM TOO LEAN" address="2c425" />
  <table name="(P0172) SYSTEM TOO RICH" address="2c429" />
  <table name="(P0181) FUEL TEMP SENSOR A RANGE/PERF" address="2c275" />
  <table name="(P0182) FUEL TEMP SENSOR A LOW INPUT" address="2c26d" />
  <table name="(P0183) FUEL TEMP SENSOR A HIGH INPUT" address="2c271" />
  <table name="(P0230) FUEL PUMP PRIMARY CIRCUIT" address="2c705" />
  <table name="(P0244) WASTEGATE SOLENOID A RANGE/PERF" address="2c581" />
  <table name="(P0245) WASTEGATE SOLENOID A LOW" address="2c575" />
  <table name="(P0246) WASTEGATE SOLENOID A HIGH" address="2c579" />
  <table name="(P0249) WASTEGATE SOLENOID B LOW" address="2c589" />
  <table name="(P0250) WASTEGATE SOLENOID B HIGH" address="2c58d" />
  <table name="(P0261) FUEL INJECTOR #1 CIRCUIT LOW" address="2c5cd" />
  <table name="(P0264) FUEL INJECTOR #2 CIRCUIT LOW" address="2c5d1" />
  <table name="(P0267) FUEL INJECTOR #3 CIRCUIT LOW" address="2c5d5" />
  <table name="(P0270) FUEL INJECTOR #4 CIRCUIT LOW" address="2c5d9" />
  <table name="(P0301) MISFIRE CYLINDER 1" address="2c431" />
  <table name="(P0302) MISFIRE CYLINDER 2" address="2c435" />
  <table name="(P0303) MISFIRE CYLINDER 3" address="2c439" />
  <table name="(P0304) MISFIRE CYLINDER 4" address="2c43d" />
  <table name="(P0327) KNOCK SENSOR 1 LOW INPUT" address="2c1d5" />
  <table name="(P0328) KNOCK SENSOR 1 HIGH INPUT" address="2c1d9" />
  <table name="(P0335) CRANKSHAFT POS. SENSOR A MALFUNCTION" address="2c185" />
  <table name="(P0336) CRANKSHAFT POS. SENSOR A RANGE/PERF" address="2c18d" />
  <table name="(P0340) CAMSHAFT POS. SENSOR A MALFUNCTION" address="2c195" />
  <table name="(P0341) CAMSHAFT POS. SENSOR A RANGE/PERF" address="2c191" />
  <table name="(P0350) IGNITION COIL PRIMARY/SECONDARY" address="2c229" />
  <table name="(P0365) CAMSHAFT POS. SENSOR B BANK 1" address="2c335" />
  <table name="(P0390) CAMSHAFT POS. SENSOR B BANK 2" address="2c339" />
  <table name="(P0420) CAT EFFICIENCY BELOW THRESHOLD" address="2c40d" />
  <table name="(P0442) EVAP LEAK DETECTED (SMALL)" address="2c411" />
  <table name="(P0447) EVAP VENT CONTROL CIRCUIT OPEN" address="2c371" />
  <table name="(P0448) EVAP VENT CONTROL CIRCUIT SHORTED" address="2c375" />
  <table name="(P0451) EVAP PRESSURE SENSOR RANGE/PERF" address="2c245" />
  <table name="(P0452) EVAP PRESSURE SENSOR LOW INPUT" address="2c239" />
  <table name="(P0453) EVAP PRESSURE SENSOR HIGH INPUT" address="2c23d" />
  <table name="(P0456) EVAP LEAK DETECTED (VERY SMALL)" address="2c419" />
  <table name="(P0457) EVAP LEAK DETECTED (FUEL CAP)" address="2c44d" />
  <table name="(P0458) EVAP PURGE VALVE CIRCUIT LOW" address="2c34d" />
  <table name="(P0459) EVAP PURGE VALVE CIRCUIT HIGH" address="2c351" />
  <table name="(P0461) FUEL LEVEL SENSOR RANGE/PERF" address="2c209" />
  <table name="(P0462) FUEL LEVEL SENSOR LOW INPUT" address="2c201" />
  <table name="(P0463) FUEL LEVEL SENSOR HIGH INPUT" address="2c205" />
  <table name="(P0464) FUEL LEVEL SENSOR INTERMITTENT" address="2c1f9" />
  <table name="(P0483) RADIATOR FAN RATIONALITY CHECK" address="2c329" />
  <table name="(P0502) VEHICLE SPEED SENSOR LOW INPUT" address="2c701" />
  <table name="(P0503) VEHICLE SPEED SENSOR INTERMITTENT" address="2c741" />
  <table name="(P0506) IDLE CONTROL RPM LOWER THAN EXPECTED" address="2c2f9" />
  <table name="(P0507) IDLE CONTROL RPM HIGH THAN EXPECTED" address="2c2fd" />
  <table name="(P0508) IDLE CONTROL CIRCUIT LOW" address="2c2ed" />
  <table name="(P0509) IDLE CONTROL CIRCUIT HIGH" address="2c2f1" />
  <table name="(P0512) STARTER REQUEST CIRCUIT" address="2c231" />
  <table name="(P0519) IDLE CONTROL MALFUNCTION (FAIL-SAFE)" address="2c715" />
  <table name="(P0545) EGT SENSOR CIRCUIT LOW" address="2c5e1" />
  <table name="(P0546) EGT SENSOR CIRCUIT HIGH" address="2c5e5" />
  <table name="(P0558) ALTERNATOR CIRCUIT LOW" address="2c6f5" />
  <table name="(P0559) ALTERNATOR CIRCUIT HIGH" address="2c6f9" />
  <table name="(P0562) SYSTEM VOLTAGE LOW" address="2c569" />
  <table name="(P0563) SYSTEM VOLTAGE HIGH" address="2c56d" />
  <table name="(P0565) CRUISE CONTROL SET SIGNAL" address="2c709" />
  <table name="(P0604) CONTROL MODULE RAM ERROR" address="2c19d" />
  <table name="(P0691) RADIATOR FAN CIRCUIT LOW" address="2c319" />
  <table name="(P0692) RADIATOR FAN CIRCUIT HIGH" address="2c31d" />
  <table name="(P0703) BRAKE SWITCH INPUT MALFUNCTION" address="2c395" />
  <table name="(P0705) TRANSMISSION RANGE SENSOR MALFUNCTION" address="2c38d" />
  <table name="(P0710) ATF TEMP SENSOR MALFUNCTION" address="2c389" />
  <table name="(P0716) TORQUE CONVERTER TURBINE SPEED RANGE/PERF" address="2c6a5" />
  <table name="(P0720) AT VEHICLE SPEED SENSOR HIGH" address="2c37d" />
  <table name="(P0726) ENGINE SPEED INPUT RANGE/PERF" address="2c6a9" />
  <table name="(P0731) GEAR 1 INCORRECT RATIO" address="2c3b5" />
  <table name="(P0732) GEAR 2 INCORRECT RATIO" address="2c3b9" />
  <table name="(P0733) GEAR 3 INCORRECT RATIO" address="2c3bd" />
  <table name="(P0734) GEAR 4 INCORRECT RATIO" address="2c3c5" />
  <table name="(P0741) TORQUE CONVERTER CLUTCH MALFUNCTION" address="2c399" />
  <table name="(P0743) TORQUE CONVERTER CLUTCH LOCK-UP DUTY SOLENOID" address="2c3b1" />
  <table name="(P0748) PRESSURE CONTROL LINE PRESSURE DUTY SOLENOID" address="2c3ad" />
  <table name="(P0753) SHIFT SOLENOID A ELECTRICAL" address="2c3a1" />
  <table name="(P0758) SHIFT SOLENOID B ELECTRICAL" address="2c3a5" />
  <table name="(P0771) AT LOW CLUTCH TIMING SOLENOID MALFUNCTION" address="2c6a1" />
  <table name="(P0778) AT 2-4 BRAKE PRESSURE SOLENOID MALFUNCTION" address="2c501" />
  <table name="(P0785) AT 2-4 BRAKE TIMING SOLENOID MALFUNCTION" address="2c4fd" />
  <table name="(P0851) NEUTRAL SWITCH INPUT LOW" address="2c269" />
  <table name="(P0852) NEUTRAL SWITCH INPUT HIGH" address="2c279" />
  <table name="(P0864) TCM COMMUNICATION RANGE/PERF" address="2c32d" />
  <table name="(P0865) TCM COMMUNICATION CIRCUIT LOW" address="2c359" />
  <table name="(P0866) TCM COMMUNICATION CIRCUIT HIGH" address="2c35d" />
  <table name="(P1086) TGV POS. 2 CIRCUIT LOW" address="2c615" />
  <table name="(P1087) TGV POS. 2 CIRCUIT HIGH" address="2c619" />
  <table name="(P1088) TGV POS. 1 CIRCUIT LOW" address="2c61d" />
  <table name="(P1089) TGV POS. 1 CIRCUIT HIGH" address="2c621" />
  <table name="(P1090) TGV SYSTEM 1 (VALVE OPEN)" address="2c2d9" />
  <table name="(P1091) TGV SYSTEM 1 (VALVE CLOSE)" address="2c2dd" />
  <table name="(P1092) TGV SYSTEM 2 (VALVE OPEN)" address="2c2e1" />
  <table name="(P1093) TGV SYSTEM 2 (VALVE CLOSE)" address="2c2e5" />
  <table name="(P1094) TGV SIGNAL 1 (OPEN)" address="2c5c5" />
  <table name="(P1095) TGV SIGNAL 1 (SHORT)" address="2c5bd" />
  <table name="(P1096) TGV SIGNAL 2 (OPEN)" address="2c5c9" />
  <table name="(P1097) TGV SIGNAL 2 (SHORT)" address="2c5c1" />
  <table name="(P1110) ATMOS. PRESSURE SENSOR LOW INPUT" address="2c4c1" />
  <table name="(P1111) ATMOS. PRESSURE SENSOR HIGH INPUT" address="2c4c5" />
  <table name="(P1134) FRONT O2 SENSOR MICROCOMPUTER" address="2c47d" />
  <table name="(P1152) FRONT O2 SENSOR RANGE/PERF LOW B1 S1" address="2c3f9" />
  <table name="(P1153) FRONT O2 SENSOR RANGE/PERF HIGH B1 S1" address="2c3fd" />
  <table name="(P1199) DIFFERENTIAL PRESSURE SENSOR" address="2c611" />
  <table name="(P1235) ICV SOLENOID CIRCUIT LOW" address="2c45d" />
  <table name="(P1236) ICV SOLENOID CIRCUIT HIGH" address="2c461" />
  <table name="(P1237) ECV SOLENOID LOW POS. PRESSURE" address="2c249" />
  <table name="(P1238) ECV SOLENOID HIGH POS. PRESSURE" address="2c24d" />
  <table name="(P1239) ECV SOLENOID LOW NEG. PRESSURE" address="2c251" />
  <table name="(P1240) ECV SOLENOID HIGH NEG. PRESSURE" address="2c255" />
  <table name="(P1241) 2 STAGE TWIN TURBO SYSTEM (SINGLE)" address="2c60d" />
  <table name="(P1242) 2 STAGE TWIN TURBO SYSTEM (TWIN)" address="2c609" />
  <table name="(P1247) RELIEF VALVE SOLENOID 1 CIRCUIT LOW" address="2c591" />
  <table name="(P1248) RELIEF VALVE SOLENOID 1 CIRCUIT HIGH" address="2c551" />
  <table name="(P1249) RELIEF VALVE SOLENOID 2 CIRCUIT LOW" address="2c555" />
  <table name="(P1250) RELIEF VALVE SOLENOID 2 CIRCUIT HIGH" address="2c559" />
  <table name="(P1301) MISFIRE (HIGH TEMP EXHAUST GAS)" address="2c449" />
  <table name="(P1306) OCV SOLENOID SIGNAL 1 MALFUNCTION (OPEN)" address="2c5f1" />
  <table name="(P1307) OCV SOLENOID SIGNAL 1 MALFUNCTION (SHORT)" address="2c5f9" />
  <table name="(P1308) OCV SOLENOID SIGNAL 2 MALFUNCTION (OPEN)" address="2c5f5" />
  <table name="(P1309) OCV SOLENOID SIGNAL 2 MALFUNCTION (SHORT)" address="2c5fd" />
  <table name="(P1312) EGT SENSOR MALFUNCTION" address="2c5e9" />
  <table name="(P1400) FUEL TANK PRESSURE SOL. LOW" address="2c345" />
  <table name="(P1420) FUEL TANK PRESSURE SOL. HIGH INPUT" address="2c349" />
  <table name="(P1443) VENT CONTROL SOLENOID FUNCTION PROBLEM" address="2c361" />
  <table name="(P1446) FUEL TANK SENSOR CONTROL CIRCUIT LOW" address="2c2d1" />
  <table name="(P1447) FUEL TANK SENSOR CONTROL CIRCUIT HIGH" address="2c2d5" />
  <table name="(P1448) FUEL TANK SENSOR CONTROL RANGE/PERF" address="2c309" />
  <table name="(P1491) PCV (BLOWBY) FUNCTION PROBLEM" address="2c531" />
  <table name="(P1518) STARTER SWITCH LOW INPUT" address="2c22d" />
  <table name="(P1544) EGT TOO HIGH" address="2c5ed" />
  <table name="(P1560) BACK-UP VOLTAGE MALFUNCTION" address="2c55d" />
  <table name="(P1700) TPS CIRCUIT MALFUNCTION (AT)" address="2c385" />
  <table name="(P1711) ENGINE TORQUE SIGNAL #1 MALFUNCTION" address="2c4ed" />
  <table name="(P1712) ENGINE TORQUE SIGNAL #2 MALFUNCTION" address="2c4f1" />
  <table name="(P2096) POST CATALYST TOO LEAN B1" address="2c7cd" />
  <table name="(P2097) POST CATALYST TOO RICH B1" address="2c7f5" />
</rom>