<rom>
  <romid>
    <xmlid>A4TF800E</xmlid>
    <internalidaddress>200</internalidaddress>
    <internalidstring>A4TF800E</internalidstring>
    <ecuid>3E14444006</ecuid>
    <year>05</year>
    <market>USDM</market>
    <make>Subaru</make>
    <model>Impreza</model>
    <submodel>WRX</submodel>
    <transmission>AT</transmission>
    <memmodel>68HC16Y5</memmodel>
    <flashmethod>wrx04</flashmethod>
  </romid>
  <include>A4TF800F</include>
  <table name="Boost Limit (CEL)" address="2aec8" />
  <table name="Boost Limit CEL Delay" address="2aec0" />
  <table name="Closed Loop Base Fueling Target" address="1f29a" />
  <table name="MAF Sensor Limit (CEL)" address="2ad76" />
  <table name="EGT Limit (Failsafe)" address="2aff8">
    <table name="X" address="2aff2" />
    <table name="Y" address="2afed" />
  </table>
  <table name="EGT Sensor Scaling" address="2ba44" />
  <table name="Intake Temp Sensor Scaling" address="2ba02" />
  <table name="Coolant Temp Sensor Scaling" address="2b9c4" />
  <table name="Force Pass Readiness Monitors" address="1dc7a" />
  <scaling name="TGVCELFix(P2016,P2017,P2021,P2022)" storagetype="bloblist">
    <data name="enabled" value="274C274C" />
    <data name="disabled" value="FA00CF14" />
  </scaling>
  <table name="TGV CEL Fix (P2016, P2017, P2021, P2022)" address="b7a" scaling="TGVCELFix(P2016,P2017,P2021,P2022)" />
  <scaling name="TGVCELFix(P2004,P2005,P2006,P2007)" storagetype="bloblist">
    <data name="enabled" value="274C274C274C274C" />
    <data name="disabled" value="FA00CDDCFA00CE78" />
  </scaling>
  <table name="TGV CEL Fix (P2004, P2005, P2006, P2007)" address="d52" scaling="TGVCELFix(P2004,P2005,P2006,P2007)" />
  <scaling name="TGVCELFix(P2008,P2009,P2011,P2012)" storagetype="bloblist">
    <data name="enabled" value="274C274C" />
    <data name="disabled" value="FA019FD8" />
  </scaling>
  <table name="TGV CEL Fix (P2008, P2009, P2011, P2012)" address="b66" scaling="TGVCELFix(P2008,P2009,P2011,P2012)" />
  <table name="Misfire CEL Fix (P0301, P0302, P0303, P0304)" address="2b8de" />
</rom>