<rom>
  <romid>
    <xmlid>AZ1G400X</xmlid>
    <internalidaddress>2004</internalidaddress>
    <internalidstring>AZ1G400X</internalidstring>
    <ecuid>66A2784007</ecuid>
    <year>09</year>
    <market>SADM</market>
    <make>Subaru</make>
    <model>Impreza</model>
    <submodel>WRX</submodel>
    <transmission>MT</transmission>
    <memmodel>SH7058</memmodel>
    <flashmethod>subarucan</flashmethod>
    <checksummodule>subarudbw</checksummodule>
  </romid>
  <include>32BITBASE</include>
  <table name="Target Boost_" address="c0ed4">
    <table name="X" address="c0e6c" />
    <table name="Y" address="c0e98" />
  </table>
  <table name="Target Boost Compensation (ECT)" address="c0888">
    <table name="Y" address="c07a8" />
  </table>
  <table name="Target Boost Compensation (1st Gear)" address="c07a0" />
  <table name="Target Boost Compensation (1st Gear) Speed Disable" address="c079c" />
  <table name="Target Boost Compensation (IAT)_" address="c09d0">
    <table name="Y" address="c09b8" />
  </table>
  <table name="Target Boost Compensation (Atm. Pressure)_" address="c0a58">
    <table name="X" address="c0a28" />
    <table name="Y" address="c0a40" />
  </table>
  <table name="Boost Limit (Fuel Cut)_" address="cdb50">
    <table name="X" address="cdb20" />
    <table name="Y" address="cdb38" />
  </table>
  <table name="Boost Control Disable (IAM)" address="c0790" />
  <table name="Boost Control Disable (Fine Correction)" address="c078c" />
  <table name="Boost Control Disable Delay (Fine Correction)" address="c0741" />
  <table name="Initial Wastegate Duty_" address="c0ce4">
    <table name="X" address="c0c74" elements="15" />
    <table name="Y" address="c0cb0" elements="13" />
  </table>
  <table name="Max Wastegate Duty_" address="c0aec">
    <table name="X" address="c0a7c" elements="15" />
    <table name="Y" address="c0ab8" elements="13" />
  </table>
  <table name="Max Wastegate Duty Limit Post-Compensation" address="1472c" />
  <table name="Initial/Max Wastegate Duty Compensation (IAT)" address="c0828">
    <table name="Y" address="c07e8" />
  </table>
  <table name="Initial/Max Wastegate Duty Compensation (ECT)" address="c0848">
    <table name="Y" address="c07a8" />
  </table>
  <table name="Initial/Max Wastegate Duty Compensation (Atm. Pressure)" address="c0a10">
    <table name="X" address="c09e8" />
    <table name="Y" address="c0a00" />
  </table>
  <table name="Turbo Dynamics Proportional" address="c08bc">
    <table name="Y" address="c0898" />
  </table>
  <table name="Turbo Dynamics Integral Positive" address="c092c">
    <table name="Y" address="c0908" />
  </table>
  <table name="Turbo Dynamics Integral Negative" address="c08f4">
    <table name="Y" address="c08d0" />
  </table>
  <table name="TD Proportional Compensation (IAT)" address="c0858">
    <table name="Y" address="c07e8" elements="16" />
  </table>
  <table name="TD Integral Positive Compensation (IAT)" address="c0878">
    <table name="Y" address="c07e8" elements="16" />
  </table>
  <table name="TD Integral Negative Compensation (IAT)" address="c0868">
    <table name="Y" address="c07e8" elements="16" />
  </table>
  <table name="TD Activation Thresholds (RPM)" address="c077c" />
  <table name="TD Activation Thresholds (Target Boost)_" address="c0768" />
  <table name="TD Integral Cumulative Range (WGDC Correction)" address="c0784" />
  <table name="TD Integral Negative Activation (Boost Error)" address="c0770" />
  <table name="TD Integral Positive Activation (Boost Error)" address="c0774" />
  <table name="TD Integral Negative Activation (Wastegate Duty)" address="c0778" />
  <table name="Manifold Pressure Sensor Scaling_" address="d3bb4" />
  <table name="Manifold Pressure Sensor Limits (CEL)" address="d3b5c" />
  <table name="Manifold Pressure Sensor CEL Delays" address="c3c46" />
  <table name="Primary Open Loop Fueling" address="cb4c4">
    <table name="X" address="cb438" elements="17" />
    <table name="Y" address="cb47c" />
  </table>
  <table name="Primary Open Loop Fueling (Failsafe)" address="cb684">
    <table name="X" address="cb5f8" elements="17" />
    <table name="Y" address="cb63c" />
  </table>
  <table name="Primary Open Loop Fuel Map Switch (IAM)" address="c79e8" />
  <table name="Minimum Active Primary Open Loop Enrichment" address="c79ec" />
  <table name="Minimum Primary Open Loop Enrichment (Throttle)" address="c8594">
    <table name="Y" address="c857c" />
  </table>
  <table name="Minimum Primary Open Loop Enrichment (Accelerator)" address="c85b4">
    <table name="Y" address="c859c" />
  </table>
  <table name="Primary Open Loop Fueling Compensation (ECT)" address="c9eb0">
    <table name="Y" address="c7e18" />
  </table>
  <table name="Primary Open Loop Fueling Compensation (Timing Compensation)_" address="c8524">
    <table name="Y" address="c850c" />
  </table>
  <table name="Front Oxygen Sensor Scaling" address="d4014">
    <table name="Y" address="d3fe0" />
  </table>
  <table name="Front Oxygen Sensor Rich Limit" address="21c84" />
  <table name="Front Oxygen Sensor Compensation (Atm. Pressure)" address="c30ac">
    <table name="Y" address="c309c" />
  </table>
  <table name="CL Fueling Target Compensation A (Load)" address="ccc20">
    <table name="X" address="ccbcc" />
    <table name="Y" address="ccbf8" />
  </table>
  <table name="CL Fueling Target Compensation B (Load)" address="cce80">
    <table name="X" address="cce2c" />
    <table name="Y" address="cce58" elements="10" />
  </table>
  <table name="CL Fueling Target Compensation Imm. Cruise (ECT)" address="ccb00">
    <table name="X" address="c7e18" />
    <table name="Y" address="ccaf4" />
  </table>
  <table name="CL Fueling Target Compensation Imm. Non-Cruise (ECT)" address="ccb6c">
    <table name="X" address="c7e18" />
    <table name="Y" address="ccb60" />
  </table>
  <table name="CL to OL Delay_" address="c74f0" />
  <table name="CL to OL Transition with Delay (Throttle)" address="c856c">
    <table name="Y" address="c852c" />
  </table>
  <table name="CL to OL Transition with Delay Throttle Hysteresis" address="c79f4" />
  <table name="CL to OL Transition with Delay (Base Pulse Width)" address="c9ddc">
    <table name="Y" address="c9d9c" />
  </table>
  <table name="CL to OL Transition with Delay BPW Hysteresis" address="c79f0" />
  <table name="CL to OL Transition Counter Step Value (MAF)" address="c9e24">
    <table name="Y" address="c9dfc" />
  </table>
  <table name="CL Delay Maximum (Throttle)" address="c7a54" />
  <table name="CL Delay Maximum (Vehicle Speed)" address="c7a70" />
  <table name="CL Delay Minimum (ECT)" address="c79f8" />
  <table name="CL Delay Maximum (Engine Load)" address="c7a80" />
  <table name="CL Delay Engine Load Counter Threshold" address="c74e8" />
  <table name="CL Delay Maximum Engine Speed (Per Gear)" address="c79fc" />
  <table name="CL Delay Maximum Engine Speed (Neutral)" address="c7a24" />
  <table name="Injector Latency_" address="cc7bc">
    <table name="X" address="cc79c" />
    <table name="Y" address="cc7b0" />
  </table>
  <table name="Injector Flow Scaling" address="c76b4" />
  <table name="Per Injector Pulse Width Compensation A" address="cbf7c">
    <table name="X" address="cbef4" />
    <table name="Y" address="cbf38" elements="17" />
  </table>
  <table name="Per Injector Pulse Width Compensation B" address="cc128">
    <table name="X" address="cc0a0" />
    <table name="Y" address="cc0e4" elements="17" />
  </table>
  <table name="Per Injector Pulse Width Compensation C" address="cc2d4">
    <table name="X" address="cc24c" />
    <table name="Y" address="cc290" elements="17" />
  </table>
  <table name="Per Injector Pulse Width Compensation D" address="cc480">
    <table name="X" address="cc3f8" />
    <table name="Y" address="cc43c" elements="17" />
  </table>
  <table name="Cranking Fuel Injector Pulse Width A (ECT)" address="c8ada">
    <table name="Y" address="c7e18" />
  </table>
  <table name="Cranking Fuel Injector Pulse Width B (ECT)" address="c8afa">
    <table name="Y" address="c7e18" />
  </table>
  <table name="Cranking Fuel Injector Pulse Width C (ECT)" address="c8b1a">
    <table name="Y" address="c7e18" />
  </table>
  <table name="Cranking Fuel Injector Pulse Width D (ECT)" address="c8b3a">
    <table name="Y" address="c7e18" />
  </table>
  <table name="Cranking Fuel Injector Pulse Width E (ECT)" address="c8b5a">
    <table name="Y" address="c7e18" />
  </table>
  <table name="Cranking Fuel Injector Pulse Width F (ECT)" address="c8b7a">
    <table name="Y" address="c7e18" />
  </table>
  <table name="Cranking Fuel IPW Compensation Imm. Cruise (RPM)" address="cae98">
    <table name="X" address="cae68" />
    <table name="Y" address="cae7c" />
  </table>
  <table name="Cranking Fuel IPW Compensation Imm. Non-Cruise (RPM)" address="cae44">
    <table name="X" address="cae14" />
    <table name="Y" address="cae28" />
  </table>
  <table name="Cranking Fuel IPW Compensation (MAP)" address="c805c">
    <table name="Y" address="c8034" />
  </table>
  <table name="Cranking Fuel IPW Compensation (Accelerator)" address="c8090">
    <table name="Y" address="c8068" elements="10" />
  </table>
  <table name="Cranking Fuel IPW Compensation (IAT)" address="c80b0">
    <table name="Y" address="c809c" />
  </table>
  <table name="Throttle Tip-in Enrichment A" address="ca4f4">
    <table name="Y" address="ca4ac" />
  </table>
  <table name="Throttle Tip-in Enrichment B" address="ca560">
    <table name="Y" address="ca518" />
  </table>
  <table name="Minimum Tip-in Enrichment Activation" address="c7d10" />
  <table name="Minimum Tip-in Enrichment Activation (Throttle)" address="c7d0c" />
  <table name="Tip-in Enrichment Compensation (Boost Error)" address="c8940">
    <table name="Y" address="c891c" />
  </table>
  <table name="Tip-in Enrichment Compensation (RPM)" address="c890c">
    <table name="Y" address="c88cc" elements="16" />
  </table>
  <table name="Tip-in Enrichment Compensation A (ECT)" address="c8949">
    <table name="Y" address="c7e18" />
  </table>
  <table name="Tip-in Enrichment Compensation B (ECT)" address="ca584">
    <table name="Y" address="c7e18" />
  </table>
  <table name="Tip-in Enrichment Compensation C (ECT)" address="ca5a4">
    <table name="Y" address="c7e18" />
  </table>
  <table name="Tip-in Enrichment Compensation D (ECT)" address="ca5e4">
    <table name="Y" address="c7e58" />
  </table>
  <table name="Tip-in Enrichment Compensation D (ECT) Activation" address="c7d14" />
  <table name="Tip-in Enrichment Disable Applied Counter Threshold A (ECT)" address="c8959">
    <table name="Y" address="c7e18" />
  </table>
  <table name="Tip-in Enrichment Disable Applied Counter Threshold B (ECT)" address="c8969">
    <table name="Y" address="c7e18" />
  </table>
  <table name="Tip-in Enrichment Applied Counter Reset" address="c749a" />
  <table name="Tip-in Enrichment Disable Throttle Cumulative Threshold A (ECT)" address="ca604">
    <table name="Y" address="c7e18" />
  </table>
  <table name="Tip-in Enrichment Disable Throttle Cumulative Threshold B (ECT)" address="ca624">
    <table name="Y" address="c7e18" />
  </table>
  <table name="Tip-in Throttle Cumulative Reset" address="c749b" />
  <table name="Min Primary Base Enrichment 1 Cruise" address="cb0f0">
    <table name="X" address="c7e18" />
    <table name="Y" address="cb0cc" elements="9" />
  </table>
  <table name="Min Primary Base Enrichment 1 Non-Cruise" address="cb04c">
    <table name="X" address="c7e18" />
    <table name="Y" address="cb02c" />
  </table>
  <table name="Min Primary Base Enrichment 1 (Non-Primary OL)_" address="c8115">
    <table name="Y" address="c7e18" />
  </table>
  <table name="A/F Learning #1 Limits" address="c78e8" />
  <table name="A/F Learning #1 Airflow Ranges" address="c78f8" />
  <table name="MAF Limit (Maximum)" address="c2c08" />
  <table name="MAF Sensor Scaling" address="d3f08">
    <table name="Y" address="d3e30" />
  </table>
  <table name="MAF Compensation (IAT)" address="c3380">
    <table name="X" address="c334c" />
    <table name="Y" address="c3360" />
  </table>
  <table name="Engine Load Limit A (Maximum)" address="20530" />
  <table name="Engine Load Limit B Maximum (RPM)" address="c2fac">
    <table name="Y" address="c2fa4" />
  </table>
  <table name="Engine Load Compensation Cruise (MP)" address="c340c">
    <table name="X" address="c33a8" />
    <table name="Y" address="c33d4" elements="14" />
  </table>
  <table name="Engine Load Compensation Non-Cruise (MP)" address="c350c">
    <table name="X" address="c34a8" />
    <table name="Y" address="c34d4" elements="14" />
  </table>
  <table name="Base Timing Primary Cruise" address="d02b4">
    <table name="X" address="d0228" elements="17" />
    <table name="Y" address="d026c" />
  </table>
  <table name="Base Timing Reference Cruise (AVCS related)" address="d0634">
    <table name="X" address="d05a8" elements="17" />
    <table name="Y" address="d05ec" />
  </table>
  <table name="Base Timing Primary Non-Cruise" address="d0474">
    <table name="X" address="d03e8" elements="17" />
    <table name="Y" address="d042c" />
  </table>
  <table name="Base Timing Reference Non-Cruise (AVCS related)" address="d07f4">
    <table name="X" address="d0768" elements="17" />
    <table name="Y" address="d07ac" />
  </table>
  <table name="Base Timing Idle A (In-Gear)" address="ce742">
    <table name="Y" address="ce4ec" />
  </table>
  <table name="Base Timing Idle B (In-Gear)" address="ce752">
    <table name="Y" address="ce4ec" />
  </table>
  <table name="Base Timing Idle A (Neutral)" address="ce762">
    <table name="Y" address="ce4ec" />
  </table>
  <table name="Base Timing Idle B (Neutral)" address="ce772">
    <table name="Y" address="ce4ec" />
  </table>
  <table name="Base Timing Idle Minimum" address="ce739">
    <table name="Y" address="ce56c" />
  </table>
  <table name="Base Timing Idle Minimum Vehicle Speed Enable" address="ce2e8" />
  <table name="Knock Correction Advance Max Cruise" address="cfeb0">
    <table name="X" address="cfe24" elements="17" />
    <table name="Y" address="cfe68" />
  </table>
  <table name="Knock Correction Advance Max Non-Cruise" address="d0070">
    <table name="X" address="cffe4" elements="17" />
    <table name="Y" address="d0028" />
  </table>
  <table name="Timing Compensation A (IAT)" address="ce824">
    <table name="Y" address="ce7e4" />
  </table>
  <table name="Timing Compensation A (IAT) Activation" address="d0968">
    <table name="X" address="d0928" />
    <table name="Y" address="d0948" />
  </table>
  <table name="Timing Compensation B (IAT)" address="cee1c">
    <table name="Y" address="ceddc" />
  </table>
  <table name="Timing Compensation B (IAT) IAM Activation" address="ce494" />
  <table name="Timing Compensation B (IAT) Max Additive" address="ce478" />
  <table name="Timing Compensation Imm. Cruise A (ECT)" address="ce7c2">
    <table name="Y" address="ce4ec" />
  </table>
  <table name="Timing Compensation Imm. Cruise B (ECT)" address="ce7d2">
    <table name="Y" address="ce4ec" />
  </table>
  <table name="Timing Compensation Imm. Non-Cruise A (ECT)" address="ce7a2">
    <table name="Y" address="ce4ec" />
  </table>
  <table name="Timing Compensation Imm. Non-Cruise B (ECT)" address="ce7b2">
    <table name="Y" address="ce4ec" />
  </table>
  <table name="Timing Compensation Per Cylinder A" address="cfa5c">
    <table name="X" address="cfa10" />
    <table name="Y" address="cfa48" elements="5" />
  </table>
  <table name="Timing Compensation Per Cylinder B" address="cfaf0">
    <table name="X" address="cfaa4" />
    <table name="Y" address="cfadc" elements="5" />
  </table>
  <table name="Timing Compensation Per Cylinder C" address="cfb84">
    <table name="X" address="cfb38" />
    <table name="Y" address="cfb70" elements="5" />
  </table>
  <table name="Timing Compensation Per Cylinder D" address="cfc1c">
    <table name="X" address="cfbcc" />
    <table name="Y" address="cfc04" elements="6" />
  </table>
  <table name="Timing Comp Minimum Load (Per Cylinder)" address="ce010" />
  <table name="Timing Comp Maximum RPM (Per Cylinder)" address="ce00c" />
  <table name="Timing Comp Minimum Coolant Temp (Per Cylinder)" address="ce014" />
  <table name="Feedback Correction Range (RPM)" address="ce020" />
  <table name="Feedback Correction Minimum Load" address="ce018" />
  <table name="Feedback Correction Retard Value" address="ce040" />
  <table name="Feedback Correction Retard Limit" address="ce03c" />
  <table name="Feedback Correction Negative Advance Value" address="ce044" />
  <table name="Feedback Correction Negative Advance Delay" address="cdf82" />
  <table name="Extended Feedback Correction High RPM Compensation" address="ce04c" />
  <table name="Fine Correction Range (RPM)" address="ce1e0" />
  <table name="Fine Correction Range (Load)" address="ce1f0" />
  <table name="Fine Correction Rows (RPM)" address="ce180" />
  <table name="Fine Correction Columns (Load)" address="ce19c" />
  <table name="Fine Correction Retard Value" address="ce1c4" />
  <table name="Fine Correction Retard Limit" address="ce1c0" />
  <table name="Fine Correction Advance Value" address="ce1bc" />
  <table name="Fine Correction Advance Limit" address="ce1b8" />
  <table name="Fine Correction Advance Delay" address="cdf92" />
  <table name="Rough Correction Range (RPM)" address="ce130" />
  <table name="Rough Correction Range (Load)" address="ce140" />
  <table name="Rough Correction Minimum KC Advance Map Value" address="ce150" />
  <table name="Rough Correction Learning Delay (Increasing)_" address="cf00c">
    <table name="Y" address="cefe4" />
  </table>
  <table name="Advance Multiplier (Initial)" address="ce154" />
  <table name="Advance Multiplier Step Value" address="ce158" />
  <table name="Intake Cam Advance Angle Cruise (AVCS)" address="d5b28">
    <table name="X" address="d5aa0" elements="18" />
    <table name="Y" address="d5ae8" elements="16" />
  </table>
  <table name="Intake Cam Advance Angle Non-Cruise (AVCS)" address="d5df0">
    <table name="X" address="d5d68" elements="18" />
    <table name="Y" address="d5db0" elements="16" />
  </table>
  <table name="Requested Torque A (Accelerator Pedal)" address="dd6c8">
    <table name="X" address="dd648" />
    <table name="Y" address="dd684" />
  </table>
  <table name="Requested Torque B (Accelerator Pedal)" address="dd948">
    <table name="X" address="dd8c8" />
    <table name="Y" address="dd904" />
  </table>
  <table name="Requested Torque C (Accelerator Pedal)" address="ddbc8">
    <table name="X" address="ddb48" />
    <table name="Y" address="ddb84" />
  </table>
  <table name="Requested Torque Base (RPM)" address="dc83c">
    <table name="Y" address="dc7fc" />
  </table>
  <table name="Target Throttle Plate Position Cruise (Requested Torque Ratio)" address="dccec">
    <table name="X" address="dcc6c" elements="16" />
    <table name="Y" address="dccac" />
  </table>
  <table name="Target Throttle Plate Position Non-Cruise (Requested Torque Ratio)" address="dcf6c">
    <table name="X" address="dceec" elements="16" />
    <table name="Y" address="dcf2c" />
  </table>
  <table name="Target Throttle Plate Position Maximum (Requested Torque Ratio)" address="dd1ec">
    <table name="X" address="dd16c" elements="16" />
    <table name="Y" address="dd1ac" />
  </table>
  <table name="Rev Limit (Fuel Cut)" address="c7d6c" />
  <table name="Rev Limit Fuel Resume (Boost)" address="c7d74" />
  <table name="Speed Limiting Enable (Fuel Cut)" address="c7dbc" />
  <table name="Speed Limiting Disable (Fuel Cut)" address="c7dc4" />
  <table name="Speed Limiting A (Throttle)" address="dc644" />
  <table name="Speed Limiting B (Throttle)" address="dc65c" />
  <table name="Intake Temp Sensor Scaling" address="d3d38">
    <table name="Y" address="d3cc0" />
  </table>
  <table name="Coolant Temp Sensor Scaling" address="d3c50">
    <table name="Y" address="d3be0" />
  </table>
  <table name="Radiator Fan Modes A (ECT)" address="d42d8" />
  <table name="Radiator Fan Modes B (ECT)" address="d42e8" />
  <table name="Radiator Fan Modes (Veh. Speed)" address="d42f8" />
  <table name="Gear Determination Thresholds A" address="c2e00" />
  <table name="Gear Determination Thresholds B" address="c2e14" />
  <table name="Gear Determination Thresholds C" address="c2e28" />
  <table name="Idle Speed Target A" address="d20bc">
    <table name="Y" address="d1a54" />
  </table>
  <table name="Idle Speed Target B" address="d20fc">
    <table name="Y" address="d1a54" />
  </table>
  <table name="Idle Speed Target C" address="d213c">
    <table name="Y" address="d1a54" />
  </table>
  <table name="Force Pass Readiness Monitors_" address="80a90" />
  <table name="(P0000) PASS CODE (NO DTC DETECTED)" address="75dc3" />
  <table name="(P0000) PASS CODE (NO DTC DETECTED)_" address="75dc4" />
  <table name="(P0011) CAMSHAFT POS. - TIMING OVER-ADVANCED 1" address="75da7" />
  <table name="(P0016) CRANKSHAFT/CAMSHAFT CORRELATION 1A" address="75e3a" />
  <table name="(P0018) CRANKSHAFT/CAMSHAFT CORRELATION 2A" address="75e39" />
  <table name="(P0021) CAMSHAFT POS. - TIMING OVER-ADVANCED 2" address="75da8" />
  <table name="(P0031) FRONT O2 SENSOR LOW INPUT" address="75dd2" />
  <table name="(P0032) FRONT O2 SENSOR HIGH INPUT" address="75dd0" />
  <table name="(P0037) REAR O2 SENSOR LOW INPUT" address="75dd1" />
  <table name="(P0038) REAR O2 SENSOR HIGH INPUT" address="75dcf" />
  <table name="(P0102) MAF SENSOR LOW INPUT" address="75d81" />
  <table name="(P0103) MAF SENSOR HIGH INPUT" address="75d82" />
  <table name="(P0107) MAP SENSOR LOW INPUT" address="75dd3" />
  <table name="(P0108) MAP SENSOR HIGH INPUT" address="75dd4" />
  <table name="(P0112) IAT SENSOR LOW INPUT" address="75dcc" />
  <table name="(P0113) IAT SENSOR HIGH INPUT" address="75dcd" />
  <table name="(P0117) COOLANT TEMP SENSOR LOW INPUT" address="75d8a" />
  <table name="(P0118) COOLANT TEMP SENSOR HIGH INPUT" address="75d8b" />
  <table name="(P0122) TPS A LOW INPUT" address="75d88" />
  <table name="(P0123) TPS A HIGH INPUT" address="75d89" />
  <table name="(P0125) INSUFFICIENT COOLANT TEMP (FUELING)" address="75d8d" />
  <table name="(P0131) FRONT O2 SENSOR LOW INPUT" address="75dc6" />
  <table name="(P0132) FRONT O2 SENSOR HIGH INPUT" address="75dc8" />
  <table name="(P0134) FRONT O2 SENSOR NO ACTIVITY" address="75de6" />
  <table name="(P0140) REAR O2 SENSOR NO ACTIVITY" address="75e34" />
  <table name="(P0171) SYSTEM TOO LEAN" address="75dba" />
  <table name="(P0172) SYSTEM TOO RICH" address="75dbb" />
  <table name="(P0222) TPS B LOW INPUT" address="75df0" />
  <table name="(P0223) TPS B HIGH INPUT" address="75df1" />
  <table name="(P0230) FUEL PUMP PRIMARY CIRCUIT" address="75de2" />
  <table name="(P0244) WASTEGATE SOLENOID A RANGE/PERF" address="75de0" />
  <table name="(P0245) WASTEGATE SOLENOID A LOW" address="75dde" />
  <table name="(P0246) WASTEGATE SOLENOID A HIGH" address="75ddf" />
  <table name="(P0301) MISFIRE CYLINDER 1" address="75dbc" />
  <table name="(P0302) MISFIRE CYLINDER 2" address="75dbd" />
  <table name="(P0303) MISFIRE CYLINDER 3" address="75dbe" />
  <table name="(P0304) MISFIRE CYLINDER 4" address="75dbf" />
  <table name="(P0327) KNOCK SENSOR 1 LOW INPUT" address="75d86" />
  <table name="(P0328) KNOCK SENSOR 1 HIGH INPUT" address="75d87" />
  <table name="(P0335) CRANKSHAFT POS. SENSOR A MALFUNCTION" address="75d7c" />
  <table name="(P0340) CAMSHAFT POS. SENSOR A MALFUNCTION" address="75e04" />
  <table name="(P0345) CAMSHAFT POS. SENSOR A BANK 2" address="75e03" />
  <table name="(P0410) SECONDARY AIR PUMP SYSTEM" address="75e2e" />
  <table name="(P0413) SECONDARY AIR PUMP A OPEN" address="75e32" />
  <table name="(P0414) SECONDARY AIR PUMP A SHORTED" address="75e37" />
  <table name="(P0418) SECONDARY AIR PUMP RELAY A" address="75e33" />
  <table name="(P0420) CAT EFFICIENCY BELOW THRESHOLD" address="75db6" />
  <table name="(P0458) EVAP PURGE VALVE CIRCUIT LOW" address="75dab" />
  <table name="(P0459) EVAP PURGE VALVE CIRCUIT HIGH" address="75dac" />
  <table name="(P0462) FUEL LEVEL SENSOR LOW INPUT" address="75d8e" />
  <table name="(P0463) FUEL LEVEL SENSOR HIGH INPUT" address="75d8f" />
  <table name="(P0500) VEHICLE SPEED SENSOR A" address="75d83" />
  <table name="(P0512) STARTER REQUEST CIRCUIT" address="75d92" />
  <table name="(P0562) SYSTEM VOLTAGE LOW" address="75ddc" />
  <table name="(P0563) SYSTEM VOLTAGE HIGH" address="75ddd" />
  <table name="(P0600) SERIAL COMMUNICATION LINK" address="75e00" />
  <table name="(P0604) CONTROL MODULE RAM ERROR" address="75d80" />
  <table name="(P0605) CONTROL MODULE ROM ERROR" address="75e05" />
  <table name="(P0607) CONTROL MODULE PERFORMANCE" address="75df8" />
  <table name="(P0638) THROTTLE ACTUATOR RANGE/PERF" address="75df7" />
  <table name="(P0700) TRANSMISSION CONTROL SYSTEM" address="75e11" />
  <table name="(P0851) NEUTRAL SWITCH INPUT LOW" address="75d96" />
  <table name="(P0852) NEUTRAL SWITCH INPUT HIGH" address="75d9a" />
  <table name="(P1160) ABNORMAL RETURN SPRING" address="75df2" />
  <table name="(P1410) SECONDARY AIR PUMP VALVE STUCK OPEN" address="75e3b" />
  <table name="(P1418) SECONDARY AIR PUMP CIRCUIT SHORTED" address="75e38" />
  <table name="(P1519) IMRC STUCK CLOSED" address="75e46" />
  <table name="(P1520) IMRC CIRCUIT MALFUNCTION" address="75e45" />
  <table name="(P1560) BACK-UP VOLTAGE MALFUNCTION" address="75ddb" />
  <table name="(P1616) SBDS INTERACTIVE CODES" address="75e44" />
  <table name="(P2004) TGV - INTAKE MANIFOLD RUNNER 1 STUCK OPEN" address="75e1c" />
  <table name="(P2005) TGV - INTAKE MANIFOLD RUNNER 2 STUCK OPEN" address="75e1e" />
  <table name="(P2006) TGV - INTAKE MANIFOLD RUNNER 1 STUCK CLOSED" address="75e1d" />
  <table name="(P2007) TGV - INTAKE MANIFOLD RUNNER 2 STUCK CLOSED" address="75e1f" />
  <table name="(P2008) TGV - INTAKE MANIFOLD RUNNER 1 CIRCUIT OPEN" address="75e2a" />
  <table name="(P2009) TGV - INTAKE MANIFOLD RUNNER 1 CIRCUIT LOW" address="75e28" />
  <table name="(P2011) TGV - INTAKE MANIFOLD RUNNER 2 CIRCUIT OPEN" address="75e2b" />
  <table name="(P2012) TGV - INTAKE MANIFOLD RUNNER 2 CIRCUIT LOW" address="75e29" />
  <table name="(P2016) TGV - INTAKE MANIFOLD RUNNER 1 POS. SENSOR LOW" address="75e24" />
  <table name="(P2017) TGV - INTAKE MANIFOLD RUNNER 1 POS. SENSOR HIGH" address="75e25" />
  <table name="(P2021) TGV - INTAKE MANIFOLD RUNNER 2 POS. SENSOR LOW" address="75e26" />
  <table name="(P2022) TGV - INTAKE MANIFOLD RUNNER 2 POS. SENSOR HIGH" address="75e27" />
  <table name="(P2088) OCV SOLENOID A1 CIRCUIT OPEN" address="75e0d" />
  <table name="(P2089) OCV SOLENOID A1 CIRCUIT SHORT" address="75e0c" />
  <table name="(P2092) OCV SOLENOID A2 CIRCUIT OPEN" address="75e0b" />
  <table name="(P2093) OCV SOLENOID A2 CIRCUIT SHORT" address="75e0a" />
  <table name="(P2101) THROTTLE ACTUATOR CIRCUIT RANGE/PERF" address="75df5" />
  <table name="(P2102) THROTTLE ACTUATOR CIRCUIT LOW" address="75df3" />
  <table name="(P2103) THROTTLE ACTUATOR CIRCUIT HIGH" address="75df4" />
  <table name="(P2109) TPS A MINIMUM STOP PERF" address="75def" />
  <table name="(P2122) TPS D CIRCUIT LOW INPUT" address="75dfc" />
  <table name="(P2123) TPS D CIRCUIT HIGH INPUT" address="75dfd" />
  <table name="(P2127) TPS E CIRCUIT LOW INPUT" address="75dfa" />
  <table name="(P2128) TPS E CIRCUIT HIGH INPUT" address="75dfb" />
  <table name="(P2135) TPS A/B VOLTAGE" address="75dfe" />
  <table name="(P2138) TPS D/E VOLTAGE" address="75df9" />
  <table name="(P2419) EVAP SWITCHING VALVE LOW" address="75e48" />
  <table name="(P2420) EVAP SWITCHING VALVE HIGH" address="75e49" />
  <table name="(P2432) SECONDARY AIR PUMP CIRCUIT LOW" address="75e31" />
  <table name="(P2433) SECONDARY AIR PUMP CIRCUIT HIGH" address="75e30" />
  <table name="(P2441) SECONDARY AIR PUMP VALVE 1 STUCK CLOSED" address="75e3e" />
  <table name="(P2444) SECONDARY AIR PUMP 1 STUCK ON B1" address="75e2c" />
</rom>