<rom>
  <romid>
    <xmlid>A2TB100U</xmlid>
    <internalidaddress>2000</internalidaddress>
    <internalidstring>A2TB100U</internalidstring>
    <ecuid>5104584007</ecuid>
    <year>08</year>
    <market>JDM</market>
    <make>Subaru</make>
    <model>Impreza</model>
    <submodel>SGT</submodel>
    <transmission>MT</transmission>
    <memmodel>SH7058</memmodel>
    <flashmethod>subarucan</flashmethod>
    <checksummodule>subarudbw</checksummodule>
  </romid>
  <include>32BITBASE</include>
  <table name="Target Boost_" address="c1780">
    <table name="X" address="c1700" elements="16" />
    <table name="Y" address="c1740" elements="16" />
  </table>
  <table name="Target Boost Compensation (ECT)" address="c0980">
    <table name="Y" address="c06e0" />
  </table>
  <table name="Target Boost Compensation (1st Gear)" address="c06d8" />
  <table name="Target Boost Compensation (1st Gear) Speed Disable" address="c06d4" />
  <table name="Target Boost Compensation (IAT)" address="c09d0">
    <table name="Y" address="c0990" />
  </table>
  <table name="Target Boost Compensation (Atm. Pressure)" address="c09f8">
    <table name="Y" address="c09e0" elements="6" />
  </table>
  <table name="Boost Limit (Fuel Cut)" address="c76e0">
    <table name="Y" address="c76c8" />
  </table>
  <table name="Boost Control Disable (IAM)" address="c06c8" />
  <table name="Boost Control Disable (Fine Correction)" address="c06c4" />
  <table name="Boost Control Disable Delay (Fine Correction)" address="c0661" />
  <table name="Initial Wastegate Duty_" address="c12c0">
    <table name="X" address="c1248" elements="14" />
    <table name="Y" address="c1280" elements="16" />
  </table>
  <table name="Max Wastegate Duty_" address="c0e50">
    <table name="X" address="c0dd8" elements="14" />
    <table name="Y" address="c0e10" elements="16" />
  </table>
  <table name="Max Wastegate Duty Limit Post-Compensation" address="18ae4" />
  <table name="Initial/Max Wastegate Duty Compensation (IAT)" address="c07b0">
    <table name="Y" address="c0770" />
  </table>
  <table name="Initial/Max Wastegate Duty Compensation (ECT)" address="c0870">
    <table name="Y" address="c06e0" />
  </table>
  <table name="Initial/Max Wastegate Duty Compensation (Atm. Pressure)" address="c0b88">
    <table name="X" address="c0b60" />
    <table name="Y" address="c0b78" />
  </table>
  <table name="Turbo Dynamics Proportional" address="c0a24">
    <table name="Y" address="c0a00" />
  </table>
  <table name="Turbo Dynamics Integral Positive" address="c0a94">
    <table name="Y" address="c0a70" />
  </table>
  <table name="Turbo Dynamics Integral Negative" address="c0a5c">
    <table name="Y" address="c0a38" />
  </table>
  <table name="TD Proportional Compensation (IAT)" address="c08c0">
    <table name="Y" address="c0880" elements="16" />
  </table>
  <table name="TD Integral Positive Compensation (IAT)" address="c0960">
    <table name="Y" address="c0920" elements="16" />
  </table>
  <table name="TD Integral Negative Compensation (IAT)" address="c0910">
    <table name="Y" address="c08d0" elements="16" />
  </table>
  <table name="TD Activation Thresholds (RPM)" address="c06b4" />
  <table name="TD Activation Thresholds (Target Boost)" address="c0690" />
  <table name="TD Integral Cumulative Range (WGDC Correction)" address="c06bc" />
  <table name="TD Integral Negative Activation (Boost Error)" address="c069c" />
  <table name="TD Integral Positive Activation (Boost Error)" address="c06a4" />
  <table name="TD Integral Positive Activation (Wastegate Duty)" address="c06a8" />
  <table name="Manifold Pressure Sensor Scaling" address="c028c" />
  <table name="Manifold Pressure Sensor Limits (CEL)" address="cd73c" />
  <table name="Manifold Pressure Sensor CEL Delays" address="c4966" />
  <table name="Primary Open Loop Fueling" address="c7e18">
    <table name="X" address="c7d88" elements="18" />
    <table name="Y" address="c7dd0" />
  </table>
  <table name="Primary Open Loop Fueling (Failsafe)" address="c7fec">
    <table name="X" address="c7f5c" elements="18" />
    <table name="Y" address="c7fa4" />
  </table>
  <table name="Primary Open Loop Fuel Map Switch (IAM)" address="c5ce8" />
  <table name="Minimum Active Primary Open Loop Enrichment" address="c5cec" />
  <table name="Minimum Primary Open Loop Enrichment (Throttle)" address="c650c">
    <table name="Y" address="c64f4" />
  </table>
  <table name="Minimum Primary Open Loop Enrichment (Accelerator)" address="c652c">
    <table name="Y" address="c6514" />
  </table>
  <table name="Primary Open Loop Fueling Compensation (ECT)" address="c70f8">
    <table name="Y" address="c6094" />
  </table>
  <table name="Primary Open Loop Fueling Compensation (Timing Compensation)" address="c649c">
    <table name="Y" address="c6484" />
  </table>
  <table name="Front Oxygen Sensor Scaling" address="cdcc0">
    <table name="Y" address="cdc8c" />
  </table>
  <table name="Front Oxygen Sensor Rich Limit" address="2a288" />
  <table name="Front Oxygen Sensor Compensation (Atm. Pressure)" address="c4024">
    <table name="Y" address="c4014" />
  </table>
  <table name="CL Fueling Target Compensation (Load)" address="c8954">
    <table name="X" address="c8924" elements="6" />
    <table name="Y" address="c893c" elements="6" />
  </table>
  <table name="CL Fueling Target Compensation Imm. Cruise (ECT)" address="c8740">
    <table name="X" address="c6094" />
    <table name="Y" address="c8738" elements="2" />
  </table>
  <table name="CL Fueling Target Compensation Imm. Non-Cruise (ECT)" address="c87f4">
    <table name="X" address="c6094" />
    <table name="Y" address="c87ec" elements="2" />
  </table>
  <table name="CL to OL Delay_" address="c58c2" />
  <table name="CL to OL Delay/Switch SI-DRIVE Intelligent" address="c58bc" />
  <table name="CL to OL Transition with Delay (Throttle)" address="c64e4">
    <table name="Y" address="c64a4" />
  </table>
  <table name="CL to OL Transition with Delay Throttle Hysteresis" address="c5cf0" />
  <table name="CL to OL Transition with Delay (Base Pulse Width)" address="c7024">
    <table name="Y" address="c6fe4" />
  </table>
  <table name="CL to OL Transition with Delay BPW Hysteresis" address="c5cf4" />
  <table name="CL to OL Transition Counter Step Value (MAF)" address="c706c">
    <table name="Y" address="c7044" />
  </table>
  <table name="CL Delay Maximum (Throttle)" address="c5d6c" />
  <table name="CL Delay Maximum (Vehicle Speed)" address="c5d70" />
  <table name="CL Delay Minimum (ECT)" address="c5cf8" />
  <table name="CL Delay Maximum (Engine Load)" address="c5d80" />
  <table name="CL Delay Engine Load Counter Threshold" address="c58ba" />
  <table name="CL Delay Maximum Engine Speed (Per Gear)" address="c5cfc" />
  <table name="CL Delay Maximum Engine Speed (Neutral)" address="c5d4c" />
  <table name="Injector Latency" address="c67fc">
    <table name="Y" address="c67e8" />
  </table>
  <table name="Injector Flow Scaling" address="c5a48" />
  <table name="Per Injector Pulse Width Compensation A" address="c8180">
    <table name="X" address="c8130" elements="8" />
    <table name="Y" address="c8150" elements="12" />
  </table>
  <table name="Per Injector Pulse Width Compensation B" address="c8230">
    <table name="X" address="c81e0" elements="8" />
    <table name="Y" address="c8200" elements="12" />
  </table>
  <table name="Per Injector Pulse Width Compensation C" address="c82e0">
    <table name="X" address="c8290" elements="8" />
    <table name="Y" address="c82b0" elements="12" />
  </table>
  <table name="Per Injector Pulse Width Compensation D" address="c8390">
    <table name="X" address="c8340" elements="8" />
    <table name="Y" address="c8360" elements="12" />
  </table>
  <table name="Cranking Fuel Injector Pulse Width A (ECT)" address="c6726">
    <table name="Y" address="c6094" />
  </table>
  <table name="Cranking Fuel Injector Pulse Width B (ECT)" address="c6746">
    <table name="Y" address="c6094" />
  </table>
  <table name="Cranking Fuel Injector Pulse Width C (ECT)" address="c6766">
    <table name="Y" address="c6094" />
  </table>
  <table name="Cranking Fuel Injector Pulse Width D (ECT)" address="c6786">
    <table name="Y" address="c6094" />
  </table>
  <table name="Cranking Fuel Injector Pulse Width E (ECT)" address="c67a6">
    <table name="Y" address="c6094" />
  </table>
  <table name="Cranking Fuel Injector Pulse Width F (ECT)" address="c67c6">
    <table name="Y" address="c6094" />
  </table>
  <table name="Cranking Fuel IPW Compensation Imm. Cruise (RPM)" address="c79e0">
    <table name="X" address="c79b0" />
    <table name="Y" address="c79c4" />
  </table>
  <table name="Cranking Fuel IPW Compensation Imm. Non-Cruise (RPM)" address="c7a88">
    <table name="X" address="c7a58" />
    <table name="Y" address="c7a6c" />
  </table>
  <table name="Cranking Fuel IPW Compensation (Accelerator)" address="c61c8">
    <table name="Y" address="c61b0" />
  </table>
  <table name="Throttle Tip-in Enrichment" address="c7634">
    <table name="Y" address="c75f0" elements="17" />
  </table>
  <table name="Minimum Tip-in Enrichment Activation" address="c5f64" />
  <table name="Minimum Tip-in Enrichment Activation (Throttle)" address="c5f5c" />
  <table name="Tip-in Enrichment Compensation (Boost Error)" address="c669c">
    <table name="Y" address="c6678" />
  </table>
  <table name="Tip-in Enrichment Compensation (ECT)" address="c7656">
    <table name="Y" address="c6094" />
  </table>
  <table name="Tip-in Enrichment Disable Applied Counter Threshold" address="c5872" />
  <table name="Tip-in Enrichment Applied Counter Reset" address="c5873" />
  <table name="Tip-in Enrichment Disable Throttle Cumulative Threshold" address="c5f60" />
  <table name="Tip-in Throttle Cumulative Reset" address="c5874" />
  <table name="A/F Learning #1 Limits" address="c5c00" />
  <table name="A/F Learning #1 Airflow Ranges" address="c5c10" />
  <table name="MAF Limit (Maximum)" address="c3b40" />
  <table name="MAF Sensor Scaling" address="cdbb4">
    <table name="Y" address="cdadc" />
  </table>
  <table name="MAF Compensation (IAT)" address="c42dc">
    <table name="X" address="c42a8" />
    <table name="Y" address="c42bc" />
  </table>
  <table name="Engine Load Limit (Maximum)" address="28a20" />
  <table name="Engine Load Compensation (MP)" address="c4364">
    <table name="X" address="c4304" />
    <table name="Y" address="c4330" elements="13" />
  </table>
  <table name="Base Timing Primary Cruise" address="ca4e0">
    <table name="X" address="ca450" elements="18" />
    <table name="Y" address="ca498" />
  </table>
  <table name="Base Timing Reference Cruise (AVCS related)" address="ca8a0">
    <table name="X" address="ca810" elements="18" />
    <table name="Y" address="ca858" />
  </table>
  <table name="Base Timing Primary Non-Cruise" address="ca6b8">
    <table name="X" address="ca624" elements="19" />
    <table name="Y" address="ca670" />
  </table>
  <table name="Base Timing Reference Non-Cruise (AVCS related)" address="caa74">
    <table name="X" address="ca9e4" elements="18" />
    <table name="Y" address="caa2c" />
  </table>
  <table name="Base Timing Idle A (In-Gear)" address="c99f1">
    <table name="Y" address="c9830" />
  </table>
  <table name="Base Timing Idle B (In-Gear)" address="c9a01">
    <table name="Y" address="c9830" />
  </table>
  <table name="Base Timing Idle A (Neutral)" address="c9a11">
    <table name="Y" address="c9830" />
  </table>
  <table name="Base Timing Idle B (Neutral)" address="c9a21">
    <table name="Y" address="c9830" />
  </table>
  <table name="Base Timing Idle Minimum" address="c99e8">
    <table name="Y" address="c99c4" />
  </table>
  <table name="Base Timing Idle Minimum Vehicle Speed Enable" address="c94f4" />
  <table name="Knock Correction Advance Max Cruise" address="cb3d8">
    <table name="X" address="cb348" elements="18" />
    <table name="Y" address="cb390" />
  </table>
  <table name="Knock Correction Advance Max Non-Cruise" address="cb1f0">
    <table name="X" address="cb15c" elements="19" />
    <table name="Y" address="cb1a8" />
  </table>
  <table name="Timing Compensation A (IAT)" address="c9aa4">
    <table name="Y" address="c9a64" />
  </table>
  <table name="Timing Compensation A (IAT) Activation" address="cabf8">
    <table name="X" address="cabb8" />
    <table name="Y" address="cabd8" />
  </table>
  <table name="Timing Compensation B (IAT)" address="c9fdc">
    <table name="Y" address="c9f9c" />
  </table>
  <table name="Timing Compensation B (IAT) IAM Activation" address="c966c" />
  <table name="Timing Compensation B (IAT) Max Additive" address="c9650" />
  <table name="Timing Compensation (ECT)" address="c9a51">
    <table name="Y" address="c9830" />
  </table>
  <table name="Timing Compensation (MRP)" address="caf04">
    <table name="X" address="caee4" />
    <table name="Y" address="caef8" />
  </table>
  <table name="Timing Compensation Per Cylinder A" address="caf5c">
    <table name="X" address="caf14" />
    <table name="Y" address="caf4c" />
  </table>
  <table name="Timing Compensation Per Cylinder B" address="cafdc">
    <table name="X" address="caf94" />
    <table name="Y" address="cafcc" />
  </table>
  <table name="Timing Compensation Per Cylinder C" address="cb05c">
    <table name="X" address="cb014" />
    <table name="Y" address="cb04c" />
  </table>
  <table name="Timing Compensation Per Cylinder D" address="cb0dc">
    <table name="X" address="cb094" />
    <table name="Y" address="cb0cc" />
  </table>
  <table name="Timing Comp Minimum Load (Per Cylinder)" address="c9680" />
  <table name="Timing Comp Maximum RPM (Per Cylinder)" address="c967c" />
  <table name="Timing Comp Minimum Coolant Temp (Per Cylinder)" address="c9684" />
  <table name="Feedback Correction Range (RPM)" address="c9690" />
  <table name="Feedback Correction Minimum Load" address="c9688" />
  <table name="Feedback Correction Retard Value" address="c96b0" />
  <table name="Feedback Correction Retard Limit" address="c96ac" />
  <table name="Feedback Correction Negative Advance Value" address="c96b4" />
  <table name="Feedback Correction Negative Advance Delay" address="c93fe" />
  <table name="Extended Feedback Correction High RPM Compensation" address="c96bc" />
  <table name="Fine Correction Minimum (RPM)" address="c96cc" />
  <table name="Fine Correction Maximum (RPM)" address="c9818" />
  <table name="Fine Correction Range (Load)" address="c9820" />
  <table name="Fine Correction Rows (RPM)" address="c97e4" />
  <table name="Fine Correction Columns (Load)" address="c97d4" />
  <table name="Fine Correction Retard Value" address="c9814" />
  <table name="Fine Correction Retard Limit" address="c9810" />
  <table name="Fine Correction Advance Value" address="c980c" />
  <table name="Fine Correction Advance Limit" address="c9808" />
  <table name="Fine Correction Advance Delay" address="c940e" />
  <table name="Rough Correction Range (RPM)" address="c9784" />
  <table name="Rough Correction Range (Load)" address="c9794" />
  <table name="Rough Correction Minimum KC Advance Map Value" address="c97a4" />
  <table name="Rough Correction Learning Delay (Increasing)" address="ca04c">
    <table name="Y" address="ca024" />
  </table>
  <table name="Advance Multiplier (Initial)" address="c97a8" />
  <table name="Advance Multiplier Step Value" address="c97ac" />
  <table name="Intake Cam Advance Angle Cruise (AVCS)" address="cfe5c">
    <table name="X" address="cfddc" />
    <table name="Y" address="cfe14" />
  </table>
  <table name="Intake Cam Advance Angle Non-Cruise (AVCS)" address="d00d4">
    <table name="X" address="d0054" />
    <table name="Y" address="d008c" />
  </table>
  <table name="Exhaust Cam Retard Angle Cruise (AVCS)" address="d0784">
    <table name="X" address="d0704" />
    <table name="Y" address="d073c" />
  </table>
  <table name="Exhaust Cam Retard Angle Non-Cruise (AVCS)" address="d09fc">
    <table name="X" address="d097c" />
    <table name="Y" address="d09b4" />
  </table>
  <table name="Requested Torque A (Accelerator Pedal) SI-DRIVE Sport" address="dc930">
    <table name="X" address="dc888" elements="20" />
    <table name="Y" address="dc8d8" elements="22" />
  </table>
  <table name="Requested Torque B (Accelerator Pedal) SI-DRIVE Sport" address="dd578">
    <table name="X" address="dd4d0" elements="20" />
    <table name="Y" address="dd520" elements="22" />
  </table>
  <table name="Requested Torque A (Accelerator Pedal) SI-DRIVE Sport Sharp" address="dcd48">
    <table name="X" address="dcca0" elements="20" />
    <table name="Y" address="dccf0" elements="22" />
  </table>
  <table name="Requested Torque B (Accelerator Pedal) SI-DRIVE Sport Sharp" address="dd990">
    <table name="X" address="dd8e8" elements="20" />
    <table name="Y" address="dd938" elements="22" />
  </table>
  <table name="Requested Torque A (Accelerator Pedal) SI-DRIVE Intelligent" address="dd160">
    <table name="X" address="dd0b8" elements="20" />
    <table name="Y" address="dd108" elements="22" />
  </table>
  <table name="Requested Torque B (Accelerator Pedal) SI-DRIVE Intelligent" address="ddda8">
    <table name="X" address="ddd00" elements="20" />
    <table name="Y" address="ddd50" elements="22" />
  </table>
  <table name="Target Throttle Plate Position Cruise (Requested Torque)" address="dbf80">
    <table name="X" address="dbeec" elements="21" />
    <table name="Y" address="dbf40" />
  </table>
  <table name="Target Throttle Plate Position Non-Cruise (Requested Torque)" address="dc2b4">
    <table name="X" address="dc220" elements="21" />
    <table name="Y" address="dc274" />
  </table>
  <table name="Target Throttle Plate Position Maximum (Requested Torque)" address="dc5e8">
    <table name="X" address="dc554" elements="21" />
    <table name="Y" address="dc5a8" />
  </table>
  <table name="Rev Limit (Fuel Cut)" address="c5fb8" />
  <table name="Rev Limit Fuel Resume (Boost)" address="c5fc0" />
  <table name="Speed Limiting Enable (Fuel Cut)" address="c6008" />
  <table name="Speed Limiting Disable (Fuel Cut)" address="c6014" />
  <table name="Speed Limiting A (Throttle) SI-DRIVE Sport/Sport Sharp" address="db844" />
  <table name="Speed Limiting B (Throttle) SI-DRIVE Sport/Sport Sharp" address="db85c" />
  <table name="Speed Limiting (Throttle) SI-DRIVE Intelligent" address="db850" />
  <table name="Intake Temp Sensor Scaling" address="8bf1c">
    <table name="Y" address="8bea4" />
  </table>
  <table name="Coolant Temp Sensor Scaling" address="8be34">
    <table name="Y" address="8bdc4" />
  </table>
  <table name="Radiator Fan Modes A (ECT)" address="ce420" />
  <table name="Radiator Fan Modes B (ECT)" address="ce430" />
  <table name="Radiator Fan Modes (Veh. Speed)" address="ce440" />
  <table name="Idle Speed Target A" address="cc066">
    <table name="Y" address="cbb78" />
  </table>
  <table name="Idle Speed Target B" address="cc0a6">
    <table name="Y" address="cbb78" />
  </table>
  <table name="Idle Speed Target C" address="cc0e6">
    <table name="Y" address="cbb78" />
  </table>
  <table name="Force Pass Readiness Monitors" address="84856" />
  <table name="(P0000) PASS CODE (NO DTC DETECTED)" address="78dd1" />
  <table name="(P0000) PASS CODE (NO DTC DETECTED)_" address="78dd2" />
  <table name="(P0031) FRONT O2 SENSOR LOW INPUT" address="78de0" />
  <table name="(P0032) FRONT O2 SENSOR HIGH INPUT" address="78dde" />
  <table name="(P0037) REAR O2 SENSOR LOW INPUT" address="78ddf" />
  <table name="(P0038) REAR O2 SENSOR HIGH INPUT" address="78ddd" />
  <table name="(P0102) MAF SENSOR LOW INPUT" address="78d8d" />
  <table name="(P0103) MAF SENSOR HIGH INPUT" address="78d8e" />
  <table name="(P0107) MAP SENSOR LOW INPUT" address="78de1" />
  <table name="(P0108) MAP SENSOR HIGH INPUT" address="78de2" />
  <table name="(P0112) IAT SENSOR LOW INPUT" address="78dda" />
  <table name="(P0113) IAT SENSOR HIGH INPUT" address="78ddb" />
  <table name="(P0117) COOLANT TEMP SENSOR LOW INPUT" address="78d96" />
  <table name="(P0118) COOLANT TEMP SENSOR HIGH INPUT" address="78d97" />
  <table name="(P0122) TPS A LOW INPUT" address="78d94" />
  <table name="(P0123) TPS A HIGH INPUT" address="78d95" />
  <table name="(P0131) FRONT O2 SENSOR LOW INPUT" address="78dd4" />
  <table name="(P0132) FRONT O2 SENSOR HIGH INPUT" address="78dd6" />
  <table name="(P0134) FRONT O2 SENSOR NO ACTIVITY" address="78dfd" />
  <table name="(P0140) REAR O2 SENSOR NO ACTIVITY" address="78e4b" />
  <table name="(P0171) SYSTEM TOO LEAN" address="78dc8" />
  <table name="(P0172) SYSTEM TOO RICH" address="78dc9" />
  <table name="(P0222) TPS B LOW INPUT" address="78e07" />
  <table name="(P0223) TPS B HIGH INPUT" address="78e08" />
  <table name="(P0230) FUEL PUMP PRIMARY CIRCUIT" address="78df8" />
  <table name="(P0245) WASTEGATE SOLENOID A LOW" address="78dec" />
  <table name="(P0246) WASTEGATE SOLENOID A HIGH" address="78ded" />
  <table name="(P0301) MISFIRE CYLINDER 1" address="78dca" />
  <table name="(P0302) MISFIRE CYLINDER 2" address="78dcb" />
  <table name="(P0303) MISFIRE CYLINDER 3" address="78dcc" />
  <table name="(P0304) MISFIRE CYLINDER 4" address="78dcd" />
  <table name="(P0327) KNOCK SENSOR 1 LOW INPUT" address="78d92" />
  <table name="(P0328) KNOCK SENSOR 1 HIGH INPUT" address="78d93" />
  <table name="(P0335) CRANKSHAFT POS. SENSOR A MALFUNCTION" address="78d88" />
  <table name="(P0340) CAMSHAFT POS. SENSOR A MALFUNCTION" address="78e1b" />
  <table name="(P0345) CAMSHAFT POS. SENSOR A BANK 2" address="78e1a" />
  <table name="(P0365) CAMSHAFT POS. SENSOR B BANK 1" address="78e19" />
  <table name="(P0390) CAMSHAFT POS. SENSOR B BANK 2" address="78e18" />
  <table name="(P0410) SECONDARY AIR PUMP SYSTEM" address="78e45" />
  <table name="(P0413) SECONDARY AIR PUMP A OPEN" address="78e49" />
  <table name="(P0414) SECONDARY AIR PUMP A SHORTED" address="78e4e" />
  <table name="(P0418) SECONDARY AIR PUMP RELAY A" address="78e4a" />
  <table name="(P0458) EVAP PURGE VALVE CIRCUIT LOW" address="78db9" />
  <table name="(P0459) EVAP PURGE VALVE CIRCUIT HIGH" address="78dba" />
  <table name="(P0462) FUEL LEVEL SENSOR LOW INPUT" address="78d9a" />
  <table name="(P0463) FUEL LEVEL SENSOR HIGH INPUT" address="78d9b" />
  <table name="(P0500) VEHICLE SPEED SENSOR A" address="78d8f" />
  <table name="(P0512) STARTER REQUEST CIRCUIT" address="78d9f" />
  <table name="(P0519) IDLE CONTROL MALFUNCTION (FAIL-SAFE)" address="78dfa" />
  <table name="(P0562) SYSTEM VOLTAGE LOW" address="78dea" />
  <table name="(P0563) SYSTEM VOLTAGE HIGH" address="78deb" />
  <table name="(P0600) SERIAL COMMUNICATION LINK" address="78e17" />
  <table name="(P0604) CONTROL MODULE RAM ERROR" address="78d8c" />
  <table name="(P0605) CONTROL MODULE ROM ERROR" address="78e1c" />
  <table name="(P0607) CONTROL MODULE PERFORMANCE" address="78e0f" />
  <table name="(P0638) THROTTLE ACTUATOR RANGE/PERF" address="78e0e" />
  <table name="(P0700) TRANSMISSION CONTROL SYSTEM" address="78e28" />
  <table name="(P0851) NEUTRAL SWITCH INPUT LOW" address="78da3" />
  <table name="(P0852) NEUTRAL SWITCH INPUT HIGH" address="78da7" />
  <table name="(P1160) ABNORMAL RETURN SPRING" address="78e09" />
  <table name="(P1410) SECONDARY AIR PUMP VALVE STUCK OPEN" address="78e52" />
  <table name="(P1418) SECONDARY AIR PUMP CIRCUIT SHORTED" address="78e4f" />
  <table name="(P1519) IMRC STUCK CLOSED" address="78e5b" />
  <table name="(P1520) IMRC CIRCUIT MALFUNCTION" address="78e5a" />
  <table name="(P1560) BACK-UP VOLTAGE MALFUNCTION" address="78de9" />
  <table name="(P1616) SBDS INTERACTIVE CODES" address="78e59" />
  <table name="(P2004) TGV - INTAKE MANIFOLD RUNNER 1 STUCK OPEN" address="78e33" />
  <table name="(P2005) TGV - INTAKE MANIFOLD RUNNER 2 STUCK OPEN" address="78e35" />
  <table name="(P2006) TGV - INTAKE MANIFOLD RUNNER 1 STUCK CLOSED" address="78e34" />
  <table name="(P2007) TGV - INTAKE MANIFOLD RUNNER 2 STUCK CLOSED" address="78e36" />
  <table name="(P2008) TGV - INTAKE MANIFOLD RUNNER 1 CIRCUIT OPEN" address="78e41" />
  <table name="(P2009) TGV - INTAKE MANIFOLD RUNNER 1 CIRCUIT LOW" address="78e3f" />
  <table name="(P2011) TGV - INTAKE MANIFOLD RUNNER 2 CIRCUIT OPEN" address="78e42" />
  <table name="(P2012) TGV - INTAKE MANIFOLD RUNNER 2 CIRCUIT LOW" address="78e40" />
  <table name="(P2016) TGV - INTAKE MANIFOLD RUNNER 1 POS. SENSOR LOW" address="78e3b" />
  <table name="(P2017) TGV - INTAKE MANIFOLD RUNNER 1 POS. SENSOR HIGH" address="78e3c" />
  <table name="(P2021) TGV - INTAKE MANIFOLD RUNNER 2 POS. SENSOR LOW" address="78e3d" />
  <table name="(P2022) TGV - INTAKE MANIFOLD RUNNER 2 POS. SENSOR HIGH" address="78e3e" />
  <table name="(P2088) OCV SOLENOID A1 CIRCUIT OPEN" address="78e24" />
  <table name="(P2089) OCV SOLENOID A1 CIRCUIT SHORT" address="78e23" />
  <table name="(P2090) OCV SOLENOID B1 CIRCUIT OPEN" address="78e20" />
  <table name="(P2091) OCV SOLENOID B1 CIRCUIT SHORT" address="78e1f" />
  <table name="(P2092) OCV SOLENOID A2 CIRCUIT OPEN" address="78e22" />
  <table name="(P2093) OCV SOLENOID A2 CIRCUIT SHORT" address="78e21" />
  <table name="(P2094) OCV SOLENOID B2 CIRCUIT OPEN" address="78e1e" />
  <table name="(P2095) OCV SOLENOID B2 CIRCUIT SHORT" address="78e1d" />
  <table name="(P2101) THROTTLE ACTUATOR CIRCUIT RANGE/PERF" address="78e0c" />
  <table name="(P2102) THROTTLE ACTUATOR CIRCUIT LOW" address="78e0a" />
  <table name="(P2103) THROTTLE ACTUATOR CIRCUIT HIGH" address="78e0b" />
  <table name="(P2109) TPS A MINIMUM STOP PERF" address="78e06" />
  <table name="(P2122) TPS D CIRCUIT LOW INPUT" address="78e13" />
  <table name="(P2123) TPS D CIRCUIT HIGH INPUT" address="78e14" />
  <table name="(P2127) TPS E CIRCUIT LOW INPUT" address="78e11" />
  <table name="(P2128) TPS E CIRCUIT HIGH INPUT" address="78e12" />
  <table name="(P2135) TPS A/B VOLTAGE" address="78e15" />
  <table name="(P2138) TPS D/E VOLTAGE" address="78e10" />
  <table name="(P2419) EVAP SWITCHING VALVE LOW" address="78e5d" />
  <table name="(P2420) EVAP SWITCHING VALVE HIGH" address="78e5e" />
  <table name="(P2432) SECONDARY AIR PUMP CIRCUIT LOW" address="78e48" />
  <table name="(P2433) SECONDARY AIR PUMP CIRCUIT HIGH" address="78e47" />
  <table name="(P2440) SECONDARY AIR PUMP VALVE 1 STUCK OPEN" address="78e56" />
  <table name="(P2441) SECONDARY AIR PUMP VALVE 1 STUCK CLOSED" address="78e55" />
  <table name="(P2444) SECONDARY AIR PUMP 1 STUCK ON B1" address="78e43" />
</rom>