<rom>
  <romid>
    <xmlid>A2SB000A</xmlid>
    <internalidaddress>2000</internalidaddress>
    <internalidstring>A2SB000A</internalidstring>
    <ecuid>6204504007</ecuid>
    <year>08</year>
    <market>JDM</market>
    <make>Subaru</make>
    <model>Legacy</model>
    <submodel>GT</submodel>
    <transmission>AT</transmission>
    <memmodel>SH7058</memmodel>
    <flashmethod>subarucan</flashmethod>
    <checksummodule>subarudbw</checksummodule>
  </romid>
  <include>32BITBASE</include>
  <table name="Target Boost_" address="c14fc">
    <table name="X" address="c147c" elements="16" />
    <table name="Y" address="c14bc" elements="16" />
  </table>
  <table name="Target Boost Compensation (ECT)" address="c0970">
    <table name="Y" address="c06e0" />
  </table>
  <table name="Target Boost Compensation (1st Gear)" address="c06d8" />
  <table name="Target Boost Compensation (1st Gear) Speed Disable" address="c06d4" />
  <table name="Target Boost Compensation (IAT)" address="c09d0">
    <table name="Y" address="c0990" />
  </table>
  <table name="Target Boost Compensation (Atm. Pressure)" address="c09f4">
    <table name="Y" address="c09e0" />
  </table>
  <table name="Boost Limit (Fuel Cut)" address="c7bc0">
    <table name="Y" address="c7ba8" />
  </table>
  <table name="Boost Control Disable (IAM)" address="c06c8" />
  <table name="Boost Control Disable (Fine Correction)" address="c06c4" />
  <table name="Boost Control Disable Delay (Fine Correction)" address="c0661" />
  <table name="Initial Wastegate Duty_" address="c1084">
    <table name="X" address="c100c" elements="14" />
    <table name="Y" address="c1044" elements="16" />
  </table>
  <table name="Max Wastegate Duty_" address="c0c14">
    <table name="X" address="c0b9c" elements="14" />
    <table name="Y" address="c0bd4" elements="16" />
  </table>
  <table name="Max Wastegate Duty Limit Post-Compensation" address="18b98" />
  <table name="Initial/Max Wastegate Duty Compensation (IAT)" address="c0760">
    <table name="Y" address="c0720" />
  </table>
  <table name="Initial/Max Wastegate Duty Compensation (ECT)" address="c0860">
    <table name="Y" address="c06e0" />
  </table>
  <table name="Initial/Max Wastegate Duty Compensation (Atm. Pressure)" address="c0b44">
    <table name="X" address="c0b1c" />
    <table name="Y" address="c0b34" />
  </table>
  <table name="Turbo Dynamics Proportional" address="c0a20">
    <table name="Y" address="c09fc" />
  </table>
  <table name="Turbo Dynamics Integral Positive" address="c0a90">
    <table name="Y" address="c0a6c" />
  </table>
  <table name="Turbo Dynamics Integral Negative" address="c0a58">
    <table name="Y" address="c0a34" />
  </table>
  <table name="TD Proportional Compensation (IAT)" address="c08c0">
    <table name="Y" address="c0880" elements="16" />
  </table>
  <table name="TD Integral Positive Compensation (IAT)" address="c0960">
    <table name="Y" address="c0920" elements="16" />
  </table>
  <table name="TD Integral Negative Compensation (IAT)" address="c0910">
    <table name="Y" address="c08d0" elements="16" />
  </table>
  <table name="TD Activation Thresholds (RPM)" address="c06ac" />
  <table name="TD Activation Thresholds (Target Boost)_" address="c0688" />
  <table name="TD Integral Cumulative Range (WGDC Correction)" address="c06bc" />
  <table name="TD Integral Negative Activation (Boost Error)" address="c0698" />
  <table name="TD Integral Positive Activation (Boost Error)" address="c06a0" />
  <table name="TD Integral Positive Activation (Wastegate Duty)" address="c06a8" />
  <table name="Manifold Pressure Sensor Scaling" address="c028c" />
  <table name="Manifold Pressure Sensor Limits (CEL)" address="cddc0" />
  <table name="Manifold Pressure Sensor CEL Delays" address="c4e74" />
  <table name="Primary Open Loop Fueling" address="c8308">
    <table name="X" address="c8268" elements="22" />
    <table name="Y" address="c82c0" />
  </table>
  <table name="Primary Open Loop Fueling (Failsafe)" address="c8534">
    <table name="X" address="c8494" elements="22" />
    <table name="Y" address="c84ec" />
  </table>
  <table name="Primary Open Loop Fuel Map Switch (IAM)" address="c621c" />
  <table name="Minimum Active Primary Open Loop Enrichment" address="c6220" />
  <table name="Minimum Primary Open Loop Enrichment (Throttle)" address="c6a0c">
    <table name="Y" address="c69f4" />
  </table>
  <table name="Minimum Primary Open Loop Enrichment (Accelerator)" address="c6a2c">
    <table name="Y" address="c6a14" />
  </table>
  <table name="Primary Open Loop Fueling Compensation (ECT)" address="c75d8">
    <table name="Y" address="c6594" />
  </table>
  <table name="Primary Open Loop Fueling Compensation (Timing Compensation)" address="c699c">
    <table name="Y" address="c6984" />
  </table>
  <table name="Front Oxygen Sensor Scaling" address="ce344">
    <table name="Y" address="ce310" />
  </table>
  <table name="Front Oxygen Sensor Rich Limit" address="2a940" />
  <table name="Front Oxygen Sensor Compensation (Atm. Pressure)" address="c4528">
    <table name="Y" address="c4518" />
  </table>
  <table name="CL Fueling Target Compensation (Load)" address="c8df4">
    <table name="X" address="c8dc4" elements="6" />
    <table name="Y" address="c8ddc" elements="6" />
  </table>
  <table name="CL Fueling Target Compensation Imm. Cruise (ECT)" address="c8c68">
    <table name="X" address="c6594" />
    <table name="Y" address="c8c5c" />
  </table>
  <table name="CL Fueling Target Compensation Imm. Non-Cruise (ECT)" address="c8d1c">
    <table name="X" address="c6594" />
    <table name="Y" address="c8d10" />
  </table>
  <table name="CL to OL Delay" address="c5dc8">
    <table name="Y" elements="2" />
  </table>
  <table name="CL to OL Delay/Switch SI-DRIVE Intelligent" address="c5dc6" />
  <table name="CL to OL Transition with Delay (Throttle)" address="c69e4">
    <table name="Y" address="c69a4" />
  </table>
  <table name="CL to OL Transition with Delay Throttle Hysteresis" address="c6224" />
  <table name="CL to OL Transition with Delay (Base Pulse Width)" address="c7504">
    <table name="Y" address="c74c4" />
  </table>
  <table name="CL to OL Transition with Delay BPW Hysteresis" address="c6228" />
  <table name="CL to OL Transition Counter Step Value (MAF)" address="c754c">
    <table name="Y" address="c7524" />
  </table>
  <table name="CL Delay Maximum (Vehicle Speed)" address="c62a4" />
  <table name="CL Delay Minimum (ECT)" address="c622c" />
  <table name="CL Delay Maximum (Engine Load)" address="c62b4" />
  <table name="CL Delay Engine Load Counter Threshold" address="c5dc4" />
  <table name="CL Delay Maximum Engine Speed (Per Gear)" address="c6258" />
  <table name="CL Delay Maximum Engine Speed (Neutral)" address="c6280" />
  <table name="CL Delay Throttle Atm. Pressure Thresholds" address="c6288" />
  <table name="CL Delay Maximum (Throttle) (Low Atm. Pressure)" address="c6290" />
  <table name="CL Delay Maximum (Throttle) (High Atm. Pressure)" address="c6298" />
  <table name="Injector Latency" address="c6cdc">
    <table name="Y" address="c6cc8" />
  </table>
  <table name="Injector Flow Scaling" address="c5f7c" />
  <table name="Per Injector Pulse Width Compensation A" address="c8710">
    <table name="X" address="c86c0" elements="8" />
    <table name="Y" address="c86e0" elements="12" />
  </table>
  <table name="Per Injector Pulse Width Compensation B" address="c87c0">
    <table name="X" address="c8770" elements="8" />
    <table name="Y" address="c8790" elements="12" />
  </table>
  <table name="Per Injector Pulse Width Compensation C" address="c8870">
    <table name="X" address="c8820" elements="8" />
    <table name="Y" address="c8840" elements="12" />
  </table>
  <table name="Per Injector Pulse Width Compensation D" address="c8920">
    <table name="X" address="c88d0" elements="8" />
    <table name="Y" address="c88f0" elements="12" />
  </table>
  <table name="Cranking Fuel Injector Pulse Width A (ECT)" address="c6c06">
    <table name="Y" address="c6594" />
  </table>
  <table name="Cranking Fuel Injector Pulse Width B (ECT)" address="c6c26">
    <table name="Y" address="c6594" />
  </table>
  <table name="Cranking Fuel Injector Pulse Width C (ECT)" address="c6c46">
    <table name="Y" address="c6594" />
  </table>
  <table name="Cranking Fuel Injector Pulse Width D (ECT)" address="c6c66">
    <table name="Y" address="c6594" />
  </table>
  <table name="Cranking Fuel Injector Pulse Width E (ECT)" address="c6c86">
    <table name="Y" address="c6594" />
  </table>
  <table name="Cranking Fuel Injector Pulse Width F (ECT)" address="c6ca6">
    <table name="Y" address="c6594" />
  </table>
  <table name="Cranking Fuel IPW Compensation Imm. Cruise (RPM)" address="c7e6c">
    <table name="X" address="c7e3c" />
    <table name="Y" address="c7e50" />
  </table>
  <table name="Cranking Fuel IPW Compensation Imm. Non-Cruise (RPM)" address="c7f14">
    <table name="X" address="c7ee4" />
    <table name="Y" address="c7ef8" />
  </table>
  <table name="Cranking Fuel IPW Compensation (Accelerator)" address="c66c8">
    <table name="Y" address="c66b0" />
  </table>
  <table name="Throttle Tip-in Enrichment" address="c7b14">
    <table name="Y" address="c7ad0" elements="17" />
  </table>
  <table name="Minimum Tip-in Enrichment Activation" address="c6484" />
  <table name="Minimum Tip-in Enrichment Activation (Throttle)" address="c647c" />
  <table name="Tip-in Enrichment Compensation (Boost Error)" address="c6b7c">
    <table name="Y" address="c6b58" />
  </table>
  <table name="Tip-in Enrichment Compensation (ECT)" address="c7b36">
    <table name="Y" address="c6594" />
  </table>
  <table name="Tip-in Enrichment Disable Applied Counter Threshold" address="c5d7b" />
  <table name="Tip-in Enrichment Applied Counter Reset" address="c5d7c" />
  <table name="Tip-in Enrichment Disable Throttle Cumulative Threshold" address="c6480" />
  <table name="Tip-in Throttle Cumulative Reset" address="c5d7d" />
  <table name="Min Primary Base Enrichment 1 Cruise" address="c809c">
    <table name="X" address="c6594" />
    <table name="Y" address="c807c" />
  </table>
  <table name="Min Primary Base Enrichment 1 Non-Cruise" address="c7ffc">
    <table name="X" address="c6594" />
    <table name="Y" address="c7fdc" />
  </table>
  <table name="Min Primary Base Enrichment 1 (Non-Primary OL)" address="c8150">
    <table name="X" address="c811c" />
    <table name="Y" address="c8144" />
  </table>
  <table name="Min Primary Base Enrich 2 Initial Start 1A" address="c6d66">
    <table name="Y" address="c6594" />
  </table>
  <table name="Min Primary Base Enrich 2 Initial Start 1B" address="c6d86">
    <table name="Y" address="c6594" />
  </table>
  <table name="Min Primary Base Enrich 2 Initial Start 2A" address="c6da6">
    <table name="Y" address="c6594" />
  </table>
  <table name="Min Primary Base Enrich 2 Initial Start 2B" address="c6dc6">
    <table name="Y" address="c6594" />
  </table>
  <table name="Min Primary Base Enrich 2 Decay Step 1" address="c6de6">
    <table name="Y" address="c6594" />
  </table>
  <table name="Min Primary Base Enrich 2 Decay Step 2" address="c6e06">
    <table name="Y" address="c6594" />
  </table>
  <table name="Min Primary Base Enrich 3 Initial Start 1A" address="c6ce6">
    <table name="Y" address="c6594" />
  </table>
  <table name="Min Primary Base Enrich 3 Initial Start 1B" address="c6d06">
    <table name="Y" address="c6594" />
  </table>
  <table name="Min Primary Base Enrich 3 Initial Start 2A" address="c6d26">
    <table name="Y" address="c6594" />
  </table>
  <table name="Min Primary Base Enrich 3 Initial Start 2B" address="c6d46">
    <table name="Y" address="c6594" />
  </table>
  <table name="Min Primary Base Enrich 3 Decay Delay A" address="c66de">
    <table name="Y" address="c6594" />
  </table>
  <table name="Min Primary Base Enrich 3 Decay Delay B" address="c66ee">
    <table name="Y" address="c6594" />
  </table>
  <table name="Min Primary Base Enrich 3 Decay Multiplier" address="c5f80" />
  <table name="A/F Learning #1 Limits" address="c6134" />
  <table name="A/F Learning #1 Airflow Ranges" address="c6144" />
  <table name="MAF Limit (Maximum)" address="c4044" />
  <table name="MAF Sensor Scaling" address="ce238">
    <table name="Y" address="ce160" />
  </table>
  <table name="MAF Compensation (IAT)" address="c47e0">
    <table name="X" address="c47ac" />
    <table name="Y" address="c47c0" />
  </table>
  <table name="Engine Load Limit (Maximum)" address="290c8" />
  <table name="Engine Load Compensation (MP)" address="c4868">
    <table name="X" address="c4808" />
    <table name="Y" address="c4834" elements="13" />
  </table>
  <table name="Base Timing Primary Cruise" address="cb0b4">
    <table name="X" address="cb024" elements="18" />
    <table name="Y" address="cb06c" />
  </table>
  <table name="Base Timing Reference Cruise (AVCS related)" address="cb4b4">
    <table name="X" address="cb424" elements="18" />
    <table name="Y" address="cb46c" />
  </table>
  <table name="Base Timing Primary Non-Cruise" address="cb298">
    <table name="X" address="cb1f8" elements="22" />
    <table name="Y" address="cb250" />
  </table>
  <table name="Base Timing Reference Non-Cruise (AVCS related)" address="cb698">
    <table name="X" address="cb5f8" elements="22" />
    <table name="Y" address="cb650" />
  </table>
  <table name="Base Timing Idle A (In-Gear)" address="c9fb5">
    <table name="Y" address="c9dc0" />
  </table>
  <table name="Base Timing Idle B (In-Gear)" address="c9fc5">
    <table name="Y" address="c9dc0" />
  </table>
  <table name="Base Timing Idle A (Neutral)" address="c9fd5">
    <table name="Y" address="c9dc0" />
  </table>
  <table name="Base Timing Idle B (Neutral)" address="c9fe5">
    <table name="Y" address="c9dc0" />
  </table>
  <table name="Base Timing Idle Minimum" address="c9fac">
    <table name="Y" address="c9f88" />
  </table>
  <table name="Base Timing Idle Minimum Vehicle Speed Enable" address="c9c38" />
  <table name="Knock Correction Advance Max Cruise" address="cae80">
    <table name="X" address="cadf0" elements="18" />
    <table name="Y" address="cae38" />
  </table>
  <table name="Knock Correction Advance Max Non-Cruise" address="cac64">
    <table name="X" address="cabc4" elements="22" />
    <table name="Y" address="cac1c" />
  </table>
  <table name="Timing Compensation A (IAT)" address="ca068">
    <table name="Y" address="ca028" />
  </table>
  <table name="Timing Compensation A (IAT) Activation" address="cb864">
    <table name="X" address="cb824" />
    <table name="Y" address="cb844" />
  </table>
  <table name="Timing Compensation B (IAT)" address="ca59c">
    <table name="Y" address="ca55c" />
  </table>
  <table name="Timing Compensation B (IAT) IAM Activation" address="c9db0" />
  <table name="Timing Compensation B (IAT) Max Additive" address="c9d94" />
  <table name="Timing Compensation (ECT)" address="ca015">
    <table name="Y" address="c9dc0" />
  </table>
  <table name="Timing Compensation (MRP)" address="cbb70">
    <table name="X" address="cbb50" />
    <table name="Y" address="cbb64" />
  </table>
  <table name="Timing Compensation Per Cylinder A" address="ca9c4">
    <table name="X" address="ca97c" />
    <table name="Y" address="ca9b4" />
  </table>
  <table name="Timing Compensation Per Cylinder B" address="caa44">
    <table name="X" address="ca9fc" />
    <table name="Y" address="caa34" />
  </table>
  <table name="Timing Compensation Per Cylinder C" address="caac4">
    <table name="X" address="caa7c" />
    <table name="Y" address="caab4" />
  </table>
  <table name="Timing Compensation Per Cylinder D" address="cab44">
    <table name="X" address="caafc" />
    <table name="Y" address="cab34" />
  </table>
  <table name="Timing Comp Minimum Load (Per Cylinder)" address="c99a4" />
  <table name="Timing Comp Maximum RPM (Per Cylinder)" address="c99a0" />
  <table name="Timing Comp Minimum Coolant Temp (Per Cylinder)" address="c99a8" />
  <table name="Feedback Correction Range (RPM)" address="c99b4" />
  <table name="Feedback Correction Minimum Load" address="c99ac" />
  <table name="Feedback Correction Retard Value" address="c99d4" />
  <table name="Feedback Correction Retard Limit" address="c99d0" />
  <table name="Feedback Correction Negative Advance Value" address="c99d8" />
  <table name="Feedback Correction Negative Advance Delay" address="c996c" />
  <table name="Extended Feedback Correction High RPM Compensation" address="c99e0" />
  <table name="Fine Correction Minimum (RPM)" address="c99f0" />
  <table name="Fine Correction Maximum (RPM)" address="c9b3c" />
  <table name="Fine Correction Range (Load)" address="c9b44" />
  <table name="Fine Correction Rows (RPM)" address="c9b08" />
  <table name="Fine Correction Columns (Load)" address="c9af8" />
  <table name="Fine Correction Retard Value" address="c9b38" />
  <table name="Fine Correction Retard Limit" address="c9b34" />
  <table name="Fine Correction Advance Value" address="c9b30" />
  <table name="Fine Correction Advance Limit" address="c9b2c" />
  <table name="Fine Correction Advance Delay" address="c997c" />
  <table name="Rough Correction Range (RPM)" address="c9aa8" />
  <table name="Rough Correction Range (Load)" address="c9ab8" />
  <table name="Rough Correction Minimum KC Advance Map Value" address="c9ac8" />
  <table name="Rough Correction Learning Delay (Increasing)" address="c9e68">
    <table name="Y" address="c9e40" />
  </table>
  <table name="Advance Multiplier (Initial)" address="c9acc" />
  <table name="Advance Multiplier Step Value" address="c9ad0" />
  <table name="Intake Cam Advance Angle Cruise (AVCS)" address="d0500">
    <table name="X" address="d0480" />
    <table name="Y" address="d04b8" />
  </table>
  <table name="Intake Cam Advance Angle Non-Cruise (AVCS)" address="d0778">
    <table name="X" address="d06f8" />
    <table name="Y" address="d0730" />
  </table>
  <table name="Exhaust Cam Retard Angle Cruise (AVCS)" address="d0e28">
    <table name="X" address="d0da8" />
    <table name="Y" address="d0de0" />
  </table>
  <table name="Exhaust Cam Retard Angle Non-Cruise (AVCS)" address="d10a0">
    <table name="X" address="d1020" />
    <table name="Y" address="d1058" />
  </table>
  <table name="Requested Torque A (Accelerator Pedal) SI-DRIVE Sport" address="dd718">
    <table name="X" address="dd678" elements="20" />
    <table name="Y" address="dd6c8" elements="20" />
  </table>
  <table name="Requested Torque B (Accelerator Pedal) SI-DRIVE Sport" address="de258">
    <table name="X" address="de1b8" elements="20" />
    <table name="Y" address="de208" elements="20" />
  </table>
  <table name="Requested Torque A (Accelerator Pedal) SI-DRIVE Sport Sharp" address="ddad8">
    <table name="X" address="dda38" elements="20" />
    <table name="Y" address="dda88" elements="20" />
  </table>
  <table name="Requested Torque B (Accelerator Pedal) SI-DRIVE Sport Sharp" address="de618">
    <table name="X" address="de578" elements="20" />
    <table name="Y" address="de5c8" elements="20" />
  </table>
  <table name="Requested Torque A (Accelerator Pedal) SI-DRIVE Intelligent" address="dde98">
    <table name="X" address="dddf8" elements="20" />
    <table name="Y" address="dde48" elements="20" />
  </table>
  <table name="Requested Torque B (Accelerator Pedal) SI-DRIVE Intelligent" address="de9d8">
    <table name="X" address="de938" elements="20" />
    <table name="Y" address="de988" elements="20" />
  </table>
  <table name="Target Throttle Plate Position Cruise (Requested Torque)" address="dcd70">
    <table name="X" address="dccdc" elements="21" />
    <table name="Y" address="dcd30" />
  </table>
  <table name="Target Throttle Plate Position Non-Cruise (Requested Torque)" address="dd0a4">
    <table name="X" address="dd010" elements="21" />
    <table name="Y" address="dd064" />
  </table>
  <table name="Target Throttle Plate Position Maximum (Requested Torque)" address="dd3d8">
    <table name="X" address="dd344" elements="21" />
    <table name="Y" address="dd398" />
  </table>
  <table name="Rev Limit (Fuel Cut)" address="c64d8" />
  <table name="Rev Limit Fuel Resume (Boost)" address="c64e0" />
  <table name="Speed Limiting Enable (Fuel Cut)" address="c6524" />
  <table name="Speed Limiting Disable (Fuel Cut)" address="c6530" />
  <table name="Speed Limiting A (Throttle) SI-DRIVE Sport/Sport Sharp" address="dc644" />
  <table name="Speed Limiting B (Throttle) SI-DRIVE Sport/Sport Sharp" address="dc65c" />
  <table name="Speed Limiting (Throttle) SI-DRIVE Intelligent" address="dc650" />
  <table name="Intake Temp Sensor Scaling" address="8cec8">
    <table name="Y" address="8ce50" />
  </table>
  <table name="Coolant Temp Sensor Scaling" address="8cde0">
    <table name="Y" address="8cd70" />
  </table>
  <table name="Radiator Fan Modes A (ECT)" address="ceaa4" />
  <table name="Radiator Fan Modes B (ECT)" address="ceab4" />
  <table name="Radiator Fan Modes (Veh. Speed)" address="ceac4" />
  <table name="Idle Speed Target A" address="cc6ea">
    <table name="Y" address="cc1dc" />
  </table>
  <table name="Idle Speed Target B" address="cc72a">
    <table name="Y" address="cc1dc" />
  </table>
  <table name="Idle Speed Target C" address="cc76a">
    <table name="Y" address="cc1dc" />
  </table>
  <table name="Force Pass Readiness Monitors" address="856ee" />
  <table name="(P0000) PASS CODE (NO DTC DETECTED)" address="79c69" />
  <table name="(P0000) PASS CODE (NO DTC DETECTED)_" address="79c6a" />
  <table name="(P0031) FRONT O2 SENSOR LOW INPUT" address="79c78" />
  <table name="(P0032) FRONT O2 SENSOR HIGH INPUT" address="79c76" />
  <table name="(P0037) REAR O2 SENSOR LOW INPUT" address="79c77" />
  <table name="(P0038) REAR O2 SENSOR HIGH INPUT" address="79c75" />
  <table name="(P0102) MAF SENSOR LOW INPUT" address="79c25" />
  <table name="(P0103) MAF SENSOR HIGH INPUT" address="79c26" />
  <table name="(P0107) MAP SENSOR LOW INPUT" address="79c79" />
  <table name="(P0108) MAP SENSOR HIGH INPUT" address="79c7a" />
  <table name="(P0112) IAT SENSOR LOW INPUT" address="79c72" />
  <table name="(P0113) IAT SENSOR HIGH INPUT" address="79c73" />
  <table name="(P0117) COOLANT TEMP SENSOR LOW INPUT" address="79c2e" />
  <table name="(P0118) COOLANT TEMP SENSOR HIGH INPUT" address="79c2f" />
  <table name="(P0122) TPS A LOW INPUT" address="79c2c" />
  <table name="(P0123) TPS A HIGH INPUT" address="79c2d" />
  <table name="(P0131) FRONT O2 SENSOR LOW INPUT" address="79c6c" />
  <table name="(P0132) FRONT O2 SENSOR HIGH INPUT" address="79c6e" />
  <table name="(P0134) FRONT O2 SENSOR NO ACTIVITY" address="79c95" />
  <table name="(P0140) REAR O2 SENSOR NO ACTIVITY" address="79ce3" />
  <table name="(P0171) SYSTEM TOO LEAN" address="79c60" />
  <table name="(P0172) SYSTEM TOO RICH" address="79c61" />
  <table name="(P0222) TPS B LOW INPUT" address="79c9f" />
  <table name="(P0223) TPS B HIGH INPUT" address="79ca0" />
  <table name="(P0230) FUEL PUMP PRIMARY CIRCUIT" address="79c90" />
  <table name="(P0245) WASTEGATE SOLENOID A LOW" address="79c84" />
  <table name="(P0246) WASTEGATE SOLENOID A HIGH" address="79c85" />
  <table name="(P0301) MISFIRE CYLINDER 1" address="79c62" />
  <table name="(P0302) MISFIRE CYLINDER 2" address="79c63" />
  <table name="(P0303) MISFIRE CYLINDER 3" address="79c64" />
  <table name="(P0304) MISFIRE CYLINDER 4" address="79c65" />
  <table name="(P0327) KNOCK SENSOR 1 LOW INPUT" address="79c2a" />
  <table name="(P0328) KNOCK SENSOR 1 HIGH INPUT" address="79c2b" />
  <table name="(P0335) CRANKSHAFT POS. SENSOR A MALFUNCTION" address="79c20" />
  <table name="(P0340) CAMSHAFT POS. SENSOR A MALFUNCTION" address="79cb3" />
  <table name="(P0345) CAMSHAFT POS. SENSOR A BANK 2" address="79cb2" />
  <table name="(P0365) CAMSHAFT POS. SENSOR B BANK 1" address="79cb1" />
  <table name="(P0390) CAMSHAFT POS. SENSOR B BANK 2" address="79cb0" />
  <table name="(P0410) SECONDARY AIR PUMP SYSTEM" address="79cdd" />
  <table name="(P0413) SECONDARY AIR PUMP A OPEN" address="79ce1" />
  <table name="(P0414) SECONDARY AIR PUMP A SHORTED" address="79ce6" />
  <table name="(P0418) SECONDARY AIR PUMP RELAY A" address="79ce2" />
  <table name="(P0458) EVAP PURGE VALVE CIRCUIT LOW" address="79c51" />
  <table name="(P0459) EVAP PURGE VALVE CIRCUIT HIGH" address="79c52" />
  <table name="(P0462) FUEL LEVEL SENSOR LOW INPUT" address="79c32" />
  <table name="(P0463) FUEL LEVEL SENSOR HIGH INPUT" address="79c33" />
  <table name="(P0500) VEHICLE SPEED SENSOR A" address="79c27" />
  <table name="(P0512) STARTER REQUEST CIRCUIT" address="79c37" />
  <table name="(P0519) IDLE CONTROL MALFUNCTION (FAIL-SAFE)" address="79c92" />
  <table name="(P0562) SYSTEM VOLTAGE LOW" address="79c82" />
  <table name="(P0563) SYSTEM VOLTAGE HIGH" address="79c83" />
  <table name="(P0600) SERIAL COMMUNICATION LINK" address="79caf" />
  <table name="(P0604) CONTROL MODULE RAM ERROR" address="79c24" />
  <table name="(P0605) CONTROL MODULE ROM ERROR" address="79cb4" />
  <table name="(P0607) CONTROL MODULE PERFORMANCE" address="79ca7" />
  <table name="(P0638) THROTTLE ACTUATOR RANGE/PERF" address="79ca6" />
  <table name="(P0700) TRANSMISSION CONTROL SYSTEM" address="79cc0" />
  <table name="(P0851) NEUTRAL SWITCH INPUT LOW" address="79c3b" />
  <table name="(P0852) NEUTRAL SWITCH INPUT HIGH" address="79c3f" />
  <table name="(P1160) ABNORMAL RETURN SPRING" address="79ca1" />
  <table name="(P1410) SECONDARY AIR PUMP VALVE STUCK OPEN" address="79cea" />
  <table name="(P1418) SECONDARY AIR PUMP CIRCUIT SHORTED" address="79ce7" />
  <table name="(P1519) IMRC STUCK CLOSED" address="79cf3" />
  <table name="(P1520) IMRC CIRCUIT MALFUNCTION" address="79cf2" />
  <table name="(P1560) BACK-UP VOLTAGE MALFUNCTION" address="79c81" />
  <table name="(P1616) SBDS INTERACTIVE CODES" address="79cf1" />
  <table name="(P2004) TGV - INTAKE MANIFOLD RUNNER 1 STUCK OPEN" address="79ccb" />
  <table name="(P2005) TGV - INTAKE MANIFOLD RUNNER 2 STUCK OPEN" address="79ccd" />
  <table name="(P2006) TGV - INTAKE MANIFOLD RUNNER 1 STUCK CLOSED" address="79ccc" />
  <table name="(P2007) TGV - INTAKE MANIFOLD RUNNER 2 STUCK CLOSED" address="79cce" />
  <table name="(P2008) TGV - INTAKE MANIFOLD RUNNER 1 CIRCUIT OPEN" address="79cd9" />
  <table name="(P2009) TGV - INTAKE MANIFOLD RUNNER 1 CIRCUIT LOW" address="79cd7" />
  <table name="(P2011) TGV - INTAKE MANIFOLD RUNNER 2 CIRCUIT OPEN" address="79cda" />
  <table name="(P2012) TGV - INTAKE MANIFOLD RUNNER 2 CIRCUIT LOW" address="79cd8" />
  <table name="(P2016) TGV - INTAKE MANIFOLD RUNNER 1 POS. SENSOR LOW" address="79cd3" />
  <table name="(P2017) TGV - INTAKE MANIFOLD RUNNER 1 POS. SENSOR HIGH" address="79cd4" />
  <table name="(P2021) TGV - INTAKE MANIFOLD RUNNER 2 POS. SENSOR LOW" address="79cd5" />
  <table name="(P2022) TGV - INTAKE MANIFOLD RUNNER 2 POS. SENSOR HIGH" address="79cd6" />
  <table name="(P2088) OCV SOLENOID A1 CIRCUIT OPEN" address="79cbc" />
  <table name="(P2089) OCV SOLENOID A1 CIRCUIT SHORT" address="79cbb" />
  <table name="(P2090) OCV SOLENOID B1 CIRCUIT OPEN" address="79cb8" />
  <table name="(P2091) OCV SOLENOID B1 CIRCUIT SHORT" address="79cb7" />
  <table name="(P2092) OCV SOLENOID A2 CIRCUIT OPEN" address="79cba" />
  <table name="(P2093) OCV SOLENOID A2 CIRCUIT SHORT" address="79cb9" />
  <table name="(P2094) OCV SOLENOID B2 CIRCUIT OPEN" address="79cb6" />
  <table name="(P2095) OCV SOLENOID B2 CIRCUIT SHORT" address="79cb5" />
  <table name="(P2101) THROTTLE ACTUATOR CIRCUIT RANGE/PERF" address="79ca4" />
  <table name="(P2102) THROTTLE ACTUATOR CIRCUIT LOW" address="79ca2" />
  <table name="(P2103) THROTTLE ACTUATOR CIRCUIT HIGH" address="79ca3" />
  <table name="(P2109) TPS A MINIMUM STOP PERF" address="79c9e" />
  <table name="(P2122) TPS D CIRCUIT LOW INPUT" address="79cab" />
  <table name="(P2123) TPS D CIRCUIT HIGH INPUT" address="79cac" />
  <table name="(P2127) TPS E CIRCUIT LOW INPUT" address="79ca9" />
  <table name="(P2128) TPS E CIRCUIT HIGH INPUT" address="79caa" />
  <table name="(P2135) TPS A/B VOLTAGE" address="79cad" />
  <table name="(P2138) TPS D/E VOLTAGE" address="79ca8" />
  <table name="(P2419) EVAP SWITCHING VALVE LOW" address="79cf5" />
  <table name="(P2420) EVAP SWITCHING VALVE HIGH" address="79cf6" />
  <table name="(P2432) SECONDARY AIR PUMP CIRCUIT LOW" address="79ce0" />
  <table name="(P2433) SECONDARY AIR PUMP CIRCUIT HIGH" address="79cdf" />
  <table name="(P2440) SECONDARY AIR PUMP VALVE 1 STUCK OPEN" address="79cee" />
  <table name="(P2441) SECONDARY AIR PUMP VALVE 1 STUCK CLOSED" address="79ced" />
  <table name="(P2444) SECONDARY AIR PUMP 1 STUCK ON B1" address="79cdb" />
</rom>