<rom>
  <romid>
    <xmlid>A2TB000N</xmlid>
    <internalidaddress>2000</internalidaddress>
    <internalidstring>A2TB000N</internalidstring>
    <ecuid>52125A5007</ecuid>
    <year>08</year>
    <market>USDM</market>
    <make>Subaru</make>
    <model>Legacy</model>
    <submodel>GT</submodel>
    <transmission>MT</transmission>
    <memmodel>SH7058</memmodel>
    <flashmethod>subarucan</flashmethod>
    <checksummodule>subarudbw</checksummodule>
  </romid>
  <include>A2TB001L</include>
  <table name="Manifold Pressure Sensor Limits (CEL)" address="d2188" />
  <table name="Primary Open Loop Fuel Map Switch (IAM)" address="c98f8" />
  <table name="Minimum Active Primary Open Loop Enrichment" address="c98fc" />
  <table name="Front Oxygen Sensor Scaling" address="d270c">
    <table name="Y" address="d26d8" />
  </table>
  <table name="CL Fueling Target Compensation A (Load)" address="cd0a4">
    <table name="X" address="cd04c" />
    <table name="Y" address="cd078" elements="11" />
  </table>
  <table name="CL Fueling Target Compensation B (Load)" address="cd1ec">
    <table name="X" address="cd198" />
    <table name="Y" address="cd1c4" elements="10" />
  </table>
  <table name="CL to OL Delay_" address="c94a8" />
  <table name="CL to OL Delay/Switch SI-DRIVE Intelligent" address="c94a2" />
  <table name="CL to OL Transition with Delay Throttle Hysteresis" address="c9900" />
  <table name="CL to OL Transition with Delay BPW Hysteresis" address="c9904" />
  <table name="CL Delay Maximum (Throttle)" address="c997c" />
  <table name="CL Delay Maximum (Vehicle Speed)" address="c9980" />
  <table name="CL Delay Minimum (ECT)" address="c9908" />
  <table name="CL Delay Maximum (Engine Load)" address="c9990" />
  <table name="CL Delay Engine Load Counter Threshold" address="c94a0" />
  <table name="CL Delay Maximum Engine Speed (Per Gear)" address="c990c" />
  <table name="CL Delay Maximum Engine Speed (Neutral)" address="c995c" />
  <table name="Injector Flow Scaling" address="c9658" />
  <table name="Minimum Tip-in Enrichment Activation" address="c9b74" />
  <table name="Minimum Tip-in Enrichment Activation (Throttle)" address="c9b6c" />
  <table name="Tip-in Enrichment Disable Applied Counter Threshold" address="c9458" />
  <table name="Tip-in Enrichment Applied Counter Reset" address="c9459" />
  <table name="Tip-in Enrichment Disable Throttle Cumulative Threshold" address="c9b70" />
  <table name="Tip-in Throttle Cumulative Reset" address="c945a" />
  <table name="Min Primary Base Enrich 3 Decay Multiplier" address="c965c" />
  <table name="A/F Learning #1 Limits" address="c9810" />
  <table name="A/F Learning #1 Airflow Ranges" address="c9820" />
  <table name="MAF Limit (Maximum)" address="c39a0" />
  <table name="MAF Sensor Scaling" address="d2600">
    <table name="Y" address="d2528" />
  </table>
  <table name="Base Timing Primary Cruise" address="cee1c">
    <table name="X" address="ced98" />
    <table name="Y" address="cedd4" />
  </table>
  <table name="Base Timing Reference Cruise (AVCS related)" address="cf144">
    <table name="X" address="cf0c0" />
    <table name="Y" address="cf0fc" />
  </table>
  <table name="Base Timing Primary Non-Cruise" address="cefb0">
    <table name="X" address="cef2c" />
    <table name="Y" address="cef68" />
  </table>
  <table name="Base Timing Reference Non-Cruise (AVCS related)" address="cf2d8">
    <table name="X" address="cf254" />
    <table name="Y" address="cf290" />
  </table>
  <table name="Base Timing Idle A (In-Gear)" address="ce2ed">
    <table name="Y" address="ce12c" />
  </table>
  <table name="Base Timing Idle B (In-Gear)" address="ce2fd">
    <table name="Y" address="ce12c" />
  </table>
  <table name="Base Timing Idle A (Neutral)" address="ce30d">
    <table name="Y" address="ce12c" />
  </table>
  <table name="Base Timing Idle B (Neutral)" address="ce31d">
    <table name="Y" address="ce12c" />
  </table>
  <table name="Base Timing Idle Minimum" address="ce2e4">
    <table name="Y" address="ce2c0" />
  </table>
  <table name="Base Timing Idle Minimum Vehicle Speed Enable" address="cdde0" />
  <table name="Knock Correction Advance Max Cruise" address="cfcd0">
    <table name="X" address="cfc4c" elements="15" />
    <table name="Y" address="cfc88" />
  </table>
  <table name="Knock Correction Advance Max Non-Cruise" address="cfb3c">
    <table name="X" address="cfab8" elements="15" />
    <table name="Y" address="cfaf4" />
  </table>
  <table name="Timing Compensation A (IAT)" address="ce3a0">
    <table name="Y" address="ce360" />
  </table>
  <table name="Timing Compensation A (IAT) Activation" address="cf428">
    <table name="X" address="cf3e8" />
    <table name="Y" address="cf408" />
  </table>
  <table name="Timing Compensation B (IAT)" address="ce88c">
    <table name="Y" address="ce84c" />
  </table>
  <table name="Timing Compensation B (IAT) IAM Activation" address="cdf64" />
  <table name="Timing Compensation B (IAT) Max Additive" address="cdf48" />
  <table name="Timing Compensation (ECT)" address="ce34d">
    <table name="Y" address="ce12c" />
  </table>
  <table name="Timing Compensation (MRP)" address="cf680">
    <table name="X" address="cf660" />
    <table name="Y" address="cf674" />
  </table>
  <table name="Timing Compensation Per Cylinder A" address="cf6dc">
    <table name="X" address="cf690" />
    <table name="Y" address="cf6c8" elements="5" />
  </table>
  <table name="Timing Compensation Per Cylinder B" address="cf770">
    <table name="X" address="cf724" />
    <table name="Y" address="cf75c" elements="5" />
  </table>
  <table name="Timing Compensation Per Cylinder C" address="cf804">
    <table name="X" address="cf7b8" />
    <table name="Y" address="cf7f0" elements="5" />
  </table>
  <table name="Timing Compensation Per Cylinder D" address="cf89c">
    <table name="X" address="cf84c" />
    <table name="Y" address="cf884" elements="6" />
  </table>
  <table name="Timing Comp Minimum Load (Per Cylinder)" address="cdf78" />
  <table name="Timing Comp Maximum RPM (Per Cylinder)" address="cdf74" />
  <table name="Timing Comp Minimum Coolant Temp (Per Cylinder)" address="cdf7c" />
  <table name="Feedback Correction Range (RPM)" address="cdf88" />
  <table name="Feedback Correction Minimum Load" address="cdf80" />
  <table name="Feedback Correction Retard Value" address="cdfa8" />
  <table name="Feedback Correction Retard Limit" address="cdfa4" />
  <table name="Feedback Correction Negative Advance Value" address="cdfac" />
  <table name="Feedback Correction Negative Advance Delay" address="cdcea" />
  <table name="Extended Feedback Correction High RPM Compensation" address="cdfb4" />
  <table name="Fine Correction Minimum (RPM)" address="cdfc4" />
  <table name="Fine Correction Maximum (RPM)" address="ce114" />
  <table name="Fine Correction Range (Load)" address="ce11c" />
  <table name="Fine Correction Rows (RPM)" address="ce0e0" />
  <table name="Fine Correction Columns (Load)" address="ce0d0" />
  <table name="Fine Correction Retard Value" address="ce110" />
  <table name="Fine Correction Retard Limit" address="ce10c" />
  <table name="Fine Correction Advance Value" address="ce108" />
  <table name="Fine Correction Advance Limit" address="ce104" />
  <table name="Fine Correction Advance Delay" address="cdcfa" />
  <table name="Rough Correction Range (RPM)" address="ce080" />
  <table name="Rough Correction Range (Load)" address="ce090" />
  <table name="Rough Correction Minimum KC Advance Map Value" address="ce0a0" />
  <table name="Rough Correction Learning Delay (Increasing)" address="ce8fc">
    <table name="Y" address="ce8d4" />
  </table>
  <table name="Advance Multiplier (Initial)" address="ce0a4" />
  <table name="Advance Multiplier Step Value" address="ce0a8" />
  <table name="Intake Cam Advance Angle Cruise (AVCS)" address="d45e8">
    <table name="X" address="d456c" elements="15" />
    <table name="Y" address="d45a8" elements="16" />
  </table>
  <table name="Intake Cam Advance Angle Non-Cruise (AVCS)" address="d4844">
    <table name="X" address="d47c8" elements="15" />
    <table name="Y" address="d4804" elements="16" />
  </table>
  <table name="Requested Torque Base (RPM)_" address="d1270">
    <table name="Y" address="d1230" />
  </table>
  <table name="Rev Limit (Fuel Cut)" address="c9bc8" />
  <table name="Rev Limit Fuel Resume (Boost)" address="c9bd0" />
  <table name="Speed Limiting Enable (Fuel Cut)" address="c9c18" />
  <table name="Speed Limiting Disable (Fuel Cut)" address="c9c24" />
  <table name="Fuel Temp Sensor Scaling" address="d24b0">
    <table name="Y" address="d2438" />
  </table>
  <table name="Radiator Fan Modes A (ECT)" address="d2e90" />
  <table name="Radiator Fan Modes B (ECT)" address="d2ea0" />
  <table name="Radiator Fan Modes (Veh. Speed)" address="d2eb0" />
  <table name="Gear Determination Thresholds A" address="c3b88" />
  <table name="Gear Determination Thresholds B" address="c3b9c" />
  <table name="Gear Determination Thresholds C" address="c3bb0" />
  <table name="Idle Speed Target A" address="d0980">
    <table name="Y" address="d04ac" />
  </table>
  <table name="Idle Speed Target B" address="d09c0">
    <table name="Y" address="d04ac" />
  </table>
  <table name="Idle Speed Target C" address="d0a00">
    <table name="Y" address="d04ac" />
  </table>
</rom>