<rom>
  <romid>
    <xmlid>A2TB100A</xmlid>
    <internalidaddress>2000</internalidaddress>
    <internalidstring>A2TB100A</internalidstring>
    <ecuid>5204504007</ecuid>
    <year>08</year>
    <market>JDM</market>
    <make>Subaru</make>
    <model>Legacy</model>
    <submodel>GT</submodel>
    <transmission>AT</transmission>
    <memmodel>SH7058</memmodel>
    <flashmethod>subarucan</flashmethod>
    <checksummodule>subarudbw</checksummodule>
  </romid>
  <include>32BITBASE</include>
  <table name="Target Boost_" address="c14fc">
    <table name="X" address="c147c" elements="16" />
    <table name="Y" address="c14bc" elements="16" />
  </table>
  <table name="Target Boost Compensation (ECT)" address="c0970">
    <table name="Y" address="c06e0" />
  </table>
  <table name="Target Boost Compensation (1st Gear)" address="c06d8" />
  <table name="Target Boost Compensation (1st Gear) Speed Disable" address="c06d4" />
  <table name="Target Boost Compensation (IAT)" address="c09d0">
    <table name="Y" address="c0990" />
  </table>
  <table name="Target Boost Compensation (Atm. Pressure)" address="c09f4">
    <table name="Y" address="c09e0" />
  </table>
  <table name="Boost Limit (Fuel Cut)" address="c7630">
    <table name="Y" address="c7618" />
  </table>
  <table name="Boost Control Disable (IAM)" address="c06c8" />
  <table name="Boost Control Disable (Fine Correction)" address="c06c4" />
  <table name="Boost Control Disable Delay (Fine Correction)" address="c0661" />
  <table name="Initial Wastegate Duty_" address="c1084">
    <table name="X" address="c100c" elements="14" />
    <table name="Y" address="c1044" elements="16" />
  </table>
  <table name="Max Wastegate Duty_" address="c0c14">
    <table name="X" address="c0b9c" elements="14" />
    <table name="Y" address="c0bd4" elements="16" />
  </table>
  <table name="Max Wastegate Duty Limit Post-Compensation" address="18ae4" />
  <table name="Initial/Max Wastegate Duty Compensation (IAT)" address="c0760">
    <table name="Y" address="c0720" />
  </table>
  <table name="Initial/Max Wastegate Duty Compensation (ECT)" address="c0860">
    <table name="Y" address="c06e0" />
  </table>
  <table name="Initial/Max Wastegate Duty Compensation (Atm. Pressure)" address="c0b44">
    <table name="X" address="c0b1c" />
    <table name="Y" address="c0b34" />
  </table>
  <table name="Turbo Dynamics Proportional" address="c0a20">
    <table name="Y" address="c09fc" />
  </table>
  <table name="Turbo Dynamics Integral Positive" address="c0a90">
    <table name="Y" address="c0a6c" />
  </table>
  <table name="Turbo Dynamics Integral Negative" address="c0a58">
    <table name="Y" address="c0a34" />
  </table>
  <table name="TD Proportional Compensation (IAT)" address="c08c0">
    <table name="Y" address="c0880" elements="16" />
  </table>
  <table name="TD Integral Positive Compensation (IAT)" address="c0960">
    <table name="Y" address="c0920" elements="16" />
  </table>
  <table name="TD Integral Negative Compensation (IAT)" address="c0910">
    <table name="Y" address="c08d0" elements="16" />
  </table>
  <table name="TD Activation Thresholds (RPM)" address="c06ac" />
  <table name="TD Activation Thresholds (Target Boost)_" address="c0688" />
  <table name="TD Integral Cumulative Range (WGDC Correction)" address="c06bc" />
  <table name="TD Integral Negative Activation (Boost Error)" address="c0698" />
  <table name="TD Integral Positive Activation (Boost Error)" address="c06a0" />
  <table name="TD Integral Positive Activation (Wastegate Duty)" address="c06a8" />
  <table name="Manifold Pressure Sensor Scaling" address="c028c" />
  <table name="Manifold Pressure Sensor Limits (CEL)" address="cd830" />
  <table name="Manifold Pressure Sensor CEL Delays" address="c48b6" />
  <table name="Primary Open Loop Fueling" address="c7d78">
    <table name="X" address="c7cd8" elements="22" />
    <table name="Y" address="c7d30" />
  </table>
  <table name="Primary Open Loop Fueling (Failsafe)" address="c7fa4">
    <table name="X" address="c7f04" elements="22" />
    <table name="Y" address="c7f5c" />
  </table>
  <table name="Primary Open Loop Fuel Map Switch (IAM)" address="c5c38" />
  <table name="Minimum Active Primary Open Loop Enrichment" address="c5c3c" />
  <table name="Minimum Primary Open Loop Enrichment (Throttle)" address="c645c">
    <table name="Y" address="c6444" />
  </table>
  <table name="Minimum Primary Open Loop Enrichment (Accelerator)" address="c647c">
    <table name="Y" address="c6464" />
  </table>
  <table name="Primary Open Loop Fueling Compensation (ECT)" address="c7048">
    <table name="Y" address="c5fe4" />
  </table>
  <table name="Primary Open Loop Fueling Compensation (Timing Compensation)" address="c63ec">
    <table name="Y" address="c63d4" />
  </table>
  <table name="Front Oxygen Sensor Scaling" address="cddb4">
    <table name="Y" address="cdd80" />
  </table>
  <table name="Front Oxygen Sensor Rich Limit" address="2a288" />
  <table name="Front Oxygen Sensor Compensation (Atm. Pressure)" address="c3f74">
    <table name="Y" address="c3f64" />
  </table>
  <table name="CL Fueling Target Compensation (Load)" address="c8864">
    <table name="X" address="c8834" elements="6" />
    <table name="Y" address="c884c" elements="6" />
  </table>
  <table name="CL Fueling Target Compensation Imm. Cruise (ECT)" address="c86d8">
    <table name="X" address="c5fe4" />
    <table name="Y" address="c86cc" />
  </table>
  <table name="CL Fueling Target Compensation Imm. Non-Cruise (ECT)" address="c878c">
    <table name="X" address="c5fe4" />
    <table name="Y" address="c8780" />
  </table>
  <table name="CL to OL Delay" address="c580e">
    <table name="Y" elements="2" />
  </table>
  <table name="CL to OL Delay/Switch SI-DRIVE Intelligent" address="c5812" />
  <table name="CL to OL Transition with Delay (Throttle)" address="c6434">
    <table name="Y" address="c63f4" />
  </table>
  <table name="CL to OL Transition with Delay Throttle Hysteresis" address="c5c40" />
  <table name="CL to OL Transition with Delay (Base Pulse Width)" address="c6f74">
    <table name="Y" address="c6f34" />
  </table>
  <table name="CL to OL Transition with Delay BPW Hysteresis" address="c5c44" />
  <table name="CL to OL Transition Counter Step Value (MAF)" address="c6fbc">
    <table name="Y" address="c6f94" />
  </table>
  <table name="CL Delay Maximum (Vehicle Speed)" address="c5cc0" />
  <table name="CL Delay Minimum (ECT)" address="c5c48" />
  <table name="CL Delay Maximum (Engine Load)" address="c5cd0" />
  <table name="CL Delay Engine Load Counter Threshold" address="c580a" />
  <table name="CL Delay Maximum Engine Speed (Per Gear)" address="c5c74" />
  <table name="CL Delay Maximum Engine Speed (Neutral)" address="c5c9c" />
  <table name="CL Delay Throttle Atm. Pressure Thresholds" address="c5ca4" />
  <table name="CL Delay Maximum (Throttle) (Low Atm. Pressure)" address="c5cac" />
  <table name="CL Delay Maximum (Throttle) (High Atm. Pressure)" address="c5cb4" />
  <table name="Injector Latency" address="c674c">
    <table name="Y" address="c6738" />
  </table>
  <table name="Injector Flow Scaling" address="c5998" />
  <table name="Per Injector Pulse Width Compensation A" address="c8180">
    <table name="X" address="c8130" elements="8" />
    <table name="Y" address="c8150" elements="12" />
  </table>
  <table name="Per Injector Pulse Width Compensation B" address="c8230">
    <table name="X" address="c81e0" elements="8" />
    <table name="Y" address="c8200" elements="12" />
  </table>
  <table name="Per Injector Pulse Width Compensation C" address="c82e0">
    <table name="X" address="c8290" elements="8" />
    <table name="Y" address="c82b0" elements="12" />
  </table>
  <table name="Per Injector Pulse Width Compensation D" address="c8390">
    <table name="X" address="c8340" elements="8" />
    <table name="Y" address="c8360" elements="12" />
  </table>
  <table name="Cranking Fuel Injector Pulse Width A (ECT)" address="c6676">
    <table name="Y" address="c5fe4" />
  </table>
  <table name="Cranking Fuel Injector Pulse Width B (ECT)" address="c6696">
    <table name="Y" address="c5fe4" />
  </table>
  <table name="Cranking Fuel Injector Pulse Width C (ECT)" address="c66b6">
    <table name="Y" address="c5fe4" />
  </table>
  <table name="Cranking Fuel Injector Pulse Width D (ECT)" address="c66d6">
    <table name="Y" address="c5fe4" />
  </table>
  <table name="Cranking Fuel Injector Pulse Width E (ECT)" address="c66f6">
    <table name="Y" address="c5fe4" />
  </table>
  <table name="Cranking Fuel Injector Pulse Width F (ECT)" address="c6716">
    <table name="Y" address="c5fe4" />
  </table>
  <table name="Cranking Fuel IPW Compensation Imm. Cruise (RPM)" address="c78dc">
    <table name="X" address="c78ac" />
    <table name="Y" address="c78c0" />
  </table>
  <table name="Cranking Fuel IPW Compensation Imm. Non-Cruise (RPM)" address="c7984">
    <table name="X" address="c7954" />
    <table name="Y" address="c7968" />
  </table>
  <table name="Cranking Fuel IPW Compensation (Accelerator)" address="c6118">
    <table name="Y" address="c6100" />
  </table>
  <table name="Throttle Tip-in Enrichment" address="c7584">
    <table name="Y" address="c7540" elements="17" />
  </table>
  <table name="Minimum Tip-in Enrichment Activation" address="c5eb4" />
  <table name="Minimum Tip-in Enrichment Activation (Throttle)" address="c5eac" />
  <table name="Tip-in Enrichment Compensation (Boost Error)" address="c65ec">
    <table name="Y" address="c65c8" />
  </table>
  <table name="Tip-in Enrichment Compensation (ECT)" address="c75a6">
    <table name="Y" address="c5fe4" />
  </table>
  <table name="Tip-in Enrichment Disable Applied Counter Threshold" address="c57c2" />
  <table name="Tip-in Enrichment Applied Counter Reset" address="c57c3" />
  <table name="Tip-in Enrichment Disable Throttle Cumulative Threshold" address="c5eb0" />
  <table name="Tip-in Throttle Cumulative Reset" address="c57c4" />
  <table name="Min Primary Base Enrichment 1 Cruise" address="c7b0c">
    <table name="X" address="c5fe4" />
    <table name="Y" address="c7aec" />
  </table>
  <table name="Min Primary Base Enrichment 1 Non-Cruise" address="c7a6c">
    <table name="X" address="c5fe4" />
    <table name="Y" address="c7a4c" />
  </table>
  <table name="Min Primary Base Enrichment 1 (Non-Primary OL)" address="c7bc0">
    <table name="X" address="c7b8c" />
    <table name="Y" address="c7bb4" />
  </table>
  <table name="Min Primary Base Enrich 2 Initial Start 1A" address="c67d6">
    <table name="Y" address="c5fe4" />
  </table>
  <table name="Min Primary Base Enrich 2 Initial Start 1B" address="c67f6">
    <table name="Y" address="c5fe4" />
  </table>
  <table name="Min Primary Base Enrich 2 Initial Start 2A" address="c6816">
    <table name="Y" address="c5fe4" />
  </table>
  <table name="Min Primary Base Enrich 2 Initial Start 2B" address="c6836">
    <table name="Y" address="c5fe4" />
  </table>
  <table name="Min Primary Base Enrich 2 Decay Step 1" address="c6856">
    <table name="Y" address="c5fe4" />
  </table>
  <table name="Min Primary Base Enrich 2 Decay Step 2" address="c6876">
    <table name="Y" address="c5fe4" />
  </table>
  <table name="Min Primary Base Enrich 3 Initial Start 1A" address="c6756">
    <table name="Y" address="c5fe4" />
  </table>
  <table name="Min Primary Base Enrich 3 Initial Start 1B" address="c6776">
    <table name="Y" address="c5fe4" />
  </table>
  <table name="Min Primary Base Enrich 3 Initial Start 2A" address="c6796">
    <table name="Y" address="c5fe4" />
  </table>
  <table name="Min Primary Base Enrich 3 Initial Start 2B" address="c67b6">
    <table name="Y" address="c5fe4" />
  </table>
  <table name="Min Primary Base Enrich 3 Decay Delay A" address="c612e">
    <table name="Y" address="c5fe4" />
  </table>
  <table name="Min Primary Base Enrich 3 Decay Delay B" address="c613e">
    <table name="Y" address="c5fe4" />
  </table>
  <table name="Min Primary Base Enrich 3 Decay Multiplier" address="c599c" />
  <table name="A/F Learning #1 Limits" address="c5b50" />
  <table name="A/F Learning #1 Airflow Ranges" address="c5b60" />
  <table name="MAF Limit (Maximum)" address="c3a90" />
  <table name="MAF Sensor Scaling" address="cdca8">
    <table name="Y" address="cdbd0" />
  </table>
  <table name="MAF Compensation (IAT)" address="c422c">
    <table name="X" address="c41f8" />
    <table name="Y" address="c420c" />
  </table>
  <table name="Engine Load Limit (Maximum)" address="28a20" />
  <table name="Engine Load Compensation (MP)" address="c42b4">
    <table name="X" address="c4254" />
    <table name="Y" address="c4280" elements="13" />
  </table>
  <table name="Base Timing Primary Cruise" address="ca4dc">
    <table name="X" address="ca44c" elements="18" />
    <table name="Y" address="ca494" />
  </table>
  <table name="Base Timing Reference Cruise (AVCS related)" address="ca8dc">
    <table name="X" address="ca84c" elements="18" />
    <table name="Y" address="ca894" />
  </table>
  <table name="Base Timing Primary Non-Cruise" address="ca6c0">
    <table name="X" address="ca620" elements="22" />
    <table name="Y" address="ca678" />
  </table>
  <table name="Base Timing Reference Non-Cruise (AVCS related)" address="caac0">
    <table name="X" address="caa20" elements="22" />
    <table name="Y" address="caa78" />
  </table>
  <table name="Base Timing Idle A (In-Gear)" address="c99f1">
    <table name="Y" address="c9830" />
  </table>
  <table name="Base Timing Idle B (In-Gear)" address="c9a01">
    <table name="Y" address="c9830" />
  </table>
  <table name="Base Timing Idle A (Neutral)" address="c9a11">
    <table name="Y" address="c9830" />
  </table>
  <table name="Base Timing Idle B (Neutral)" address="c9a21">
    <table name="Y" address="c9830" />
  </table>
  <table name="Base Timing Idle Minimum" address="c99e8">
    <table name="Y" address="c99c4" />
  </table>
  <table name="Base Timing Idle Minimum Vehicle Speed Enable" address="c94f4" />
  <table name="Knock Correction Advance Max Cruise" address="cb4ac">
    <table name="X" address="cb41c" elements="18" />
    <table name="Y" address="cb464" />
  </table>
  <table name="Knock Correction Advance Max Non-Cruise" address="cb290">
    <table name="X" address="cb1f0" elements="22" />
    <table name="Y" address="cb248" />
  </table>
  <table name="Timing Compensation A (IAT)" address="c9aa4">
    <table name="Y" address="c9a64" />
  </table>
  <table name="Timing Compensation A (IAT) Activation" address="cac8c">
    <table name="X" address="cac4c" />
    <table name="Y" address="cac6c" />
  </table>
  <table name="Timing Compensation B (IAT)" address="c9fd8">
    <table name="Y" address="c9f98" />
  </table>
  <table name="Timing Compensation B (IAT) IAM Activation" address="c966c" />
  <table name="Timing Compensation B (IAT) Max Additive" address="c9650" />
  <table name="Timing Compensation (ECT)" address="c9a51">
    <table name="Y" address="c9830" />
  </table>
  <table name="Timing Compensation (MRP)" address="caf98">
    <table name="X" address="caf78" />
    <table name="Y" address="caf8c" />
  </table>
  <table name="Timing Compensation Per Cylinder A" address="caff0">
    <table name="X" address="cafa8" />
    <table name="Y" address="cafe0" />
  </table>
  <table name="Timing Compensation Per Cylinder B" address="cb070">
    <table name="X" address="cb028" />
    <table name="Y" address="cb060" />
  </table>
  <table name="Timing Compensation Per Cylinder C" address="cb0f0">
    <table name="X" address="cb0a8" />
    <table name="Y" address="cb0e0" />
  </table>
  <table name="Timing Compensation Per Cylinder D" address="cb170">
    <table name="X" address="cb128" />
    <table name="Y" address="cb160" />
  </table>
  <table name="Timing Comp Minimum Load (Per Cylinder)" address="c9680" />
  <table name="Timing Comp Maximum RPM (Per Cylinder)" address="c967c" />
  <table name="Timing Comp Minimum Coolant Temp (Per Cylinder)" address="c9684" />
  <table name="Feedback Correction Range (RPM)" address="c9690" />
  <table name="Feedback Correction Minimum Load" address="c9688" />
  <table name="Feedback Correction Retard Value" address="c96b0" />
  <table name="Feedback Correction Retard Limit" address="c96ac" />
  <table name="Feedback Correction Negative Advance Value" address="c96b4" />
  <table name="Feedback Correction Negative Advance Delay" address="c93fe" />
  <table name="Extended Feedback Correction High RPM Compensation" address="c96bc" />
  <table name="Fine Correction Minimum (RPM)" address="c96cc" />
  <table name="Fine Correction Maximum (RPM)" address="c9818" />
  <table name="Fine Correction Range (Load)" address="c9820" />
  <table name="Fine Correction Rows (RPM)" address="c97e4" />
  <table name="Fine Correction Columns (Load)" address="c97d4" />
  <table name="Fine Correction Retard Value" address="c9814" />
  <table name="Fine Correction Retard Limit" address="c9810" />
  <table name="Fine Correction Advance Value" address="c980c" />
  <table name="Fine Correction Advance Limit" address="c9808" />
  <table name="Fine Correction Advance Delay" address="c940e" />
  <table name="Rough Correction Range (RPM)" address="c9784" />
  <table name="Rough Correction Range (Load)" address="c9794" />
  <table name="Rough Correction Minimum KC Advance Map Value" address="c97a4" />
  <table name="Rough Correction Learning Delay (Increasing)" address="ca048">
    <table name="Y" address="ca020" />
  </table>
  <table name="Advance Multiplier (Initial)" address="c97a8" />
  <table name="Advance Multiplier Step Value" address="c97ac" />
  <table name="Intake Cam Advance Angle Cruise (AVCS)" address="cff50">
    <table name="X" address="cfed0" />
    <table name="Y" address="cff08" />
  </table>
  <table name="Intake Cam Advance Angle Non-Cruise (AVCS)" address="d01c8">
    <table name="X" address="d0148" />
    <table name="Y" address="d0180" />
  </table>
  <table name="Exhaust Cam Retard Angle Cruise (AVCS)" address="d0878">
    <table name="X" address="d07f8" />
    <table name="Y" address="d0830" />
  </table>
  <table name="Exhaust Cam Retard Angle Non-Cruise (AVCS)" address="d0af0">
    <table name="X" address="d0a70" />
    <table name="Y" address="d0aa8" />
  </table>
  <table name="Requested Torque A (Accelerator Pedal) SI-DRIVE Sport" address="dc910">
    <table name="X" address="dc870" elements="20" />
    <table name="Y" address="dc8c0" elements="20" />
  </table>
  <table name="Requested Torque B (Accelerator Pedal) SI-DRIVE Sport" address="dd450">
    <table name="X" address="dd3b0" elements="20" />
    <table name="Y" address="dd400" elements="20" />
  </table>
  <table name="Requested Torque A (Accelerator Pedal) SI-DRIVE Sport Sharp" address="dccd0">
    <table name="X" address="dcc30" elements="20" />
    <table name="Y" address="dcc80" elements="20" />
  </table>
  <table name="Requested Torque B (Accelerator Pedal) SI-DRIVE Sport Sharp" address="dd810">
    <table name="X" address="dd770" elements="20" />
    <table name="Y" address="dd7c0" elements="20" />
  </table>
  <table name="Requested Torque A (Accelerator Pedal) SI-DRIVE Intelligent" address="dd090">
    <table name="X" address="dcff0" elements="20" />
    <table name="Y" address="dd040" elements="20" />
  </table>
  <table name="Requested Torque B (Accelerator Pedal) SI-DRIVE Intelligent" address="ddbd0">
    <table name="X" address="ddb30" elements="20" />
    <table name="Y" address="ddb80" elements="20" />
  </table>
  <table name="Target Throttle Plate Position Cruise (Requested Torque)" address="dbf68">
    <table name="X" address="dbed4" elements="21" />
    <table name="Y" address="dbf28" />
  </table>
  <table name="Target Throttle Plate Position Non-Cruise (Requested Torque)" address="dc29c">
    <table name="X" address="dc208" elements="21" />
    <table name="Y" address="dc25c" />
  </table>
  <table name="Target Throttle Plate Position Maximum (Requested Torque)" address="dc5d0">
    <table name="X" address="dc53c" elements="21" />
    <table name="Y" address="dc590" />
  </table>
  <table name="Rev Limit (Fuel Cut)" address="c5f08" />
  <table name="Rev Limit Fuel Resume (Boost)" address="c5f10" />
  <table name="Speed Limiting Enable (Fuel Cut)" address="c5f54" />
  <table name="Speed Limiting Disable (Fuel Cut)" address="c5f60" />
  <table name="Speed Limiting A (Throttle) SI-DRIVE Sport/Sport Sharp" address="db844" />
  <table name="Speed Limiting B (Throttle) SI-DRIVE Sport/Sport Sharp" address="db85c" />
  <table name="Speed Limiting (Throttle) SI-DRIVE Intelligent" address="db850" />
  <table name="Intake Temp Sensor Scaling" address="8be30">
    <table name="Y" address="8bdb8" />
  </table>
  <table name="Coolant Temp Sensor Scaling" address="8bd48">
    <table name="Y" address="8bcd8" />
  </table>
  <table name="Radiator Fan Modes A (ECT)" address="ce514" />
  <table name="Radiator Fan Modes B (ECT)" address="ce524" />
  <table name="Radiator Fan Modes (Veh. Speed)" address="ce534" />
  <table name="Idle Speed Target A" address="cc15a">
    <table name="Y" address="cbc4c" />
  </table>
  <table name="Idle Speed Target B" address="cc19a">
    <table name="Y" address="cbc4c" />
  </table>
  <table name="Idle Speed Target C" address="cc1da">
    <table name="Y" address="cbc4c" />
  </table>
  <table name="Force Pass Readiness Monitors" address="8476a" />
  <table name="(P0000) PASS CODE (NO DTC DETECTED)" address="78ce5" />
  <table name="(P0000) PASS CODE (NO DTC DETECTED)_" address="78ce6" />
  <table name="(P0031) FRONT O2 SENSOR LOW INPUT" address="78cf4" />
  <table name="(P0032) FRONT O2 SENSOR HIGH INPUT" address="78cf2" />
  <table name="(P0037) REAR O2 SENSOR LOW INPUT" address="78cf3" />
  <table name="(P0038) REAR O2 SENSOR HIGH INPUT" address="78cf1" />
  <table name="(P0102) MAF SENSOR LOW INPUT" address="78ca1" />
  <table name="(P0103) MAF SENSOR HIGH INPUT" address="78ca2" />
  <table name="(P0107) MAP SENSOR LOW INPUT" address="78cf5" />
  <table name="(P0108) MAP SENSOR HIGH INPUT" address="78cf6" />
  <table name="(P0112) IAT SENSOR LOW INPUT" address="78cee" />
  <table name="(P0113) IAT SENSOR HIGH INPUT" address="78cef" />
  <table name="(P0117) COOLANT TEMP SENSOR LOW INPUT" address="78caa" />
  <table name="(P0118) COOLANT TEMP SENSOR HIGH INPUT" address="78cab" />
  <table name="(P0122) TPS A LOW INPUT" address="78ca8" />
  <table name="(P0123) TPS A HIGH INPUT" address="78ca9" />
  <table name="(P0131) FRONT O2 SENSOR LOW INPUT" address="78ce8" />
  <table name="(P0132) FRONT O2 SENSOR HIGH INPUT" address="78cea" />
  <table name="(P0134) FRONT O2 SENSOR NO ACTIVITY" address="78d11" />
  <table name="(P0140) REAR O2 SENSOR NO ACTIVITY" address="78d5f" />
  <table name="(P0171) SYSTEM TOO LEAN" address="78cdc" />
  <table name="(P0172) SYSTEM TOO RICH" address="78cdd" />
  <table name="(P0222) TPS B LOW INPUT" address="78d1b" />
  <table name="(P0223) TPS B HIGH INPUT" address="78d1c" />
  <table name="(P0230) FUEL PUMP PRIMARY CIRCUIT" address="78d0c" />
  <table name="(P0245) WASTEGATE SOLENOID A LOW" address="78d00" />
  <table name="(P0246) WASTEGATE SOLENOID A HIGH" address="78d01" />
  <table name="(P0301) MISFIRE CYLINDER 1" address="78cde" />
  <table name="(P0302) MISFIRE CYLINDER 2" address="78cdf" />
  <table name="(P0303) MISFIRE CYLINDER 3" address="78ce0" />
  <table name="(P0304) MISFIRE CYLINDER 4" address="78ce1" />
  <table name="(P0327) KNOCK SENSOR 1 LOW INPUT" address="78ca6" />
  <table name="(P0328) KNOCK SENSOR 1 HIGH INPUT" address="78ca7" />
  <table name="(P0335) CRANKSHAFT POS. SENSOR A MALFUNCTION" address="78c9c" />
  <table name="(P0340) CAMSHAFT POS. SENSOR A MALFUNCTION" address="78d2f" />
  <table name="(P0345) CAMSHAFT POS. SENSOR A BANK 2" address="78d2e" />
  <table name="(P0365) CAMSHAFT POS. SENSOR B BANK 1" address="78d2d" />
  <table name="(P0390) CAMSHAFT POS. SENSOR B BANK 2" address="78d2c" />
  <table name="(P0410) SECONDARY AIR PUMP SYSTEM" address="78d59" />
  <table name="(P0413) SECONDARY AIR PUMP A OPEN" address="78d5d" />
  <table name="(P0414) SECONDARY AIR PUMP A SHORTED" address="78d62" />
  <table name="(P0418) SECONDARY AIR PUMP RELAY A" address="78d5e" />
  <table name="(P0458) EVAP PURGE VALVE CIRCUIT LOW" address="78ccd" />
  <table name="(P0459) EVAP PURGE VALVE CIRCUIT HIGH" address="78cce" />
  <table name="(P0462) FUEL LEVEL SENSOR LOW INPUT" address="78cae" />
  <table name="(P0463) FUEL LEVEL SENSOR HIGH INPUT" address="78caf" />
  <table name="(P0500) VEHICLE SPEED SENSOR A" address="78ca3" />
  <table name="(P0512) STARTER REQUEST CIRCUIT" address="78cb3" />
  <table name="(P0519) IDLE CONTROL MALFUNCTION (FAIL-SAFE)" address="78d0e" />
  <table name="(P0562) SYSTEM VOLTAGE LOW" address="78cfe" />
  <table name="(P0563) SYSTEM VOLTAGE HIGH" address="78cff" />
  <table name="(P0600) SERIAL COMMUNICATION LINK" address="78d2b" />
  <table name="(P0604) CONTROL MODULE RAM ERROR" address="78ca0" />
  <table name="(P0605) CONTROL MODULE ROM ERROR" address="78d30" />
  <table name="(P0607) CONTROL MODULE PERFORMANCE" address="78d23" />
  <table name="(P0638) THROTTLE ACTUATOR RANGE/PERF" address="78d22" />
  <table name="(P0700) TRANSMISSION CONTROL SYSTEM" address="78d3c" />
  <table name="(P0851) NEUTRAL SWITCH INPUT LOW" address="78cb7" />
  <table name="(P0852) NEUTRAL SWITCH INPUT HIGH" address="78cbb" />
  <table name="(P1160) ABNORMAL RETURN SPRING" address="78d1d" />
  <table name="(P1410) SECONDARY AIR PUMP VALVE STUCK OPEN" address="78d66" />
  <table name="(P1418) SECONDARY AIR PUMP CIRCUIT SHORTED" address="78d63" />
  <table name="(P1519) IMRC STUCK CLOSED" address="78d6f" />
  <table name="(P1520) IMRC CIRCUIT MALFUNCTION" address="78d6e" />
  <table name="(P1560) BACK-UP VOLTAGE MALFUNCTION" address="78cfd" />
  <table name="(P1616) SBDS INTERACTIVE CODES" address="78d6d" />
  <table name="(P2004) TGV - INTAKE MANIFOLD RUNNER 1 STUCK OPEN" address="78d47" />
  <table name="(P2005) TGV - INTAKE MANIFOLD RUNNER 2 STUCK OPEN" address="78d49" />
  <table name="(P2006) TGV - INTAKE MANIFOLD RUNNER 1 STUCK CLOSED" address="78d48" />
  <table name="(P2007) TGV - INTAKE MANIFOLD RUNNER 2 STUCK CLOSED" address="78d4a" />
  <table name="(P2008) TGV - INTAKE MANIFOLD RUNNER 1 CIRCUIT OPEN" address="78d55" />
  <table name="(P2009) TGV - INTAKE MANIFOLD RUNNER 1 CIRCUIT LOW" address="78d53" />
  <table name="(P2011) TGV - INTAKE MANIFOLD RUNNER 2 CIRCUIT OPEN" address="78d56" />
  <table name="(P2012) TGV - INTAKE MANIFOLD RUNNER 2 CIRCUIT LOW" address="78d54" />
  <table name="(P2016) TGV - INTAKE MANIFOLD RUNNER 1 POS. SENSOR LOW" address="78d4f" />
  <table name="(P2017) TGV - INTAKE MANIFOLD RUNNER 1 POS. SENSOR HIGH" address="78d50" />
  <table name="(P2021) TGV - INTAKE MANIFOLD RUNNER 2 POS. SENSOR LOW" address="78d51" />
  <table name="(P2022) TGV - INTAKE MANIFOLD RUNNER 2 POS. SENSOR HIGH" address="78d52" />
  <table name="(P2088) OCV SOLENOID A1 CIRCUIT OPEN" address="78d38" />
  <table name="(P2089) OCV SOLENOID A1 CIRCUIT SHORT" address="78d37" />
  <table name="(P2090) OCV SOLENOID B1 CIRCUIT OPEN" address="78d34" />
  <table name="(P2091) OCV SOLENOID B1 CIRCUIT SHORT" address="78d33" />
  <table name="(P2092) OCV SOLENOID A2 CIRCUIT OPEN" address="78d36" />
  <table name="(P2093) OCV SOLENOID A2 CIRCUIT SHORT" address="78d35" />
  <table name="(P2094) OCV SOLENOID B2 CIRCUIT OPEN" address="78d32" />
  <table name="(P2095) OCV SOLENOID B2 CIRCUIT SHORT" address="78d31" />
  <table name="(P2101) THROTTLE ACTUATOR CIRCUIT RANGE/PERF" address="78d20" />
  <table name="(P2102) THROTTLE ACTUATOR CIRCUIT LOW" address="78d1e" />
  <table name="(P2103) THROTTLE ACTUATOR CIRCUIT HIGH" address="78d1f" />
  <table name="(P2109) TPS A MINIMUM STOP PERF" address="78d1a" />
  <table name="(P2122) TPS D CIRCUIT LOW INPUT" address="78d27" />
  <table name="(P2123) TPS D CIRCUIT HIGH INPUT" address="78d28" />
  <table name="(P2127) TPS E CIRCUIT LOW INPUT" address="78d25" />
  <table name="(P2128) TPS E CIRCUIT HIGH INPUT" address="78d26" />
  <table name="(P2135) TPS A/B VOLTAGE" address="78d29" />
  <table name="(P2138) TPS D/E VOLTAGE" address="78d24" />
  <table name="(P2419) EVAP SWITCHING VALVE LOW" address="78d71" />
  <table name="(P2420) EVAP SWITCHING VALVE HIGH" address="78d72" />
  <table name="(P2432) SECONDARY AIR PUMP CIRCUIT LOW" address="78d5c" />
  <table name="(P2433) SECONDARY AIR PUMP CIRCUIT HIGH" address="78d5b" />
  <table name="(P2440) SECONDARY AIR PUMP VALVE 1 STUCK OPEN" address="78d6a" />
  <table name="(P2441) SECONDARY AIR PUMP VALVE 1 STUCK CLOSED" address="78d69" />
  <table name="(P2444) SECONDARY AIR PUMP 1 STUCK ON B1" address="78d57" />
</rom>