<rom>
  <romid>
    <xmlid>A2TB100B</xmlid>
    <internalidaddress>2000</internalidaddress>
    <internalidstring>A2TB100B</internalidstring>
    <ecuid>5204584007</ecuid>
    <year>07</year>
    <market>JDM</market>
    <make>Subaru</make>
    <model>Legacy</model>
    <submodel>GT</submodel>
    <transmission>MT</transmission>
    <memmodel>SH7058</memmodel>
    <flashmethod>subarucan</flashmethod>
    <checksummodule>subarudbw</checksummodule>
  </romid>
  <include>A2TB100K</include>
  <table name="Requested Torque A (Accelerator Pedal) SI-DRIVE Sport" address="dc930">
    <table name="X" address="dc888" elements="20" />
    <table name="Y" address="dc8d8" elements="22" />
  </table>
  <table name="Requested Torque B (Accelerator Pedal) SI-DRIVE Sport" address="dd578">
    <table name="X" address="dd4d0" elements="20" />
    <table name="Y" address="dd520" elements="22" />
  </table>
  <table name="Requested Torque A (Accelerator Pedal) SI-DRIVE Sport Sharp" address="dcd48">
    <table name="X" address="dcca0" elements="20" />
    <table name="Y" address="dccf0" elements="22" />
  </table>
  <table name="Requested Torque B (Accelerator Pedal) SI-DRIVE Sport Sharp" address="dd990">
    <table name="X" address="dd8e8" elements="20" />
    <table name="Y" address="dd938" elements="22" />
  </table>
  <table name="Requested Torque A (Accelerator Pedal) SI-DRIVE Intelligent" address="dd160">
    <table name="X" address="dd0b8" elements="20" />
    <table name="Y" address="dd108" elements="22" />
  </table>
  <table name="Requested Torque B (Accelerator Pedal) SI-DRIVE Intelligent" address="ddda8">
    <table name="X" address="ddd00" elements="20" />
    <table name="Y" address="ddd50" elements="22" />
  </table>
  <table name="Target Throttle Plate Position Cruise (Requested Torque)" address="dbf80">
    <table name="X" address="dbeec" elements="21" />
    <table name="Y" address="dbf40" />
  </table>
  <table name="Target Throttle Plate Position Non-Cruise (Requested Torque)" address="dc2b4">
    <table name="X" address="dc220" elements="21" />
    <table name="Y" address="dc274" />
  </table>
  <table name="Target Throttle Plate Position Maximum (Requested Torque)" address="dc5e8">
    <table name="X" address="dc554" elements="21" />
    <table name="Y" address="dc5a8" />
  </table>
</rom>