<rom>
  <romid>
    <xmlid>A2UI000A</xmlid>
    <internalidaddress>2000</internalidaddress>
    <internalidstring>A2UI000A</internalidstring>
    <ecuid>4B04505207</ecuid>
    <year>07</year>
    <market>JDM</market>
    <make>Subaru</make>
    <model>Legacy</model>
    <submodel>GT</submodel>
    <transmission>AT</transmission>
    <memmodel>SH7058</memmodel>
    <flashmethod>subarucan</flashmethod>
    <checksummodule>subarudbw</checksummodule>
  </romid>
  <include>32BITBASE</include>
  <table name="Target Boost_" address="c14fc">
    <table name="X" address="c147c" elements="16" />
    <table name="Y" address="c14bc" elements="16" />
  </table>
  <table name="Target Boost Compensation (ECT)" address="c0970">
    <table name="Y" address="c06e0" />
  </table>
  <table name="Target Boost Compensation (1st Gear)" address="c06d8" />
  <table name="Target Boost Compensation (1st Gear) Speed Disable" address="c06d4" />
  <table name="Target Boost Compensation (IAT)" address="c09d0">
    <table name="Y" address="c0990" />
  </table>
  <table name="Target Boost Compensation (Atm. Pressure)" address="c09f4">
    <table name="Y" address="c09e0" />
  </table>
  <table name="Boost Limit (Fuel Cut)" address="c692c">
    <table name="Y" address="c6914" />
  </table>
  <table name="Boost Control Disable (IAM)" address="c06c8" />
  <table name="Boost Control Disable (Fine Correction)" address="c06c4" />
  <table name="Boost Control Disable Delay (Fine Correction)" address="c0661" />
  <table name="Initial Wastegate Duty_" address="c1084">
    <table name="X" address="c100c" elements="14" />
    <table name="Y" address="c1044" elements="16" />
  </table>
  <table name="Max Wastegate Duty_" address="c0c14">
    <table name="X" address="c0b9c" elements="14" />
    <table name="Y" address="c0bd4" elements="16" />
  </table>
  <table name="Max Wastegate Duty Limit Post-Compensation" address="1802c" />
  <table name="Initial/Max Wastegate Duty Compensation (IAT)" address="c0760">
    <table name="Y" address="c0720" />
  </table>
  <table name="Initial/Max Wastegate Duty Compensation (ECT)" address="c0860">
    <table name="Y" address="c06e0" />
  </table>
  <table name="Initial/Max Wastegate Duty Compensation (Atm. Pressure)" address="c0b44">
    <table name="X" address="c0b1c" />
    <table name="Y" address="c0b34" />
  </table>
  <table name="Turbo Dynamics Proportional" address="c0a20">
    <table name="Y" address="c09fc" />
  </table>
  <table name="Turbo Dynamics Integral Positive" address="c0a90">
    <table name="Y" address="c0a6c" />
  </table>
  <table name="Turbo Dynamics Integral Negative" address="c0a58">
    <table name="Y" address="c0a34" />
  </table>
  <table name="TD Proportional Compensation (IAT)" address="c08c0">
    <table name="Y" address="c0880" elements="16" />
  </table>
  <table name="TD Integral Positive Compensation (IAT)" address="c0960">
    <table name="Y" address="c0920" elements="16" />
  </table>
  <table name="TD Integral Negative Compensation (IAT)" address="c0910">
    <table name="Y" address="c08d0" elements="16" />
  </table>
  <table name="TD Activation Thresholds (RPM)" address="c06ac" />
  <table name="TD Activation Thresholds (Target Boost)_" address="c0688" />
  <table name="TD Integral Cumulative Range (WGDC Correction)" address="c06bc" />
  <table name="TD Integral Negative Activation (Boost Error)" address="c0698" />
  <table name="TD Integral Positive Activation (Boost Error)" address="c06a0" />
  <table name="TD Integral Positive Activation (Wastegate Duty)" address="c06a8" />
  <table name="Manifold Pressure Sensor Scaling" address="c028c" />
  <table name="Manifold Pressure Sensor Limits (CEL)" address="cca0e" />
  <table name="Manifold Pressure Sensor CEL Delays" address="c3bf1" />
  <table name="Primary Open Loop Fueling" address="c7074">
    <table name="X" address="c6fd4" elements="22" />
    <table name="Y" address="c702c" />
  </table>
  <table name="Primary Open Loop Fueling (Failsafe)" address="c72a0">
    <table name="X" address="c7200" elements="22" />
    <table name="Y" address="c7258" />
  </table>
  <table name="Primary Open Loop Fuel Map Switch (IAM)" address="c4f6c" />
  <table name="Minimum Active Primary Open Loop Enrichment" address="c4f70" />
  <table name="Minimum Primary Open Loop Enrichment (Throttle)" address="c5778">
    <table name="Y" address="c5760" />
  </table>
  <table name="Minimum Primary Open Loop Enrichment (Accelerator)" address="c5798">
    <table name="Y" address="c5780" />
  </table>
  <table name="Primary Open Loop Fueling Compensation (ECT)" address="c6344">
    <table name="Y" address="c5300" />
  </table>
  <table name="Primary Open Loop Fueling Compensation (Timing Compensation)" address="c5708">
    <table name="Y" address="c56f0" />
  </table>
  <table name="Front Oxygen Sensor Scaling" address="ccf78">
    <table name="Y" address="ccf44" />
  </table>
  <table name="Front Oxygen Sensor Rich Limit" address="270f4" />
  <table name="Front Oxygen Sensor Compensation (Atm. Pressure)" address="c32c4">
    <table name="Y" address="c32b4" />
  </table>
  <table name="CL Fueling Target Compensation A (Load)" address="c7b60">
    <table name="X" address="c7b30" elements="6" />
    <table name="Y" address="c7b48" elements="6" />
  </table>
  <table name="CL Fueling Target Compensation B (Load)" address="c7bd8">
    <table name="X" address="c7ba8" elements="6" />
    <table name="Y" address="c7bc0" elements="6" />
  </table>
  <table name="CL Fueling Target Compensation Imm. Cruise (ECT)" address="c79d4">
    <table name="X" address="c5300" />
    <table name="Y" address="c79c8" />
  </table>
  <table name="CL Fueling Target Compensation Imm. Non-Cruise (ECT)" address="c7a88">
    <table name="X" address="c5300" />
    <table name="Y" address="c7a7c" />
  </table>
  <table name="CL to OL Delay" address="c4b2e">
    <table name="Y" elements="2" />
  </table>
  <table name="CL to OL Delay/Switch SI-DRIVE Intelligent" address="c4b2c" />
  <table name="CL to OL Transition with Delay (Throttle)" address="c5750">
    <table name="Y" address="c5710" />
  </table>
  <table name="CL to OL Transition with Delay Throttle Hysteresis" address="c4f74" />
  <table name="CL to OL Transition with Delay (Base Pulse Width)" address="c6270">
    <table name="Y" address="c6230" />
  </table>
  <table name="CL to OL Transition with Delay BPW Hysteresis" address="c4f78" />
  <table name="CL to OL Transition Counter Step Value (MAF)" address="c62b8">
    <table name="Y" address="c6290" />
  </table>
  <table name="CL Delay Maximum (Vehicle Speed)" address="c4ff4" />
  <table name="CL Delay Minimum (ECT)" address="c4f7c" />
  <table name="CL Delay Maximum (Engine Load)" address="c5004" />
  <table name="CL Delay Engine Load Counter Threshold" address="c4b2a" />
  <table name="CL Delay Maximum Engine Speed (Per Gear)" address="c4fa8" />
  <table name="CL Delay Maximum Engine Speed (Neutral)" address="c4fd0" />
  <table name="CL Delay Throttle Atm. Pressure Thresholds" address="c4fd8" />
  <table name="CL Delay Maximum (Throttle) (Low Atm. Pressure)" address="c4fe0" />
  <table name="CL Delay Maximum (Throttle) (High Atm. Pressure)" address="c4fe8" />
  <table name="Injector Latency" address="c5a48">
    <table name="Y" address="c5a34" />
  </table>
  <table name="Injector Flow Scaling" address="c4cbc" />
  <table name="Per Injector Pulse Width Compensation A" address="c747c">
    <table name="X" address="c742c" elements="8" />
    <table name="Y" address="c744c" elements="12" />
  </table>
  <table name="Per Injector Pulse Width Compensation B" address="c752c">
    <table name="X" address="c74dc" elements="8" />
    <table name="Y" address="c74fc" elements="12" />
  </table>
  <table name="Per Injector Pulse Width Compensation C" address="c75dc">
    <table name="X" address="c758c" elements="8" />
    <table name="Y" address="c75ac" elements="12" />
  </table>
  <table name="Per Injector Pulse Width Compensation D" address="c768c">
    <table name="X" address="c763c" elements="8" />
    <table name="Y" address="c765c" elements="12" />
  </table>
  <table name="Cranking Fuel Injector Pulse Width A (ECT)" address="c5972">
    <table name="Y" address="c5300" />
  </table>
  <table name="Cranking Fuel Injector Pulse Width B (ECT)" address="c5992">
    <table name="Y" address="c5300" />
  </table>
  <table name="Cranking Fuel Injector Pulse Width C (ECT)" address="c59b2">
    <table name="Y" address="c5300" />
  </table>
  <table name="Cranking Fuel Injector Pulse Width D (ECT)" address="c59d2">
    <table name="Y" address="c5300" />
  </table>
  <table name="Cranking Fuel Injector Pulse Width E (ECT)" address="c59f2">
    <table name="Y" address="c5300" />
  </table>
  <table name="Cranking Fuel Injector Pulse Width F (ECT)" address="c5a12">
    <table name="Y" address="c5300" />
  </table>
  <table name="Cranking Fuel IPW Compensation Imm. Cruise (RPM)" address="c6bd8">
    <table name="X" address="c6ba8" />
    <table name="Y" address="c6bbc" />
  </table>
  <table name="Cranking Fuel IPW Compensation Imm. Non-Cruise (RPM)" address="c6c80">
    <table name="X" address="c6c50" />
    <table name="Y" address="c6c64" />
  </table>
  <table name="Cranking Fuel IPW Compensation (Accelerator)" address="c5434">
    <table name="Y" address="c541c" />
  </table>
  <table name="Throttle Tip-in Enrichment" address="c6880">
    <table name="Y" address="c683c" elements="17" />
  </table>
  <table name="Minimum Tip-in Enrichment Activation" address="c51d0" />
  <table name="Minimum Tip-in Enrichment Activation (Throttle)" address="c51c8" />
  <table name="Tip-in Enrichment Compensation (Boost Error)" address="c58e8">
    <table name="Y" address="c58c4" />
  </table>
  <table name="Tip-in Enrichment Compensation (ECT)" address="c68a2">
    <table name="Y" address="c5300" />
  </table>
  <table name="Tip-in Enrichment Disable Applied Counter Threshold" address="c4ae2" />
  <table name="Tip-in Enrichment Applied Counter Reset" address="c4ae3" />
  <table name="Tip-in Enrichment Disable Throttle Cumulative Threshold" address="c51cc" />
  <table name="Tip-in Throttle Cumulative Reset" address="c4ae4" />
  <table name="Min Primary Base Enrichment 1 Cruise" address="c6e08">
    <table name="X" address="c5300" />
    <table name="Y" address="c6de8" />
  </table>
  <table name="Min Primary Base Enrichment 1 Non-Cruise" address="c6d68">
    <table name="X" address="c5300" />
    <table name="Y" address="c6d48" />
  </table>
  <table name="Min Primary Base Enrichment 1 (Non-Primary OL)" address="c6ebc">
    <table name="X" address="c6e88" />
    <table name="Y" address="c6eb0" />
  </table>
  <table name="Min Primary Base Enrich 2 Initial Start 1A" address="c5ad2">
    <table name="Y" address="c5300" />
  </table>
  <table name="Min Primary Base Enrich 2 Initial Start 1B" address="c5af2">
    <table name="Y" address="c5300" />
  </table>
  <table name="Min Primary Base Enrich 2 Initial Start 2A" address="c5b12">
    <table name="Y" address="c5300" />
  </table>
  <table name="Min Primary Base Enrich 2 Initial Start 2B" address="c5b32">
    <table name="Y" address="c5300" />
  </table>
  <table name="Min Primary Base Enrich 2 Decay Step 1" address="c5b52">
    <table name="Y" address="c5300" />
  </table>
  <table name="Min Primary Base Enrich 2 Decay Step 2" address="c5b72">
    <table name="Y" address="c5300" />
  </table>
  <table name="Min Primary Base Enrich 3 Initial Start 1A" address="c5a52">
    <table name="Y" address="c5300" />
  </table>
  <table name="Min Primary Base Enrich 3 Initial Start 1B" address="c5a72">
    <table name="Y" address="c5300" />
  </table>
  <table name="Min Primary Base Enrich 3 Initial Start 2A" address="c5a92">
    <table name="Y" address="c5300" />
  </table>
  <table name="Min Primary Base Enrich 3 Initial Start 2B" address="c5ab2">
    <table name="Y" address="c5300" />
  </table>
  <table name="Min Primary Base Enrich 3 Decay Delay A" address="c544a">
    <table name="Y" address="c5300" />
  </table>
  <table name="Min Primary Base Enrich 3 Decay Delay B" address="c545a">
    <table name="Y" address="c5300" />
  </table>
  <table name="Min Primary Base Enrich 3 Decay Multiplier" address="c4cc0" />
  <table name="A/F Learning #1 Limits" address="c4e84" />
  <table name="A/F Learning #1 Airflow Ranges" address="c4e94" />
  <table name="MAF Limit (Maximum)" address="c2de0" />
  <table name="MAF Sensor Scaling" address="cce6c">
    <table name="Y" address="ccd94" />
  </table>
  <table name="MAF Compensation (IAT)" address="c357c">
    <table name="X" address="c3548" />
    <table name="Y" address="c355c" />
  </table>
  <table name="Engine Load Limit (Maximum)" address="2588c" />
  <table name="Engine Load Compensation (MP)" address="c3604">
    <table name="X" address="c35a4" />
    <table name="Y" address="c35d0" elements="13" />
  </table>
  <table name="Base Timing Primary Cruise" address="c97d8">
    <table name="X" address="c9748" elements="18" />
    <table name="Y" address="c9790" />
  </table>
  <table name="Base Timing Reference Cruise (AVCS related)" address="c9bd8">
    <table name="X" address="c9b48" elements="18" />
    <table name="Y" address="c9b90" />
  </table>
  <table name="Base Timing Primary Non-Cruise" address="c99bc">
    <table name="X" address="c991c" elements="22" />
    <table name="Y" address="c9974" />
  </table>
  <table name="Base Timing Reference Non-Cruise (AVCS related)" address="c9dbc">
    <table name="X" address="c9d1c" elements="22" />
    <table name="Y" address="c9d74" />
  </table>
  <table name="Base Timing Idle A (In-Gear)" address="c8ced">
    <table name="Y" address="c8b2c" />
  </table>
  <table name="Base Timing Idle B (In-Gear)" address="c8cfd">
    <table name="Y" address="c8b2c" />
  </table>
  <table name="Base Timing Idle A (Neutral)" address="c8d0d">
    <table name="Y" address="c8b2c" />
  </table>
  <table name="Base Timing Idle B (Neutral)" address="c8d1d">
    <table name="Y" address="c8b2c" />
  </table>
  <table name="Base Timing Idle Minimum" address="c8ce4">
    <table name="Y" address="c8cc0" />
  </table>
  <table name="Base Timing Idle Minimum Vehicle Speed Enable" address="c87f0" />
  <table name="Knock Correction Advance Max Cruise" address="ca744">
    <table name="X" address="ca6b4" elements="18" />
    <table name="Y" address="ca6fc" />
  </table>
  <table name="Knock Correction Advance Max Non-Cruise" address="ca528">
    <table name="X" address="ca488" elements="22" />
    <table name="Y" address="ca4e0" />
  </table>
  <table name="Timing Compensation A (IAT)" address="c8da0">
    <table name="Y" address="c8d60" />
  </table>
  <table name="Timing Compensation A (IAT) Activation" address="c9f88">
    <table name="X" address="c9f48" />
    <table name="Y" address="c9f68" />
  </table>
  <table name="Timing Compensation B (IAT)" address="c9124">
    <table name="Y" address="c90e4" />
  </table>
  <table name="Timing Compensation B (IAT) IAM Activation" address="c8948" />
  <table name="Timing Compensation B (IAT) Max Additive" address="c892c" />
  <table name="Timing Compensation (ECT)" address="c8d4d">
    <table name="Y" address="c8b2c" />
  </table>
  <table name="Timing Compensation (MRP)" address="ca230">
    <table name="X" address="ca210" />
    <table name="Y" address="ca224" />
  </table>
  <table name="Timing Compensation Per Cylinder A" address="ca288">
    <table name="X" address="ca240" />
    <table name="Y" address="ca278" />
  </table>
  <table name="Timing Compensation Per Cylinder B" address="ca308">
    <table name="X" address="ca2c0" />
    <table name="Y" address="ca2f8" />
  </table>
  <table name="Timing Compensation Per Cylinder C" address="ca388">
    <table name="X" address="ca340" />
    <table name="Y" address="ca378" />
  </table>
  <table name="Timing Compensation Per Cylinder D" address="ca408">
    <table name="X" address="ca3c0" />
    <table name="Y" address="ca3f8" />
  </table>
  <table name="Timing Comp Minimum Load (Per Cylinder)" address="c8950" />
  <table name="Timing Comp Maximum RPM (Per Cylinder)" address="c894c" />
  <table name="Timing Comp Minimum Coolant Temp (Per Cylinder)" address="c8954" />
  <table name="Feedback Correction Range (RPM)" address="c8960" />
  <table name="Feedback Correction Minimum Load" address="c8958" />
  <table name="Feedback Correction Retard Value" address="c8980" />
  <table name="Feedback Correction Retard Limit" address="c897c" />
  <table name="Feedback Correction Negative Advance Value" address="c8984" />
  <table name="Feedback Correction Negative Advance Delay" address="c86f8" />
  <table name="Extended Feedback Correction High RPM Compensation" address="c898c" />
  <table name="Fine Correction Minimum (RPM)" address="c899c" />
  <table name="Fine Correction Maximum (RPM)" address="c8ae8" />
  <table name="Fine Correction Range (Load)" address="c8af0" />
  <table name="Fine Correction Rows (RPM)" address="c8ab4" />
  <table name="Fine Correction Columns (Load)" address="c8aa4" />
  <table name="Fine Correction Retard Value" address="c8ae4" />
  <table name="Fine Correction Retard Limit" address="c8ae0" />
  <table name="Fine Correction Advance Value" address="c8adc" />
  <table name="Fine Correction Advance Limit" address="c8ad8" />
  <table name="Fine Correction Advance Delay" address="c8708" />
  <table name="Rough Correction Range (RPM)" address="c8a54" />
  <table name="Rough Correction Range (Load)" address="c8a64" />
  <table name="Rough Correction Minimum KC Advance Map Value" address="c8a74" />
  <table name="Rough Correction Learning Delay (Increasing)" address="c915c">
    <table name="Y" address="c9134" />
  </table>
  <table name="Advance Multiplier (Initial)" address="c8a78" />
  <table name="Advance Multiplier Step Value" address="c8a7c" />
  <table name="Intake Cam Advance Angle Cruise (AVCS)" address="ced1c">
    <table name="X" address="cec9c" />
    <table name="Y" address="cecd4" />
  </table>
  <table name="Intake Cam Advance Angle Non-Cruise (AVCS)" address="cef94">
    <table name="X" address="cef14" />
    <table name="Y" address="cef4c" />
  </table>
  <table name="Exhaust Cam Retard Angle Cruise (AVCS)" address="cf644">
    <table name="X" address="cf5c4" />
    <table name="Y" address="cf5fc" />
  </table>
  <table name="Exhaust Cam Retard Angle Non-Cruise (AVCS)" address="cf8bc">
    <table name="X" address="cf83c" />
    <table name="Y" address="cf874" />
  </table>
  <table name="Requested Torque (Accelerator Pedal) SI-DRIVE Sport" address="dc910">
    <table name="X" address="dc870" elements="20" />
    <table name="Y" address="dc8c0" elements="20" />
  </table>
  <table name="Requested Torque (Accelerator Pedal) SI-DRIVE Sport Sharp" address="dccd0">
    <table name="X" address="dcc30" elements="20" />
    <table name="Y" address="dcc80" elements="20" />
  </table>
  <table name="Requested Torque (Accelerator Pedal) SI-DRIVE Intelligent" address="dd090">
    <table name="X" address="dcff0" elements="20" />
    <table name="Y" address="dd040" elements="20" />
  </table>
  <table name="Target Throttle Plate Position Cruise (Requested Torque)" address="dbf68">
    <table name="X" address="dbed4" elements="21" />
    <table name="Y" address="dbf28" />
  </table>
  <table name="Target Throttle Plate Position Non-Cruise (Requested Torque)" address="dc29c">
    <table name="X" address="dc208" elements="21" />
    <table name="Y" address="dc25c" />
  </table>
  <table name="Target Throttle Plate Position Maximum (Requested Torque)" address="dc5d0">
    <table name="X" address="dc53c" elements="21" />
    <table name="Y" address="dc590" />
  </table>
  <table name="Rev Limit (Fuel Cut)" address="c5224" />
  <table name="Rev Limit Fuel Resume (Boost)" address="c522c" />
  <table name="Speed Limiting Enable (Fuel Cut)" address="c5270" />
  <table name="Speed Limiting Disable (Fuel Cut)" address="c527c" />
  <table name="Speed Limiting A (Throttle) SI-DRIVE Sport/Sport Sharp" address="db844" />
  <table name="Speed Limiting B (Throttle) SI-DRIVE Sport/Sport Sharp" address="db85c" />
  <table name="Speed Limiting (Throttle) SI-DRIVE Intelligent" address="db850" />
  <table name="Intake Temp Sensor Scaling" address="86240">
    <table name="Y" address="861c8" />
  </table>
  <table name="Coolant Temp Sensor Scaling" address="86158">
    <table name="Y" address="860e8" />
  </table>
  <table name="Radiator Fan Modes A (ECT)" address="cd6d8" />
  <table name="Radiator Fan Modes B (ECT)" address="cd6e8" />
  <table name="Radiator Fan Modes (Veh. Speed)" address="cd6f8" />
  <table name="Idle Speed Target A" address="cb3fe">
    <table name="Y" address="caef0" />
  </table>
  <table name="Idle Speed Target B" address="cb43e">
    <table name="Y" address="caef0" />
  </table>
  <table name="Idle Speed Target C" address="cb47e">
    <table name="Y" address="caef0" />
  </table>
  <table name="Force Pass Readiness Monitors" address="7ef8e" />
  <table name="(P0000) PASS CODE (NO DTC DETECTED)" address="73545" />
  <table name="(P0000) PASS CODE (NO DTC DETECTED)_" address="73546" />
  <table name="(P0031) FRONT O2 SENSOR LOW INPUT" address="73554" />
  <table name="(P0032) FRONT O2 SENSOR HIGH INPUT" address="73552" />
  <table name="(P0037) REAR O2 SENSOR LOW INPUT" address="73553" />
  <table name="(P0038) REAR O2 SENSOR HIGH INPUT" address="73551" />
  <table name="(P0102) MAF SENSOR LOW INPUT" address="73501" />
  <table name="(P0103) MAF SENSOR HIGH INPUT" address="73502" />
  <table name="(P0107) MAP SENSOR LOW INPUT" address="73555" />
  <table name="(P0108) MAP SENSOR HIGH INPUT" address="73556" />
  <table name="(P0112) IAT SENSOR LOW INPUT" address="7354e" />
  <table name="(P0113) IAT SENSOR HIGH INPUT" address="7354f" />
  <table name="(P0117) COOLANT TEMP SENSOR LOW INPUT" address="7350a" />
  <table name="(P0118) COOLANT TEMP SENSOR HIGH INPUT" address="7350b" />
  <table name="(P0122) TPS A LOW INPUT" address="73508" />
  <table name="(P0123) TPS A HIGH INPUT" address="73509" />
  <table name="(P0131) FRONT O2 SENSOR LOW INPUT" address="73548" />
  <table name="(P0132) FRONT O2 SENSOR HIGH INPUT" address="7354a" />
  <table name="(P0134) FRONT O2 SENSOR NO ACTIVITY" address="73571" />
  <table name="(P0140) REAR O2 SENSOR NO ACTIVITY" address="735bf" />
  <table name="(P0171) SYSTEM TOO LEAN" address="7353c" />
  <table name="(P0172) SYSTEM TOO RICH" address="7353d" />
  <table name="(P0222) TPS B LOW INPUT" address="7357b" />
  <table name="(P0223) TPS B HIGH INPUT" address="7357c" />
  <table name="(P0230) FUEL PUMP PRIMARY CIRCUIT" address="7356c" />
  <table name="(P0245) WASTEGATE SOLENOID A LOW" address="73560" />
  <table name="(P0246) WASTEGATE SOLENOID A HIGH" address="73561" />
  <table name="(P0301) MISFIRE CYLINDER 1" address="7353e" />
  <table name="(P0302) MISFIRE CYLINDER 2" address="7353f" />
  <table name="(P0303) MISFIRE CYLINDER 3" address="73540" />
  <table name="(P0304) MISFIRE CYLINDER 4" address="73541" />
  <table name="(P0327) KNOCK SENSOR 1 LOW INPUT" address="73506" />
  <table name="(P0328) KNOCK SENSOR 1 HIGH INPUT" address="73507" />
  <table name="(P0335) CRANKSHAFT POS. SENSOR A MALFUNCTION" address="734fc" />
  <table name="(P0340) CAMSHAFT POS. SENSOR A MALFUNCTION" address="7358f" />
  <table name="(P0345) CAMSHAFT POS. SENSOR A BANK 2" address="7358e" />
  <table name="(P0365) CAMSHAFT POS. SENSOR B BANK 1" address="7358d" />
  <table name="(P0390) CAMSHAFT POS. SENSOR B BANK 2" address="7358c" />
  <table name="(P0410) SECONDARY AIR PUMP SYSTEM" address="735b9" />
  <table name="(P0413) SECONDARY AIR PUMP A OPEN" address="735bd" />
  <table name="(P0414) SECONDARY AIR PUMP A SHORTED" address="735c2" />
  <table name="(P0418) SECONDARY AIR PUMP RELAY A" address="735be" />
  <table name="(P0458) EVAP PURGE VALVE CIRCUIT LOW" address="7352d" />
  <table name="(P0459) EVAP PURGE VALVE CIRCUIT HIGH" address="7352e" />
  <table name="(P0462) FUEL LEVEL SENSOR LOW INPUT" address="7350e" />
  <table name="(P0463) FUEL LEVEL SENSOR HIGH INPUT" address="7350f" />
  <table name="(P0500) VEHICLE SPEED SENSOR A" address="73503" />
  <table name="(P0512) STARTER REQUEST CIRCUIT" address="73513" />
  <table name="(P0519) IDLE CONTROL MALFUNCTION (FAIL-SAFE)" address="7356e" />
  <table name="(P0562) SYSTEM VOLTAGE LOW" address="7355e" />
  <table name="(P0563) SYSTEM VOLTAGE HIGH" address="7355f" />
  <table name="(P0600) SERIAL COMMUNICATION LINK" address="7358b" />
  <table name="(P0604) CONTROL MODULE RAM ERROR" address="73500" />
  <table name="(P0605) CONTROL MODULE ROM ERROR" address="73590" />
  <table name="(P0607) CONTROL MODULE PERFORMANCE" address="73583" />
  <table name="(P0638) THROTTLE ACTUATOR RANGE/PERF" address="73582" />
  <table name="(P0700) TRANSMISSION CONTROL SYSTEM" address="7359c" />
  <table name="(P0851) NEUTRAL SWITCH INPUT LOW" address="73517" />
  <table name="(P0852) NEUTRAL SWITCH INPUT HIGH" address="7351b" />
  <table name="(P1160) ABNORMAL RETURN SPRING" address="7357d" />
  <table name="(P1410) SECONDARY AIR PUMP VALVE STUCK OPEN" address="735c6" />
  <table name="(P1418) SECONDARY AIR PUMP CIRCUIT SHORTED" address="735c3" />
  <table name="(P1518) STARTER SWITCH LOW INPUT" address="73512" />
  <table name="(P1560) BACK-UP VOLTAGE MALFUNCTION" address="7355d" />
  <table name="(P2004) TGV - INTAKE MANIFOLD RUNNER 1 STUCK OPEN" address="735a7" />
  <table name="(P2005) TGV - INTAKE MANIFOLD RUNNER 2 STUCK OPEN" address="735a9" />
  <table name="(P2006) TGV - INTAKE MANIFOLD RUNNER 1 STUCK CLOSED" address="735a8" />
  <table name="(P2007) TGV - INTAKE MANIFOLD RUNNER 2 STUCK CLOSED" address="735aa" />
  <table name="(P2008) TGV - INTAKE MANIFOLD RUNNER 1 CIRCUIT OPEN" address="735b5" />
  <table name="(P2009) TGV - INTAKE MANIFOLD RUNNER 1 CIRCUIT LOW" address="735b3" />
  <table name="(P2011) TGV - INTAKE MANIFOLD RUNNER 2 CIRCUIT OPEN" address="735b6" />
  <table name="(P2012) TGV - INTAKE MANIFOLD RUNNER 2 CIRCUIT LOW" address="735b4" />
  <table name="(P2016) TGV - INTAKE MANIFOLD RUNNER 1 POS. SENSOR LOW" address="735af" />
  <table name="(P2017) TGV - INTAKE MANIFOLD RUNNER 1 POS. SENSOR HIGH" address="735b0" />
  <table name="(P2021) TGV - INTAKE MANIFOLD RUNNER 2 POS. SENSOR LOW" address="735b1" />
  <table name="(P2022) TGV - INTAKE MANIFOLD RUNNER 2 POS. SENSOR HIGH" address="735b2" />
  <table name="(P2088) OCV SOLENOID A1 CIRCUIT OPEN" address="73598" />
  <table name="(P2089) OCV SOLENOID A1 CIRCUIT SHORT" address="73597" />
  <table name="(P2090) OCV SOLENOID B1 CIRCUIT OPEN" address="73594" />
  <table name="(P2091) OCV SOLENOID B1 CIRCUIT SHORT" address="73593" />
  <table name="(P2092) OCV SOLENOID A2 CIRCUIT OPEN" address="73596" />
  <table name="(P2093) OCV SOLENOID A2 CIRCUIT SHORT" address="73595" />
  <table name="(P2094) OCV SOLENOID B2 CIRCUIT OPEN" address="73592" />
  <table name="(P2095) OCV SOLENOID B2 CIRCUIT SHORT" address="73591" />
  <table name="(P2101) THROTTLE ACTUATOR CIRCUIT RANGE/PERF" address="73580" />
  <table name="(P2102) THROTTLE ACTUATOR CIRCUIT LOW" address="7357e" />
  <table name="(P2103) THROTTLE ACTUATOR CIRCUIT HIGH" address="7357f" />
  <table name="(P2109) TPS A MINIMUM STOP PERF" address="7357a" />
  <table name="(P2122) TPS D CIRCUIT LOW INPUT" address="73587" />
  <table name="(P2123) TPS D CIRCUIT HIGH INPUT" address="73588" />
  <table name="(P2127) TPS E CIRCUIT LOW INPUT" address="73585" />
  <table name="(P2128) TPS E CIRCUIT HIGH INPUT" address="73586" />
  <table name="(P2135) TPS A/B VOLTAGE" address="73589" />
  <table name="(P2138) TPS D/E VOLTAGE" address="73584" />
  <table name="(P2432) SECONDARY AIR PUMP CIRCUIT LOW" address="735bc" />
  <table name="(P2433) SECONDARY AIR PUMP CIRCUIT HIGH" address="735bb" />
  <table name="(P2440) SECONDARY AIR PUMP VALVE 1 STUCK OPEN" address="735ca" />
  <table name="(P2441) SECONDARY AIR PUMP VALVE 1 STUCK CLOSED" address="735c9" />
  <table name="(P2444) SECONDARY AIR PUMP 1 STUCK ON B1" address="735b7" />
</rom>