<rom>
  <romid>
    <xmlid>A2WC511N</xmlid>
    <internalidaddress>2000</internalidaddress>
    <internalidstring>A2WC511N</internalidstring>
    <ecuid>2F12785306</ecuid>
    <year>05</year>
    <market>USDM</market>
    <make>Subaru</make>
    <model>Legacy</model>
    <submodel>GT</submodel>
    <transmission>MT</transmission>
    <memmodel>SH7058</memmodel>
    <flashmethod>sti05</flashmethod>
    <checksummodule>subarudbw</checksummodule>
  </romid>
  <include>A2WC510N</include>
</rom>