<rom>
  <romid>
    <xmlid>D2TB201R</xmlid>
    <internalidaddress>2000</internalidaddress>
    <internalidstring>D2TB201R</internalidstring>
    <ecuid>524A344007</ecuid>
    <year>08</year>
    <market>EDM</market>
    <make>Subaru</make>
    <model>Legacy</model>
    <submodel>3.0R</submodel>
    <transmission>AT</transmission>
    <memmodel>SH7058</memmodel>
    <flashmethod>subarucan</flashmethod>
    <checksummodule>subarudbw</checksummodule>
  </romid>
  <include>32BITBASE</include>
  <table name="Manifold Pressure Sensor Scaling" address="c026c" />
  <table name="Manifold Pressure Sensor Limits (CEL)" address="ccaf4" />
  <table name="Manifold Pressure Sensor CEL Delays" address="c3f41" />
  <table name="Primary Open Loop Fueling A_" address="c760c">
    <table name="X" address="c75ac" elements="14" />
    <table name="Y" address="c75e4" elements="10" />
  </table>
  <table name="Primary Open Loop Fueling B_" address="c76f8">
    <table name="X" address="c7698" elements="14" />
    <table name="Y" address="c76d0" elements="10" />
  </table>
  <table name="Minimum Active Primary Open Loop Enrichment" address="c5dc8" />
  <table name="Front Oxygen Sensor #1 Scaling" address="ccf7c">
    <table name="Y" address="ccf48" />
  </table>
  <table name="Front Oxygen Sensor #2 Scaling" address="ccfe4">
    <table name="Y" address="ccfb0" />
  </table>
  <table name="Front Oxygen Sensor Rich Limit" address="29d9c" />
  <table name="Front Oxygen Sensor Compensation (Atm. Pressure)" address="c3358">
    <table name="Y" address="c3348" />
  </table>
  <table name="CL Fueling Target Compensation A (Load)" address="c7860">
    <table name="X" address="c7808" elements="9" />
    <table name="Y" address="c782c" elements="13" />
  </table>
  <table name="CL Fueling Target Compensation B (Load)" address="c79a4">
    <table name="X" address="c794c" elements="9" />
    <table name="Y" address="c7970" elements="13" />
  </table>
  <table name="CL Fueling Target Compensation C (Load)" address="c7ae8">
    <table name="X" address="c7a90" elements="9" />
    <table name="Y" address="c7ab4" elements="13" />
  </table>
  <table name="CL Fueling Target Compensation D (Load)" address="c7c2c">
    <table name="X" address="c7bd4" elements="9" />
    <table name="Y" address="c7bf8" elements="13" />
  </table>
  <table name="CL Fueling Target Compensation (ECT)_" address="c6876">
    <table name="Y" address="c60d8" />
  </table>
  <table name="CL Fueling Target Compensation (ECT) Disable" address="c5c30" />
  <table name="CL to OL Delay (Atm. Pressure)" address="c6e74">
    <table name="Y" address="c6e6c" elements="2" />
  </table>
  <table name="CL to OL Transition with Delay (Accelerator)" address="c6580">
    <table name="Y" address="c6578" elements="2" />
  </table>
  <table name="CL to OL Transition with Delay Throttle Hysteresis" address="c5dcc" />
  <table name="CL to OL Transition with Delay (Base Pulse Width)" address="c6e88">
    <table name="Y" address="c6e78" elements="4" />
  </table>
  <table name="CL to OL Transition with Delay BPW Hysteresis" address="c5dd0" />
  <table name="CL Delay Minimum (ECT)" address="c5dd4" />
  <table name="CL Delay Maximum Engine Speed A" address="c5dd8" />
  <table name="CL Delay Maximum Engine Speed B" address="c5de4" />
  <table name="CL Delay Engine Speed B Counter Threshold" address="c599e" />
  <table name="CL Delay Maximum (Throttle) A" address="c5de0" />
  <table name="CL Delay Throttle A Counter Threshold" address="c599c" />
  <table name="Injector Latency_" address="cd4d0">
    <table name="X" address="cd4b0" />
    <table name="Y" address="cd4c4" />
  </table>
  <table name="Injector Flow Scaling_" address="c5b4c" />
  <table name="Cranking Fuel Injector Pulse Width A (ECT)" address="c6706">
    <table name="Y" address="c60d8" />
  </table>
  <table name="Cranking Fuel Injector Pulse Width B (ECT)" address="c6726">
    <table name="Y" address="c60d8" />
  </table>
  <table name="Cranking Fuel Injector Pulse Width C (ECT)" address="c6746">
    <table name="Y" address="c60d8" />
  </table>
  <table name="Cranking Fuel Injector Pulse Width D (ECT)" address="c6766">
    <table name="Y" address="c60d8" />
  </table>
  <table name="Cranking Fuel IPW Compensation (RPM)" address="c74c8">
    <table name="X" address="c7484" />
    <table name="Y" address="c7498" elements="12" />
  </table>
  <table name="Cranking Fuel IPW Compensation (MAP)" address="c62f8">
    <table name="Y" address="c62d0" />
  </table>
  <table name="Cranking Fuel IPW Compensation (Accelerator)" address="c631c">
    <table name="Y" address="c6304" />
  </table>
  <table name="Throttle Tip-in Enrichment A" address="c702c">
    <table name="Y" address="c7018" elements="5" />
  </table>
  <table name="Throttle Tip-in Enrichment B" address="c704c">
    <table name="Y" address="c7038" elements="5" />
  </table>
  <table name="Minimum Tip-in Enrichment Activation" address="c5f70" />
  <table name="Minimum Tip-in Enrichment Activation (Throttle)" address="c5f6c" />
  <table name="Tip-in Enrichment Compensation (RPM)" address="c65d4">
    <table name="Y" address="c65b0" />
  </table>
  <table name="Tip-in Enrichment Compensation (MRP)" address="c6600">
    <table name="Y" address="c65e0" elements="8" />
  </table>
  <table name="Tip-in Enrichment Compensation A (ECT)" address="c6608">
    <table name="Y" address="c60d8" />
  </table>
  <table name="Tip-in Enrichment Compensation B (ECT)" address="c7056">
    <table name="Y" address="c60d8" />
  </table>
  <table name="Tip-in Enrichment Compensation D (ECT)" address="c7076">
    <table name="Y" address="c6118" />
  </table>
  <table name="Tip-in Enrichment Compensation D (ECT) Activation" address="c5f78" />
  <table name="Tip-in Enrichment Disable Applied Counter Threshold" address="c593e" />
  <table name="Tip-in Enrichment Applied Counter Reset" address="c593f" />
  <table name="Tip-in Enrichment Disable Throttle Cumulative Threshold" address="c5f74" />
  <table name="Tip-in Throttle Cumulative Reset" address="c5940" />
  <table name="A/F Learning Max Limit (ECT)" address="c6ac0">
    <table name="Y" address="c60d8" />
  </table>
  <table name="A/F Learning Min Limit (ECT)" address="c6aa0">
    <table name="Y" address="c60d8" />
  </table>
  <table name="A/F Learning Airflow Ranges" address="c5cb8" />
  <table name="MAF Limit (Maximum)_" address="c3278">
    <table name="Y" address="c3270" />
  </table>
  <table name="MAF Sensor Scaling" address="cce38">
    <table name="Y" address="ccd88" elements="44" />
  </table>
  <table name="MAF Compensation (IAT)" address="c3568">
    <table name="X" address="c3534" />
    <table name="Y" address="c3548" />
  </table>
  <table name="Engine Load Limit (Maximum)" address="28d50" />
  <table name="Engine Load Compensation (MP)" address="c34c8">
    <table name="X" address="c3474" elements="9" />
    <table name="Y" address="c3498" elements="12" />
  </table>
  <table name="Base Timing A" address="c9aa8">
    <table name="X" address="c8b1c" />
    <table name="Y" address="c9a70" elements="14" />
  </table>
  <table name="Base Timing B" address="c9bb4">
    <table name="X" address="c8b1c" />
    <table name="Y" address="c9b7c" elements="14" />
  </table>
  <table name="Base Timing C" address="c9cd8">
    <table name="X" address="c8b1c" />
    <table name="Y" address="c9c88" elements="20" />
  </table>
  <table name="Base Timing D" address="c9e54">
    <table name="X" address="c8b1c" />
    <table name="Y" address="c9e04" elements="20" />
  </table>
  <table name="Base Timing E" address="c9fb8">
    <table name="X" address="c8b1c" />
    <table name="Y" address="c9f80" elements="14" />
  </table>
  <table name="Base Timing F" address="ca0c4">
    <table name="X" address="c8b1c" />
    <table name="Y" address="ca08c" elements="14" />
  </table>
  <table name="Base Timing G" address="ca1e8">
    <table name="X" address="c8b1c" />
    <table name="Y" address="ca198" elements="20" />
  </table>
  <table name="Base Timing H" address="ca364">
    <table name="X" address="c8b1c" />
    <table name="Y" address="ca314" elements="20" />
  </table>
  <table name="Base Timing Idle" address="c8d04">
    <table name="Y" address="c8af8" elements="9" />
  </table>
  <table name="Base Timing Idle (Below Speed Threshold)_" address="c8cfb">
    <table name="Y" address="c8af8" />
  </table>
  <table name="Base Timing Idle (Above Speed Threshold)" address="c8cf2">
    <table name="Y" address="c8af8" />
  </table>
  <table name="Base Timing Idle Vehicle Speed Threshold" address="c8868" />
  <table name="Knock Correction Advance Max A" address="ca504">
    <table name="X" address="ca490" elements="15" />
    <table name="Y" address="ca4cc" elements="14" />
  </table>
  <table name="Knock Correction Advance Max B" address="ca664">
    <table name="X" address="ca5d8" elements="15" />
    <table name="Y" address="ca614" elements="20" />
  </table>
  <table name="Timing Compensation (IAT)" address="c8de0">
    <table name="Y" address="c8dc4" elements="7" />
  </table>
  <table name="Timing Comp Min Load (IAT)" address="c88b4" />
  <table name="Timing Compensation A (ECT)" address="c8d82">
    <table name="Y" address="c8bac" />
  </table>
  <table name="Timing Compensation B (ECT)" address="c8d92">
    <table name="Y" address="c8bac" />
  </table>
  <table name="Timing Compensation C (ECT)" address="c8da2">
    <table name="Y" address="c8bac" />
  </table>
  <table name="Timing Compensation D (ECT)" address="c8db2">
    <table name="Y" address="c8bac" />
  </table>
  <table name="Feedback Correction Range (RPM)" address="c8a1c" />
  <table name="Feedback Correction Minimum Load_" address="c973c">
    <table name="Y" address="c9734" elements="2" />
  </table>
  <table name="Feedback Correction Retard Value" address="c8a08" />
  <table name="Feedback Correction Retard Limit" address="c8a04" />
  <table name="Feedback Correction Negative Advance Value" address="c8a0c" />
  <table name="Feedback Correction Negative Advance Delay" address="c8788" />
  <table name="Fine Correction Range (RPM)" address="c8a90" />
  <table name="Fine Correction Range (Load)" address="c8aa0" />
  <table name="Fine Correction Rows (RPM)_" address="c8acc" />
  <table name="Fine Correction Columns (Load)_" address="c8ab0" />
  <table name="Fine Correction Retard Value_" address="c99f4">
    <table name="Y" address="c99c0" />
  </table>
  <table name="Fine Correction Retard Limit" address="c8a88" />
  <table name="Fine Correction Advance Value" address="c8a8c" />
  <table name="Fine Correction Advance Limit" address="c8a84" />
  <table name="Fine Correction Advance Delay" address="c8790" />
  <table name="Rough Correction Range (RPM)" address="c8a3c" />
  <table name="Rough Correction Range (Load)" address="c8a4c" />
  <table name="Rough Correction Minimum KC Advance Map Value" address="c8a5c" />
  <table name="Rough Correction Learning Delay (Increasing)" address="c96a0">
    <table name="Y" address="c9678" />
  </table>
  <table name="Advance Multiplier (Initial)" address="c8a38" />
  <table name="Advance Multiplier Step Value" address="c8a60" />
  <table name="Requested Torque A (Accelerator Pedal)" address="dc648">
    <table name="X" address="dc5a8" elements="20" />
    <table name="Y" address="dc5f8" elements="20" />
  </table>
  <table name="Requested Torque B (Accelerator Pedal)" address="dca08">
    <table name="X" address="dc968" elements="20" />
    <table name="Y" address="dc9b8" elements="20" />
  </table>
  <table name="Requested Torque C (Accelerator Pedal)" address="dcdc8">
    <table name="X" address="dcd28" elements="20" />
    <table name="Y" address="dcd78" elements="20" />
  </table>
  <table name="Requested Torque D (Accelerator Pedal)" address="dd188">
    <table name="X" address="dd0e8" elements="20" />
    <table name="Y" address="dd138" elements="20" />
  </table>
  <table name="Requested Torque E (Accelerator Pedal)" address="dd548">
    <table name="X" address="dd4a8" elements="20" />
    <table name="Y" address="dd4f8" elements="20" />
  </table>
  <table name="Requested Torque F (Accelerator Pedal)" address="dd908">
    <table name="X" address="dd868" elements="20" />
    <table name="Y" address="dd8b8" elements="20" />
  </table>
  <table name="Target Throttle Plate Position (Requested Torque)" address="dbc64">
    <table name="X" address="dbba8" elements="26" />
    <table name="Y" address="dbc10" elements="21" />
  </table>
  <table name="Target Throttle Plate Position Maximum (Requested Torque)" address="dc164">
    <table name="X" address="dc0a8" elements="26" />
    <table name="Y" address="dc110" elements="21" />
  </table>
  <table name="Rev Limit A" address="c5fe0" />
  <table name="Rev Limit B" address="c5fe8" />
  <table name="Intake Temp Sensor Scaling" address="c03c0">
    <table name="Y" address="c0348" />
  </table>
  <table name="Coolant Temp Sensor Scaling" address="ccbd8">
    <table name="Y" address="ccb98" elements="16" />
  </table>
  <table name="Idle Speed Target A" address="cb2d4">
    <table name="Y" address="cafbc" />
  </table>
  <table name="Idle Speed Target B" address="cb2f4">
    <table name="Y" address="cafbc" />
  </table>
  <table name="Idle Speed Target C" address="cb314">
    <table name="Y" address="cafbc" />
  </table>
  <table name="Idle Speed Target D" address="cb334">
    <table name="Y" address="cafbc" />
  </table>
  <table name="Idle Speed Target E" address="cb354">
    <table name="Y" address="cafbc" />
  </table>
  <table name="Idle Speed Target F" address="cb374">
    <table name="Y" address="cafbc" />
  </table>
  <table name="Force Pass Readiness Monitors" address="822e2" />
  <table name="(P0000) PASS CODE (NO DTC DETECTED)" address="912a5" />
  <table name="(P0000) PASS CODE (NO DTC DETECTED)_" address="912a6" />
  <table name="(P0011) CAMSHAFT POS. - TIMING OVER-ADVANCED 1" address="91289" />
  <table name="(P0021) CAMSHAFT POS. - TIMING OVER-ADVANCED 2" address="9128a" />
  <table name="(P0026) OSV SOLENOID VALVE CIRCUIT RANGE/PERF B1" address="91300" />
  <table name="(P0028) OSV SOLENOID VALVE CIRCUIT RANGE/PERF B2" address="912fd" />
  <table name="(P0030) FRONT O2 SENSOR RANGE/PERF" address="912d3" />
  <table name="(P0031) FRONT O2 SENSOR LOW INPUT" address="912b4" />
  <table name="(P0032) FRONT O2 SENSOR HIGH INPUT" address="912b2" />
  <table name="(P0037) REAR O2 SENSOR LOW INPUT" address="912b3" />
  <table name="(P0038) REAR O2 SENSOR HIGH INPUT" address="912b1" />
  <table name="(P0050) HO2S CIRCUIT RANGE/PERF B2 S1" address="912d2" />
  <table name="(P0051) HO2S CIRCUIT LOW B2 S1" address="912ba" />
  <table name="(P0052) HO2S CIRCUIT HIGH B2 S1" address="912b9" />
  <table name="(P0057) HO2S CIRCUIT LOW B2 S2" address="912d6" />
  <table name="(P0058) HO2S CIRCUIT HIGH B2 S2" address="912d7" />
  <table name="(P0076) INTAKE VALVE CIRCUIT LOW (BANK 1)" address="91302" />
  <table name="(P0077) INTAKE VALVE CONTROL HIGH (BANK 1)" address="91301" />
  <table name="(P0082) INTAKE VALVE CONTROL LOW (BANK 2)" address="912ff" />
  <table name="(P0083) INTAKE VALVE CONTROL HIGH (BANK 2)" address="912fe" />
  <table name="(P0102) MAF SENSOR LOW INPUT" address="91261" />
  <table name="(P0103) MAF SENSOR HIGH INPUT" address="91262" />
  <table name="(P0107) MAP SENSOR LOW INPUT" address="912b5" />
  <table name="(P0108) MAP SENSOR HIGH INPUT" address="912b6" />
  <table name="(P0112) IAT SENSOR LOW INPUT" address="912ae" />
  <table name="(P0113) IAT SENSOR HIGH INPUT" address="912af" />
  <table name="(P0117) COOLANT TEMP SENSOR LOW INPUT" address="9126a" />
  <table name="(P0118) COOLANT TEMP SENSOR HIGH INPUT" address="9126b" />
  <table name="(P0122) TPS A LOW INPUT" address="91268" />
  <table name="(P0123) TPS A HIGH INPUT" address="91269" />
  <table name="(P0125) INSUFFICIENT COOLANT TEMP (FUELING)" address="9126d" />
  <table name="(P0131) FRONT O2 SENSOR LOW INPUT" address="912a8" />
  <table name="(P0132) FRONT O2 SENSOR HIGH INPUT" address="912aa" />
  <table name="(P0133) FRONT O2 SENSOR SLOW RESPONSE" address="91292" />
  <table name="(P0134) FRONT O2 SENSOR NO ACTIVITY" address="912d1" />
  <table name="(P0140) REAR O2 SENSOR NO ACTIVITY" address="9131f" />
  <table name="(P0151) O2 SENSOR CIRCUIT LOW B2 S1" address="912a9" />
  <table name="(P0152) O2 SENSOR CIRCUIT HIGH B2 S1" address="912ab" />
  <table name="(P0153) O2 SENSOR CIRCUIT SLOW RESPONSE B2 S1" address="912ad" />
  <table name="(P0154) O2 SENSOR CIRCUIT OPEN B2 S1" address="912d0" />
  <table name="(P0160) O2 SENSOR NO ACTIVITY B2 S2" address="91320" />
  <table name="(P0171) SYSTEM TOO LEAN" address="9129c" />
  <table name="(P0172) SYSTEM TOO RICH" address="9129d" />
  <table name="(P0174) SYSTEM TOO LEAN B2" address="91296" />
  <table name="(P0175) SYSTEM TOO RICH B2" address="91297" />
  <table name="(P0197) OIL TEMP SENSOR LOW" address="912f9" />
  <table name="(P0198) OIL TEMP SENSOR HIGH" address="91304" />
  <table name="(P0222) TPS B LOW INPUT" address="912db" />
  <table name="(P0223) TPS B HIGH INPUT" address="912dc" />
  <table name="(P0230) FUEL PUMP PRIMARY CIRCUIT" address="912cc" />
  <table name="(P0301) MISFIRE CYLINDER 1" address="9129e" />
  <table name="(P0302) MISFIRE CYLINDER 2" address="9129f" />
  <table name="(P0303) MISFIRE CYLINDER 3" address="912a0" />
  <table name="(P0304) MISFIRE CYLINDER 4" address="912a1" />
  <table name="(P0305) MISFIRE CYLINDER 5" address="912a2" />
  <table name="(P0306) MISFIRE CYLINDER 6" address="912a3" />
  <table name="(P0327) KNOCK SENSOR 1 LOW INPUT" address="91266" />
  <table name="(P0328) KNOCK SENSOR 1 HIGH INPUT" address="91267" />
  <table name="(P0332) KNOCK SENSOR 2 LOW INPUT" address="91264" />
  <table name="(P0333) KNOCK SENSOR 2 HIGH INPUT" address="91265" />
  <table name="(P0335) CRANKSHAFT POS. SENSOR A MALFUNCTION" address="9125c" />
  <table name="(P0340) CAMSHAFT POS. SENSOR A MALFUNCTION" address="912ef" />
  <table name="(P0345) CAMSHAFT POS. SENSOR A BANK 2" address="912ee" />
  <table name="(P0400) EGR FLOW" address="9129b" />
  <table name="(P0420) CAT EFFICIENCY BELOW THRESHOLD" address="91298" />
  <table name="(P0458) EVAP PURGE VALVE CIRCUIT LOW" address="9128d" />
  <table name="(P0459) EVAP PURGE VALVE CIRCUIT HIGH" address="9128e" />
  <table name="(P0462) FUEL LEVEL SENSOR LOW INPUT" address="9126e" />
  <table name="(P0463) FUEL LEVEL SENSOR HIGH INPUT" address="9126f" />
  <table name="(P0500) VEHICLE SPEED SENSOR A" address="91263" />
  <table name="(P0512) STARTER REQUEST CIRCUIT" address="91273" />
  <table name="(P0519) IDLE CONTROL MALFUNCTION (FAIL-SAFE)" address="912ce" />
  <table name="(P0600) SERIAL COMMUNICATION LINK" address="912eb" />
  <table name="(P0604) CONTROL MODULE RAM ERROR" address="91260" />
  <table name="(P0605) CONTROL MODULE ROM ERROR" address="912f0" />
  <table name="(P0607) CONTROL MODULE PERFORMANCE" address="912e3" />
  <table name="(P0638) THROTTLE ACTUATOR RANGE/PERF" address="912e2" />
  <table name="(P0691) RADIATOR FAN CIRCUIT LOW" address="91286" />
  <table name="(P0692) RADIATOR FAN CIRCUIT HIGH" address="91287" />
  <table name="(P0700) TRANSMISSION CONTROL SYSTEM" address="912fc" />
  <table name="(P1160) ABNORMAL RETURN SPRING" address="912dd" />
  <table name="(P1492) EGR SOLENOID SIGNAL 1 MALFUNCTION (LOW)" address="9127c" />
  <table name="(P1493) EGR SOLENOID SIGNAL 1 MALFUNCTION (HIGH)" address="9127d" />
  <table name="(P1494) EGR SOLENOID SIGNAL 2 MALFUNCTION (LOW)" address="9127e" />
  <table name="(P1495) EGR SOLENOID SIGNAL 2 MALFUNCTION (HIGH)" address="9127f" />
  <table name="(P1496) EGR SIGNAL 3 CIRCUIT LOW" address="91280" />
  <table name="(P1497) EGR SOLENOID SIGNAL 3 MALFUNCTION (HIGH)" address="91281" />
  <table name="(P1498) EGR SIGNAL 4 CIRCUIT LOW" address="91282" />
  <table name="(P1499) EGR SIGNAL 4 CIRCUIT HIGH" address="91283" />
  <table name="(P1519) IMRC STUCK CLOSED" address="9132f" />
  <table name="(P1520) IMRC CIRCUIT MALFUNCTION" address="9132e" />
  <table name="(P1560) BACK-UP VOLTAGE MALFUNCTION" address="912bd" />
  <table name="(P1616) SBDS INTERACTIVE CODES" address="9132d" />
  <table name="(P2088) OCV SOLENOID A1 CIRCUIT OPEN" address="912f8" />
  <table name="(P2089) OCV SOLENOID A1 CIRCUIT SHORT" address="912f7" />
  <table name="(P2092) OCV SOLENOID A2 CIRCUIT OPEN" address="912f6" />
  <table name="(P2093) OCV SOLENOID A2 CIRCUIT SHORT" address="912f5" />
  <table name="(P2101) THROTTLE ACTUATOR CIRCUIT RANGE/PERF" address="912e0" />
  <table name="(P2102) THROTTLE ACTUATOR CIRCUIT LOW" address="912de" />
  <table name="(P2103) THROTTLE ACTUATOR CIRCUIT HIGH" address="912df" />
  <table name="(P2109) TPS A MINIMUM STOP PERF" address="912da" />
  <table name="(P2122) TPS D CIRCUIT LOW INPUT" address="912e7" />
  <table name="(P2123) TPS D CIRCUIT HIGH INPUT" address="912e8" />
  <table name="(P2127) TPS E CIRCUIT LOW INPUT" address="912e5" />
  <table name="(P2128) TPS E CIRCUIT HIGH INPUT" address="912e6" />
  <table name="(P2135) TPS A/B VOLTAGE" address="912e9" />
  <table name="(P2138) TPS D/E VOLTAGE" address="912e4" />
  <table name="(P2228) BARO. PRESSURE CIRCUIT LOW INPUT" address="9130e" />
  <table name="(P2229) BARO. PRESSURE CIRCUIT HIGH INPUT" address="9130d" />
  <table name="(P2503) CHARGING SYSTEM VOLTAGE LOW" address="91306" />
  <table name="(P2504) CHARGING SYSTEM VOLTAGE HIGH" address="91305" />
</rom>