<rom>
  <romid>
    <xmlid>D2WD604A</xmlid>
    <internalidaddress>2000</internalidaddress>
    <internalidstring>D2WD604A</internalidstring>
    <ecuid>3C0A384206</ecuid>
    <year>05</year>
    <market>JDM</market>
    <make>Subaru</make>
    <model>Legacy</model>
    <submodel>3.0R</submodel>
    <transmission>MT</transmission>
    <memmodel>SH7055</memmodel>
    <flashmethod>sti04</flashmethod>
    <checksummodule>subarudbw</checksummodule>
  </romid>
  <include>D2WD603H</include>
</rom>