<rom>
  <romid>
    <xmlid>D2ZZ001E</xmlid>
    <internalidaddress>2000</internalidaddress>
    <internalidstring>D2ZZ001E</internalidstring>
    <ecuid>3C4A354006</ecuid>
    <year>05</year>
    <market>EDM</market>
    <make>Subaru</make>
    <model>Legacy</model>
    <submodel>3.0R</submodel>
    <transmission>AT</transmission>
    <memmodel>SH7055</memmodel>
    <flashmethod>sti04</flashmethod>
    <checksummodule>subarudbw</checksummodule>
  </romid>
  <include>32BITBASE</include>
  <table name="Manifold Pressure Sensor Scaling" address="7505c" />
  <table name="Manifold Pressure Sensor Limits (CEL)" address="7d04c" />
  <table name="Manifold Pressure Sensor CEL Delays" address="773bf" />
  <table name="Primary Open Loop Fueling A_" address="7a13c">
    <table name="X" address="7a0dc" elements="14" />
    <table name="Y" address="7a114" elements="10" />
  </table>
  <table name="Primary Open Loop Fueling B_" address="7a228">
    <table name="X" address="7a1c8" elements="14" />
    <table name="Y" address="7a200" elements="10" />
  </table>
  <table name="Front Oxygen Sensor #1 Scaling" address="7d490">
    <table name="Y" address="7d45c" />
  </table>
  <table name="Front Oxygen Sensor #2 Scaling" address="7d4f8">
    <table name="Y" address="7d4c4" />
  </table>
  <table name="Front Oxygen Sensor Rich Limit" address="18b14" />
  <table name="Front Oxygen Sensor Compensation (Atm. Pressure)" address="764ec">
    <table name="Y" address="764dc" />
  </table>
  <table name="CL Fueling Target Compensation (Load)" address="7a370">
    <table name="X" address="7a318" elements="9" />
    <table name="Y" address="7a33c" elements="13" />
  </table>
  <table name="CL Fueling Target Compensation (ECT)_" address="798c4">
    <table name="Y" address="78e70" />
  </table>
  <table name="CL Fueling Target Compensation (ECT) Disable" address="78a70" />
  <table name="CL to OL Delay (Atm. Pressure)" address="79c38">
    <table name="Y" address="79c30" elements="2" />
  </table>
  <table name="CL to OL Transition with Delay (Throttle)" address="793a4">
    <table name="Y" address="7939c" elements="2" />
  </table>
  <table name="CL to OL Transition with Delay Throttle Hysteresis" address="78bd8" />
  <table name="CL to OL Transition with Delay (Base Pulse Width)" address="79c4c">
    <table name="Y" address="79c3c" elements="4" />
  </table>
  <table name="CL to OL Transition with Delay BPW Hysteresis" address="78bdc" />
  <table name="CL Delay Minimum (ECT)" address="78be0" />
  <table name="CL Delay Maximum Engine Speed A" address="78be4" />
  <table name="CL Delay Maximum Engine Speed B" address="78bf0" />
  <table name="CL Delay Engine Speed B Counter Threshold" address="788d8" />
  <table name="CL Delay Maximum (Throttle) A" address="78bec" />
  <table name="CL Delay Throttle A Counter Threshold" address="788d6" />
  <table name="Injector Latency" address="7d0fc">
    <table name="Y" address="7d0e8" />
  </table>
  <table name="Injector Flow Scaling_" address="78998" />
  <table name="Cranking Fuel Injector Pulse Width A (ECT)" address="794d2">
    <table name="Y" address="78e70" />
  </table>
  <table name="Cranking Fuel Injector Pulse Width B (ECT)" address="794f2">
    <table name="Y" address="78e70" />
  </table>
  <table name="Cranking Fuel Injector Pulse Width C (ECT)" address="79512">
    <table name="Y" address="78e70" />
  </table>
  <table name="Cranking Fuel Injector Pulse Width D (ECT)" address="79532">
    <table name="Y" address="78e70" />
  </table>
  <table name="Cranking Fuel IPW Compensation (RPM)" address="79fa0">
    <table name="X" address="79f5c" />
    <table name="Y" address="79f70" elements="12" />
  </table>
  <table name="Cranking Fuel IPW Compensation (MAP)" address="79070">
    <table name="Y" address="79048" />
  </table>
  <table name="Cranking Fuel IPW Compensation (Accelerator)" address="79094">
    <table name="Y" address="7907c" />
  </table>
  <table name="Throttle Tip-in Enrichment A" address="79cf8">
    <table name="Y" address="79ce4" elements="5" />
  </table>
  <table name="Throttle Tip-in Enrichment B" address="79d18">
    <table name="Y" address="79d04" elements="5" />
  </table>
  <table name="Minimum Tip-in Enrichment Activation" address="78d54" />
  <table name="Minimum Tip-in Enrichment Activation (Throttle)" address="78d50" />
  <table name="Tip-in Enrichment Compensation (RPM)" address="793f8">
    <table name="Y" address="793d4" />
  </table>
  <table name="Tip-in Enrichment Compensation (MRP)" address="79424">
    <table name="Y" address="79404" elements="8" />
  </table>
  <table name="Tip-in Enrichment Compensation A (ECT)" address="7942c">
    <table name="Y" address="78e70" />
  </table>
  <table name="Tip-in Enrichment Compensation B (ECT)" address="79d22">
    <table name="Y" address="78e70" />
  </table>
  <table name="Tip-in Enrichment Compensation D (ECT)" address="79d42">
    <table name="Y" address="78eb0" />
  </table>
  <table name="Tip-in Enrichment Compensation D (ECT) Activation" address="78d5c" />
  <table name="Tip-in Enrichment Disable Applied Counter Threshold" address="78881" />
  <table name="Tip-in Enrichment Applied Counter Reset" address="78882" />
  <table name="Tip-in Enrichment Disable Throttle Cumulative Threshold" address="78d58" />
  <table name="Tip-in Throttle Cumulative Reset" address="78883" />
  <table name="A/F Learning Max Limit (ECT)" address="79b24">
    <table name="Y" address="78e70" />
  </table>
  <table name="A/F Learning Min Limit (ECT)" address="79b04">
    <table name="Y" address="78e70" />
  </table>
  <table name="A/F Learning Airflow Ranges" address="78af0" />
  <table name="MAF Limit (Maximum)_" address="7640c">
    <table name="Y" address="76404" />
  </table>
  <table name="MAF Sensor Scaling" address="7d34c">
    <table name="Y" address="7d29c" elements="44" />
  </table>
  <table name="MAF Compensation (IAT)" address="76a0c">
    <table name="X" address="769d8" />
    <table name="Y" address="769ec" />
  </table>
  <table name="Engine Load Limit (Maximum)" address="172d4" />
  <table name="Engine Load Compensation (MP)" address="7696c">
    <table name="X" address="76918" elements="9" />
    <table name="Y" address="7693c" elements="12" />
  </table>
  <table name="Base Timing A" address="7afbc">
    <table name="X" address="7a9e4" />
    <table name="Y" address="7af84" elements="14" />
  </table>
  <table name="Base Timing B" address="7b0c8">
    <table name="X" address="7a9e4" />
    <table name="Y" address="7b090" elements="14" />
  </table>
  <table name="Base Timing C" address="7b1ec">
    <table name="X" address="7a9e4" />
    <table name="Y" address="7b19c" elements="20" />
  </table>
  <table name="Base Timing Idle" address="7ab6c">
    <table name="Y" address="7a9c0" elements="9" />
  </table>
  <table name="Base Timing Idle (Below Speed Threshold)_" address="7ab63">
    <table name="Y" address="7a9c0" />
  </table>
  <table name="Base Timing Idle (Above Speed Threshold)" address="7ab5a">
    <table name="Y" address="7a9c0" />
  </table>
  <table name="Base Timing Idle Vehicle Speed Threshold" address="7a7b0" />
  <table name="Knock Correction Advance Max A" address="7b3d4">
    <table name="X" address="7b360" elements="15" />
    <table name="Y" address="7b39c" elements="14" />
  </table>
  <table name="Knock Correction Advance Max B" address="7b538">
    <table name="X" address="7b4a8" elements="15" />
    <table name="Y" address="7b4e4" elements="21" />
  </table>
  <table name="Timing Compensation (IAT)" address="7ac00">
    <table name="Y" address="7abe4" elements="7" />
  </table>
  <table name="Timing Comp Min Load (IAT)" address="7a7ec" />
  <table name="Timing Compensation A (ECT)" address="7aba3">
    <table name="Y" address="7aa74" />
  </table>
  <table name="Timing Compensation B (ECT)" address="7abb3">
    <table name="Y" address="7aa74" />
  </table>
  <table name="Timing Compensation C (ECT)" address="7abc3">
    <table name="Y" address="7aa74" />
  </table>
  <table name="Timing Compensation D (ECT)" address="7abd3">
    <table name="Y" address="7aa74" />
  </table>
  <table name="Feedback Correction Range (RPM)" address="7a8e4" />
  <table name="Feedback Correction Minimum Load_" address="7af18">
    <table name="Y" address="7af10" elements="2" />
  </table>
  <table name="Feedback Correction Retard Value" address="7a8d0" />
  <table name="Feedback Correction Retard Limit" address="7a8cc" />
  <table name="Feedback Correction Negative Advance Value" address="7a8d4" />
  <table name="Feedback Correction Negative Advance Delay" address="7a70a" />
  <table name="Fine Correction Range (RPM)" address="7a958" />
  <table name="Fine Correction Range (Load)" address="7a968" />
  <table name="Fine Correction Rows (RPM)_" address="7a994" />
  <table name="Fine Correction Columns (Load)_" address="7a978" />
  <table name="Fine Correction Retard Value_" address="7af50">
    <table name="Y" address="7af1c" />
  </table>
  <table name="Fine Correction Retard Limit" address="7a950" />
  <table name="Fine Correction Advance Value" address="7a954" />
  <table name="Fine Correction Advance Limit" address="7a94c" />
  <table name="Fine Correction Advance Delay" address="7a712" />
  <table name="Rough Correction Range (RPM)" address="7a904" />
  <table name="Rough Correction Range (Load)" address="7a914" />
  <table name="Rough Correction Minimum KC Advance Map Value" address="7a924" />
  <table name="Rough Correction Learning Delay (Increasing)" address="7aea8">
    <table name="Y" address="7ae80" />
  </table>
  <table name="Advance Multiplier (Initial)" address="7a900" />
  <table name="Advance Multiplier Step Value" address="7a928" />
  <table name="Intake Cam Advance Angle A (AVCS)" address="7e38c">
    <table name="X" address="7e328" />
    <table name="Y" address="7e360" elements="11" />
  </table>
  <table name="Intake Cam Advance Angle B (AVCS)" address="7e540">
    <table name="X" address="7e4c0" />
    <table name="Y" address="7e4f8" />
  </table>
  <table name="Requested Torque (Accelerator Pedal)" address="7c810">
    <table name="X" address="7c774" elements="19" />
    <table name="Y" address="7c7c0" elements="20" />
  </table>
  <table name="Target Throttle Plate Position (Requested Torque)" address="7c51c">
    <table name="X" address="7c490" elements="15" />
    <table name="Y" address="7c4cc" elements="20" />
  </table>
  <table name="Rev Limit (Fuel Cut)" address="78db0" />
  <table name="Fuel Temp Sensor Scaling" address="7d1a4">
    <table name="Y" address="7d12c" />
  </table>
  <table name="Intake Temp Sensor Scaling" address="75230">
    <table name="Y" address="751b8" />
  </table>
  <table name="Coolant Temp Sensor Scaling" address="75148">
    <table name="Y" address="750d8" />
  </table>
  <table name="Radiator Fan Modes A (ECT)" address="7db20" />
  <table name="Radiator Fan Modes B (ECT)" address="7db30" />
  <table name="Radiator Fan Modes C (ECT)" address="7db40" />
  <table name="Radiator Fan Modes (Veh. Speed)" address="7dadc" />
  <table name="Idle Speed Target A" address="7bd60">
    <table name="Y" address="7bab0" />
  </table>
  <table name="Idle Speed Target B" address="7bd80">
    <table name="Y" address="7bab0" />
  </table>
  <table name="Idle Speed Target C" address="7bda0">
    <table name="Y" address="7bab0" />
  </table>
  <table name="Idle Speed Target D" address="7bdc0">
    <table name="Y" address="7bab0" />
  </table>
  <table name="Idle Speed Target E" address="7bde0">
    <table name="Y" address="7bab0" />
  </table>
  <table name="Idle Speed Target F" address="7be00">
    <table name="Y" address="7bab0" />
  </table>
  <table name="Force Pass Readiness Monitors" address="4c886" />
  <table name="(P0000) PASS CODE (NO DTC DETECTED)" address="5b2cb" />
  <table name="(P0000) PASS CODE (NO DTC DETECTED)_" address="5b2cc" />
  <table name="(P0011) CAMSHAFT POS. - TIMING OVER-ADVANCED 1" address="5b2af" />
  <table name="(P0021) CAMSHAFT POS. - TIMING OVER-ADVANCED 2" address="5b2b0" />
  <table name="(P0026) OSV SOLENOID VALVE CIRCUIT RANGE/PERF B1" address="5b313" />
  <table name="(P0028) OSV SOLENOID VALVE CIRCUIT RANGE/PERF B2" address="5b310" />
  <table name="(P0030) FRONT O2 SENSOR RANGE/PERF" address="5b2ed" />
  <table name="(P0031) FRONT O2 SENSOR LOW INPUT" address="5b2da" />
  <table name="(P0032) FRONT O2 SENSOR HIGH INPUT" address="5b2d8" />
  <table name="(P0037) REAR O2 SENSOR LOW INPUT" address="5b2d9" />
  <table name="(P0038) REAR O2 SENSOR HIGH INPUT" address="5b2d7" />
  <table name="(P0050) HO2S CIRCUIT RANGE/PERF B2 S1" address="5b2ec" />
  <table name="(P0051) HO2S CIRCUIT LOW B2 S1" address="5b2e2" />
  <table name="(P0052) HO2S CIRCUIT HIGH B2 S1" address="5b2e1" />
  <table name="(P0057) HO2S CIRCUIT LOW B2 S2" address="5b2ef" />
  <table name="(P0058) HO2S CIRCUIT HIGH B2 S2" address="5b2f0" />
  <table name="(P0076) INTAKE VALVE CIRCUIT LOW (BANK 1)" address="5b315" />
  <table name="(P0077) INTAKE VALVE CONTROL HIGH (BANK 1)" address="5b314" />
  <table name="(P0082) INTAKE VALVE CONTROL LOW (BANK 2)" address="5b312" />
  <table name="(P0083) INTAKE VALVE CONTROL HIGH (BANK 2)" address="5b311" />
  <table name="(P0101) MAF SENSOR RANGE/PERF" address="5b2e9" />
  <table name="(P0102) MAF SENSOR LOW INPUT" address="5b287" />
  <table name="(P0103) MAF SENSOR HIGH INPUT" address="5b288" />
  <table name="(P0107) MAP SENSOR LOW INPUT" address="5b2dd" />
  <table name="(P0108) MAP SENSOR HIGH INPUT" address="5b2de" />
  <table name="(P0112) IAT SENSOR LOW INPUT" address="5b2d4" />
  <table name="(P0113) IAT SENSOR HIGH INPUT" address="5b2d5" />
  <table name="(P0117) COOLANT TEMP SENSOR LOW INPUT" address="5b290" />
  <table name="(P0118) COOLANT TEMP SENSOR HIGH INPUT" address="5b291" />
  <table name="(P0122) TPS A LOW INPUT" address="5b28e" />
  <table name="(P0123) TPS A HIGH INPUT" address="5b28f" />
  <table name="(P0125) INSUFFICIENT COOLANT TEMP (FUELING)" address="5b293" />
  <table name="(P0131) FRONT O2 SENSOR LOW INPUT" address="5b2ce" />
  <table name="(P0132) FRONT O2 SENSOR HIGH INPUT" address="5b2d0" />
  <table name="(P0133) FRONT O2 SENSOR SLOW RESPONSE" address="5b2b8" />
  <table name="(P0134) FRONT O2 SENSOR NO ACTIVITY" address="5b2eb" />
  <table name="(P0137) REAR O2 SENSOR LOW VOLTAGE" address="5b2cd" />
  <table name="(P0138) REAR O2 SENSOR HIGH VOLTAGE" address="5b2d2" />
  <table name="(P0151) O2 SENSOR CIRCUIT LOW B2 S1" address="5b2cf" />
  <table name="(P0152) O2 SENSOR CIRCUIT HIGH B2 S1" address="5b2d1" />
  <table name="(P0153) O2 SENSOR CIRCUIT SLOW RESPONSE B2 S1" address="5b2d3" />
  <table name="(P0154) O2 SENSOR CIRCUIT OPEN B2 S1" address="5b2ea" />
  <table name="(P0157) O2 SENSOR CIRCUIT LOW B2 S2" address="5b2f1" />
  <table name="(P0158) O2 SENSOR CIRCUIT HIGH B2 S2" address="5b2f2" />
  <table name="(P0171) SYSTEM TOO LEAN" address="5b2c2" />
  <table name="(P0172) SYSTEM TOO RICH" address="5b2c3" />
  <table name="(P0174) SYSTEM TOO LEAN B2" address="5b2bc" />
  <table name="(P0175) SYSTEM TOO RICH B2" address="5b2bd" />
  <table name="(P0197) OIL TEMP SENSOR LOW" address="5b30c" />
  <table name="(P0198) OIL TEMP SENSOR HIGH" address="5b317" />
  <table name="(P0222) TPS B LOW INPUT" address="5b2f4" />
  <table name="(P0223) TPS B HIGH INPUT" address="5b2f5" />
  <table name="(P0230) FUEL PUMP PRIMARY CIRCUIT" address="5b2e5" />
  <table name="(P0301) MISFIRE CYLINDER 1" address="5b2c4" />
  <table name="(P0302) MISFIRE CYLINDER 2" address="5b2c5" />
  <table name="(P0303) MISFIRE CYLINDER 3" address="5b2c6" />
  <table name="(P0304) MISFIRE CYLINDER 4" address="5b2c7" />
  <table name="(P0305) MISFIRE CYLINDER 5" address="5b2c8" />
  <table name="(P0306) MISFIRE CYLINDER 6" address="5b2c9" />
  <table name="(P0327) KNOCK SENSOR 1 LOW INPUT" address="5b28c" />
  <table name="(P0328) KNOCK SENSOR 1 HIGH INPUT" address="5b28d" />
  <table name="(P0332) KNOCK SENSOR 2 LOW INPUT" address="5b28a" />
  <table name="(P0333) KNOCK SENSOR 2 HIGH INPUT" address="5b28b" />
  <table name="(P0335) CRANKSHAFT POS. SENSOR A MALFUNCTION" address="5b284" />
  <table name="(P0340) CAMSHAFT POS. SENSOR A MALFUNCTION" address="5b306" />
  <table name="(P0345) CAMSHAFT POS. SENSOR A BANK 2" address="5b305" />
  <table name="(P0400) EGR FLOW" address="5b2c1" />
  <table name="(P0420) CAT EFFICIENCY BELOW THRESHOLD" address="5b2be" />
  <table name="(P0458) EVAP PURGE VALVE CIRCUIT LOW" address="5b2b3" />
  <table name="(P0459) EVAP PURGE VALVE CIRCUIT HIGH" address="5b2b4" />
  <table name="(P0462) FUEL LEVEL SENSOR LOW INPUT" address="5b294" />
  <table name="(P0463) FUEL LEVEL SENSOR HIGH INPUT" address="5b295" />
  <table name="(P0500) VEHICLE SPEED SENSOR A" address="5b289" />
  <table name="(P0512) STARTER REQUEST CIRCUIT" address="5b298" />
  <table name="(P0519) IDLE CONTROL MALFUNCTION (FAIL-SAFE)" address="5b2e8" />
  <table name="(P0600) SERIAL COMMUNICATION LINK" address="5b304" />
  <table name="(P0604) CONTROL MODULE RAM ERROR" address="5b286" />
  <table name="(P0605) CONTROL MODULE ROM ERROR" address="5b307" />
  <table name="(P0607) CONTROL MODULE PERFORMANCE" address="5b2fc" />
  <table name="(P0638) THROTTLE ACTUATOR RANGE/PERF" address="5b2fb" />
  <table name="(P0691) RADIATOR FAN CIRCUIT LOW" address="5b2ac" />
  <table name="(P0692) RADIATOR FAN CIRCUIT HIGH" address="5b2ad" />
  <table name="(P0700) TRANSMISSION CONTROL SYSTEM" address="5b30f" />
  <table name="(P1160) ABNORMAL RETURN SPRING" address="5b2f6" />
  <table name="(P1492) EGR SOLENOID SIGNAL 1 MALFUNCTION (LOW)" address="5b29f" />
  <table name="(P1493) EGR SOLENOID SIGNAL 1 MALFUNCTION (HIGH)" address="5b2a0" />
  <table name="(P1494) EGR SOLENOID SIGNAL 2 MALFUNCTION (LOW)" address="5b2a1" />
  <table name="(P1495) EGR SOLENOID SIGNAL 2 MALFUNCTION (HIGH)" address="5b2a2" />
  <table name="(P1496) EGR SIGNAL 3 CIRCUIT LOW" address="5b2a3" />
  <table name="(P1497) EGR SOLENOID SIGNAL 3 MALFUNCTION (HIGH)" address="5b2a4" />
  <table name="(P1498) EGR SIGNAL 4 CIRCUIT LOW" address="5b2a5" />
  <table name="(P1499) EGR SIGNAL 4 CIRCUIT HIGH" address="5b2a6" />
  <table name="(P1518) STARTER SWITCH LOW INPUT" address="5b297" />
  <table name="(P1560) BACK-UP VOLTAGE MALFUNCTION" address="5b2e4" />
  <table name="(P2088) OCV SOLENOID A1 CIRCUIT OPEN" address="5b30b" />
  <table name="(P2089) OCV SOLENOID A1 CIRCUIT SHORT" address="5b30a" />
  <table name="(P2092) OCV SOLENOID A2 CIRCUIT OPEN" address="5b309" />
  <table name="(P2093) OCV SOLENOID A2 CIRCUIT SHORT" address="5b308" />
  <table name="(P2101) THROTTLE ACTUATOR CIRCUIT RANGE/PERF" address="5b2f9" />
  <table name="(P2102) THROTTLE ACTUATOR CIRCUIT LOW" address="5b2f7" />
  <table name="(P2103) THROTTLE ACTUATOR CIRCUIT HIGH" address="5b2f8" />
  <table name="(P2109) TPS A MINIMUM STOP PERF" address="5b2f3" />
  <table name="(P2122) TPS D CIRCUIT LOW INPUT" address="5b300" />
  <table name="(P2123) TPS D CIRCUIT HIGH INPUT" address="5b301" />
  <table name="(P2127) TPS E CIRCUIT LOW INPUT" address="5b2fe" />
  <table name="(P2128) TPS E CIRCUIT HIGH INPUT" address="5b2ff" />
  <table name="(P2135) TPS A/B VOLTAGE" address="5b302" />
  <table name="(P2138) TPS D/E VOLTAGE" address="5b2fd" />
  <table name="(P2503) CHARGING SYSTEM VOLTAGE LOW" address="5b319" />
  <table name="(P2504) CHARGING SYSTEM VOLTAGE HIGH" address="5b318" />
</rom>