<rom>
  <romid>
    <xmlid>A2TB100Y</xmlid>
    <internalidaddress>2000</internalidaddress>
    <internalidstring>A2TB100Y</internalidstring>
    <ecuid>520450C007</ecuid>
    <year>07</year>
    <market>JDM</market>
    <make>Subaru</make>
    <model>Legacy</model>
    <submodel>GT</submodel>
    <transmission>AT</transmission>
    <memmodel>SH7058</memmodel>
    <flashmethod>subarucan</flashmethod>
    <checksummodule>subarudbw</checksummodule>
  </romid>
  <include>32BITBASE</include>
  <table name="Target Boost_" address="c1128">
    <table name="X" address="c10cc" />
    <table name="Y" address="c10f8" elements="12" />
  </table>
  <table name="Target Boost Compensation (ECT)" address="c0970">
    <table name="Y" address="c06e0" />
  </table>
  <table name="Target Boost Compensation (1st Gear)" address="c06d8" />
  <table name="Target Boost Compensation (1st Gear) Speed Disable" address="c06d4" />
  <table name="Target Boost Compensation (IAT)" address="c09d0">
    <table name="Y" address="c0990" />
  </table>
  <table name="Target Boost Compensation (Atm. Pressure)" address="c09f4">
    <table name="Y" address="c09e0" />
  </table>
  <table name="Boost Limit (Fuel Cut)" address="c7048">
    <table name="Y" address="c7030" />
  </table>
  <table name="Boost Control Disable (IAM)" address="c06c8" />
  <table name="Boost Control Disable (Fine Correction)" address="c06c4" />
  <table name="Boost Control Disable Delay (Fine Correction)" address="c0661" />
  <table name="Initial Wastegate Duty_" address="c0e8c">
    <table name="X" address="c0e34" elements="11" />
    <table name="Y" address="c0e60" elements="11" />
  </table>
  <table name="Max Wastegate Duty_" address="c0bf4">
    <table name="X" address="c0b9c" elements="11" />
    <table name="Y" address="c0bc8" elements="11" />
  </table>
  <table name="Max Wastegate Duty Limit Post-Compensation" address="18ae4" />
  <table name="Initial/Max Wastegate Duty Compensation (IAT)" address="c0760">
    <table name="Y" address="c0720" />
  </table>
  <table name="Initial/Max Wastegate Duty Compensation (ECT)" address="c0860">
    <table name="Y" address="c06e0" />
  </table>
  <table name="Initial/Max Wastegate Duty Compensation (Atm. Pressure)" address="c0b44">
    <table name="X" address="c0b1c" />
    <table name="Y" address="c0b34" />
  </table>
  <table name="Turbo Dynamics Proportional" address="c0a20">
    <table name="Y" address="c09fc" />
  </table>
  <table name="Turbo Dynamics Integral Positive" address="c0a90">
    <table name="Y" address="c0a6c" />
  </table>
  <table name="Turbo Dynamics Integral Negative" address="c0a58">
    <table name="Y" address="c0a34" />
  </table>
  <table name="TD Proportional Compensation (IAT)" address="c08c0">
    <table name="Y" address="c0880" elements="16" />
  </table>
  <table name="TD Integral Positive Compensation (IAT)" address="c0960">
    <table name="Y" address="c0920" elements="16" />
  </table>
  <table name="TD Integral Negative Compensation (IAT)" address="c0910">
    <table name="Y" address="c08d0" elements="16" />
  </table>
  <table name="TD Activation Thresholds (RPM)" address="c06ac" />
  <table name="TD Activation Thresholds (Target Boost)_" address="c0688" />
  <table name="TD Integral Cumulative Range (WGDC Correction)" address="c06bc" />
  <table name="TD Integral Negative Activation (Boost Error)" address="c0698" />
  <table name="TD Integral Positive Activation (Boost Error)" address="c06a0" />
  <table name="TD Integral Positive Activation (Wastegate Duty)" address="c06a8" />
  <table name="Manifold Pressure Sensor Scaling" address="c028c" />
  <table name="Manifold Pressure Sensor Limits (CEL)" address="cd248" />
  <table name="Manifold Pressure Sensor CEL Delays" address="c42ce" />
  <table name="Primary Open Loop Fueling" address="c7790">
    <table name="X" address="c76f0" elements="22" />
    <table name="Y" address="c7748" />
  </table>
  <table name="Primary Open Loop Fueling (Failsafe)" address="c79bc">
    <table name="X" address="c791c" elements="22" />
    <table name="Y" address="c7974" />
  </table>
  <table name="Primary Open Loop Fuel Map Switch (IAM)" address="c5650" />
  <table name="Minimum Active Primary Open Loop Enrichment" address="c5654" />
  <table name="Minimum Primary Open Loop Enrichment (Throttle)" address="c5e74">
    <table name="Y" address="c5e5c" />
  </table>
  <table name="Minimum Primary Open Loop Enrichment (Accelerator)" address="c5e94">
    <table name="Y" address="c5e7c" />
  </table>
  <table name="Primary Open Loop Fueling Compensation (ECT)" address="c6a60">
    <table name="Y" address="c59fc" />
  </table>
  <table name="Primary Open Loop Fueling Compensation (Timing Compensation)" address="c5e04">
    <table name="Y" address="c5dec" />
  </table>
  <table name="Front Oxygen Sensor Scaling" address="cd7cc">
    <table name="Y" address="cd798" />
  </table>
  <table name="Front Oxygen Sensor Rich Limit" address="2a288" />
  <table name="Front Oxygen Sensor Compensation (Atm. Pressure)" address="c398c">
    <table name="Y" address="c397c" />
  </table>
  <table name="CL Fueling Target Compensation (Load)" address="c827c">
    <table name="X" address="c824c" elements="6" />
    <table name="Y" address="c8264" elements="6" />
  </table>
  <table name="CL Fueling Target Compensation Imm. Cruise (ECT)" address="c80f0">
    <table name="X" address="c59fc" />
    <table name="Y" address="c80e4" />
  </table>
  <table name="CL Fueling Target Compensation Imm. Non-Cruise (ECT)" address="c81a4">
    <table name="X" address="c59fc" />
    <table name="Y" address="c8198" />
  </table>
  <table name="CL to OL Delay" address="c5226">
    <table name="Y" elements="2" />
  </table>
  <table name="CL to OL Delay/Switch SI-DRIVE Intelligent" address="c522a" />
  <table name="CL to OL Transition with Delay (Throttle)" address="c5e4c">
    <table name="Y" address="c5e0c" />
  </table>
  <table name="CL to OL Transition with Delay Throttle Hysteresis" address="c5658" />
  <table name="CL to OL Transition with Delay (Base Pulse Width)" address="c698c">
    <table name="Y" address="c694c" />
  </table>
  <table name="CL to OL Transition with Delay BPW Hysteresis" address="c565c" />
  <table name="CL to OL Transition Counter Step Value (MAF)" address="c69d4">
    <table name="Y" address="c69ac" />
  </table>
  <table name="CL Delay Maximum (Vehicle Speed)" address="c56d8" />
  <table name="CL Delay Minimum (ECT)" address="c5660" />
  <table name="CL Delay Maximum (Engine Load)" address="c56e8" />
  <table name="CL Delay Engine Load Counter Threshold" address="c5222" />
  <table name="CL Delay Maximum Engine Speed (Per Gear)" address="c568c" />
  <table name="CL Delay Maximum Engine Speed (Neutral)" address="c56b4" />
  <table name="CL Delay Throttle Atm. Pressure Thresholds" address="c56bc" />
  <table name="CL Delay Maximum (Throttle) (Low Atm. Pressure)" address="c56c4" />
  <table name="CL Delay Maximum (Throttle) (High Atm. Pressure)" address="c56cc" />
  <table name="Injector Latency" address="c6164">
    <table name="Y" address="c6150" />
  </table>
  <table name="Injector Flow Scaling" address="c53b0" />
  <table name="Per Injector Pulse Width Compensation A" address="c7b98">
    <table name="X" address="c7b48" elements="8" />
    <table name="Y" address="c7b68" elements="12" />
  </table>
  <table name="Per Injector Pulse Width Compensation B" address="c7c48">
    <table name="X" address="c7bf8" elements="8" />
    <table name="Y" address="c7c18" elements="12" />
  </table>
  <table name="Per Injector Pulse Width Compensation C" address="c7cf8">
    <table name="X" address="c7ca8" elements="8" />
    <table name="Y" address="c7cc8" elements="12" />
  </table>
  <table name="Per Injector Pulse Width Compensation D" address="c7da8">
    <table name="X" address="c7d58" elements="8" />
    <table name="Y" address="c7d78" elements="12" />
  </table>
  <table name="Cranking Fuel Injector Pulse Width A (ECT)" address="c608e">
    <table name="Y" address="c59fc" />
  </table>
  <table name="Cranking Fuel Injector Pulse Width B (ECT)" address="c60ae">
    <table name="Y" address="c59fc" />
  </table>
  <table name="Cranking Fuel Injector Pulse Width C (ECT)" address="c60ce">
    <table name="Y" address="c59fc" />
  </table>
  <table name="Cranking Fuel Injector Pulse Width D (ECT)" address="c60ee">
    <table name="Y" address="c59fc" />
  </table>
  <table name="Cranking Fuel Injector Pulse Width E (ECT)" address="c610e">
    <table name="Y" address="c59fc" />
  </table>
  <table name="Cranking Fuel Injector Pulse Width F (ECT)" address="c612e">
    <table name="Y" address="c59fc" />
  </table>
  <table name="Cranking Fuel IPW Compensation Imm. Cruise (RPM)" address="c72f4">
    <table name="X" address="c72c4" />
    <table name="Y" address="c72d8" />
  </table>
  <table name="Cranking Fuel IPW Compensation Imm. Non-Cruise (RPM)" address="c739c">
    <table name="X" address="c736c" />
    <table name="Y" address="c7380" />
  </table>
  <table name="Cranking Fuel IPW Compensation (Accelerator)" address="c5b30">
    <table name="Y" address="c5b18" />
  </table>
  <table name="Throttle Tip-in Enrichment" address="c6f9c">
    <table name="Y" address="c6f58" elements="17" />
  </table>
  <table name="Minimum Tip-in Enrichment Activation" address="c58cc" />
  <table name="Minimum Tip-in Enrichment Activation (Throttle)" address="c58c4" />
  <table name="Tip-in Enrichment Compensation (Boost Error)" address="c6004">
    <table name="Y" address="c5fe0" />
  </table>
  <table name="Tip-in Enrichment Compensation (ECT)" address="c6fbe">
    <table name="Y" address="c59fc" />
  </table>
  <table name="Tip-in Enrichment Disable Applied Counter Threshold" address="c51da" />
  <table name="Tip-in Enrichment Applied Counter Reset" address="c51db" />
  <table name="Tip-in Enrichment Disable Throttle Cumulative Threshold" address="c58c8" />
  <table name="Tip-in Throttle Cumulative Reset" address="c51dc" />
  <table name="Min Primary Base Enrichment 1 Cruise" address="c7524">
    <table name="X" address="c59fc" />
    <table name="Y" address="c7504" />
  </table>
  <table name="Min Primary Base Enrichment 1 Non-Cruise" address="c7484">
    <table name="X" address="c59fc" />
    <table name="Y" address="c7464" />
  </table>
  <table name="Min Primary Base Enrichment 1 (Non-Primary OL)" address="c75d8">
    <table name="X" address="c75a4" />
    <table name="Y" address="c75cc" />
  </table>
  <table name="Min Primary Base Enrich 2 Initial Start 1A" address="c61ee">
    <table name="Y" address="c59fc" />
  </table>
  <table name="Min Primary Base Enrich 2 Initial Start 1B" address="c620e">
    <table name="Y" address="c59fc" />
  </table>
  <table name="Min Primary Base Enrich 2 Initial Start 2A" address="c622e">
    <table name="Y" address="c59fc" />
  </table>
  <table name="Min Primary Base Enrich 2 Initial Start 2B" address="c624e">
    <table name="Y" address="c59fc" />
  </table>
  <table name="Min Primary Base Enrich 2 Decay Step 1" address="c626e">
    <table name="Y" address="c59fc" />
  </table>
  <table name="Min Primary Base Enrich 2 Decay Step 2" address="c628e">
    <table name="Y" address="c59fc" />
  </table>
  <table name="Min Primary Base Enrich 3 Initial Start 1A" address="c616e">
    <table name="Y" address="c59fc" />
  </table>
  <table name="Min Primary Base Enrich 3 Initial Start 1B" address="c618e">
    <table name="Y" address="c59fc" />
  </table>
  <table name="Min Primary Base Enrich 3 Initial Start 2A" address="c61ae">
    <table name="Y" address="c59fc" />
  </table>
  <table name="Min Primary Base Enrich 3 Initial Start 2B" address="c61ce">
    <table name="Y" address="c59fc" />
  </table>
  <table name="Min Primary Base Enrich 3 Decay Delay A" address="c5b46">
    <table name="Y" address="c59fc" />
  </table>
  <table name="Min Primary Base Enrich 3 Decay Delay B" address="c5b56">
    <table name="Y" address="c59fc" />
  </table>
  <table name="Min Primary Base Enrich 3 Decay Multiplier" address="c53b4" />
  <table name="A/F Learning #1 Limits" address="c5568" />
  <table name="A/F Learning #1 Airflow Ranges" address="c5578" />
  <table name="MAF Limit (Maximum)" address="c34a8" />
  <table name="MAF Sensor Scaling" address="cd6c0">
    <table name="Y" address="cd5e8" />
  </table>
  <table name="MAF Compensation (IAT)" address="c3c44">
    <table name="X" address="c3c10" />
    <table name="Y" address="c3c24" />
  </table>
  <table name="Engine Load Limit (Maximum)" address="28a20" />
  <table name="Engine Load Compensation (MP)" address="c3ccc">
    <table name="X" address="c3c6c" />
    <table name="Y" address="c3c98" elements="13" />
  </table>
  <table name="Base Timing Primary Cruise" address="c9ef4">
    <table name="X" address="c9e64" elements="18" />
    <table name="Y" address="c9eac" />
  </table>
  <table name="Base Timing Reference Cruise (AVCS related)" address="ca2f4">
    <table name="X" address="ca264" elements="18" />
    <table name="Y" address="ca2ac" />
  </table>
  <table name="Base Timing Primary Non-Cruise" address="ca0d8">
    <table name="X" address="ca038" elements="22" />
    <table name="Y" address="ca090" />
  </table>
  <table name="Base Timing Reference Non-Cruise (AVCS related)" address="ca4d8">
    <table name="X" address="ca438" elements="22" />
    <table name="Y" address="ca490" />
  </table>
  <table name="Base Timing Idle A (In-Gear)" address="c9409">
    <table name="Y" address="c9248" />
  </table>
  <table name="Base Timing Idle B (In-Gear)" address="c9419">
    <table name="Y" address="c9248" />
  </table>
  <table name="Base Timing Idle A (Neutral)" address="c9429">
    <table name="Y" address="c9248" />
  </table>
  <table name="Base Timing Idle B (Neutral)" address="c9439">
    <table name="Y" address="c9248" />
  </table>
  <table name="Base Timing Idle Minimum" address="c9400">
    <table name="Y" address="c93dc" />
  </table>
  <table name="Base Timing Idle Minimum Vehicle Speed Enable" address="c8f0c" />
  <table name="Knock Correction Advance Max Cruise" address="caec4">
    <table name="X" address="cae34" elements="18" />
    <table name="Y" address="cae7c" />
  </table>
  <table name="Knock Correction Advance Max Non-Cruise" address="caca8">
    <table name="X" address="cac08" elements="22" />
    <table name="Y" address="cac60" />
  </table>
  <table name="Timing Compensation A (IAT)" address="c94bc">
    <table name="Y" address="c947c" />
  </table>
  <table name="Timing Compensation A (IAT) Activation" address="ca6a4">
    <table name="X" address="ca664" />
    <table name="Y" address="ca684" />
  </table>
  <table name="Timing Compensation B (IAT)" address="c99f0">
    <table name="Y" address="c99b0" />
  </table>
  <table name="Timing Compensation B (IAT) IAM Activation" address="c9084" />
  <table name="Timing Compensation B (IAT) Max Additive" address="c9068" />
  <table name="Timing Compensation (ECT)" address="c9469">
    <table name="Y" address="c9248" />
  </table>
  <table name="Timing Compensation (MRP)" address="ca9b0">
    <table name="X" address="ca990" />
    <table name="Y" address="ca9a4" />
  </table>
  <table name="Timing Compensation Per Cylinder A" address="caa08">
    <table name="X" address="ca9c0" />
    <table name="Y" address="ca9f8" />
  </table>
  <table name="Timing Compensation Per Cylinder B" address="caa88">
    <table name="X" address="caa40" />
    <table name="Y" address="caa78" />
  </table>
  <table name="Timing Compensation Per Cylinder C" address="cab08">
    <table name="X" address="caac0" />
    <table name="Y" address="caaf8" />
  </table>
  <table name="Timing Compensation Per Cylinder D" address="cab88">
    <table name="X" address="cab40" />
    <table name="Y" address="cab78" />
  </table>
  <table name="Timing Comp Minimum Load (Per Cylinder)" address="c9098" />
  <table name="Timing Comp Maximum RPM (Per Cylinder)" address="c9094" />
  <table name="Timing Comp Minimum Coolant Temp (Per Cylinder)" address="c909c" />
  <table name="Feedback Correction Range (RPM)" address="c90a8" />
  <table name="Feedback Correction Minimum Load" address="c90a0" />
  <table name="Feedback Correction Retard Value" address="c90c8" />
  <table name="Feedback Correction Retard Limit" address="c90c4" />
  <table name="Feedback Correction Negative Advance Value" address="c90cc" />
  <table name="Feedback Correction Negative Advance Delay" address="c8e16" />
  <table name="Extended Feedback Correction High RPM Compensation" address="c90d4" />
  <table name="Fine Correction Minimum (RPM)" address="c90e4" />
  <table name="Fine Correction Maximum (RPM)" address="c9230" />
  <table name="Fine Correction Range (Load)" address="c9238" />
  <table name="Fine Correction Rows (RPM)" address="c91fc" />
  <table name="Fine Correction Columns (Load)" address="c91ec" />
  <table name="Fine Correction Retard Value" address="c922c" />
  <table name="Fine Correction Retard Limit" address="c9228" />
  <table name="Fine Correction Advance Value" address="c9224" />
  <table name="Fine Correction Advance Limit" address="c9220" />
  <table name="Fine Correction Advance Delay" address="c8e26" />
  <table name="Rough Correction Range (RPM)" address="c919c" />
  <table name="Rough Correction Range (Load)" address="c91ac" />
  <table name="Rough Correction Minimum KC Advance Map Value" address="c91bc" />
  <table name="Rough Correction Learning Delay (Increasing)" address="c9a60">
    <table name="Y" address="c9a38" />
  </table>
  <table name="Advance Multiplier (Initial)" address="c91c0" />
  <table name="Advance Multiplier Step Value" address="c91c4" />
  <table name="Intake Cam Advance Angle Cruise (AVCS)" address="cf968">
    <table name="X" address="cf8e8" />
    <table name="Y" address="cf920" />
  </table>
  <table name="Intake Cam Advance Angle Non-Cruise (AVCS)" address="cfbe0">
    <table name="X" address="cfb60" />
    <table name="Y" address="cfb98" />
  </table>
  <table name="Exhaust Cam Retard Angle Cruise (AVCS)" address="d0290">
    <table name="X" address="d0210" />
    <table name="Y" address="d0248" />
  </table>
  <table name="Exhaust Cam Retard Angle Non-Cruise (AVCS)" address="d0508">
    <table name="X" address="d0488" />
    <table name="Y" address="d04c0" />
  </table>
  <table name="Requested Torque A (Accelerator Pedal) SI-DRIVE Sport" address="dc6d4">
    <table name="X" address="dc654" />
    <table name="Y" address="dc690" />
  </table>
  <table name="Requested Torque B (Accelerator Pedal) SI-DRIVE Sport" address="dce54">
    <table name="X" address="dcdd4" />
    <table name="Y" address="dce10" />
  </table>
  <table name="Requested Torque A (Accelerator Pedal) SI-DRIVE Sport Sharp" address="dc954">
    <table name="X" address="dc8d4" />
    <table name="Y" address="dc910" />
  </table>
  <table name="Requested Torque B (Accelerator Pedal) SI-DRIVE Sport Sharp" address="dd0d4">
    <table name="X" address="dd054" />
    <table name="Y" address="dd090" />
  </table>
  <table name="Requested Torque A (Accelerator Pedal) SI-DRIVE Intelligent" address="dcbd4">
    <table name="X" address="dcb54" />
    <table name="Y" address="dcb90" />
  </table>
  <table name="Requested Torque B (Accelerator Pedal) SI-DRIVE Intelligent" address="dd354">
    <table name="X" address="dd2d4" />
    <table name="Y" address="dd310" />
  </table>
  <table name="Target Throttle Plate Position Cruise (Requested Torque)" address="dbf54">
    <table name="X" address="dbed4" elements="16" />
    <table name="Y" address="dbf14" />
  </table>
  <table name="Target Throttle Plate Position Non-Cruise (Requested Torque)" address="dc1d4">
    <table name="X" address="dc154" elements="16" />
    <table name="Y" address="dc194" />
  </table>
  <table name="Target Throttle Plate Position Maximum (Requested Torque)" address="dc454">
    <table name="X" address="dc3d4" elements="16" />
    <table name="Y" address="dc414" />
  </table>
  <table name="Rev Limit (Fuel Cut)" address="c5920" />
  <table name="Rev Limit Fuel Resume (Boost)" address="c5928" />
  <table name="Speed Limiting Enable (Fuel Cut)" address="c596c" />
  <table name="Speed Limiting Disable (Fuel Cut)" address="c5978" />
  <table name="Speed Limiting A (Throttle) SI-DRIVE Sport/Sport Sharp" address="db844" />
  <table name="Speed Limiting B (Throttle) SI-DRIVE Sport/Sport Sharp" address="db85c" />
  <table name="Speed Limiting (Throttle) SI-DRIVE Intelligent" address="db850" />
  <table name="Intake Temp Sensor Scaling" address="8be30">
    <table name="Y" address="8bdb8" />
  </table>
  <table name="Coolant Temp Sensor Scaling" address="8bd48">
    <table name="Y" address="8bcd8" />
  </table>
  <table name="Radiator Fan Modes A (ECT)" address="cdf2c" />
  <table name="Radiator Fan Modes B (ECT)" address="cdf3c" />
  <table name="Radiator Fan Modes (Veh. Speed)" address="cdf4c" />
  <table name="Idle Speed Target A" address="cbb72">
    <table name="Y" address="cb664" />
  </table>
  <table name="Idle Speed Target B" address="cbbb2">
    <table name="Y" address="cb664" />
  </table>
  <table name="Idle Speed Target C" address="cbbf2">
    <table name="Y" address="cb664" />
  </table>
  <table name="Force Pass Readiness Monitors" address="8476a" />
  <table name="(P0000) PASS CODE (NO DTC DETECTED)" address="78ce5" />
  <table name="(P0000) PASS CODE (NO DTC DETECTED)_" address="78ce6" />
  <table name="(P0031) FRONT O2 SENSOR LOW INPUT" address="78cf4" />
  <table name="(P0032) FRONT O2 SENSOR HIGH INPUT" address="78cf2" />
  <table name="(P0037) REAR O2 SENSOR LOW INPUT" address="78cf3" />
  <table name="(P0038) REAR O2 SENSOR HIGH INPUT" address="78cf1" />
  <table name="(P0102) MAF SENSOR LOW INPUT" address="78ca1" />
  <table name="(P0103) MAF SENSOR HIGH INPUT" address="78ca2" />
  <table name="(P0107) MAP SENSOR LOW INPUT" address="78cf5" />
  <table name="(P0108) MAP SENSOR HIGH INPUT" address="78cf6" />
  <table name="(P0112) IAT SENSOR LOW INPUT" address="78cee" />
  <table name="(P0113) IAT SENSOR HIGH INPUT" address="78cef" />
  <table name="(P0117) COOLANT TEMP SENSOR LOW INPUT" address="78caa" />
  <table name="(P0118) COOLANT TEMP SENSOR HIGH INPUT" address="78cab" />
  <table name="(P0122) TPS A LOW INPUT" address="78ca8" />
  <table name="(P0123) TPS A HIGH INPUT" address="78ca9" />
  <table name="(P0131) FRONT O2 SENSOR LOW INPUT" address="78ce8" />
  <table name="(P0132) FRONT O2 SENSOR HIGH INPUT" address="78cea" />
  <table name="(P0134) FRONT O2 SENSOR NO ACTIVITY" address="78d11" />
  <table name="(P0140) REAR O2 SENSOR NO ACTIVITY" address="78d5f" />
  <table name="(P0171) SYSTEM TOO LEAN" address="78cdc" />
  <table name="(P0172) SYSTEM TOO RICH" address="78cdd" />
  <table name="(P0222) TPS B LOW INPUT" address="78d1b" />
  <table name="(P0223) TPS B HIGH INPUT" address="78d1c" />
  <table name="(P0230) FUEL PUMP PRIMARY CIRCUIT" address="78d0c" />
  <table name="(P0245) WASTEGATE SOLENOID A LOW" address="78d00" />
  <table name="(P0246) WASTEGATE SOLENOID A HIGH" address="78d01" />
  <table name="(P0301) MISFIRE CYLINDER 1" address="78cde" />
  <table name="(P0302) MISFIRE CYLINDER 2" address="78cdf" />
  <table name="(P0303) MISFIRE CYLINDER 3" address="78ce0" />
  <table name="(P0304) MISFIRE CYLINDER 4" address="78ce1" />
  <table name="(P0327) KNOCK SENSOR 1 LOW INPUT" address="78ca6" />
  <table name="(P0328) KNOCK SENSOR 1 HIGH INPUT" address="78ca7" />
  <table name="(P0335) CRANKSHAFT POS. SENSOR A MALFUNCTION" address="78c9c" />
  <table name="(P0340) CAMSHAFT POS. SENSOR A MALFUNCTION" address="78d2f" />
  <table name="(P0345) CAMSHAFT POS. SENSOR A BANK 2" address="78d2e" />
  <table name="(P0365) CAMSHAFT POS. SENSOR B BANK 1" address="78d2d" />
  <table name="(P0390) CAMSHAFT POS. SENSOR B BANK 2" address="78d2c" />
  <table name="(P0410) SECONDARY AIR PUMP SYSTEM" address="78d59" />
  <table name="(P0413) SECONDARY AIR PUMP A OPEN" address="78d5d" />
  <table name="(P0414) SECONDARY AIR PUMP A SHORTED" address="78d62" />
  <table name="(P0418) SECONDARY AIR PUMP RELAY A" address="78d5e" />
  <table name="(P0458) EVAP PURGE VALVE CIRCUIT LOW" address="78ccd" />
  <table name="(P0459) EVAP PURGE VALVE CIRCUIT HIGH" address="78cce" />
  <table name="(P0462) FUEL LEVEL SENSOR LOW INPUT" address="78cae" />
  <table name="(P0463) FUEL LEVEL SENSOR HIGH INPUT" address="78caf" />
  <table name="(P0500) VEHICLE SPEED SENSOR A" address="78ca3" />
  <table name="(P0512) STARTER REQUEST CIRCUIT" address="78cb3" />
  <table name="(P0519) IDLE CONTROL MALFUNCTION (FAIL-SAFE)" address="78d0e" />
  <table name="(P0562) SYSTEM VOLTAGE LOW" address="78cfe" />
  <table name="(P0563) SYSTEM VOLTAGE HIGH" address="78cff" />
  <table name="(P0600) SERIAL COMMUNICATION LINK" address="78d2b" />
  <table name="(P0604) CONTROL MODULE RAM ERROR" address="78ca0" />
  <table name="(P0605) CONTROL MODULE ROM ERROR" address="78d30" />
  <table name="(P0607) CONTROL MODULE PERFORMANCE" address="78d23" />
  <table name="(P0638) THROTTLE ACTUATOR RANGE/PERF" address="78d22" />
  <table name="(P0700) TRANSMISSION CONTROL SYSTEM" address="78d3c" />
  <table name="(P0851) NEUTRAL SWITCH INPUT LOW" address="78cb7" />
  <table name="(P0852) NEUTRAL SWITCH INPUT HIGH" address="78cbb" />
  <table name="(P1160) ABNORMAL RETURN SPRING" address="78d1d" />
  <table name="(P1410) SECONDARY AIR PUMP VALVE STUCK OPEN" address="78d66" />
  <table name="(P1418) SECONDARY AIR PUMP CIRCUIT SHORTED" address="78d63" />
  <table name="(P1519) IMRC STUCK CLOSED" address="78d6f" />
  <table name="(P1520) IMRC CIRCUIT MALFUNCTION" address="78d6e" />
  <table name="(P1560) BACK-UP VOLTAGE MALFUNCTION" address="78cfd" />
  <table name="(P1616) SBDS INTERACTIVE CODES" address="78d6d" />
  <table name="(P2004) TGV - INTAKE MANIFOLD RUNNER 1 STUCK OPEN" address="78d47" />
  <table name="(P2005) TGV - INTAKE MANIFOLD RUNNER 2 STUCK OPEN" address="78d49" />
  <table name="(P2006) TGV - INTAKE MANIFOLD RUNNER 1 STUCK CLOSED" address="78d48" />
  <table name="(P2007) TGV - INTAKE MANIFOLD RUNNER 2 STUCK CLOSED" address="78d4a" />
  <table name="(P2008) TGV - INTAKE MANIFOLD RUNNER 1 CIRCUIT OPEN" address="78d55" />
  <table name="(P2009) TGV - INTAKE MANIFOLD RUNNER 1 CIRCUIT LOW" address="78d53" />
  <table name="(P2011) TGV - INTAKE MANIFOLD RUNNER 2 CIRCUIT OPEN" address="78d56" />
  <table name="(P2012) TGV - INTAKE MANIFOLD RUNNER 2 CIRCUIT LOW" address="78d54" />
  <table name="(P2016) TGV - INTAKE MANIFOLD RUNNER 1 POS. SENSOR LOW" address="78d4f" />
  <table name="(P2017) TGV - INTAKE MANIFOLD RUNNER 1 POS. SENSOR HIGH" address="78d50" />
  <table name="(P2021) TGV - INTAKE MANIFOLD RUNNER 2 POS. SENSOR LOW" address="78d51" />
  <table name="(P2022) TGV - INTAKE MANIFOLD RUNNER 2 POS. SENSOR HIGH" address="78d52" />
  <table name="(P2088) OCV SOLENOID A1 CIRCUIT OPEN" address="78d38" />
  <table name="(P2089) OCV SOLENOID A1 CIRCUIT SHORT" address="78d37" />
  <table name="(P2090) OCV SOLENOID B1 CIRCUIT OPEN" address="78d34" />
  <table name="(P2091) OCV SOLENOID B1 CIRCUIT SHORT" address="78d33" />
  <table name="(P2092) OCV SOLENOID A2 CIRCUIT OPEN" address="78d36" />
  <table name="(P2093) OCV SOLENOID A2 CIRCUIT SHORT" address="78d35" />
  <table name="(P2094) OCV SOLENOID B2 CIRCUIT OPEN" address="78d32" />
  <table name="(P2095) OCV SOLENOID B2 CIRCUIT SHORT" address="78d31" />
  <table name="(P2101) THROTTLE ACTUATOR CIRCUIT RANGE/PERF" address="78d20" />
  <table name="(P2102) THROTTLE ACTUATOR CIRCUIT LOW" address="78d1e" />
  <table name="(P2103) THROTTLE ACTUATOR CIRCUIT HIGH" address="78d1f" />
  <table name="(P2109) TPS A MINIMUM STOP PERF" address="78d1a" />
  <table name="(P2122) TPS D CIRCUIT LOW INPUT" address="78d27" />
  <table name="(P2123) TPS D CIRCUIT HIGH INPUT" address="78d28" />
  <table name="(P2127) TPS E CIRCUIT LOW INPUT" address="78d25" />
  <table name="(P2128) TPS E CIRCUIT HIGH INPUT" address="78d26" />
  <table name="(P2135) TPS A/B VOLTAGE" address="78d29" />
  <table name="(P2138) TPS D/E VOLTAGE" address="78d24" />
  <table name="(P2419) EVAP SWITCHING VALVE LOW" address="78d71" />
  <table name="(P2420) EVAP SWITCHING VALVE HIGH" address="78d72" />
  <table name="(P2432) SECONDARY AIR PUMP CIRCUIT LOW" address="78d5c" />
  <table name="(P2433) SECONDARY AIR PUMP CIRCUIT HIGH" address="78d5b" />
  <table name="(P2440) SECONDARY AIR PUMP VALVE 1 STUCK OPEN" address="78d6a" />
  <table name="(P2441) SECONDARY AIR PUMP VALVE 1 STUCK CLOSED" address="78d69" />
  <table name="(P2444) SECONDARY AIR PUMP 1 STUCK ON B1" address="78d57" />
</rom>