<rom>
  <romid>
    <xmlid>A2UG000B</xmlid>
    <internalidaddress>2000</internalidaddress>
    <internalidstring>A2UG000B</internalidstring>
    <ecuid>4B04585007</ecuid>
    <year>06</year>
    <market>JDM</market>
    <make>Subaru</make>
    <model>Legacy</model>
    <submodel>GT</submodel>
    <transmission>MT</transmission>
    <memmodel>SH7058</memmodel>
    <flashmethod>subarucan</flashmethod>
    <checksummodule>subarudbw</checksummodule>
  </romid>
  <include>32BITBASE</include>
  <table name="Target Boost_" address="c18d0">
    <table name="X" address="c1850" elements="16" />
    <table name="Y" address="c1890" elements="16" />
  </table>
  <table name="Target Boost Compensation (ECT)" address="c0ad0">
    <table name="Y" address="c0830" />
  </table>
  <table name="Target Boost Compensation (1st Gear)" address="c0828" />
  <table name="Target Boost Compensation (1st Gear) Speed Disable" address="c0824" />
  <table name="Target Boost Compensation (IAT)" address="c0b20">
    <table name="Y" address="c0ae0" />
  </table>
  <table name="Target Boost Compensation (Atm. Pressure)" address="c0b48">
    <table name="Y" address="c0b30" elements="6" />
  </table>
  <table name="Boost Limit (Fuel Cut)" address="c6a58">
    <table name="Y" address="c6a40" />
  </table>
  <table name="Boost Control Disable (IAM)" address="c0818" />
  <table name="Boost Control Disable (Fine Correction)" address="c0814" />
  <table name="Boost Control Disable Delay (Fine Correction)" address="c07b1" />
  <table name="Initial Wastegate Duty_" address="c1410">
    <table name="X" address="c1398" elements="14" />
    <table name="Y" address="c13d0" elements="16" />
  </table>
  <table name="Max Wastegate Duty_" address="c0fa0">
    <table name="X" address="c0f28" elements="14" />
    <table name="Y" address="c0f60" elements="16" />
  </table>
  <table name="Max Wastegate Duty Limit Post-Compensation" address="1802c" />
  <table name="Initial/Max Wastegate Duty Compensation (IAT)" address="c0900">
    <table name="Y" address="c08c0" />
  </table>
  <table name="Initial/Max Wastegate Duty Compensation (ECT)" address="c09c0">
    <table name="Y" address="c0830" />
  </table>
  <table name="Initial/Max Wastegate Duty Compensation (Atm. Pressure)" address="c0cd8">
    <table name="X" address="c0cb0" />
    <table name="Y" address="c0cc8" />
  </table>
  <table name="Turbo Dynamics Proportional" address="c0b74">
    <table name="Y" address="c0b50" />
  </table>
  <table name="Turbo Dynamics Integral Positive" address="c0be4">
    <table name="Y" address="c0bc0" />
  </table>
  <table name="Turbo Dynamics Integral Negative" address="c0bac">
    <table name="Y" address="c0b88" />
  </table>
  <table name="TD Proportional Compensation (IAT)" address="c0a10">
    <table name="Y" address="c09d0" elements="16" />
  </table>
  <table name="TD Integral Positive Compensation (IAT)" address="c0ab0">
    <table name="Y" address="c0a70" elements="16" />
  </table>
  <table name="TD Integral Negative Compensation (IAT)" address="c0a60">
    <table name="Y" address="c0a20" elements="16" />
  </table>
  <table name="TD Activation Thresholds (RPM)" address="c0804" />
  <table name="TD Activation Thresholds (Target Boost)_" address="c07e0" />
  <table name="TD Integral Cumulative Range (WGDC Correction)" address="c080c" />
  <table name="TD Integral Negative Activation (Boost Error)" address="c07ec" />
  <table name="TD Integral Positive Activation (Boost Error)" address="c07f4" />
  <table name="TD Integral Positive Activation (Wastegate Duty)" address="c07f8" />
  <table name="Manifold Pressure Sensor Scaling" address="c028c" />
  <table name="Manifold Pressure Sensor Limits (CEL)" address="cc83c" />
  <table name="Manifold Pressure Sensor CEL Delays" address="c3d41" />
  <table name="Primary Open Loop Fueling" address="c7018">
    <table name="X" address="c6f88" elements="18" />
    <table name="Y" address="c6fd0" />
  </table>
  <table name="Primary Open Loop Fueling (Failsafe)" address="c71ec">
    <table name="X" address="c715c" elements="18" />
    <table name="Y" address="c71a4" />
  </table>
  <table name="Primary Open Loop Fuel Map Switch (IAM)" address="c50b8" />
  <table name="Minimum Active Primary Open Loop Enrichment" address="c50bc" />
  <table name="Minimum Primary Open Loop Enrichment (Throttle)" address="c58b4">
    <table name="Y" address="c589c" />
  </table>
  <table name="Minimum Primary Open Loop Enrichment (Accelerator)" address="c58d4">
    <table name="Y" address="c58bc" />
  </table>
  <table name="Primary Open Loop Fueling Compensation (ECT)" address="c6470">
    <table name="Y" address="c544c" />
  </table>
  <table name="Primary Open Loop Fueling Compensation (Timing Compensation)" address="c5844">
    <table name="Y" address="c582c" />
  </table>
  <table name="Front Oxygen Sensor Scaling" address="ccdc0">
    <table name="Y" address="ccd8c" />
  </table>
  <table name="Front Oxygen Sensor Rich Limit" address="270b4" />
  <table name="Front Oxygen Sensor Compensation (Atm. Pressure)" address="c3414">
    <table name="Y" address="c3404" />
  </table>
  <table name="CL Fueling Target Compensation A (Load)" address="c7d0c">
    <table name="X" address="c7cdc" elements="6" />
    <table name="Y" address="c7cf4" elements="6" />
  </table>
  <table name="CL Fueling Target Compensation B (Load)" address="c7d84">
    <table name="X" address="c7d54" elements="6" />
    <table name="Y" address="c7d6c" elements="6" />
  </table>
  <table name="CL Fueling Target Compensation Imm. Cruise (ECT)" address="c7af8">
    <table name="X" address="c544c" />
    <table name="Y" address="c7af0" elements="2" />
  </table>
  <table name="CL Fueling Target Compensation Imm. Non-Cruise (ECT)" address="c7bac">
    <table name="X" address="c544c" />
    <table name="Y" address="c7ba4" elements="2" />
  </table>
  <table name="CL to OL Delay_" address="c4c7e" />
  <table name="CL to OL Delay/Switch SI-DRIVE Intelligent" address="c4c78" />
  <table name="CL to OL Transition with Delay (Throttle)" address="c588c">
    <table name="Y" address="c584c" />
  </table>
  <table name="CL to OL Transition with Delay Throttle Hysteresis" address="c50c0" />
  <table name="CL to OL Transition with Delay (Base Pulse Width)" address="c639c">
    <table name="Y" address="c635c" />
  </table>
  <table name="CL to OL Transition with Delay BPW Hysteresis" address="c50c4" />
  <table name="CL to OL Transition Counter Step Value (MAF)" address="c63e4">
    <table name="Y" address="c63bc" />
  </table>
  <table name="CL Delay Maximum (Throttle)" address="c513c" />
  <table name="CL Delay Maximum (Vehicle Speed)" address="c5140" />
  <table name="CL Delay Minimum (ECT)" address="c50c8" />
  <table name="CL Delay Maximum (Engine Load)" address="c5150" />
  <table name="CL Delay Engine Load Counter Threshold" address="c4c76" />
  <table name="CL Delay Maximum Engine Speed (Per Gear)" address="c50cc" />
  <table name="CL Delay Maximum Engine Speed (Neutral)" address="c511c" />
  <table name="Injector Latency" address="c5b74">
    <table name="Y" address="c5b60" />
  </table>
  <table name="Injector Flow Scaling" address="c4e08" />
  <table name="Per Injector Pulse Width Compensation A" address="c7380">
    <table name="X" address="c7330" elements="8" />
    <table name="Y" address="c7350" elements="12" />
  </table>
  <table name="Per Injector Pulse Width Compensation B" address="c7430">
    <table name="X" address="c73e0" elements="8" />
    <table name="Y" address="c7400" elements="12" />
  </table>
  <table name="Per Injector Pulse Width Compensation C" address="c74e0">
    <table name="X" address="c7490" elements="8" />
    <table name="Y" address="c74b0" elements="12" />
  </table>
  <table name="Per Injector Pulse Width Compensation D" address="c7590">
    <table name="X" address="c7540" elements="8" />
    <table name="Y" address="c7560" elements="12" />
  </table>
  <table name="Cranking Fuel Injector Pulse Width A (ECT)" address="c5a9e">
    <table name="Y" address="c544c" />
  </table>
  <table name="Cranking Fuel Injector Pulse Width B (ECT)" address="c5abe">
    <table name="Y" address="c544c" />
  </table>
  <table name="Cranking Fuel Injector Pulse Width C (ECT)" address="c5ade">
    <table name="Y" address="c544c" />
  </table>
  <table name="Cranking Fuel Injector Pulse Width D (ECT)" address="c5afe">
    <table name="Y" address="c544c" />
  </table>
  <table name="Cranking Fuel Injector Pulse Width E (ECT)" address="c5b1e">
    <table name="Y" address="c544c" />
  </table>
  <table name="Cranking Fuel Injector Pulse Width F (ECT)" address="c5b3e">
    <table name="Y" address="c544c" />
  </table>
  <table name="Cranking Fuel IPW Compensation Imm. Cruise (RPM)" address="c6be0">
    <table name="X" address="c6bb0" />
    <table name="Y" address="c6bc4" />
  </table>
  <table name="Cranking Fuel IPW Compensation Imm. Non-Cruise (RPM)" address="c6c88">
    <table name="X" address="c6c58" />
    <table name="Y" address="c6c6c" />
  </table>
  <table name="Cranking Fuel IPW Compensation (Accelerator)" address="c5570">
    <table name="Y" address="c5558" />
  </table>
  <table name="Throttle Tip-in Enrichment" address="c69ac">
    <table name="Y" address="c6968" elements="17" />
  </table>
  <table name="Minimum Tip-in Enrichment Activation" address="c5328" />
  <table name="Minimum Tip-in Enrichment Activation (Throttle)" address="c5320" />
  <table name="Tip-in Enrichment Compensation (Boost Error)" address="c5a44">
    <table name="Y" address="c5a20" />
  </table>
  <table name="Tip-in Enrichment Compensation (ECT)" address="c69ce">
    <table name="Y" address="c544c" />
  </table>
  <table name="Tip-in Enrichment Disable Applied Counter Threshold" address="c4c31" />
  <table name="Tip-in Enrichment Applied Counter Reset" address="c4c32" />
  <table name="Tip-in Enrichment Disable Throttle Cumulative Threshold" address="c5324" />
  <table name="Tip-in Throttle Cumulative Reset" address="c4c33" />
  <table name="Min Primary Base Enrichment 1 Cruise" address="c6dbc">
    <table name="X" address="c544c" />
    <table name="Y" address="c6d9c" />
  </table>
  <table name="Min Primary Base Enrichment 1 Non-Cruise" address="c6d1c">
    <table name="X" address="c544c" />
    <table name="Y" address="c6cfc" />
  </table>
  <table name="Min Primary Base Enrichment 1 (Non-Primary OL)" address="c6e70">
    <table name="X" address="c6e3c" />
    <table name="Y" address="c6e64" />
  </table>
  <table name="Min Primary Base Enrich 2 Initial Start 1A" address="c5bfe">
    <table name="Y" address="c544c" />
  </table>
  <table name="Min Primary Base Enrich 2 Initial Start 1B" address="c5c1e">
    <table name="Y" address="c544c" />
  </table>
  <table name="Min Primary Base Enrich 2 Initial Start 2A" address="c5c3e">
    <table name="Y" address="c544c" />
  </table>
  <table name="Min Primary Base Enrich 2 Initial Start 2B" address="c5c5e">
    <table name="Y" address="c544c" />
  </table>
  <table name="Min Primary Base Enrich 2 Decay Step 1" address="c5c7e">
    <table name="Y" address="c544c" />
  </table>
  <table name="Min Primary Base Enrich 2 Decay Step 2" address="c5c9e">
    <table name="Y" address="c544c" />
  </table>
  <table name="Min Primary Base Enrich 3 Initial Start 1A" address="c5b7e">
    <table name="Y" address="c544c" />
  </table>
  <table name="Min Primary Base Enrich 3 Initial Start 1B" address="c5b9e">
    <table name="Y" address="c544c" />
  </table>
  <table name="Min Primary Base Enrich 3 Initial Start 2A" address="c5bbe">
    <table name="Y" address="c544c" />
  </table>
  <table name="Min Primary Base Enrich 3 Initial Start 2B" address="c5bde">
    <table name="Y" address="c544c" />
  </table>
  <table name="Min Primary Base Enrich 3 Decay Delay A" address="c5586">
    <table name="Y" address="c544c" />
  </table>
  <table name="Min Primary Base Enrich 3 Decay Delay B" address="c5596">
    <table name="Y" address="c544c" />
  </table>
  <table name="Min Primary Base Enrich 3 Decay Multiplier" address="c4e0c" />
  <table name="A/F Learning #1 Limits" address="c4fd0" />
  <table name="A/F Learning #1 Airflow Ranges" address="c4fe0" />
  <table name="MAF Limit (Maximum)" address="c2f30" />
  <table name="MAF Sensor Scaling" address="cccb4">
    <table name="Y" address="ccbdc" />
  </table>
  <table name="MAF Compensation (IAT)" address="c36cc">
    <table name="X" address="c3698" />
    <table name="Y" address="c36ac" />
  </table>
  <table name="Engine Load Limit (Maximum)" address="2584c" />
  <table name="Engine Load Compensation (MP)" address="c3754">
    <table name="X" address="c36f4" />
    <table name="Y" address="c3720" elements="13" />
  </table>
  <table name="Base Timing Primary Cruise" address="c9d00">
    <table name="X" address="c9c70" elements="18" />
    <table name="Y" address="c9cb8" />
  </table>
  <table name="Base Timing Reference Cruise (AVCS related)" address="ca0c0">
    <table name="X" address="ca030" elements="18" />
    <table name="Y" address="ca078" />
  </table>
  <table name="Base Timing Primary Non-Cruise" address="c9ed8">
    <table name="X" address="c9e44" elements="19" />
    <table name="Y" address="c9e90" />
  </table>
  <table name="Base Timing Reference Non-Cruise (AVCS related)" address="ca294">
    <table name="X" address="ca204" elements="18" />
    <table name="Y" address="ca24c" />
  </table>
  <table name="Base Timing Idle A (In-Gear)" address="c8c41">
    <table name="Y" address="c8a4c" />
  </table>
  <table name="Base Timing Idle B (In-Gear)" address="c8c51">
    <table name="Y" address="c8a4c" />
  </table>
  <table name="Base Timing Idle A (Neutral)" address="c8c61">
    <table name="Y" address="c8a4c" />
  </table>
  <table name="Base Timing Idle B (Neutral)" address="c8c71">
    <table name="Y" address="c8a4c" />
  </table>
  <table name="Base Timing Idle Minimum" address="c8c38">
    <table name="Y" address="c8c14" />
  </table>
  <table name="Base Timing Idle Minimum Vehicle Speed Enable" address="c88a0" />
  <table name="Knock Correction Advance Max Cruise" address="c9acc">
    <table name="X" address="c9a3c" elements="18" />
    <table name="Y" address="c9a84" />
  </table>
  <table name="Knock Correction Advance Max Non-Cruise" address="c98e4">
    <table name="X" address="c9850" elements="19" />
    <table name="Y" address="c989c" />
  </table>
  <table name="Timing Compensation A (IAT)" address="c8cf4">
    <table name="Y" address="c8cb4" />
  </table>
  <table name="Timing Compensation A (IAT) Activation" address="ca418">
    <table name="X" address="ca3d8" />
    <table name="Y" address="ca3f8" />
  </table>
  <table name="Timing Compensation B (IAT)" address="c9228">
    <table name="Y" address="c91e8" />
  </table>
  <table name="Timing Compensation B (IAT) IAM Activation" address="c8a18" />
  <table name="Timing Compensation B (IAT) Max Additive" address="c89fc" />
  <table name="Timing Compensation (ECT)" address="c8ca1">
    <table name="Y" address="c8a4c" />
  </table>
  <table name="Timing Compensation (MRP)" address="ca6c0">
    <table name="X" address="ca6a0" />
    <table name="Y" address="ca6b4" />
  </table>
  <table name="Timing Compensation Per Cylinder A" address="c9650">
    <table name="X" address="c9608" />
    <table name="Y" address="c9640" />
  </table>
  <table name="Timing Compensation Per Cylinder B" address="c96d0">
    <table name="X" address="c9688" />
    <table name="Y" address="c96c0" />
  </table>
  <table name="Timing Compensation Per Cylinder C" address="c9750">
    <table name="X" address="c9708" />
    <table name="Y" address="c9740" />
  </table>
  <table name="Timing Compensation Per Cylinder D" address="c97d0">
    <table name="X" address="c9788" />
    <table name="Y" address="c97c0" />
  </table>
  <table name="Timing Comp Minimum Load (Per Cylinder)" address="c8630" />
  <table name="Timing Comp Maximum RPM (Per Cylinder)" address="c862c" />
  <table name="Timing Comp Minimum Coolant Temp (Per Cylinder)" address="c8634" />
  <table name="Feedback Correction Range (RPM)" address="c8640" />
  <table name="Feedback Correction Minimum Load" address="c8638" />
  <table name="Feedback Correction Retard Value" address="c8660" />
  <table name="Feedback Correction Retard Limit" address="c865c" />
  <table name="Feedback Correction Negative Advance Value" address="c8664" />
  <table name="Feedback Correction Negative Advance Delay" address="c85f8" />
  <table name="Extended Feedback Correction High RPM Compensation" address="c866c" />
  <table name="Fine Correction Minimum (RPM)" address="c867c" />
  <table name="Fine Correction Maximum (RPM)" address="c87c8" />
  <table name="Fine Correction Range (Load)" address="c87d0" />
  <table name="Fine Correction Rows (RPM)" address="c8794" />
  <table name="Fine Correction Columns (Load)" address="c8784" />
  <table name="Fine Correction Retard Value" address="c87c4" />
  <table name="Fine Correction Retard Limit" address="c87c0" />
  <table name="Fine Correction Advance Value" address="c87bc" />
  <table name="Fine Correction Advance Limit" address="c87b8" />
  <table name="Fine Correction Advance Delay" address="c8608" />
  <table name="Rough Correction Range (RPM)" address="c8734" />
  <table name="Rough Correction Range (Load)" address="c8744" />
  <table name="Rough Correction Minimum KC Advance Map Value" address="c8754" />
  <table name="Rough Correction Learning Delay (Increasing)" address="c8af4">
    <table name="Y" address="c8acc" />
  </table>
  <table name="Advance Multiplier (Initial)" address="c8758" />
  <table name="Advance Multiplier Step Value" address="c875c" />
  <table name="Intake Cam Advance Angle Cruise (AVCS)" address="cf488">
    <table name="X" address="cf408" />
    <table name="Y" address="cf440" />
  </table>
  <table name="Intake Cam Advance Angle Non-Cruise (AVCS)" address="cf700">
    <table name="X" address="cf680" />
    <table name="Y" address="cf6b8" />
  </table>
  <table name="Exhaust Cam Retard Angle Cruise (AVCS)" address="ceb60">
    <table name="X" address="ceae0" />
    <table name="Y" address="ceb18" />
  </table>
  <table name="Exhaust Cam Retard Angle Non-Cruise (AVCS)" address="cedd8">
    <table name="X" address="ced58" />
    <table name="Y" address="ced90" />
  </table>
  <table name="Requested Torque (Accelerator Pedal) SI-DRIVE Sport" address="dc930">
    <table name="X" address="dc888" elements="20" />
    <table name="Y" address="dc8d8" elements="22" />
  </table>
  <table name="Requested Torque (Accelerator Pedal) SI-DRIVE Sport Sharp" address="dcd48">
    <table name="X" address="dcca0" elements="20" />
    <table name="Y" address="dccf0" elements="22" />
  </table>
  <table name="Requested Torque (Accelerator Pedal) SI-DRIVE Intelligent" address="dd160">
    <table name="X" address="dd0b8" elements="20" />
    <table name="Y" address="dd108" elements="22" />
  </table>
  <table name="Target Throttle Plate Position Cruise (Requested Torque)" address="dbf80">
    <table name="X" address="dbeec" elements="21" />
    <table name="Y" address="dbf40" />
  </table>
  <table name="Target Throttle Plate Position Non-Cruise (Requested Torque)" address="dc2b4">
    <table name="X" address="dc220" elements="21" />
    <table name="Y" address="dc274" />
  </table>
  <table name="Target Throttle Plate Position Maximum (Requested Torque)" address="dc5e8">
    <table name="X" address="dc554" elements="21" />
    <table name="Y" address="dc5a8" />
  </table>
  <table name="Rev Limit (Fuel Cut)" address="c537c" />
  <table name="Rev Limit Fuel Resume (Boost)" address="c5384" />
  <table name="Speed Limiting Enable (Fuel Cut)" address="c53cc" />
  <table name="Speed Limiting Disable (Fuel Cut)" address="c53d8" />
  <table name="Speed Limiting A (Throttle) SI-DRIVE Sport/Sport Sharp" address="db844" />
  <table name="Speed Limiting B (Throttle) SI-DRIVE Sport/Sport Sharp" address="db85c" />
  <table name="Speed Limiting (Throttle) SI-DRIVE Intelligent" address="db850" />
  <table name="Intake Temp Sensor Scaling" address="86158">
    <table name="Y" address="860e0" />
  </table>
  <table name="Coolant Temp Sensor Scaling" address="86070">
    <table name="Y" address="86000" />
  </table>
  <table name="Radiator Fan Modes A (ECT)" address="cd520" />
  <table name="Radiator Fan Modes B (ECT)" address="cd530" />
  <table name="Radiator Fan Modes (Veh. Speed)" address="cd540" />
  <table name="Gear Determination Thresholds A" address="c3118" />
  <table name="Gear Determination Thresholds B" address="c312c" />
  <table name="Gear Determination Thresholds C" address="c3140" />
  <table name="Idle Speed Target A" address="cb226">
    <table name="Y" address="cad38" />
  </table>
  <table name="Idle Speed Target B" address="cb266">
    <table name="Y" address="cad38" />
  </table>
  <table name="Idle Speed Target C" address="cb2a6">
    <table name="Y" address="cad38" />
  </table>
  <table name="Force Pass Readiness Monitors" address="7ee9a" />
  <table name="(P0000) PASS CODE (NO DTC DETECTED)" address="73451" />
  <table name="(P0000) PASS CODE (NO DTC DETECTED)_" address="73452" />
  <table name="(P0031) FRONT O2 SENSOR LOW INPUT" address="73460" />
  <table name="(P0032) FRONT O2 SENSOR HIGH INPUT" address="7345e" />
  <table name="(P0037) REAR O2 SENSOR LOW INPUT" address="7345f" />
  <table name="(P0038) REAR O2 SENSOR HIGH INPUT" address="7345d" />
  <table name="(P0102) MAF SENSOR LOW INPUT" address="7340d" />
  <table name="(P0103) MAF SENSOR HIGH INPUT" address="7340e" />
  <table name="(P0107) MAP SENSOR LOW INPUT" address="73461" />
  <table name="(P0108) MAP SENSOR HIGH INPUT" address="73462" />
  <table name="(P0112) IAT SENSOR LOW INPUT" address="7345a" />
  <table name="(P0113) IAT SENSOR HIGH INPUT" address="7345b" />
  <table name="(P0117) COOLANT TEMP SENSOR LOW INPUT" address="73416" />
  <table name="(P0118) COOLANT TEMP SENSOR HIGH INPUT" address="73417" />
  <table name="(P0122) TPS A LOW INPUT" address="73414" />
  <table name="(P0123) TPS A HIGH INPUT" address="73415" />
  <table name="(P0131) FRONT O2 SENSOR LOW INPUT" address="73454" />
  <table name="(P0132) FRONT O2 SENSOR HIGH INPUT" address="73456" />
  <table name="(P0134) FRONT O2 SENSOR NO ACTIVITY" address="7347d" />
  <table name="(P0140) REAR O2 SENSOR NO ACTIVITY" address="734cb" />
  <table name="(P0171) SYSTEM TOO LEAN" address="73448" />
  <table name="(P0172) SYSTEM TOO RICH" address="73449" />
  <table name="(P0222) TPS B LOW INPUT" address="73487" />
  <table name="(P0223) TPS B HIGH INPUT" address="73488" />
  <table name="(P0230) FUEL PUMP PRIMARY CIRCUIT" address="73478" />
  <table name="(P0245) WASTEGATE SOLENOID A LOW" address="7346c" />
  <table name="(P0246) WASTEGATE SOLENOID A HIGH" address="7346d" />
  <table name="(P0301) MISFIRE CYLINDER 1" address="7344a" />
  <table name="(P0302) MISFIRE CYLINDER 2" address="7344b" />
  <table name="(P0303) MISFIRE CYLINDER 3" address="7344c" />
  <table name="(P0304) MISFIRE CYLINDER 4" address="7344d" />
  <table name="(P0327) KNOCK SENSOR 1 LOW INPUT" address="73412" />
  <table name="(P0328) KNOCK SENSOR 1 HIGH INPUT" address="73413" />
  <table name="(P0335) CRANKSHAFT POS. SENSOR A MALFUNCTION" address="73408" />
  <table name="(P0340) CAMSHAFT POS. SENSOR A MALFUNCTION" address="7349b" />
  <table name="(P0345) CAMSHAFT POS. SENSOR A BANK 2" address="7349a" />
  <table name="(P0365) CAMSHAFT POS. SENSOR B BANK 1" address="73499" />
  <table name="(P0390) CAMSHAFT POS. SENSOR B BANK 2" address="73498" />
  <table name="(P0410) SECONDARY AIR PUMP SYSTEM" address="734c5" />
  <table name="(P0413) SECONDARY AIR PUMP A OPEN" address="734c9" />
  <table name="(P0414) SECONDARY AIR PUMP A SHORTED" address="734ce" />
  <table name="(P0418) SECONDARY AIR PUMP RELAY A" address="734ca" />
  <table name="(P0458) EVAP PURGE VALVE CIRCUIT LOW" address="73439" />
  <table name="(P0459) EVAP PURGE VALVE CIRCUIT HIGH" address="7343a" />
  <table name="(P0462) FUEL LEVEL SENSOR LOW INPUT" address="7341a" />
  <table name="(P0463) FUEL LEVEL SENSOR HIGH INPUT" address="7341b" />
  <table name="(P0500) VEHICLE SPEED SENSOR A" address="7340f" />
  <table name="(P0512) STARTER REQUEST CIRCUIT" address="7341f" />
  <table name="(P0519) IDLE CONTROL MALFUNCTION (FAIL-SAFE)" address="7347a" />
  <table name="(P0562) SYSTEM VOLTAGE LOW" address="7346a" />
  <table name="(P0563) SYSTEM VOLTAGE HIGH" address="7346b" />
  <table name="(P0600) SERIAL COMMUNICATION LINK" address="73497" />
  <table name="(P0604) CONTROL MODULE RAM ERROR" address="7340c" />
  <table name="(P0605) CONTROL MODULE ROM ERROR" address="7349c" />
  <table name="(P0607) CONTROL MODULE PERFORMANCE" address="7348f" />
  <table name="(P0638) THROTTLE ACTUATOR RANGE/PERF" address="7348e" />
  <table name="(P0700) TRANSMISSION CONTROL SYSTEM" address="734a8" />
  <table name="(P0851) NEUTRAL SWITCH INPUT LOW" address="73423" />
  <table name="(P0852) NEUTRAL SWITCH INPUT HIGH" address="73427" />
  <table name="(P1160) ABNORMAL RETURN SPRING" address="73489" />
  <table name="(P1410) SECONDARY AIR PUMP VALVE STUCK OPEN" address="734d2" />
  <table name="(P1418) SECONDARY AIR PUMP CIRCUIT SHORTED" address="734cf" />
  <table name="(P1518) STARTER SWITCH LOW INPUT" address="7341e" />
  <table name="(P1560) BACK-UP VOLTAGE MALFUNCTION" address="73469" />
  <table name="(P2004) TGV - INTAKE MANIFOLD RUNNER 1 STUCK OPEN" address="734b3" />
  <table name="(P2005) TGV - INTAKE MANIFOLD RUNNER 2 STUCK OPEN" address="734b5" />
  <table name="(P2006) TGV - INTAKE MANIFOLD RUNNER 1 STUCK CLOSED" address="734b4" />
  <table name="(P2007) TGV - INTAKE MANIFOLD RUNNER 2 STUCK CLOSED" address="734b6" />
  <table name="(P2008) TGV - INTAKE MANIFOLD RUNNER 1 CIRCUIT OPEN" address="734c1" />
  <table name="(P2009) TGV - INTAKE MANIFOLD RUNNER 1 CIRCUIT LOW" address="734bf" />
  <table name="(P2011) TGV - INTAKE MANIFOLD RUNNER 2 CIRCUIT OPEN" address="734c2" />
  <table name="(P2012) TGV - INTAKE MANIFOLD RUNNER 2 CIRCUIT LOW" address="734c0" />
  <table name="(P2016) TGV - INTAKE MANIFOLD RUNNER 1 POS. SENSOR LOW" address="734bb" />
  <table name="(P2017) TGV - INTAKE MANIFOLD RUNNER 1 POS. SENSOR HIGH" address="734bc" />
  <table name="(P2021) TGV - INTAKE MANIFOLD RUNNER 2 POS. SENSOR LOW" address="734bd" />
  <table name="(P2022) TGV - INTAKE MANIFOLD RUNNER 2 POS. SENSOR HIGH" address="734be" />
  <table name="(P2088) OCV SOLENOID A1 CIRCUIT OPEN" address="734a4" />
  <table name="(P2089) OCV SOLENOID A1 CIRCUIT SHORT" address="734a3" />
  <table name="(P2090) OCV SOLENOID B1 CIRCUIT OPEN" address="734a0" />
  <table name="(P2091) OCV SOLENOID B1 CIRCUIT SHORT" address="7349f" />
  <table name="(P2092) OCV SOLENOID A2 CIRCUIT OPEN" address="734a2" />
  <table name="(P2093) OCV SOLENOID A2 CIRCUIT SHORT" address="734a1" />
  <table name="(P2094) OCV SOLENOID B2 CIRCUIT OPEN" address="7349e" />
  <table name="(P2095) OCV SOLENOID B2 CIRCUIT SHORT" address="7349d" />
  <table name="(P2101) THROTTLE ACTUATOR CIRCUIT RANGE/PERF" address="7348c" />
  <table name="(P2102) THROTTLE ACTUATOR CIRCUIT LOW" address="7348a" />
  <table name="(P2103) THROTTLE ACTUATOR CIRCUIT HIGH" address="7348b" />
  <table name="(P2109) TPS A MINIMUM STOP PERF" address="73486" />
  <table name="(P2122) TPS D CIRCUIT LOW INPUT" address="73493" />
  <table name="(P2123) TPS D CIRCUIT HIGH INPUT" address="73494" />
  <table name="(P2127) TPS E CIRCUIT LOW INPUT" address="73491" />
  <table name="(P2128) TPS E CIRCUIT HIGH INPUT" address="73492" />
  <table name="(P2135) TPS A/B VOLTAGE" address="73495" />
  <table name="(P2138) TPS D/E VOLTAGE" address="73490" />
  <table name="(P2432) SECONDARY AIR PUMP CIRCUIT LOW" address="734c8" />
  <table name="(P2433) SECONDARY AIR PUMP CIRCUIT HIGH" address="734c7" />
  <table name="(P2440) SECONDARY AIR PUMP VALVE 1 STUCK OPEN" address="734d6" />
  <table name="(P2441) SECONDARY AIR PUMP VALVE 1 STUCK CLOSED" address="734d5" />
  <table name="(P2444) SECONDARY AIR PUMP 1 STUCK ON B1" address="734c3" />
</rom>