<rom>
  <romid>
    <xmlid>A2UG000N</xmlid>
    <internalidaddress>2000</internalidaddress>
    <internalidstring>A2UG000N</internalidstring>
    <ecuid>4B125A5007</ecuid>
    <year>07</year>
    <market>USDM</market>
    <make>Subaru</make>
    <model>Legacy</model>
    <submodel>GT</submodel>
    <transmission>MT</transmission>
    <memmodel>SH7058</memmodel>
    <flashmethod>subarucan</flashmethod>
    <checksummodule>subarudbw</checksummodule>
  </romid>
  <include>A2UG000L</include>
</rom>