<rom>
  <romid>
    <xmlid>A2UH000A</xmlid>
    <internalidaddress>2000</internalidaddress>
    <internalidstring>A2UH000A</internalidstring>
    <ecuid>4B04505107</ecuid>
    <year>06</year>
    <market>JDM</market>
    <make>Subaru</make>
    <model>Legacy</model>
    <submodel>GT</submodel>
    <transmission>AT</transmission>
    <memmodel>SH7058</memmodel>
    <flashmethod>subarucan</flashmethod>
    <checksummodule>subarudbw</checksummodule>
  </romid>
  <include>32BITBASE</include>
  <table name="Target Boost_" address="c164c">
    <table name="X" address="c15cc" elements="16" />
    <table name="Y" address="c160c" elements="16" />
  </table>
  <table name="Target Boost Compensation (ECT)" address="c0ac0">
    <table name="Y" address="c0830" />
  </table>
  <table name="Target Boost Compensation (1st Gear)" address="c0828" />
  <table name="Target Boost Compensation (1st Gear) Speed Disable" address="c0824" />
  <table name="Target Boost Compensation (IAT)" address="c0b20">
    <table name="Y" address="c0ae0" />
  </table>
  <table name="Target Boost Compensation (Atm. Pressure)" address="c0b44">
    <table name="Y" address="c0b30" />
  </table>
  <table name="Boost Limit (Fuel Cut)" address="c6a70">
    <table name="Y" address="c6a58" />
  </table>
  <table name="Boost Control Disable (IAM)" address="c0818" />
  <table name="Boost Control Disable (Fine Correction)" address="c0814" />
  <table name="Boost Control Disable Delay (Fine Correction)" address="c07b1" />
  <table name="Initial Wastegate Duty_" address="c11d4">
    <table name="X" address="c115c" elements="14" />
    <table name="Y" address="c1194" elements="16" />
  </table>
  <table name="Max Wastegate Duty_" address="c0d64">
    <table name="X" address="c0cec" elements="14" />
    <table name="Y" address="c0d24" elements="16" />
  </table>
  <table name="Max Wastegate Duty Limit Post-Compensation" address="1802c" />
  <table name="Initial/Max Wastegate Duty Compensation (IAT)" address="c08b0">
    <table name="Y" address="c0870" />
  </table>
  <table name="Initial/Max Wastegate Duty Compensation (ECT)" address="c09b0">
    <table name="Y" address="c0830" />
  </table>
  <table name="Initial/Max Wastegate Duty Compensation (Atm. Pressure)" address="c0c94">
    <table name="X" address="c0c6c" />
    <table name="Y" address="c0c84" />
  </table>
  <table name="Turbo Dynamics Proportional" address="c0b70">
    <table name="Y" address="c0b4c" />
  </table>
  <table name="Turbo Dynamics Integral Positive" address="c0be0">
    <table name="Y" address="c0bbc" />
  </table>
  <table name="Turbo Dynamics Integral Negative" address="c0ba8">
    <table name="Y" address="c0b84" />
  </table>
  <table name="TD Proportional Compensation (IAT)" address="c0a10">
    <table name="Y" address="c09d0" elements="16" />
  </table>
  <table name="TD Integral Positive Compensation (IAT)" address="c0ab0">
    <table name="Y" address="c0a70" elements="16" />
  </table>
  <table name="TD Integral Negative Compensation (IAT)" address="c0a60">
    <table name="Y" address="c0a20" elements="16" />
  </table>
  <table name="TD Activation Thresholds (RPM)" address="c07fc" />
  <table name="TD Activation Thresholds (Target Boost)_" address="c07d8" />
  <table name="TD Integral Cumulative Range (WGDC Correction)" address="c080c" />
  <table name="TD Integral Negative Activation (Boost Error)" address="c07e8" />
  <table name="TD Integral Positive Activation (Boost Error)" address="c07f0" />
  <table name="TD Integral Positive Activation (Wastegate Duty)" address="c07f8" />
  <table name="Manifold Pressure Sensor Scaling" address="c028c" />
  <table name="Manifold Pressure Sensor Limits (CEL)" address="cc9b6" />
  <table name="Manifold Pressure Sensor CEL Delays" address="c3d41" />
  <table name="Primary Open Loop Fueling" address="c71b8">
    <table name="X" address="c7118" elements="22" />
    <table name="Y" address="c7170" />
  </table>
  <table name="Primary Open Loop Fueling (Failsafe)" address="c73e4">
    <table name="X" address="c7344" elements="22" />
    <table name="Y" address="c739c" />
  </table>
  <table name="Primary Open Loop Fuel Map Switch (IAM)" address="c50b8" />
  <table name="Minimum Active Primary Open Loop Enrichment" address="c50bc" />
  <table name="Minimum Primary Open Loop Enrichment (Throttle)" address="c58bc">
    <table name="Y" address="c58a4" />
  </table>
  <table name="Minimum Primary Open Loop Enrichment (Accelerator)" address="c58dc">
    <table name="Y" address="c58c4" />
  </table>
  <table name="Primary Open Loop Fueling Compensation (ECT)" address="c6488">
    <table name="Y" address="c5444" />
  </table>
  <table name="Primary Open Loop Fueling Compensation (Timing Compensation)" address="c584c">
    <table name="Y" address="c5834" />
  </table>
  <table name="Front Oxygen Sensor Scaling" address="ccf20">
    <table name="Y" address="cceec" />
  </table>
  <table name="Front Oxygen Sensor Rich Limit" address="270b8" />
  <table name="Front Oxygen Sensor Compensation (Atm. Pressure)" address="c3414">
    <table name="Y" address="c3404" />
  </table>
  <table name="CL Fueling Target Compensation A (Load)" address="c7ca4">
    <table name="X" address="c7c74" elements="6" />
    <table name="Y" address="c7c8c" elements="6" />
  </table>
  <table name="CL Fueling Target Compensation B (Load)" address="c7d1c">
    <table name="X" address="c7cec" elements="6" />
    <table name="Y" address="c7d04" elements="6" />
  </table>
  <table name="CL Fueling Target Compensation Imm. Cruise (ECT)" address="c7b18">
    <table name="X" address="c5444" />
    <table name="Y" address="c7b0c" />
  </table>
  <table name="CL Fueling Target Compensation Imm. Non-Cruise (ECT)" address="c7bcc">
    <table name="X" address="c5444" />
    <table name="Y" address="c7bc0" />
  </table>
  <table name="CL to OL Delay" address="c4c7e">
    <table name="Y" elements="2" />
  </table>
  <table name="CL to OL Delay/Switch SI-DRIVE Intelligent" address="c4c7c" />
  <table name="CL to OL Transition with Delay (Throttle)" address="c5894">
    <table name="Y" address="c5854" />
  </table>
  <table name="CL to OL Transition with Delay Throttle Hysteresis" address="c50c0" />
  <table name="CL to OL Transition with Delay (Base Pulse Width)" address="c63b4">
    <table name="Y" address="c6374" />
  </table>
  <table name="CL to OL Transition with Delay BPW Hysteresis" address="c50c4" />
  <table name="CL to OL Transition Counter Step Value (MAF)" address="c63fc">
    <table name="Y" address="c63d4" />
  </table>
  <table name="CL Delay Maximum (Vehicle Speed)" address="c5140" />
  <table name="CL Delay Minimum (ECT)" address="c50c8" />
  <table name="CL Delay Maximum (Engine Load)" address="c5150" />
  <table name="CL Delay Engine Load Counter Threshold" address="c4c7a" />
  <table name="CL Delay Maximum Engine Speed (Per Gear)" address="c50f4" />
  <table name="CL Delay Maximum Engine Speed (Neutral)" address="c511c" />
  <table name="CL Delay Throttle Atm. Pressure Thresholds" address="c5124" />
  <table name="CL Delay Maximum (Throttle) (Low Atm. Pressure)" address="c512c" />
  <table name="CL Delay Maximum (Throttle) (High Atm. Pressure)" address="c5134" />
  <table name="Injector Latency" address="c5b8c">
    <table name="Y" address="c5b78" />
  </table>
  <table name="Injector Flow Scaling" address="c4e08" />
  <table name="Per Injector Pulse Width Compensation A" address="c75c0">
    <table name="X" address="c7570" elements="8" />
    <table name="Y" address="c7590" elements="12" />
  </table>
  <table name="Per Injector Pulse Width Compensation B" address="c7670">
    <table name="X" address="c7620" elements="8" />
    <table name="Y" address="c7640" elements="12" />
  </table>
  <table name="Per Injector Pulse Width Compensation C" address="c7720">
    <table name="X" address="c76d0" elements="8" />
    <table name="Y" address="c76f0" elements="12" />
  </table>
  <table name="Per Injector Pulse Width Compensation D" address="c77d0">
    <table name="X" address="c7780" elements="8" />
    <table name="Y" address="c77a0" elements="12" />
  </table>
  <table name="Cranking Fuel Injector Pulse Width A (ECT)" address="c5ab6">
    <table name="Y" address="c5444" />
  </table>
  <table name="Cranking Fuel Injector Pulse Width B (ECT)" address="c5ad6">
    <table name="Y" address="c5444" />
  </table>
  <table name="Cranking Fuel Injector Pulse Width C (ECT)" address="c5af6">
    <table name="Y" address="c5444" />
  </table>
  <table name="Cranking Fuel Injector Pulse Width D (ECT)" address="c5b16">
    <table name="Y" address="c5444" />
  </table>
  <table name="Cranking Fuel Injector Pulse Width E (ECT)" address="c5b36">
    <table name="Y" address="c5444" />
  </table>
  <table name="Cranking Fuel Injector Pulse Width F (ECT)" address="c5b56">
    <table name="Y" address="c5444" />
  </table>
  <table name="Cranking Fuel IPW Compensation Imm. Cruise (RPM)" address="c6d1c">
    <table name="X" address="c6cec" />
    <table name="Y" address="c6d00" />
  </table>
  <table name="Cranking Fuel IPW Compensation Imm. Non-Cruise (RPM)" address="c6dc4">
    <table name="X" address="c6d94" />
    <table name="Y" address="c6da8" />
  </table>
  <table name="Cranking Fuel IPW Compensation (Accelerator)" address="c5578">
    <table name="Y" address="c5560" />
  </table>
  <table name="Throttle Tip-in Enrichment" address="c69c4">
    <table name="Y" address="c6980" elements="17" />
  </table>
  <table name="Minimum Tip-in Enrichment Activation" address="c5314" />
  <table name="Minimum Tip-in Enrichment Activation (Throttle)" address="c530c" />
  <table name="Tip-in Enrichment Compensation (Boost Error)" address="c5a2c">
    <table name="Y" address="c5a08" />
  </table>
  <table name="Tip-in Enrichment Compensation (ECT)" address="c69e6">
    <table name="Y" address="c5444" />
  </table>
  <table name="Tip-in Enrichment Disable Applied Counter Threshold" address="c4c32" />
  <table name="Tip-in Enrichment Applied Counter Reset" address="c4c33" />
  <table name="Tip-in Enrichment Disable Throttle Cumulative Threshold" address="c5310" />
  <table name="Tip-in Throttle Cumulative Reset" address="c4c34" />
  <table name="Min Primary Base Enrichment 1 Cruise" address="c6f4c">
    <table name="X" address="c5444" />
    <table name="Y" address="c6f2c" />
  </table>
  <table name="Min Primary Base Enrichment 1 Non-Cruise" address="c6eac">
    <table name="X" address="c5444" />
    <table name="Y" address="c6e8c" />
  </table>
  <table name="Min Primary Base Enrichment 1 (Non-Primary OL)" address="c7000">
    <table name="X" address="c6fcc" />
    <table name="Y" address="c6ff4" />
  </table>
  <table name="Min Primary Base Enrich 2 Initial Start 1A" address="c5c16">
    <table name="Y" address="c5444" />
  </table>
  <table name="Min Primary Base Enrich 2 Initial Start 1B" address="c5c36">
    <table name="Y" address="c5444" />
  </table>
  <table name="Min Primary Base Enrich 2 Initial Start 2A" address="c5c56">
    <table name="Y" address="c5444" />
  </table>
  <table name="Min Primary Base Enrich 2 Initial Start 2B" address="c5c76">
    <table name="Y" address="c5444" />
  </table>
  <table name="Min Primary Base Enrich 2 Decay Step 1" address="c5c96">
    <table name="Y" address="c5444" />
  </table>
  <table name="Min Primary Base Enrich 2 Decay Step 2" address="c5cb6">
    <table name="Y" address="c5444" />
  </table>
  <table name="Min Primary Base Enrich 3 Initial Start 1A" address="c5b96">
    <table name="Y" address="c5444" />
  </table>
  <table name="Min Primary Base Enrich 3 Initial Start 1B" address="c5bb6">
    <table name="Y" address="c5444" />
  </table>
  <table name="Min Primary Base Enrich 3 Initial Start 2A" address="c5bd6">
    <table name="Y" address="c5444" />
  </table>
  <table name="Min Primary Base Enrich 3 Initial Start 2B" address="c5bf6">
    <table name="Y" address="c5444" />
  </table>
  <table name="Min Primary Base Enrich 3 Decay Delay A" address="c558e">
    <table name="Y" address="c5444" />
  </table>
  <table name="Min Primary Base Enrich 3 Decay Delay B" address="c559e">
    <table name="Y" address="c5444" />
  </table>
  <table name="Min Primary Base Enrich 3 Decay Multiplier" address="c4e0c" />
  <table name="A/F Learning #1 Limits" address="c4fd0" />
  <table name="A/F Learning #1 Airflow Ranges" address="c4fe0" />
  <table name="MAF Limit (Maximum)" address="c2f30" />
  <table name="MAF Sensor Scaling" address="cce14">
    <table name="Y" address="ccd3c" />
  </table>
  <table name="MAF Compensation (IAT)" address="c36cc">
    <table name="X" address="c3698" />
    <table name="Y" address="c36ac" />
  </table>
  <table name="Engine Load Limit (Maximum)" address="25850" />
  <table name="Engine Load Compensation (MP)" address="c3754">
    <table name="X" address="c36f4" />
    <table name="Y" address="c3720" elements="13" />
  </table>
  <table name="Base Timing Primary Cruise" address="c9780">
    <table name="X" address="c96f0" elements="18" />
    <table name="Y" address="c9738" />
  </table>
  <table name="Base Timing Reference Cruise (AVCS related)" address="c9b80">
    <table name="X" address="c9af0" elements="18" />
    <table name="Y" address="c9b38" />
  </table>
  <table name="Base Timing Primary Non-Cruise" address="c9964">
    <table name="X" address="c98c4" elements="22" />
    <table name="Y" address="c991c" />
  </table>
  <table name="Base Timing Reference Non-Cruise (AVCS related)" address="c9d64">
    <table name="X" address="c9cc4" elements="22" />
    <table name="Y" address="c9d1c" />
  </table>
  <table name="Base Timing Idle A (In-Gear)" address="c8c95">
    <table name="Y" address="c8ad4" />
  </table>
  <table name="Base Timing Idle B (In-Gear)" address="c8ca5">
    <table name="Y" address="c8ad4" />
  </table>
  <table name="Base Timing Idle A (Neutral)" address="c8cb5">
    <table name="Y" address="c8ad4" />
  </table>
  <table name="Base Timing Idle B (Neutral)" address="c8cc5">
    <table name="Y" address="c8ad4" />
  </table>
  <table name="Base Timing Idle Minimum" address="c8c8c">
    <table name="Y" address="c8c68" />
  </table>
  <table name="Base Timing Idle Minimum Vehicle Speed Enable" address="c8798" />
  <table name="Knock Correction Advance Max Cruise" address="ca6ec">
    <table name="X" address="ca65c" elements="18" />
    <table name="Y" address="ca6a4" />
  </table>
  <table name="Knock Correction Advance Max Non-Cruise" address="ca4d0">
    <table name="X" address="ca430" elements="22" />
    <table name="Y" address="ca488" />
  </table>
  <table name="Timing Compensation A (IAT)" address="c8d48">
    <table name="Y" address="c8d08" />
  </table>
  <table name="Timing Compensation A (IAT) Activation" address="c9f30">
    <table name="X" address="c9ef0" />
    <table name="Y" address="c9f10" />
  </table>
  <table name="Timing Compensation B (IAT)" address="c90cc">
    <table name="Y" address="c908c" />
  </table>
  <table name="Timing Compensation B (IAT) IAM Activation" address="c88f0" />
  <table name="Timing Compensation B (IAT) Max Additive" address="c88d4" />
  <table name="Timing Compensation (ECT)" address="c8cf5">
    <table name="Y" address="c8ad4" />
  </table>
  <table name="Timing Compensation (MRP)" address="ca1d8">
    <table name="X" address="ca1b8" />
    <table name="Y" address="ca1cc" />
  </table>
  <table name="Timing Compensation Per Cylinder A" address="ca230">
    <table name="X" address="ca1e8" />
    <table name="Y" address="ca220" />
  </table>
  <table name="Timing Compensation Per Cylinder B" address="ca2b0">
    <table name="X" address="ca268" />
    <table name="Y" address="ca2a0" />
  </table>
  <table name="Timing Compensation Per Cylinder C" address="ca330">
    <table name="X" address="ca2e8" />
    <table name="Y" address="ca320" />
  </table>
  <table name="Timing Compensation Per Cylinder D" address="ca3b0">
    <table name="X" address="ca368" />
    <table name="Y" address="ca3a0" />
  </table>
  <table name="Timing Comp Minimum Load (Per Cylinder)" address="c88f8" />
  <table name="Timing Comp Maximum RPM (Per Cylinder)" address="c88f4" />
  <table name="Timing Comp Minimum Coolant Temp (Per Cylinder)" address="c88fc" />
  <table name="Feedback Correction Range (RPM)" address="c8908" />
  <table name="Feedback Correction Minimum Load" address="c8900" />
  <table name="Feedback Correction Retard Value" address="c8928" />
  <table name="Feedback Correction Retard Limit" address="c8924" />
  <table name="Feedback Correction Negative Advance Value" address="c892c" />
  <table name="Feedback Correction Negative Advance Delay" address="c86a0" />
  <table name="Extended Feedback Correction High RPM Compensation" address="c8934" />
  <table name="Fine Correction Minimum (RPM)" address="c8944" />
  <table name="Fine Correction Maximum (RPM)" address="c8a90" />
  <table name="Fine Correction Range (Load)" address="c8a98" />
  <table name="Fine Correction Rows (RPM)" address="c8a5c" />
  <table name="Fine Correction Columns (Load)" address="c8a4c" />
  <table name="Fine Correction Retard Value" address="c8a8c" />
  <table name="Fine Correction Retard Limit" address="c8a88" />
  <table name="Fine Correction Advance Value" address="c8a84" />
  <table name="Fine Correction Advance Limit" address="c8a80" />
  <table name="Fine Correction Advance Delay" address="c86b0" />
  <table name="Rough Correction Range (RPM)" address="c89fc" />
  <table name="Rough Correction Range (Load)" address="c8a0c" />
  <table name="Rough Correction Minimum KC Advance Map Value" address="c8a1c" />
  <table name="Rough Correction Learning Delay (Increasing)" address="c9104">
    <table name="Y" address="c90dc" />
  </table>
  <table name="Advance Multiplier (Initial)" address="c8a20" />
  <table name="Advance Multiplier Step Value" address="c8a24" />
  <table name="Intake Cam Advance Angle Cruise (AVCS)" address="cecc0">
    <table name="X" address="cec40" />
    <table name="Y" address="cec78" />
  </table>
  <table name="Intake Cam Advance Angle Non-Cruise (AVCS)" address="cef38">
    <table name="X" address="ceeb8" />
    <table name="Y" address="ceef0" />
  </table>
  <table name="Exhaust Cam Retard Angle Cruise (AVCS)" address="cf5e8">
    <table name="X" address="cf568" />
    <table name="Y" address="cf5a0" />
  </table>
  <table name="Exhaust Cam Retard Angle Non-Cruise (AVCS)" address="cf860">
    <table name="X" address="cf7e0" />
    <table name="Y" address="cf818" />
  </table>
  <table name="Requested Torque (Accelerator Pedal) SI-DRIVE Sport" address="dc910">
    <table name="X" address="dc870" elements="20" />
    <table name="Y" address="dc8c0" elements="20" />
  </table>
  <table name="Requested Torque (Accelerator Pedal) SI-DRIVE Sport Sharp" address="dccd0">
    <table name="X" address="dcc30" elements="20" />
    <table name="Y" address="dcc80" elements="20" />
  </table>
  <table name="Requested Torque (Accelerator Pedal) SI-DRIVE Intelligent" address="dd090">
    <table name="X" address="dcff0" elements="20" />
    <table name="Y" address="dd040" elements="20" />
  </table>
  <table name="Target Throttle Plate Position Cruise (Requested Torque)" address="dbf68">
    <table name="X" address="dbed4" elements="21" />
    <table name="Y" address="dbf28" />
  </table>
  <table name="Target Throttle Plate Position Non-Cruise (Requested Torque)" address="dc29c">
    <table name="X" address="dc208" elements="21" />
    <table name="Y" address="dc25c" />
  </table>
  <table name="Target Throttle Plate Position Maximum (Requested Torque)" address="dc5d0">
    <table name="X" address="dc53c" elements="21" />
    <table name="Y" address="dc590" />
  </table>
  <table name="Rev Limit (Fuel Cut)" address="c5368" />
  <table name="Rev Limit Fuel Resume (Boost)" address="c5370" />
  <table name="Speed Limiting Enable (Fuel Cut)" address="c53b4" />
  <table name="Speed Limiting Disable (Fuel Cut)" address="c53c0" />
  <table name="Speed Limiting A (Throttle) SI-DRIVE Sport/Sport Sharp" address="db844" />
  <table name="Speed Limiting B (Throttle) SI-DRIVE Sport/Sport Sharp" address="db85c" />
  <table name="Speed Limiting (Throttle) SI-DRIVE Intelligent" address="db850" />
  <table name="Intake Temp Sensor Scaling" address="86134">
    <table name="Y" address="860bc" />
  </table>
  <table name="Coolant Temp Sensor Scaling" address="8604c">
    <table name="Y" address="85fdc" />
  </table>
  <table name="Radiator Fan Modes A (ECT)" address="cd680" />
  <table name="Radiator Fan Modes B (ECT)" address="cd690" />
  <table name="Radiator Fan Modes (Veh. Speed)" address="cd6a0" />
  <table name="Idle Speed Target A" address="cb3a6">
    <table name="Y" address="cae98" />
  </table>
  <table name="Idle Speed Target B" address="cb3e6">
    <table name="Y" address="cae98" />
  </table>
  <table name="Idle Speed Target C" address="cb426">
    <table name="Y" address="cae98" />
  </table>
  <table name="Force Pass Readiness Monitors" address="7ee9e" />
  <table name="(P0000) PASS CODE (NO DTC DETECTED)" address="73455" />
  <table name="(P0000) PASS CODE (NO DTC DETECTED)_" address="73456" />
  <table name="(P0031) FRONT O2 SENSOR LOW INPUT" address="73464" />
  <table name="(P0032) FRONT O2 SENSOR HIGH INPUT" address="73462" />
  <table name="(P0037) REAR O2 SENSOR LOW INPUT" address="73463" />
  <table name="(P0038) REAR O2 SENSOR HIGH INPUT" address="73461" />
  <table name="(P0102) MAF SENSOR LOW INPUT" address="73411" />
  <table name="(P0103) MAF SENSOR HIGH INPUT" address="73412" />
  <table name="(P0107) MAP SENSOR LOW INPUT" address="73465" />
  <table name="(P0108) MAP SENSOR HIGH INPUT" address="73466" />
  <table name="(P0112) IAT SENSOR LOW INPUT" address="7345e" />
  <table name="(P0113) IAT SENSOR HIGH INPUT" address="7345f" />
  <table name="(P0117) COOLANT TEMP SENSOR LOW INPUT" address="7341a" />
  <table name="(P0118) COOLANT TEMP SENSOR HIGH INPUT" address="7341b" />
  <table name="(P0122) TPS A LOW INPUT" address="73418" />
  <table name="(P0123) TPS A HIGH INPUT" address="73419" />
  <table name="(P0131) FRONT O2 SENSOR LOW INPUT" address="73458" />
  <table name="(P0132) FRONT O2 SENSOR HIGH INPUT" address="7345a" />
  <table name="(P0134) FRONT O2 SENSOR NO ACTIVITY" address="73481" />
  <table name="(P0140) REAR O2 SENSOR NO ACTIVITY" address="734cf" />
  <table name="(P0171) SYSTEM TOO LEAN" address="7344c" />
  <table name="(P0172) SYSTEM TOO RICH" address="7344d" />
  <table name="(P0222) TPS B LOW INPUT" address="7348b" />
  <table name="(P0223) TPS B HIGH INPUT" address="7348c" />
  <table name="(P0230) FUEL PUMP PRIMARY CIRCUIT" address="7347c" />
  <table name="(P0245) WASTEGATE SOLENOID A LOW" address="73470" />
  <table name="(P0246) WASTEGATE SOLENOID A HIGH" address="73471" />
  <table name="(P0301) MISFIRE CYLINDER 1" address="7344e" />
  <table name="(P0302) MISFIRE CYLINDER 2" address="7344f" />
  <table name="(P0303) MISFIRE CYLINDER 3" address="73450" />
  <table name="(P0304) MISFIRE CYLINDER 4" address="73451" />
  <table name="(P0327) KNOCK SENSOR 1 LOW INPUT" address="73416" />
  <table name="(P0328) KNOCK SENSOR 1 HIGH INPUT" address="73417" />
  <table name="(P0335) CRANKSHAFT POS. SENSOR A MALFUNCTION" address="7340c" />
  <table name="(P0340) CAMSHAFT POS. SENSOR A MALFUNCTION" address="7349f" />
  <table name="(P0345) CAMSHAFT POS. SENSOR A BANK 2" address="7349e" />
  <table name="(P0365) CAMSHAFT POS. SENSOR B BANK 1" address="7349d" />
  <table name="(P0390) CAMSHAFT POS. SENSOR B BANK 2" address="7349c" />
  <table name="(P0410) SECONDARY AIR PUMP SYSTEM" address="734c9" />
  <table name="(P0413) SECONDARY AIR PUMP A OPEN" address="734cd" />
  <table name="(P0414) SECONDARY AIR PUMP A SHORTED" address="734d2" />
  <table name="(P0418) SECONDARY AIR PUMP RELAY A" address="734ce" />
  <table name="(P0458) EVAP PURGE VALVE CIRCUIT LOW" address="7343d" />
  <table name="(P0459) EVAP PURGE VALVE CIRCUIT HIGH" address="7343e" />
  <table name="(P0462) FUEL LEVEL SENSOR LOW INPUT" address="7341e" />
  <table name="(P0463) FUEL LEVEL SENSOR HIGH INPUT" address="7341f" />
  <table name="(P0500) VEHICLE SPEED SENSOR A" address="73413" />
  <table name="(P0512) STARTER REQUEST CIRCUIT" address="73423" />
  <table name="(P0519) IDLE CONTROL MALFUNCTION (FAIL-SAFE)" address="7347e" />
  <table name="(P0562) SYSTEM VOLTAGE LOW" address="7346e" />
  <table name="(P0563) SYSTEM VOLTAGE HIGH" address="7346f" />
  <table name="(P0600) SERIAL COMMUNICATION LINK" address="7349b" />
  <table name="(P0604) CONTROL MODULE RAM ERROR" address="73410" />
  <table name="(P0605) CONTROL MODULE ROM ERROR" address="734a0" />
  <table name="(P0607) CONTROL MODULE PERFORMANCE" address="73493" />
  <table name="(P0638) THROTTLE ACTUATOR RANGE/PERF" address="73492" />
  <table name="(P0700) TRANSMISSION CONTROL SYSTEM" address="734ac" />
  <table name="(P0851) NEUTRAL SWITCH INPUT LOW" address="73427" />
  <table name="(P0852) NEUTRAL SWITCH INPUT HIGH" address="7342b" />
  <table name="(P1160) ABNORMAL RETURN SPRING" address="7348d" />
  <table name="(P1410) SECONDARY AIR PUMP VALVE STUCK OPEN" address="734d6" />
  <table name="(P1418) SECONDARY AIR PUMP CIRCUIT SHORTED" address="734d3" />
  <table name="(P1518) STARTER SWITCH LOW INPUT" address="73422" />
  <table name="(P1560) BACK-UP VOLTAGE MALFUNCTION" address="7346d" />
  <table name="(P2004) TGV - INTAKE MANIFOLD RUNNER 1 STUCK OPEN" address="734b7" />
  <table name="(P2005) TGV - INTAKE MANIFOLD RUNNER 2 STUCK OPEN" address="734b9" />
  <table name="(P2006) TGV - INTAKE MANIFOLD RUNNER 1 STUCK CLOSED" address="734b8" />
  <table name="(P2007) TGV - INTAKE MANIFOLD RUNNER 2 STUCK CLOSED" address="734ba" />
  <table name="(P2008) TGV - INTAKE MANIFOLD RUNNER 1 CIRCUIT OPEN" address="734c5" />
  <table name="(P2009) TGV - INTAKE MANIFOLD RUNNER 1 CIRCUIT LOW" address="734c3" />
  <table name="(P2011) TGV - INTAKE MANIFOLD RUNNER 2 CIRCUIT OPEN" address="734c6" />
  <table name="(P2012) TGV - INTAKE MANIFOLD RUNNER 2 CIRCUIT LOW" address="734c4" />
  <table name="(P2016) TGV - INTAKE MANIFOLD RUNNER 1 POS. SENSOR LOW" address="734bf" />
  <table name="(P2017) TGV - INTAKE MANIFOLD RUNNER 1 POS. SENSOR HIGH" address="734c0" />
  <table name="(P2021) TGV - INTAKE MANIFOLD RUNNER 2 POS. SENSOR LOW" address="734c1" />
  <table name="(P2022) TGV - INTAKE MANIFOLD RUNNER 2 POS. SENSOR HIGH" address="734c2" />
  <table name="(P2088) OCV SOLENOID A1 CIRCUIT OPEN" address="734a8" />
  <table name="(P2089) OCV SOLENOID A1 CIRCUIT SHORT" address="734a7" />
  <table name="(P2090) OCV SOLENOID B1 CIRCUIT OPEN" address="734a4" />
  <table name="(P2091) OCV SOLENOID B1 CIRCUIT SHORT" address="734a3" />
  <table name="(P2092) OCV SOLENOID A2 CIRCUIT OPEN" address="734a6" />
  <table name="(P2093) OCV SOLENOID A2 CIRCUIT SHORT" address="734a5" />
  <table name="(P2094) OCV SOLENOID B2 CIRCUIT OPEN" address="734a2" />
  <table name="(P2095) OCV SOLENOID B2 CIRCUIT SHORT" address="734a1" />
  <table name="(P2101) THROTTLE ACTUATOR CIRCUIT RANGE/PERF" address="73490" />
  <table name="(P2102) THROTTLE ACTUATOR CIRCUIT LOW" address="7348e" />
  <table name="(P2103) THROTTLE ACTUATOR CIRCUIT HIGH" address="7348f" />
  <table name="(P2109) TPS A MINIMUM STOP PERF" address="7348a" />
  <table name="(P2122) TPS D CIRCUIT LOW INPUT" address="73497" />
  <table name="(P2123) TPS D CIRCUIT HIGH INPUT" address="73498" />
  <table name="(P2127) TPS E CIRCUIT LOW INPUT" address="73495" />
  <table name="(P2128) TPS E CIRCUIT HIGH INPUT" address="73496" />
  <table name="(P2135) TPS A/B VOLTAGE" address="73499" />
  <table name="(P2138) TPS D/E VOLTAGE" address="73494" />
  <table name="(P2432) SECONDARY AIR PUMP CIRCUIT LOW" address="734cc" />
  <table name="(P2433) SECONDARY AIR PUMP CIRCUIT HIGH" address="734cb" />
  <table name="(P2440) SECONDARY AIR PUMP VALVE 1 STUCK OPEN" address="734da" />
  <table name="(P2441) SECONDARY AIR PUMP VALVE 1 STUCK CLOSED" address="734d9" />
  <table name="(P2444) SECONDARY AIR PUMP 1 STUCK ON B1" address="734c7" />
</rom>