<rom>
  <romid>
    <xmlid>A2UI001C</xmlid>
    <internalidaddress>2000</internalidaddress>
    <internalidstring>A2UI001C</internalidstring>
    <ecuid>4B12525207</ecuid>
    <year>07</year>
    <market>USDM</market>
    <make>Subaru</make>
    <model>Legacy</model>
    <submodel>GT</submodel>
    <transmission>AT</transmission>
    <memmodel>SH7058</memmodel>
    <flashmethod>subarucan</flashmethod>
    <checksummodule>subarudbw</checksummodule>
  </romid>
  <include>32BITBASE</include>
  <table name="Target Boost_" address="c13e4">
    <table name="X" address="c137c" />
    <table name="Y" address="c13a8" />
  </table>
  <table name="Target Boost Compensation (ECT)" address="c0a1c">
    <table name="Y" address="c078c" />
  </table>
  <table name="Target Boost Compensation (1st Gear)" address="c0784" />
  <table name="Target Boost Compensation (1st Gear) Speed Disable" address="c0780" />
  <table name="Target Boost Compensation (IAT)_" address="c0b94">
    <table name="Y" address="c0b7c" />
  </table>
  <table name="Target Boost Compensation (Atm. Pressure)" address="c0a54">
    <table name="Y" address="c0a3c" elements="6" />
  </table>
  <table name="Boost Limit (Fuel Cut)" address="ca38c">
    <table name="Y" address="ca374" />
  </table>
  <table name="Boost Control Disable (IAM)" address="c0774" />
  <table name="Boost Control Disable (Fine Correction)" address="c0770" />
  <table name="Boost Control Disable Delay (Fine Correction)" address="c070d" />
  <table name="Initial Wastegate Duty_" address="c1040">
    <table name="X" address="c0fd4" elements="15" />
    <table name="Y" address="c1010" />
  </table>
  <table name="Max Wastegate Duty_" address="c0c98">
    <table name="X" address="c0c2c" elements="15" />
    <table name="Y" address="c0c68" elements="12" />
  </table>
  <table name="Max Wastegate Duty Limit Post-Compensation" address="17a34" />
  <table name="Initial/Max Wastegate Duty Compensation (IAT)" address="c080c">
    <table name="Y" address="c07cc" />
  </table>
  <table name="Initial/Max Wastegate Duty Compensation (ECT)" address="c090c">
    <table name="Y" address="c078c" />
  </table>
  <table name="Initial/Max Wastegate Duty Compensation (Atm. Pressure)" address="c0bd4">
    <table name="X" address="c0bac" />
    <table name="Y" address="c0bc4" />
  </table>
  <table name="Turbo Dynamics Proportional" address="c0a80">
    <table name="Y" address="c0a5c" />
  </table>
  <table name="Turbo Dynamics Integral Positive" address="c0af0">
    <table name="Y" address="c0acc" />
  </table>
  <table name="Turbo Dynamics Integral Negative" address="c0ab8">
    <table name="Y" address="c0a94" />
  </table>
  <table name="TD Proportional Compensation (IAT)" address="c096c">
    <table name="Y" address="c092c" elements="16" />
  </table>
  <table name="TD Integral Positive Compensation (IAT)" address="c0a0c">
    <table name="Y" address="c09cc" elements="16" />
  </table>
  <table name="TD Integral Negative Compensation (IAT)" address="c09bc">
    <table name="Y" address="c097c" elements="16" />
  </table>
  <table name="TD Activation Thresholds (RPM)" address="c0758" />
  <table name="TD Activation Thresholds (Target Boost)_" address="c0734" />
  <table name="TD Integral Cumulative Range (WGDC Correction)" address="c0768" />
  <table name="TD Integral Negative Activation (Boost Error)" address="c0744" />
  <table name="TD Integral Positive Activation (Boost Error)" address="c074c" />
  <table name="TD Integral Positive Activation (Wastegate Duty)" address="c0754" />
  <table name="Manifold Pressure Sensor Scaling" address="c028c" />
  <table name="Manifold Pressure Sensor Limits (CEL)" address="d1212" />
  <table name="Manifold Pressure Sensor CEL Delays" address="c3b7d" />
  <table name="Primary Open Loop Fueling" address="cb05c">
    <table name="X" address="cafd8" />
    <table name="Y" address="cb014" />
  </table>
  <table name="Primary Open Loop Fueling (Failsafe)" address="cb1f0">
    <table name="X" address="cb16c" />
    <table name="Y" address="cb1a8" />
  </table>
  <table name="Primary Open Loop Fuel Map Switch (IAM)" address="c89e0" />
  <table name="Minimum Active Primary Open Loop Enrichment" address="c89e4" />
  <table name="Minimum Primary Open Loop Enrichment (Throttle)" address="c91f4">
    <table name="Y" address="c91dc" />
  </table>
  <table name="Minimum Primary Open Loop Enrichment (Accelerator)" address="c9214">
    <table name="Y" address="c91fc" />
  </table>
  <table name="Primary Open Loop Fueling Compensation (ECT)" address="c9da0">
    <table name="Y" address="c8d7c" />
  </table>
  <table name="Primary Open Loop Fueling Compensation (Timing Compensation)" address="c9184">
    <table name="Y" address="c916c" />
  </table>
  <table name="Front Oxygen Sensor Scaling" address="d177c">
    <table name="Y" address="d1748" />
  </table>
  <table name="Front Oxygen Sensor Rich Limit" address="26dbc" />
  <table name="Front Oxygen Sensor Compensation (Atm. Pressure)" address="c31f4">
    <table name="Y" address="c31e4" />
  </table>
  <table name="CL Fueling Target Compensation A (Load)" address="cbf2c">
    <table name="X" address="cbed4" />
    <table name="Y" address="cbf00" elements="11" />
  </table>
  <table name="CL Fueling Target Compensation B (Load)" address="cc074">
    <table name="X" address="cc020" />
    <table name="Y" address="cc04c" elements="10" />
  </table>
  <table name="CL Fueling Target Compensation Imm. Cruise (ECT)" address="cbd30">
    <table name="X" address="c8d7c" />
    <table name="Y" address="cbd24" />
  </table>
  <table name="CL Fueling Target Compensation Imm. Non-Cruise (ECT)" address="cbe08">
    <table name="X" address="c8d7c" />
    <table name="Y" address="cbdfc" />
  </table>
  <table name="CL Fueling Target Compensation (ECT) Disable" address="c883c" />
  <table name="CL to OL Delay" address="c85b2">
    <table name="Y" elements="2" />
  </table>
  <table name="CL to OL Delay/Switch SI-DRIVE Intelligent" address="c85b0" />
  <table name="CL to OL Transition with Delay (Throttle)" address="c91cc">
    <table name="Y" address="c918c" />
  </table>
  <table name="CL to OL Transition with Delay Throttle Hysteresis" address="c89e8" />
  <table name="CL to OL Transition with Delay (Base Pulse Width)" address="c9ccc">
    <table name="Y" address="c9c8c" />
  </table>
  <table name="CL to OL Transition with Delay BPW Hysteresis" address="c89ec" />
  <table name="CL to OL Transition Counter Step Value (MAF)" address="c9d14">
    <table name="Y" address="c9cec" />
  </table>
  <table name="CL Delay Maximum (Vehicle Speed)" address="c8a68" />
  <table name="CL Delay Minimum (ECT)" address="c89f0" />
  <table name="CL Delay Maximum (Engine Load)" address="c8a78" />
  <table name="CL Delay Engine Load Counter Threshold" address="c85ae" />
  <table name="CL Delay Maximum Engine Speed (Per Gear)" address="c8a1c" />
  <table name="CL Delay Maximum Engine Speed (Neutral)" address="c8a44" />
  <table name="CL Delay Throttle Atm. Pressure Thresholds" address="c8a4c" />
  <table name="CL Delay Maximum (Throttle) (Low Atm. Pressure)" address="c8a54" />
  <table name="CL Delay Maximum (Throttle) (High Atm. Pressure)" address="c8a5c" />
  <table name="Injector Latency" address="c94a4">
    <table name="Y" address="c9490" />
  </table>
  <table name="Injector Flow Scaling" address="c8740" />
  <table name="Per Injector Pulse Width Compensation A" address="cb388">
    <table name="X" address="cb300" />
    <table name="Y" address="cb344" elements="17" />
  </table>
  <table name="Per Injector Pulse Width Compensation B" address="cb534">
    <table name="X" address="cb4ac" />
    <table name="Y" address="cb4f0" elements="17" />
  </table>
  <table name="Per Injector Pulse Width Compensation C" address="cb6e0">
    <table name="X" address="cb658" />
    <table name="Y" address="cb69c" elements="17" />
  </table>
  <table name="Per Injector Pulse Width Compensation D" address="cb88c">
    <table name="X" address="cb804" />
    <table name="Y" address="cb848" elements="17" />
  </table>
  <table name="Cranking Fuel Injector Pulse Width A (ECT)" address="c93ce">
    <table name="Y" address="c8d7c" />
  </table>
  <table name="Cranking Fuel Injector Pulse Width B (ECT)" address="c93ee">
    <table name="Y" address="c8d7c" />
  </table>
  <table name="Cranking Fuel Injector Pulse Width C (ECT)" address="c940e">
    <table name="Y" address="c8d7c" />
  </table>
  <table name="Cranking Fuel Injector Pulse Width D (ECT)" address="c942e">
    <table name="Y" address="c8d7c" />
  </table>
  <table name="Cranking Fuel Injector Pulse Width E (ECT)" address="c944e">
    <table name="Y" address="c8d7c" />
  </table>
  <table name="Cranking Fuel Injector Pulse Width F (ECT)" address="c946e">
    <table name="Y" address="c8d7c" />
  </table>
  <table name="Cranking Fuel IPW Compensation Imm. Cruise (RPM)" address="ca5a8">
    <table name="X" address="ca578" />
    <table name="Y" address="ca58c" />
  </table>
  <table name="Cranking Fuel IPW Compensation Imm. Non-Cruise (RPM)" address="ca650">
    <table name="X" address="ca620" />
    <table name="Y" address="ca634" />
  </table>
  <table name="Cranking Fuel IPW Compensation (Accelerator)" address="c8eb0">
    <table name="Y" address="c8e98" />
  </table>
  <table name="Throttle Tip-in Enrichment" address="ca2e0">
    <table name="Y" address="ca298" />
  </table>
  <table name="Minimum Tip-in Enrichment Activation" address="c8c54" />
  <table name="Minimum Tip-in Enrichment Activation (Throttle)" address="c8c4c" />
  <table name="Tip-in Enrichment Compensation (Boost Error)" address="c9324">
    <table name="Y" address="c9300" />
  </table>
  <table name="Tip-in Enrichment Compensation (ECT)" address="ca304">
    <table name="Y" address="c8d7c" />
  </table>
  <table name="Tip-in Enrichment Disable Applied Counter Threshold" address="c8566" />
  <table name="Tip-in Enrichment Applied Counter Reset" address="c8567" />
  <table name="Tip-in Enrichment Disable Throttle Cumulative Threshold" address="c8c50" />
  <table name="Tip-in Throttle Cumulative Reset" address="c8568" />
  <table name="Min Primary Base Enrichment 1 Cruise" address="ca7fc">
    <table name="X" address="c8d7c" />
    <table name="Y" address="ca7d8" elements="9" />
  </table>
  <table name="Min Primary Base Enrichment 1 Non-Cruise" address="ca758">
    <table name="X" address="c8d7c" />
    <table name="Y" address="ca738" />
  </table>
  <table name="Min Primary Base Enrichment 1 (Non-Primary OL)" address="ca8c0">
    <table name="X" address="ca88c" />
    <table name="Y" address="ca8b4" />
  </table>
  <table name="Min Primary Base Enrich 2 Initial Start 1A" address="c952e">
    <table name="Y" address="c8d7c" />
  </table>
  <table name="Min Primary Base Enrich 2 Initial Start 1B" address="c956e">
    <table name="Y" address="c8d7c" />
  </table>
  <table name="Min Primary Base Enrich 2 Initial Start 2A" address="c954e">
    <table name="Y" address="c8d7c" />
  </table>
  <table name="Min Primary Base Enrich 2 Initial Start 2B" address="c958e">
    <table name="Y" address="c8d7c" />
  </table>
  <table name="Min Primary Base Enrich 2 Decay Step 1" address="c95ae">
    <table name="Y" address="c8d7c" />
  </table>
  <table name="Min Primary Base Enrich 2 Decay Step 2" address="c95ce">
    <table name="Y" address="c8d7c" />
  </table>
  <table name="Min Primary Base Enrich 3 Initial Start 1A" address="c94ae">
    <table name="Y" address="c8d7c" />
  </table>
  <table name="Min Primary Base Enrich 3 Initial Start 1B" address="c94ce">
    <table name="Y" address="c8d7c" />
  </table>
  <table name="Min Primary Base Enrich 3 Initial Start 2A" address="c94ee">
    <table name="Y" address="c8d7c" />
  </table>
  <table name="Min Primary Base Enrich 3 Initial Start 2B" address="c950e">
    <table name="Y" address="c8d7c" />
  </table>
  <table name="Min Primary Base Enrich 3 Decay Delay A" address="c8ec6">
    <table name="Y" address="c8d7c" />
  </table>
  <table name="Min Primary Base Enrich 3 Decay Delay B" address="c8ed6">
    <table name="Y" address="c8d7c" />
  </table>
  <table name="Min Primary Base Enrich 3 Decay Multiplier" address="c8744" />
  <table name="A/F Learning #1 Limits" address="c88f8" />
  <table name="A/F Learning #1 Airflow Ranges" address="c8908" />
  <table name="MAF Limit (Maximum)" address="c2d10" />
  <table name="MAF Sensor Scaling" address="d1670">
    <table name="Y" address="d1598" />
  </table>
  <table name="MAF Compensation (IAT)" address="c34bc">
    <table name="X" address="c3488" />
    <table name="Y" address="c349c" />
  </table>
  <table name="Engine Load Limit A (Maximum)" address="25554" />
  <table name="Engine Load Limit B (Maximum)" address="c2d28" />
  <table name="Engine Load Compensation (MP)" address="c3548">
    <table name="X" address="c34e4" />
    <table name="Y" address="c3510" elements="14" />
  </table>
  <table name="Base Timing Primary Cruise" address="cdfe8">
    <table name="X" address="cdf64" />
    <table name="Y" address="cdfa0" />
  </table>
  <table name="Base Timing Reference Cruise (AVCS related)" address="ce310">
    <table name="X" address="ce28c" />
    <table name="Y" address="ce2c8" />
  </table>
  <table name="Base Timing Primary Non-Cruise" address="ce17c">
    <table name="X" address="ce0f8" />
    <table name="Y" address="ce134" />
  </table>
  <table name="Base Timing Reference Non-Cruise (AVCS related)" address="ce4a4">
    <table name="X" address="ce420" />
    <table name="Y" address="ce45c" />
  </table>
  <table name="Base Timing Idle A (In-Gear)" address="cd4a9">
    <table name="Y" address="cd2e8" />
  </table>
  <table name="Base Timing Idle B (In-Gear)" address="cd4b9">
    <table name="Y" address="cd2e8" />
  </table>
  <table name="Base Timing Idle A (Neutral)" address="cd4c9">
    <table name="Y" address="cd2e8" />
  </table>
  <table name="Base Timing Idle B (Neutral)" address="cd4d9">
    <table name="Y" address="cd2e8" />
  </table>
  <table name="Base Timing Idle Minimum" address="cd4a0">
    <table name="Y" address="cd47c" />
  </table>
  <table name="Base Timing Idle Minimum Vehicle Speed Enable" address="ccf9c" />
  <table name="Knock Correction Advance Max Cruise" address="cee74">
    <table name="X" address="cedf0" elements="15" />
    <table name="Y" address="cee2c" />
  </table>
  <table name="Knock Correction Advance Max Non-Cruise" address="cece0">
    <table name="X" address="cec5c" elements="15" />
    <table name="Y" address="cec98" />
  </table>
  <table name="Timing Compensation A (IAT)" address="cd55c">
    <table name="Y" address="cd51c" />
  </table>
  <table name="Timing Compensation A (IAT) Activation" address="ce5f4">
    <table name="X" address="ce5b4" />
    <table name="Y" address="ce5d4" />
  </table>
  <table name="Timing Compensation B (IAT)" address="cd898">
    <table name="Y" address="cd858" />
  </table>
  <table name="Timing Compensation B (IAT) IAM Activation" address="cd100" />
  <table name="Timing Compensation B (IAT) Max Additive" address="cd0e4" />
  <table name="Timing Compensation (ECT)" address="cd509">
    <table name="Y" address="cd2e8" />
  </table>
  <table name="Timing Compensation (MRP)" address="ce824">
    <table name="X" address="ce804" />
    <table name="Y" address="ce818" />
  </table>
  <table name="Timing Compensation Per Cylinder A" address="ce880">
    <table name="X" address="ce834" />
    <table name="Y" address="ce86c" elements="5" />
  </table>
  <table name="Timing Compensation Per Cylinder B" address="ce914">
    <table name="X" address="ce8c8" />
    <table name="Y" address="ce900" elements="5" />
  </table>
  <table name="Timing Compensation Per Cylinder C" address="ce9a8">
    <table name="X" address="ce95c" />
    <table name="Y" address="ce994" elements="5" />
  </table>
  <table name="Timing Compensation Per Cylinder D" address="cea40">
    <table name="X" address="ce9f0" />
    <table name="Y" address="cea28" elements="6" />
  </table>
  <table name="Timing Comp Minimum Load (Per Cylinder)" address="cd108" />
  <table name="Timing Comp Maximum RPM (Per Cylinder)" address="cd104" />
  <table name="Timing Comp Minimum Coolant Temp (Per Cylinder)" address="cd10c" />
  <table name="Feedback Correction Range (RPM)" address="cd118" />
  <table name="Feedback Correction Minimum Load" address="cd110" />
  <table name="Feedback Correction Retard Value" address="cd138" />
  <table name="Feedback Correction Retard Limit" address="cd134" />
  <table name="Feedback Correction Negative Advance Value" address="cd13c" />
  <table name="Feedback Correction Negative Advance Delay" address="ccea4" />
  <table name="Extended Feedback Correction High RPM Compensation" address="cd144" />
  <table name="Fine Correction Minimum (RPM)" address="cd154" />
  <table name="Fine Correction Maximum (RPM)" address="cd2a4" />
  <table name="Fine Correction Range (Load)" address="cd2ac" />
  <table name="Fine Correction Rows (RPM)" address="cd270" />
  <table name="Fine Correction Columns (Load)" address="cd260" />
  <table name="Fine Correction Retard Value" address="cd2a0" />
  <table name="Fine Correction Retard Limit" address="cd29c" />
  <table name="Fine Correction Advance Value" address="cd298" />
  <table name="Fine Correction Advance Limit" address="cd294" />
  <table name="Fine Correction Advance Delay" address="cceb4" />
  <table name="Rough Correction Range (RPM)" address="cd210" />
  <table name="Rough Correction Range (Load)" address="cd220" />
  <table name="Rough Correction Minimum KC Advance Map Value" address="cd230" />
  <table name="Rough Correction Learning Delay (Increasing)" address="cd8d0">
    <table name="Y" address="cd8a8" />
  </table>
  <table name="Advance Multiplier (Initial)" address="cd234" />
  <table name="Advance Multiplier Step Value" address="cd238" />
  <table name="Intake Cam Advance Angle Cruise (AVCS)" address="d3260">
    <table name="X" address="d31e4" elements="15" />
    <table name="Y" address="d3220" elements="16" />
  </table>
  <table name="Intake Cam Advance Angle Non-Cruise (AVCS)" address="d34bc">
    <table name="X" address="d3440" elements="15" />
    <table name="Y" address="d347c" elements="16" />
  </table>
  <table name="Requested Torque (Accelerator Pedal) SI-DRIVE Sport" address="dc644">
    <table name="X" address="dc5c4" />
    <table name="Y" address="dc600" />
  </table>
  <table name="Requested Torque (Accelerator Pedal) SI-DRIVE Sport Sharp" address="dc8c4">
    <table name="X" address="dc844" />
    <table name="Y" address="dc880" />
  </table>
  <table name="Requested Torque (Accelerator Pedal) SI-DRIVE Intelligent" address="dcb44">
    <table name="X" address="dcac4" />
    <table name="Y" address="dcb00" />
  </table>
  <table name="Target Throttle Plate Position Cruise (Requested Torque)" address="dbec4">
    <table name="X" address="dbe44" elements="16" />
    <table name="Y" address="dbe84" />
  </table>
  <table name="Target Throttle Plate Position Non-Cruise (Requested Torque)" address="dc144">
    <table name="X" address="dc0c4" elements="16" />
    <table name="Y" address="dc104" />
  </table>
  <table name="Target Throttle Plate Position Maximum (Requested Torque)" address="dc3c4">
    <table name="X" address="dc344" elements="16" />
    <table name="Y" address="dc384" />
  </table>
  <table name="Rev Limit (Fuel Cut)" address="c8ca8" />
  <table name="Rev Limit Fuel Resume (Boost)" address="c8cb0" />
  <table name="Speed Limiting Enable (Fuel Cut)" address="c8cf4" />
  <table name="Speed Limiting Disable (Fuel Cut)" address="c8d00" />
  <table name="Speed Limiting A (Throttle) SI-DRIVE Sport/Sport Sharp" address="db844" />
  <table name="Speed Limiting B (Throttle) SI-DRIVE Sport/Sport Sharp" address="db85c" />
  <table name="Speed Limiting (Throttle) SI-DRIVE Intelligent" address="db850" />
  <table name="Fuel Temp Sensor Scaling" address="d1520">
    <table name="Y" address="d14a8" />
  </table>
  <table name="Intake Temp Sensor Scaling" address="a313c">
    <table name="Y" address="a30c4" />
  </table>
  <table name="Coolant Temp Sensor Scaling" address="a3054">
    <table name="Y" address="a2fe4" />
  </table>
  <table name="Radiator Fan Modes A (ECT)" address="d1f00" />
  <table name="Radiator Fan Modes B (ECT)" address="d1f10" />
  <table name="Radiator Fan Modes (Veh. Speed)" address="d1f20" />
  <table name="Idle Speed Target A" address="cfb50">
    <table name="Y" address="cf65c" />
  </table>
  <table name="Idle Speed Target B" address="cfb90">
    <table name="Y" address="cf65c" />
  </table>
  <table name="Idle Speed Target C" address="cfbd0">
    <table name="Y" address="cf65c" />
  </table>
  <table name="Force Pass Readiness Monitors" address="9ba2a" />
  <table name="(P0000) PASS CODE (NO DTC DETECTED)" address="8f7bd" />
  <table name="(P0000) PASS CODE (NO DTC DETECTED)_" address="8f7be" />
  <table name="(P0011) CAMSHAFT POS. - TIMING OVER-ADVANCED 1" address="8f7a1" />
  <table name="(P0016) CRANKSHAFT/CAMSHAFT CORRELATION 1A" address="8f83d" />
  <table name="(P0018) CRANKSHAFT/CAMSHAFT CORRELATION 2A" address="8f83c" />
  <table name="(P0021) CAMSHAFT POS. - TIMING OVER-ADVANCED 2" address="8f7a2" />
  <table name="(P0030) FRONT O2 SENSOR RANGE/PERF" address="8f7eb" />
  <table name="(P0031) FRONT O2 SENSOR LOW INPUT" address="8f7cc" />
  <table name="(P0032) FRONT O2 SENSOR HIGH INPUT" address="8f7ca" />
  <table name="(P0037) REAR O2 SENSOR LOW INPUT" address="8f7cb" />
  <table name="(P0038) REAR O2 SENSOR HIGH INPUT" address="8f7c9" />
  <table name="(P0068) MAP SENSOR RANGE/PERF" address="8f7e5" />
  <table name="(P0101) MAF SENSOR RANGE/PERF" address="8f7e7" />
  <table name="(P0102) MAF SENSOR LOW INPUT" address="8f779" />
  <table name="(P0103) MAF SENSOR HIGH INPUT" address="8f77a" />
  <table name="(P0107) MAP SENSOR LOW INPUT" address="8f7cd" />
  <table name="(P0108) MAP SENSOR HIGH INPUT" address="8f7ce" />
  <table name="(P0111) IAT SENSOR RANGE/PERF" address="8f7c8" />
  <table name="(P0112) IAT SENSOR LOW INPUT" address="8f7c6" />
  <table name="(P0113) IAT SENSOR HIGH INPUT" address="8f7c7" />
  <table name="(P0117) COOLANT TEMP SENSOR LOW INPUT" address="8f782" />
  <table name="(P0118) COOLANT TEMP SENSOR HIGH INPUT" address="8f783" />
  <table name="(P0122) TPS A LOW INPUT" address="8f780" />
  <table name="(P0123) TPS A HIGH INPUT" address="8f781" />
  <table name="(P0125) INSUFFICIENT COOLANT TEMP (FUELING)" address="8f785" />
  <table name="(P0126) INSUFFICIENT COOLANT TEMP (OPERATION)" address="8f824" />
  <table name="(P0128) THERMOSTAT MALFUNCTION" address="8f7d3" />
  <table name="(P0131) FRONT O2 SENSOR LOW INPUT" address="8f7c0" />
  <table name="(P0132) FRONT O2 SENSOR HIGH INPUT" address="8f7c2" />
  <table name="(P0133) FRONT O2 SENSOR SLOW RESPONSE" address="8f7aa" />
  <table name="(P0134) FRONT O2 SENSOR NO ACTIVITY" address="8f7e9" />
  <table name="(P0137) REAR O2 SENSOR LOW VOLTAGE" address="8f7bf" />
  <table name="(P0138) REAR O2 SENSOR HIGH VOLTAGE" address="8f7c4" />
  <table name="(P0139) REAR O2 SENSOR SLOW RESPONSE" address="8f7ab" />
  <table name="(P0140) REAR O2 SENSOR NO ACTIVITY" address="8f837" />
  <table name="(P0171) SYSTEM TOO LEAN" address="8f7b4" />
  <table name="(P0172) SYSTEM TOO RICH" address="8f7b5" />
  <table name="(P0181) FUEL TEMP SENSOR A RANGE/PERF" address="8f792" />
  <table name="(P0182) FUEL TEMP SENSOR A LOW INPUT" address="8f790" />
  <table name="(P0183) FUEL TEMP SENSOR A HIGH INPUT" address="8f791" />
  <table name="(P0222) TPS B LOW INPUT" address="8f7f3" />
  <table name="(P0223) TPS B HIGH INPUT" address="8f7f4" />
  <table name="(P0230) FUEL PUMP PRIMARY CIRCUIT" address="8f7e4" />
  <table name="(P0244) WASTEGATE SOLENOID A RANGE/PERF" address="8f7da" />
  <table name="(P0245) WASTEGATE SOLENOID A LOW" address="8f7d8" />
  <table name="(P0246) WASTEGATE SOLENOID A HIGH" address="8f7d9" />
  <table name="(P0301) MISFIRE CYLINDER 1" address="8f7b6" />
  <table name="(P0302) MISFIRE CYLINDER 2" address="8f7b7" />
  <table name="(P0303) MISFIRE CYLINDER 3" address="8f7b8" />
  <table name="(P0304) MISFIRE CYLINDER 4" address="8f7b9" />
  <table name="(P0327) KNOCK SENSOR 1 LOW INPUT" address="8f77e" />
  <table name="(P0328) KNOCK SENSOR 1 HIGH INPUT" address="8f77f" />
  <table name="(P0335) CRANKSHAFT POS. SENSOR A MALFUNCTION" address="8f774" />
  <table name="(P0336) CRANKSHAFT POS. SENSOR A RANGE/PERF" address="8f775" />
  <table name="(P0340) CAMSHAFT POS. SENSOR A MALFUNCTION" address="8f807" />
  <table name="(P0345) CAMSHAFT POS. SENSOR A BANK 2" address="8f806" />
  <table name="(P0410) SECONDARY AIR PUMP SYSTEM" address="8f831" />
  <table name="(P0411) SECONDARY AIR PUMP INCORRECT FLOW" address="8f830" />
  <table name="(P0413) SECONDARY AIR PUMP A OPEN" address="8f835" />
  <table name="(P0414) SECONDARY AIR PUMP A SHORTED" address="8f83a" />
  <table name="(P0416) SECONDARY AIR PUMP B OPEN" address="8f844" />
  <table name="(P0417) SECONDARY AIR PUMP B SHORTED" address="8f843" />
  <table name="(P0418) SECONDARY AIR PUMP RELAY A" address="8f836" />
  <table name="(P0420) CAT EFFICIENCY BELOW THRESHOLD" address="8f7b0" />
  <table name="(P0441) EVAP INCORRECT PURGE FLOW" address="8f845" />
  <table name="(P0442) EVAP LEAK DETECTED (SMALL)" address="8f7b1" />
  <table name="(P0447) EVAP VENT CONTROL CIRCUIT OPEN" address="8f7a8" />
  <table name="(P0448) EVAP VENT CONTROL CIRCUIT SHORTED" address="8f7a9" />
  <table name="(P0451) EVAP PRESSURE SENSOR RANGE/PERF" address="8f78e" />
  <table name="(P0452) EVAP PRESSURE SENSOR LOW INPUT" address="8f78c" />
  <table name="(P0453) EVAP PRESSURE SENSOR HIGH INPUT" address="8f78d" />
  <table name="(P0456) EVAP LEAK DETECTED (VERY SMALL)" address="8f7b2" />
  <table name="(P0457) EVAP LEAK DETECTED (FUEL CAP)" address="8f7bc" />
  <table name="(P0458) EVAP PURGE VALVE CIRCUIT LOW" address="8f7a5" />
  <table name="(P0459) EVAP PURGE VALVE CIRCUIT HIGH" address="8f7a6" />
  <table name="(P0461) FUEL LEVEL SENSOR RANGE/PERF" address="8f788" />
  <table name="(P0462) FUEL LEVEL SENSOR LOW INPUT" address="8f786" />
  <table name="(P0463) FUEL LEVEL SENSOR HIGH INPUT" address="8f787" />
  <table name="(P0464) FUEL LEVEL SENSOR INTERMITTENT" address="8f784" />
  <table name="(P0483) RADIATOR FAN RATIONALITY CHECK" address="8f7a0" />
  <table name="(P0500) VEHICLE SPEED SENSOR A" address="8f77b" />
  <table name="(P0506) IDLE CONTROL RPM LOWER THAN EXPECTED" address="8f79c" />
  <table name="(P0507) IDLE CONTROL RPM HIGH THAN EXPECTED" address="8f79d" />
  <table name="(P0512) STARTER REQUEST CIRCUIT" address="8f78b" />
  <table name="(P0519) IDLE CONTROL MALFUNCTION (FAIL-SAFE)" address="8f7e6" />
  <table name="(P0600) SERIAL COMMUNICATION LINK" address="8f803" />
  <table name="(P0604) CONTROL MODULE RAM ERROR" address="8f778" />
  <table name="(P0605) CONTROL MODULE ROM ERROR" address="8f808" />
  <table name="(P0607) CONTROL MODULE PERFORMANCE" address="8f7fb" />
  <table name="(P0638) THROTTLE ACTUATOR RANGE/PERF" address="8f7fa" />
  <table name="(P0691) RADIATOR FAN CIRCUIT LOW" address="8f79e" />
  <table name="(P0692) RADIATOR FAN CIRCUIT HIGH" address="8f79f" />
  <table name="(P0700) TRANSMISSION CONTROL SYSTEM" address="8f814" />
  <table name="(P0851) NEUTRAL SWITCH INPUT LOW" address="8f78f" />
  <table name="(P0852) NEUTRAL SWITCH INPUT HIGH" address="8f793" />
  <table name="(P1152) FRONT O2 SENSOR RANGE/PERF LOW B1 S1" address="8f7ac" />
  <table name="(P1153) FRONT O2 SENSOR RANGE/PERF HIGH B1 S1" address="8f7ad" />
  <table name="(P1160) ABNORMAL RETURN SPRING" address="8f7f5" />
  <table name="(P1400) FUEL TANK PRESSURE SOL. LOW" address="8f7a3" />
  <table name="(P1410) SECONDARY AIR PUMP VALVE STUCK OPEN" address="8f83e" />
  <table name="(P1418) SECONDARY AIR PUMP CIRCUIT SHORTED" address="8f83b" />
  <table name="(P1420) FUEL TANK PRESSURE SOL. HIGH INPUT" address="8f7a4" />
  <table name="(P1443) VENT CONTROL SOLENOID FUNCTION PROBLEM" address="8f7a7" />
  <table name="(P1491) PCV (BLOWBY) FUNCTION PROBLEM" address="8f7d4" />
  <table name="(P1518) STARTER SWITCH LOW INPUT" address="8f78a" />
  <table name="(P1560) BACK-UP VOLTAGE MALFUNCTION" address="8f7d5" />
  <table name="(P1602) CONTROL MODULE PROGRAMMING ERROR" address="8f839" />
  <table name="(P2004) TGV - INTAKE MANIFOLD RUNNER 1 STUCK OPEN" address="8f81f" />
  <table name="(P2005) TGV - INTAKE MANIFOLD RUNNER 2 STUCK OPEN" address="8f821" />
  <table name="(P2006) TGV - INTAKE MANIFOLD RUNNER 1 STUCK CLOSED" address="8f820" />
  <table name="(P2007) TGV - INTAKE MANIFOLD RUNNER 2 STUCK CLOSED" address="8f822" />
  <table name="(P2008) TGV - INTAKE MANIFOLD RUNNER 1 CIRCUIT OPEN" address="8f82d" />
  <table name="(P2009) TGV - INTAKE MANIFOLD RUNNER 1 CIRCUIT LOW" address="8f82b" />
  <table name="(P2011) TGV - INTAKE MANIFOLD RUNNER 2 CIRCUIT OPEN" address="8f82e" />
  <table name="(P2012) TGV - INTAKE MANIFOLD RUNNER 2 CIRCUIT LOW" address="8f82c" />
  <table name="(P2016) TGV - INTAKE MANIFOLD RUNNER 1 POS. SENSOR LOW" address="8f827" />
  <table name="(P2017) TGV - INTAKE MANIFOLD RUNNER 1 POS. SENSOR HIGH" address="8f828" />
  <table name="(P2021) TGV - INTAKE MANIFOLD RUNNER 2 POS. SENSOR LOW" address="8f829" />
  <table name="(P2022) TGV - INTAKE MANIFOLD RUNNER 2 POS. SENSOR HIGH" address="8f82a" />
  <table name="(P2088) OCV SOLENOID A1 CIRCUIT OPEN" address="8f810" />
  <table name="(P2089) OCV SOLENOID A1 CIRCUIT SHORT" address="8f80f" />
  <table name="(P2092) OCV SOLENOID A2 CIRCUIT OPEN" address="8f80e" />
  <table name="(P2093) OCV SOLENOID A2 CIRCUIT SHORT" address="8f80d" />
  <table name="(P2096) POST CATALYST TOO LEAN B1" address="8f7f9" />
  <table name="(P2097) POST CATALYST TOO RICH B1" address="8f802" />
  <table name="(P2101) THROTTLE ACTUATOR CIRCUIT RANGE/PERF" address="8f7f8" />
  <table name="(P2102) THROTTLE ACTUATOR CIRCUIT LOW" address="8f7f6" />
  <table name="(P2103) THROTTLE ACTUATOR CIRCUIT HIGH" address="8f7f7" />
  <table name="(P2109) TPS A MINIMUM STOP PERF" address="8f7f2" />
  <table name="(P2122) TPS D CIRCUIT LOW INPUT" address="8f7ff" />
  <table name="(P2123) TPS D CIRCUIT HIGH INPUT" address="8f800" />
  <table name="(P2127) TPS E CIRCUIT LOW INPUT" address="8f7fd" />
  <table name="(P2128) TPS E CIRCUIT HIGH INPUT" address="8f7fe" />
  <table name="(P2135) TPS A/B VOLTAGE" address="8f801" />
  <table name="(P2138) TPS D/E VOLTAGE" address="8f7fc" />
  <table name="(P2419) EVAP SWITCHING VALVE LOW" address="8f846" />
  <table name="(P2420) EVAP SWITCHING VALVE HIGH" address="8f847" />
  <table name="(P2431) SECONDARY AIR PUMP CIRCUIT RANGE/PERF" address="8f832" />
  <table name="(P2432) SECONDARY AIR PUMP CIRCUIT LOW" address="8f834" />
  <table name="(P2433) SECONDARY AIR PUMP CIRCUIT HIGH" address="8f833" />
  <table name="(P2440) SECONDARY AIR PUMP VALVE 1 STUCK OPEN" address="8f842" />
  <table name="(P2441) SECONDARY AIR PUMP VALVE 1 STUCK CLOSED" address="8f841" />
  <table name="(P2442) SECONDARY AIR PUMP VALVE 2 STUCK OPEN" address="8f840" />
  <table name="(P2443) SECONDARY AIR PUMP 2 STUCK CLOSED" address="8f83f" />
  <table name="(P2444) SECONDARY AIR PUMP 1 STUCK ON B1" address="8f82f" />
</rom>