<rom>
  <romid>
    <xmlid>A2WF200N</xmlid>
    <internalidaddress>2000</internalidaddress>
    <internalidstring>A2WF200N</internalidstring>
    <ecuid>4512783106</ecuid>
    <year>06</year>
    <market>USDM</market>
    <make>Subaru</make>
    <model>Legacy</model>
    <submodel>GT</submodel>
    <transmission>MT</transmission>
    <memmodel>SH7058</memmodel>
    <flashmethod>sti05</flashmethod>
    <checksummodule>subarudbw</checksummodule>
  </romid>
  <include>32BITBASE</include>
  <table name="Target Boost A" address="c11d4">
    <table name="X" address="c1184" />
    <table name="Y" address="c11a4" />
  </table>
  <table name="Target Boost B" address="c12e4">
    <table name="X" address="c1294" />
    <table name="Y" address="c12b4" />
  </table>
  <table name="Target Boost Compensation (ECT)" address="c0774">
    <table name="Y" address="c05c4" />
  </table>
  <table name="Target Boost Compensation (1st Gear)" address="c05c0" />
  <table name="Target Boost Compensation (1st Gear) Speed Disable" address="c05b8" />
  <table name="Target Boost Compensation (Atm. Pressure) Multiplier" address="c087c">
    <table name="Y" address="c086c" />
  </table>
  <table name="Target Boost Compensation (Atm. Pressure) Multiplier Offset" address="c07a8">
    <table name="Y" address="c0798" />
  </table>
  <table name="Boost Limit (Fuel Cut)" address="c8550">
    <table name="Y" address="c8538" />
  </table>
  <table name="Boost Control Disable (IAM)" address="c0598" />
  <table name="Boost Control Disable (Fine Correction)" address="c0594" />
  <table name="Boost Control Disable Delay (Fine Correction)" address="c0535" />
  <table name="Initial Wastegate Duty A" address="c0bc0">
    <table name="X" address="c0b74" />
    <table name="Y" address="c0b94" elements="11" />
  </table>
  <table name="Initial Wastegate Duty B" address="c0cbc">
    <table name="X" address="c0c70" />
    <table name="Y" address="c0c90" elements="11" />
  </table>
  <table name="Max Wastegate Duty" address="c0eb4">
    <table name="X" address="c0e68" />
    <table name="Y" address="c0e88" elements="11" />
  </table>
  <table name="Max Wastegate Duty Alternate (RPM)" address="c0898">
    <table name="Y" address="c0884" />
  </table>
  <table name="Wastegate Duty Ramping Fix" address="c0588" />
  <table name="Max Wastegate Duty Alternate Fix" address="c0534" />
  <table name="Max Wastegate Duty Limit Post-Compensation" address="168b8" />
  <table name="Initial/Max Wastegate Duty Compensation (IAT)" address="c0694">
    <table name="Y" address="c0654" />
  </table>
  <table name="Initial/Max Wastegate Duty Alternate Compensation (IAT)" address="c0734">
    <table name="Y" address="c06f4" />
  </table>
  <table name="Initial/Max Wastegate Duty Compensation (ECT)" address="c0754">
    <table name="Y" address="c05c4" />
  </table>
  <table name="Initial/Max Wastegate Duty Compensation (Atm. Pressure)" address="c0964">
    <table name="X" address="c093c" />
    <table name="Y" address="c0954" />
  </table>
  <table name="Turbo Dynamics Proportional" address="c07d0">
    <table name="Y" address="c07ac" />
  </table>
  <table name="Turbo Dynamics Integral Positive" address="c0840">
    <table name="Y" address="c081c" />
  </table>
  <table name="Turbo Dynamics Integral Negative" address="c0808">
    <table name="Y" address="c07e4" />
  </table>
  <table name="TD Activation Thresholds (RPM)" address="c0574" />
  <table name="TD Activation Thresholds (Target Boost)" address="c0548" />
  <table name="TD Integral Cumulative Range (WGDC Correction)" address="c057c" />
  <table name="TD Integral Negative Activation (Boost Error)" address="c0554" />
  <table name="TD Integral Positive Activation (Boost Error)" address="c055c" />
  <table name="TD Integral Positive Activation (Wastegate Duty)" address="c0560" />
  <table name="Manifold Pressure Sensor Scaling" address="c00c0" />
  <table name="Manifold Pressure Sensor Limits (CEL)" address="ccb7c" />
  <table name="Manifold Pressure Sensor CEL Delays" address="c311e" />
  <table name="Primary Open Loop Fueling" address="c8824">
    <table name="X" address="c879c" elements="16" />
    <table name="Y" address="c87dc" />
  </table>
  <table name="Primary Open Loop Fueling (Failsafe)" address="c89e0">
    <table name="X" address="c8958" elements="16" />
    <table name="Y" address="c8998" />
  </table>
  <table name="Primary Open Loop Fuel Map Switch (IAM)" address="c7218" />
  <table name="Minimum Active Primary Open Loop Enrichment" address="c717c" />
  <table name="Minimum Primary Open Loop Enrichment (Throttle)" address="c78bc">
    <table name="Y" address="c78a4" />
  </table>
  <table name="Primary Open Loop Fueling Compensation (ECT)" address="c809c">
    <table name="Y" address="c748c" />
  </table>
  <table name="Primary Open Loop Fueling Compensation (Timing Compensation)" address="c78dc">
    <table name="Y" address="c78c4" />
  </table>
  <table name="Front Oxygen Sensor Scaling" address="cd208">
    <table name="Y" address="cd1d4" />
  </table>
  <table name="Front Oxygen Sensor Rich Limit" address="23b2c" />
  <table name="Front Oxygen Sensor Compensation (Atm. Pressure)" address="c27f4">
    <table name="Y" address="c27e4" />
  </table>
  <table name="CL Fueling Target Compensation (Load)" address="c9388">
    <table name="X" address="c9330" elements="11" />
    <table name="Y" address="c935c" elements="11" />
  </table>
  <table name="CL Fueling Target Compensation A (ECT)" address="c91e0">
    <table name="X" address="c748c" />
    <table name="Y" address="c91d4" />
  </table>
  <table name="CL Fueling Target Compensation B (ECT)" address="c9298">
    <table name="X" address="c748c" />
    <table name="Y" address="c9288" elements="4" />
  </table>
  <table name="CL to OL Delay" address="c6d1e" />
  <table name="CL to OL Transition with Delay A (Throttle)" address="c77f4">
    <table name="Y" address="c77b4" />
  </table>
  <table name="CL to OL Transition with Delay B (Throttle)" address="c7844">
    <table name="Y" address="c7804" />
  </table>
  <table name="CL to OL Transition with Delay C (Throttle)" address="c7894">
    <table name="Y" address="c7854" />
  </table>
  <table name="CL to OL Transition with Delay Throttle Hysteresis" address="c7180" />
  <table name="CL to OL Transition with Delay A (Base Pulse Width)" address="c7fbc">
    <table name="Y" address="c7f7c" />
  </table>
  <table name="CL to OL Transition with Delay B (Base Pulse Width)" address="c801c">
    <table name="Y" address="c7fdc" />
  </table>
  <table name="CL to OL Transition with Delay C (Base Pulse Width)" address="c807c">
    <table name="Y" address="c803c" />
  </table>
  <table name="CL to OL Transition with Delay BPW Hysteresis" address="c7184" />
  <table name="CL Delay Maximum (EGT)" address="c7200" />
  <table name="CL Delay Maximum (Throttle)" address="c71f4" />
  <table name="CL Delay Maximum (Vehicle Speed)" address="c71f8" />
  <table name="CL Delay Minimum (ECT)" address="c7188" />
  <table name="CL Delay Maximum Engine Speed (Per Gear)" address="c71b4" />
  <table name="CL Delay Maximum Engine Speed (Neutral)" address="c71dc" />
  <table name="Injector Latency" address="ccc88">
    <table name="Y" address="ccc74" />
  </table>
  <table name="Injector Flow Scaling" address="c6e60" />
  <table name="Per Injector Primary Fuel Offset Compensation A" address="c8b58">
    <table name="X" address="c8b00" />
    <table name="Y" address="c8b20" />
  </table>
  <table name="Per Injector Primary Fuel Offset Compensation B" address="c8c20">
    <table name="X" address="c8bc8" />
    <table name="Y" address="c8be8" />
  </table>
  <table name="Per Injector Primary Fuel Offset Compensation C" address="c8ce8">
    <table name="X" address="c8c90" />
    <table name="Y" address="c8cb0" />
  </table>
  <table name="Per Injector Primary Fuel Offset Compensation D" address="c8db0">
    <table name="X" address="c8d58" />
    <table name="Y" address="c8d78" />
  </table>
  <table name="Cranking Fuel Injector Pulse Width A (ECT)" address="c79ba">
    <table name="Y" address="c748c" />
  </table>
  <table name="Cranking Fuel Injector Pulse Width B (ECT)" address="c79da">
    <table name="Y" address="c748c" />
  </table>
  <table name="Cranking Fuel Injector Pulse Width C (ECT)" address="c79fa">
    <table name="Y" address="c748c" />
  </table>
  <table name="Cranking Fuel Injector Pulse Width D (ECT)" address="c7a1a">
    <table name="Y" address="c748c" />
  </table>
  <table name="Cranking Fuel IPW Compensation (RPM)" address="c8658">
    <table name="X" address="c8628" />
    <table name="Y" address="c863c" />
  </table>
  <table name="Cranking Fuel IPW Compensation (Accelerator)" address="c7578">
    <table name="Y" address="c7560" />
  </table>
  <table name="Throttle Tip-in Enrichment" address="c84a4">
    <table name="Y" address="c845c" />
  </table>
  <table name="Minimum Tip-in Enrichment Activation" address="c7364" />
  <table name="Minimum Tip-in Enrichment Activation (Throttle)" address="c7360" />
  <table name="Tip-in Enrichment Compensation (Boost Error)" address="c7960">
    <table name="Y" address="c793c" />
  </table>
  <table name="Tip-in Enrichment Compensation (ECT)" address="c84c8">
    <table name="Y" address="c748c" />
  </table>
  <table name="Tip-in Enrichment Disable Applied Counter Threshold" address="c6cdd" />
  <table name="Tip-in Enrichment Applied Counter Reset" address="c6cde" />
  <table name="Tip-in Enrichment Disable Throttle Cumulative Threshold" address="c7368" />
  <table name="Tip-in Throttle Cumulative Reset" address="c6cdf" />
  <table name="Min Primary Base Enrichment 1" address="c75ce">
    <table name="Y" address="c748c" />
  </table>
  <table name="Min Primary Base Enrichment 1 (Non-Primary OL)" address="c8770">
    <table name="X" address="c8744" elements="8" />
    <table name="Y" address="c8764" />
  </table>
  <table name="Min Primary Base Enrich 2 Initial Start 1A" address="c7aba">
    <table name="Y" address="c748c" />
  </table>
  <table name="Min Primary Base Enrich 2 Initial Start 1B" address="c7afa">
    <table name="Y" address="c748c" />
  </table>
  <table name="Min Primary Base Enrich 2 Initial Start 2A" address="c7ada">
    <table name="Y" address="c748c" />
  </table>
  <table name="Min Primary Base Enrich 2 Initial Start 2B" address="c7b1a">
    <table name="Y" address="c748c" />
  </table>
  <table name="Min Primary Base Enrich 2 Decay Step 1" address="c7b3a">
    <table name="Y" address="c748c" />
  </table>
  <table name="Min Primary Base Enrich 2 Decay Step 2" address="c7b5a">
    <table name="Y" address="c748c" />
  </table>
  <table name="Min Primary Base Enrich 3 Initial Start 1A" address="c7a3a">
    <table name="Y" address="c748c" />
  </table>
  <table name="Min Primary Base Enrich 3 Initial Start 1B" address="c7a5a">
    <table name="Y" address="c748c" />
  </table>
  <table name="Min Primary Base Enrich 3 Initial Start 2A" address="c7a7a">
    <table name="Y" address="c748c" />
  </table>
  <table name="Min Primary Base Enrich 3 Initial Start 2B" address="c7a9a">
    <table name="Y" address="c748c" />
  </table>
  <table name="Min Primary Base Enrich 3 Decay Delay A" address="c758e">
    <table name="Y" address="c748c" />
  </table>
  <table name="Min Primary Base Enrich 3 Decay Delay B" address="c759e">
    <table name="Y" address="c748c" />
  </table>
  <table name="Min Primary Base Enrich 3 Decay Multiplier" address="c6e64" />
  <table name="A/F Learning #1 Limits" address="c7090" />
  <table name="A/F Learning #1 Airflow Ranges" address="c709c" />
  <table name="MAF Limit (Maximum)" address="c23b0" />
  <table name="MAF Sensor Scaling" address="cd00c">
    <table name="Y" address="ccf34" />
  </table>
  <table name="MAF Compensation (IAT)" address="c2bb8">
    <table name="X" address="c2b84" />
    <table name="Y" address="c2b98" />
  </table>
  <table name="Engine Load Limit (Maximum)" address="21c04" />
  <table name="Engine Load Compensation (MP)" address="c2b2c">
    <table name="X" address="c2ae0" />
    <table name="Y" address="c2b0c" elements="8" />
  </table>
  <table name="Base Timing" address="ca55c">
    <table name="X" address="ca4d4" elements="16" />
    <table name="Y" address="ca514" />
  </table>
  <table name="Base Timing Idle" address="c99f9">
    <table name="Y" address="c9868" />
  </table>
  <table name="Base Timing Idle Minimum" address="c99f0">
    <table name="Y" address="c99cc" />
  </table>
  <table name="Base Timing Idle Minimum Vehicle Speed Enable" address="c970c" />
  <table name="Knock Correction Advance Max" address="ca38c">
    <table name="X" address="ca304" />
    <table name="Y" address="ca344" />
  </table>
  <table name="Timing Compensation A (IAT)" address="c9a6c">
    <table name="Y" address="c9a2c" />
  </table>
  <table name="Timing Compensation A (IAT) Activation" address="ca6bc">
    <table name="X" address="ca67c" />
    <table name="Y" address="ca69c" />
  </table>
  <table name="Timing Compensation B (IAT)" address="c9db0">
    <table name="Y" address="c9d70" />
  </table>
  <table name="Timing Compensation B (IAT) IAM Activation" address="c9840" />
  <table name="Timing Compensation B (IAT) Max Additive" address="c9824" />
  <table name="Timing Compensation (ECT)" address="c9a19">
    <table name="Y" address="c9868" />
  </table>
  <table name="Timing Compensation (MRP)" address="ca86c">
    <table name="X" address="ca84c" />
    <table name="Y" address="ca860" />
  </table>
  <table name="Timing Compensation Per Cylinder A" address="ca118">
    <table name="X" address="ca0d0" />
    <table name="Y" address="ca108" />
  </table>
  <table name="Timing Compensation Per Cylinder B" address="ca198">
    <table name="X" address="ca150" />
    <table name="Y" address="ca188" />
  </table>
  <table name="Timing Compensation Per Cylinder C" address="ca218">
    <table name="X" address="ca1d0" />
    <table name="Y" address="ca208" />
  </table>
  <table name="Timing Compensation Per Cylinder D" address="ca298">
    <table name="X" address="ca250" />
    <table name="Y" address="ca288" />
  </table>
  <table name="Timing Comp Minimum Load (Per Cylinder)" address="c94f0" />
  <table name="Timing Comp Maximum RPM (Per Cylinder)" address="c94ec" />
  <table name="Timing Comp Minimum Coolant Temp (Per Cylinder)" address="c94f4" />
  <table name="Feedback Correction Range (RPM)" address="c9528" />
  <table name="Feedback Correction Minimum Load" address="c9538" />
  <table name="Feedback Correction Retard Value" address="c9508" />
  <table name="Feedback Correction Retard Limit" address="c9504" />
  <table name="Feedback Correction Negative Advance Value" address="c9510" />
  <table name="Feedback Correction Negative Advance Delay" address="c94c6" />
  <table name="Extended Feedback Correction High RPM Compensation" address="c9540" />
  <table name="Fine Correction Range (RPM)" address="c9620" />
  <table name="Fine Correction Range (Load)" address="c9630" />
  <table name="Fine Correction Rows (RPM)" address="c9650" />
  <table name="Fine Correction Columns (Load)" address="c9640" />
  <table name="Fine Correction Retard Value" address="c9668" />
  <table name="Fine Correction Retard Limit" address="c9618" />
  <table name="Fine Correction Advance Value" address="c961c" />
  <table name="Fine Correction Advance Limit" address="c9614" />
  <table name="Fine Correction Advance Delay" address="c94d4" />
  <table name="Rough Correction Range (RPM)" address="c95b8" />
  <table name="Rough Correction Range (Load)" address="c95c8" />
  <table name="Rough Correction Minimum KC Advance Map Value" address="c95d8" />
  <table name="Rough Correction Learning Delay (Increasing)" address="c9910">
    <table name="Y" address="c98e8" />
  </table>
  <table name="Advance Multiplier (Initial)" address="c95b4" />
  <table name="Advance Multiplier Step Value" address="c95dc" />
  <table name="Intake Cam Advance Angle (AVCS)" address="ce548">
    <table name="X" address="ce4f8" elements="10" />
    <table name="Y" address="ce520" elements="10" />
  </table>
  <table name="Requested Torque (Accelerator Pedal)" address="cc114">
    <table name="X" address="cc09c" />
    <table name="Y" address="cc0d8" elements="15" />
  </table>
  <table name="Target Throttle Plate Position (Requested Torque)" address="cbe7c">
    <table name="X" address="cbdf8" />
    <table name="Y" address="cbe3c" />
  </table>
  <table name="Rev Limit (Fuel Cut)" address="c73b8" />
  <table name="Rev Limit Fuel Resume (Boost)" address="c73c0" />
  <table name="Speed Limiting Enable (Fuel Cut)" address="c7408" />
  <table name="Speed Limiting Disable (Fuel Cut)" address="c7410" />
  <table name="Speed Limiting (Throttle)" address="c2658" />
  <table name="EGT Sensor Scaling" address="cd15c">
    <table name="Y" address="cd0e4" />
  </table>
  <table name="Fuel Temp Sensor Scaling" address="ccebc">
    <table name="Y" address="cce44" />
  </table>
  <table name="Intake Temp Sensor Scaling" address="8716c">
    <table name="Y" address="870f4" />
  </table>
  <table name="Coolant Temp Sensor Scaling" address="87084">
    <table name="Y" address="87014" />
  </table>
  <table name="Atmospheric Pressure Sensor Scaling" address="c0070" />
  <table name="Radiator Fan Modes (ECT)" address="cd964" />
  <table name="Radiator Fan Modes (Veh. Speed)" address="cd974" />
  <table name="Gear Determination Thresholds A" address="c25e4" />
  <table name="Gear Determination Thresholds B" address="c25f8" />
  <table name="Idle Speed Target A" address="cb39c">
    <table name="Y" address="cade8" />
  </table>
  <table name="Idle Speed Target B" address="cb3dc">
    <table name="Y" address="cade8" />
  </table>
  <table name="Idle Speed Target C" address="cb41c">
    <table name="Y" address="cade8" />
  </table>
  <table name="Force Pass Readiness Monitors" address="797b2" />
  <table name="(P0000) PASS CODE (NO DTC DETECTED)" address="7640e" />
  <table name="(P0000) PASS CODE (NO DTC DETECTED)_" address="7640f" />
  <table name="(P0011) CAMSHAFT POS. - TIMING OVER-ADVANCED 1" address="763f4" />
  <table name="(P0021) CAMSHAFT POS. - TIMING OVER-ADVANCED 2" address="763f5" />
  <table name="(P0030) FRONT O2 SENSOR RANGE/PERF" address="76433" />
  <table name="(P0031) FRONT O2 SENSOR LOW INPUT" address="7641a" />
  <table name="(P0032) FRONT O2 SENSOR HIGH INPUT" address="76418" />
  <table name="(P0037) REAR O2 SENSOR LOW INPUT" address="76419" />
  <table name="(P0038) REAR O2 SENSOR HIGH INPUT" address="76417" />
  <table name="(P0068) MAP SENSOR RANGE/PERF" address="7642f" />
  <table name="(P0101) MAF SENSOR RANGE/PERF" address="76431" />
  <table name="(P0102) MAF SENSOR LOW INPUT" address="763cd" />
  <table name="(P0103) MAF SENSOR HIGH INPUT" address="763ce" />
  <table name="(P0107) MAP SENSOR LOW INPUT" address="7641b" />
  <table name="(P0108) MAP SENSOR HIGH INPUT" address="7641c" />
  <table name="(P0111) IAT SENSOR RANGE/PERF" address="76416" />
  <table name="(P0112) IAT SENSOR LOW INPUT" address="76414" />
  <table name="(P0113) IAT SENSOR HIGH INPUT" address="76415" />
  <table name="(P0117) COOLANT TEMP SENSOR LOW INPUT" address="763d5" />
  <table name="(P0118) COOLANT TEMP SENSOR HIGH INPUT" address="763d6" />
  <table name="(P0122) TPS A LOW INPUT" address="763d2" />
  <table name="(P0123) TPS A HIGH INPUT" address="763d3" />
  <table name="(P0125) INSUFFICIENT COOLANT TEMP (FUELING)" address="763d8" />
  <table name="(P0126) INSUFFICIENT COOLANT TEMP (OPERATION)" address="7645c" />
  <table name="(P0128) THERMOSTAT MALFUNCTION" address="7641d" />
  <table name="(P0131) FRONT O2 SENSOR LOW INPUT" address="76411" />
  <table name="(P0132) FRONT O2 SENSOR HIGH INPUT" address="76412" />
  <table name="(P0133) FRONT O2 SENSOR SLOW RESPONSE" address="763ff" />
  <table name="(P0134) FRONT O2 SENSOR NO ACTIVITY" address="76432" />
  <table name="(P0137) REAR O2 SENSOR LOW VOLTAGE" address="76410" />
  <table name="(P0138) REAR O2 SENSOR HIGH VOLTAGE" address="76413" />
  <table name="(P0139) REAR O2 SENSOR SLOW RESPONSE" address="76400" />
  <table name="(P0171) SYSTEM TOO LEAN" address="76406" />
  <table name="(P0172) SYSTEM TOO RICH" address="76407" />
  <table name="(P0181) FUEL TEMP SENSOR A RANGE/PERF" address="763e5" />
  <table name="(P0182) FUEL TEMP SENSOR A LOW INPUT" address="763e3" />
  <table name="(P0183) FUEL TEMP SENSOR A HIGH INPUT" address="763e4" />
  <table name="(P0222) TPS B LOW INPUT" address="76436" />
  <table name="(P0223) TPS B HIGH INPUT" address="76437" />
  <table name="(P0230) FUEL PUMP PRIMARY CIRCUIT" address="7642e" />
  <table name="(P0244) WASTEGATE SOLENOID A RANGE/PERF" address="76424" />
  <table name="(P0245) WASTEGATE SOLENOID A LOW" address="76422" />
  <table name="(P0246) WASTEGATE SOLENOID A HIGH" address="76423" />
  <table name="(P0301) MISFIRE CYLINDER 1" address="76408" />
  <table name="(P0302) MISFIRE CYLINDER 2" address="76409" />
  <table name="(P0303) MISFIRE CYLINDER 3" address="7640a" />
  <table name="(P0304) MISFIRE CYLINDER 4" address="7640b" />
  <table name="(P0327) KNOCK SENSOR 1 LOW INPUT" address="763d0" />
  <table name="(P0328) KNOCK SENSOR 1 HIGH INPUT" address="763d1" />
  <table name="(P0335) CRANKSHAFT POS. SENSOR A MALFUNCTION" address="763c8" />
  <table name="(P0336) CRANKSHAFT POS. SENSOR A RANGE/PERF" address="763c9" />
  <table name="(P0340) CAMSHAFT POS. SENSOR A MALFUNCTION_" address="7644a" />
  <table name="(P0345) CAMSHAFT POS. SENSOR A BANK 2" address="76449" />
  <table name="(P0420) CAT EFFICIENCY BELOW THRESHOLD" address="76403" />
  <table name="(P0442) EVAP LEAK DETECTED (SMALL)" address="76404" />
  <table name="(P0447) EVAP VENT CONTROL CIRCUIT OPEN" address="763fd" />
  <table name="(P0448) EVAP VENT CONTROL CIRCUIT SHORTED" address="763fe" />
  <table name="(P0451) EVAP PRESSURE SENSOR RANGE/PERF" address="763e1" />
  <table name="(P0452) EVAP PRESSURE SENSOR LOW INPUT" address="763df" />
  <table name="(P0453) EVAP PRESSURE SENSOR HIGH INPUT" address="763e0" />
  <table name="(P0456) EVAP LEAK DETECTED (VERY SMALL)" address="76405" />
  <table name="(P0457) EVAP LEAK DETECTED (FUEL CAP)" address="7640d" />
  <table name="(P0458) EVAP PURGE VALVE CIRCUIT LOW" address="763f8" />
  <table name="(P0459) EVAP PURGE VALVE CIRCUIT HIGH" address="763f9" />
  <table name="(P0461) FUEL LEVEL SENSOR RANGE/PERF" address="763db" />
  <table name="(P0462) FUEL LEVEL SENSOR LOW INPUT" address="763d9" />
  <table name="(P0463) FUEL LEVEL SENSOR HIGH INPUT" address="763da" />
  <table name="(P0464) FUEL LEVEL SENSOR INTERMITTENT" address="763d7" />
  <table name="(P0483) RADIATOR FAN RATIONALITY CHECK" address="763f0" />
  <table name="(P0500) VEHICLE SPEED SENSOR A" address="763cf" />
  <table name="(P0506) IDLE CONTROL RPM LOWER THAN EXPECTED" address="763eb" />
  <table name="(P0507) IDLE CONTROL RPM HIGH THAN EXPECTED" address="763ec" />
  <table name="(P0512) STARTER REQUEST CIRCUIT" address="763de" />
  <table name="(P0519) IDLE CONTROL MALFUNCTION (FAIL-SAFE)" address="76430" />
  <table name="(P0545) EGT SENSOR CIRCUIT LOW" address="76429" />
  <table name="(P0546) EGT SENSOR CIRCUIT HIGH" address="7642a" />
  <table name="(P0600) SERIAL COMMUNICATION LINK" address="76446" />
  <table name="(P0604) CONTROL MODULE RAM ERROR" address="763cc" />
  <table name="(P0605) CONTROL MODULE ROM ERROR" address="7644b" />
  <table name="(P0607) CONTROL MODULE PERFORMANCE" address="7643e" />
  <table name="(P0638) THROTTLE ACTUATOR RANGE/PERF" address="7643d" />
  <table name="(P0691) RADIATOR FAN CIRCUIT LOW" address="763ee" />
  <table name="(P0692) RADIATOR FAN CIRCUIT HIGH" address="763ef" />
  <table name="(P0700) TRANSMISSION CONTROL SYSTEM" address="76454" />
  <table name="(P0851) NEUTRAL SWITCH INPUT LOW" address="763e2" />
  <table name="(P0852) NEUTRAL SWITCH INPUT HIGH" address="763e6" />
  <table name="(P1152) FRONT O2 SENSOR RANGE/PERF LOW B1 S1" address="76401" />
  <table name="(P1153) FRONT O2 SENSOR RANGE/PERF HIGH B1 S1" address="76402" />
  <table name="(P1160) ABNORMAL RETURN SPRING" address="76438" />
  <table name="(P1301) MISFIRE (HIGH TEMP EXHAUST GAS)" address="7640c" />
  <table name="(P1312) EGT SENSOR MALFUNCTION" address="7642b" />
  <table name="(P1400) FUEL TANK PRESSURE SOL. LOW" address="763f6" />
  <table name="(P1420) FUEL TANK PRESSURE SOL. HIGH INPUT" address="763f7" />
  <table name="(P1443) VENT CONTROL SOLENOID FUNCTION PROBLEM" address="763fc" />
  <table name="(P1491) PCV (BLOWBY) FUNCTION PROBLEM" address="7641e" />
  <table name="(P1518) STARTER SWITCH LOW INPUT" address="763dd" />
  <table name="(P1544) EGT TOO HIGH" address="7642c" />
  <table name="(P1560) BACK-UP VOLTAGE MALFUNCTION" address="7641f" />
  <table name="(P2004) TGV - INTAKE MANIFOLD RUNNER 1 STUCK OPEN" address="76457" />
  <table name="(P2005) TGV - INTAKE MANIFOLD RUNNER 2 STUCK OPEN" address="76459" />
  <table name="(P2006) TGV - INTAKE MANIFOLD RUNNER 1 STUCK CLOSED" address="76458" />
  <table name="(P2007) TGV - INTAKE MANIFOLD RUNNER 2 STUCK CLOSED" address="7645a" />
  <table name="(P2008) TGV - INTAKE MANIFOLD RUNNER 1 CIRCUIT OPEN" address="76465" />
  <table name="(P2009) TGV - INTAKE MANIFOLD RUNNER 1 CIRCUIT LOW" address="76463" />
  <table name="(P2011) TGV - INTAKE MANIFOLD RUNNER 2 CIRCUIT OPEN" address="76466" />
  <table name="(P2012) TGV - INTAKE MANIFOLD RUNNER 2 CIRCUIT LOW" address="76464" />
  <table name="(P2016) TGV - INTAKE MANIFOLD RUNNER 1 POS. SENSOR LOW" address="7645f" />
  <table name="(P2017) TGV - INTAKE MANIFOLD RUNNER 1 POS. SENSOR HIGH" address="76460" />
  <table name="(P2021) TGV - INTAKE MANIFOLD RUNNER 2 POS. SENSOR LOW" address="76461" />
  <table name="(P2022) TGV - INTAKE MANIFOLD RUNNER 2 POS. SENSOR HIGH" address="76462" />
  <table name="(P2088) OCV SOLENOID A1 CIRCUIT OPEN" address="76453" />
  <table name="(P2089) OCV SOLENOID A1 CIRCUIT SHORT" address="76452" />
  <table name="(P2092) OCV SOLENOID A2 CIRCUIT OPEN" address="76451" />
  <table name="(P2093) OCV SOLENOID A2 CIRCUIT SHORT" address="76450" />
  <table name="(P2096) POST CATALYST TOO LEAN B1" address="7643c" />
  <table name="(P2097) POST CATALYST TOO RICH B1" address="76445" />
  <table name="(P2101) THROTTLE ACTUATOR CIRCUIT RANGE/PERF" address="7643b" />
  <table name="(P2102) THROTTLE ACTUATOR CIRCUIT LOW" address="76439" />
  <table name="(P2103) THROTTLE ACTUATOR CIRCUIT HIGH" address="7643a" />
  <table name="(P2109) TPS A MINIMUM STOP PERF" address="76435" />
  <table name="(P2122) TPS D CIRCUIT LOW INPUT" address="76442" />
  <table name="(P2123) TPS D CIRCUIT HIGH INPUT" address="76443" />
  <table name="(P2127) TPS E CIRCUIT LOW INPUT" address="76440" />
  <table name="(P2128) TPS E CIRCUIT HIGH INPUT" address="76441" />
  <table name="(P2135) TPS A/B VOLTAGE" address="76444" />
  <table name="(P2138) TPS D/E VOLTAGE" address="7643f" />
  <table name="(P2227) BARO. PRESSURE CIRCUIT RANGE/PERF" address="7645b" />
  <table name="(P2228) BARO. PRESSURE CIRCUIT LOW INPUT" address="7645e" />
  <table name="(P2229) BARO. PRESSURE CIRCUIT HIGH INPUT" address="7645d" />
</rom>