<rom>
  <romid>
    <xmlid>A2ZJC00B</xmlid>
    <internalidaddress>2000</internalidaddress>
    <internalidstring>A2ZJC00B</internalidstring>
    <ecuid>2F04785206</ecuid>
    <year>04</year>
    <market>JDM</market>
    <make>Subaru</make>
    <model>Legacy</model>
    <submodel>GT</submodel>
    <transmission>MT</transmission>
    <memmodel>SH7055</memmodel>
    <flashmethod>sti04</flashmethod>
    <checksummodule>subarudbw</checksummodule>
  </romid>
  <include>32BITBASE</include>
  <table name="Target Boost A" address="5e7b4">
    <table name="X" address="5e764" />
    <table name="Y" address="5e784" />
  </table>
  <table name="Target Boost B" address="5e8c4">
    <table name="X" address="5e874" />
    <table name="Y" address="5e894" />
  </table>
  <table name="Target Boost Compensation (ECT)" address="5ddf4">
    <table name="Y" address="5dce4" />
  </table>
  <table name="Target Boost Compensation (1st Gear)" address="5dce0" />
  <table name="Target Boost Compensation (1st Gear) Speed Disable" address="5dcd8" />
  <table name="Target Boost Compensation (Atm. Pressure) Multiplier" address="5defc">
    <table name="Y" address="5deec" />
  </table>
  <table name="Target Boost Compensation (Atm. Pressure) Multiplier Offset" address="5de28">
    <table name="Y" address="5de18" />
  </table>
  <table name="Boost Limit (Fuel Cut)" address="629c4">
    <table name="Y" address="629ac" />
  </table>
  <table name="Boost Control Disable (IAM)" address="5dcc0" />
  <table name="Boost Control Disable (Fine Correction)" address="5dcbc" />
  <table name="Boost Control Disable Delay (Fine Correction)" address="5dc65" />
  <table name="Initial Wastegate Duty A" address="5e1f4">
    <table name="X" address="5e1a4" />
    <table name="Y" address="5e1c4" />
  </table>
  <table name="Initial Wastegate Duty B" address="5e304">
    <table name="X" address="5e2b4" />
    <table name="Y" address="5e2d4" />
  </table>
  <table name="Max Wastegate Duty" address="5e4c4">
    <table name="X" address="5e484" />
    <table name="Y" address="5e4a4" />
  </table>
  <table name="Max Wastegate Duty Limit Post-Compensation" address="14828" />
  <table name="Initial/Max Wastegate Duty Compensation (IAT)" address="5ddb4">
    <table name="Y" address="5dd74" />
  </table>
  <table name="Initial/Max Wastegate Duty Compensation (ECT)" address="5ddd4">
    <table name="Y" address="5dce4" />
  </table>
  <table name="Initial/Max Wastegate Duty Compensation (Atm. Pressure)" address="5df6c">
    <table name="X" address="5df44" />
    <table name="Y" address="5df5c" />
  </table>
  <table name="Turbo Dynamics Proportional" address="5de50">
    <table name="Y" address="5de2c" />
  </table>
  <table name="Turbo Dynamics Integral Positive" address="5dec0">
    <table name="Y" address="5de9c" />
  </table>
  <table name="Turbo Dynamics Integral Negative" address="5de88">
    <table name="Y" address="5de64" />
  </table>
  <table name="TD Activation Thresholds (RPM)" address="5dca4" />
  <table name="TD Activation Thresholds (Target Boost)" address="5dc78" />
  <table name="TD Integral Cumulative Range (WGDC Correction)" address="5dcac" />
  <table name="TD Integral Negative Activation (Boost Error)" address="5dc84" />
  <table name="TD Integral Positive Activation (Boost Error)" address="5dc8c" />
  <table name="TD Integral Positive Activation (Wastegate Duty)" address="5dc90" />
  <table name="Manifold Pressure Sensor Scaling" address="5d748" />
  <table name="Manifold Pressure Sensor Limits (CEL)" address="67c0c" />
  <table name="Manifold Pressure Sensor CEL Delays" address="61561" />
  <table name="Primary Open Loop Fueling A" address="62e3c">
    <table name="X" address="62db4" elements="16" />
    <table name="Y" address="62df4" />
  </table>
  <table name="Primary Open Loop Fueling B" address="62fe4">
    <table name="X" address="62f5c" elements="16" />
    <table name="Y" address="62f9c" />
  </table>
  <table name="Primary Open Loop Fueling A (Failsafe)" address="6318c">
    <table name="X" address="63104" elements="16" />
    <table name="Y" address="63144" />
  </table>
  <table name="Primary Open Loop Fueling B (Failsafe)" address="63334">
    <table name="X" address="632ac" elements="16" />
    <table name="Y" address="632ec" />
  </table>
  <table name="Primary Open Loop Fuel Map Switch (IAM)" address="61c28" />
  <table name="Minimum Active Primary Open Loop Enrichment" address="61b8c" />
  <table name="Minimum Primary Open Loop Enrichment (Throttle)" address="62130">
    <table name="Y" address="62118" />
  </table>
  <table name="Primary Open Loop Fueling Compensation (ECT)" address="62844">
    <table name="Y" address="61ea4" />
  </table>
  <table name="Primary Open Loop Fueling Compensation (Timing Compensation)_" address="62150">
    <table name="Y" address="62138" />
  </table>
  <table name="Front Oxygen Sensor Scaling" address="68208">
    <table name="Y" address="681d4" />
  </table>
  <table name="Front Oxygen Sensor Rich Limit" address="20fd8" />
  <table name="Front Oxygen Sensor Compensation (Atm. Pressure)" address="60a54">
    <table name="Y" address="60a44" />
  </table>
  <table name="CL Fueling Target Compensation (Load)" address="63a78">
    <table name="X" address="63a30" elements="8" />
    <table name="Y" address="63a50" />
  </table>
  <table name="CL Fueling Target Compensation (ECT)_" address="625ea">
    <table name="Y" address="61ea4" />
  </table>
  <table name="CL to OL Delay" address="61904">
    <table name="Y" elements="6" />
  </table>
  <table name="CL to OL Transition with Delay (Throttle)" address="62108">
    <table name="Y" address="620c8" />
  </table>
  <table name="CL to OL Transition with Delay Throttle Hysteresis" address="61b90" />
  <table name="CL to OL Transition with Delay (Base Pulse Width)" address="62824">
    <table name="Y" address="627e4" />
  </table>
  <table name="CL to OL Transition with Delay BPW Hysteresis" address="61b94" />
  <table name="CL Delay Maximum (Throttle)" address="61c04" />
  <table name="CL Delay Maximum (Vehicle Speed)" address="61c08" />
  <table name="CL Delay Minimum (ECT)" address="61b98" />
  <table name="CL Delay Maximum Engine Speed (Per Gear)" address="61bc4" />
  <table name="CL Delay Maximum Engine Speed (Neutral)" address="61bec" />
  <table name="Injector Latency" address="67ce0">
    <table name="Y" address="67ccc" />
  </table>
  <table name="Injector Flow Scaling" address="61a28" />
  <table name="Per Injector Primary Fuel Offset Compensation A" address="63490">
    <table name="X" address="63454" />
    <table name="Y" address="63474" elements="7" />
  </table>
  <table name="Per Injector Primary Fuel Offset Compensation B" address="63504">
    <table name="X" address="634c8" />
    <table name="Y" address="634e8" elements="7" />
  </table>
  <table name="Per Injector Primary Fuel Offset Compensation C" address="63578">
    <table name="X" address="6353c" />
    <table name="Y" address="6355c" elements="7" />
  </table>
  <table name="Per Injector Primary Fuel Offset Compensation D" address="635ec">
    <table name="X" address="635b0" />
    <table name="Y" address="635d0" elements="7" />
  </table>
  <table name="Cranking Fuel Injector Pulse Width A (ECT)" address="62306">
    <table name="Y" address="61ea4" />
  </table>
  <table name="Cranking Fuel Injector Pulse Width B (ECT)" address="62326">
    <table name="Y" address="61ea4" />
  </table>
  <table name="Cranking Fuel Injector Pulse Width C (ECT)" address="62346">
    <table name="Y" address="61ea4" />
  </table>
  <table name="Cranking Fuel Injector Pulse Width D (ECT)" address="62366">
    <table name="Y" address="61ea4" />
  </table>
  <table name="Cranking Fuel IPW Compensation (RPM)" address="62c94">
    <table name="X" address="62c64" />
    <table name="Y" address="62c78" />
  </table>
  <table name="Cranking Fuel IPW Compensation (Accelerator)" address="61f3c">
    <table name="Y" address="61f24" />
  </table>
  <table name="Throttle Tip-in Enrichment" address="62948">
    <table name="Y" address="62904" elements="17" />
  </table>
  <table name="Minimum Tip-in Enrichment Activation" address="61d0c" />
  <table name="Minimum Tip-in Enrichment Activation (Throttle)" address="61d08" />
  <table name="Tip-in Enrichment Compensation (Boost Error)" address="62214">
    <table name="Y" address="621f0" />
  </table>
  <table name="Tip-in Enrichment Compensation (ECT)" address="6296a">
    <table name="Y" address="61ea4" />
  </table>
  <table name="Tip-in Enrichment Disable Applied Counter Threshold" address="618d6" />
  <table name="Tip-in Enrichment Applied Counter Reset" address="618d7" />
  <table name="Tip-in Enrichment Disable Throttle Cumulative Threshold" address="61d10" />
  <table name="Tip-in Throttle Cumulative Reset" address="618d8" />
  <table name="Min Primary Base Enrichment 1" address="61f92">
    <table name="Y" address="61ea4" />
  </table>
  <table name="Min Primary Base Enrichment 1 (Non-Primary OL)" address="62d94">
    <table name="X" address="62d60" />
    <table name="Y" address="62d88" />
  </table>
  <table name="Min Primary Base Enrich 2 Initial Start 1A" address="62406">
    <table name="Y" address="61ea4" />
  </table>
  <table name="Min Primary Base Enrich 2 Initial Start 1B" address="62446">
    <table name="Y" address="61ea4" />
  </table>
  <table name="Min Primary Base Enrich 2 Initial Start 2A" address="62426">
    <table name="Y" address="61ea4" />
  </table>
  <table name="Min Primary Base Enrich 2 Initial Start 2B" address="62466">
    <table name="Y" address="61ea4" />
  </table>
  <table name="Min Primary Base Enrich 2 Decay Step 1" address="62486">
    <table name="Y" address="61ea4" />
  </table>
  <table name="Min Primary Base Enrich 2 Decay Step 2" address="624a6">
    <table name="Y" address="61ea4" />
  </table>
  <table name="Min Primary Base Enrich 3 Initial Start 1A" address="62386">
    <table name="Y" address="61ea4" />
  </table>
  <table name="Min Primary Base Enrich 3 Initial Start 1B" address="623a6">
    <table name="Y" address="61ea4" />
  </table>
  <table name="Min Primary Base Enrich 3 Initial Start 2A" address="623c6">
    <table name="Y" address="61ea4" />
  </table>
  <table name="Min Primary Base Enrich 3 Initial Start 2B" address="623e6">
    <table name="Y" address="61ea4" />
  </table>
  <table name="Min Primary Base Enrich 3 Decay Delay A" address="61f52">
    <table name="Y" address="61ea4" />
  </table>
  <table name="Min Primary Base Enrich 3 Decay Delay B" address="61f62">
    <table name="Y" address="61ea4" />
  </table>
  <table name="Min Primary Base Enrich 3 Decay Multiplier" address="61a2c" />
  <table name="A/F Learning #1 Limits" address="61b38" />
  <table name="A/F Learning #1 Airflow Ranges" address="61b44" />
  <table name="MAF Limit (Maximum)" address="607cc" />
  <table name="MAF Sensor Scaling" address="6800c">
    <table name="Y" address="67f34" />
  </table>
  <table name="MAF Compensation (IAT)" address="61044">
    <table name="X" address="61010" />
    <table name="Y" address="61024" />
  </table>
  <table name="Engine Load Limit (Maximum)" address="1f64c" />
  <table name="Engine Load Compensation (MP)" address="60f8c">
    <table name="X" address="60f30" />
    <table name="Y" address="60f5c" elements="12" />
  </table>
  <table name="Base Timing A" address="64b3c">
    <table name="X" address="64ab0" elements="17" />
    <table name="Y" address="64af4" />
  </table>
  <table name="Base Timing B" address="64cfc">
    <table name="X" address="64c70" elements="17" />
    <table name="Y" address="64cb4" />
  </table>
  <table name="Base Timing Idle (Below Speed Threshold)" address="63f04" />
  <table name="Base Timing Idle (Above Speed Threshold)" address="642dc">
    <table name="Y" address="642b8" />
  </table>
  <table name="Base Timing Idle Vehicle Speed Threshold" address="63ed8" />
  <table name="Knock Correction Advance Max A" address="64f5c">
    <table name="X" address="64ed0" elements="17" />
    <table name="Y" address="64f14" />
  </table>
  <table name="Knock Correction Advance Max B" address="6511c">
    <table name="X" address="65090" elements="17" />
    <table name="Y" address="650d4" />
  </table>
  <table name="Timing Compensation (IAT)" address="64348">
    <table name="Y" address="64308" />
  </table>
  <table name="Timing Comp Min Load (IAT)" address="63f08" />
  <table name="Timing Compensation (ECT)" address="642f5">
    <table name="Y" address="64160" />
  </table>
  <table name="Timing Compensation (MRP)" address="65284">
    <table name="X" address="65264" />
    <table name="Y" address="65278" />
  </table>
  <table name="Timing Compensation Per Cylinder A__" address="64690">
    <table name="Y" address="64658" />
  </table>
  <table name="Timing Compensation Per Cylinder B__" address="646d8">
    <table name="Y" address="646a0" />
  </table>
  <table name="Timing Compensation Per Cylinder C__" address="64720">
    <table name="Y" address="646e8" />
  </table>
  <table name="Timing Compensation Per Cylinder D__" address="64768">
    <table name="Y" address="64730" />
  </table>
  <table name="Timing Comp Minimum Load (Per Cylinder)" address="63fe4" />
  <table name="Timing Comp Maximum RPM (Per Cylinder)" address="63fe0" />
  <table name="Timing Comp Minimum Coolant Temp (Per Cylinder)" address="63fe8" />
  <table name="Feedback Correction Range (RPM)" address="64018" />
  <table name="Feedback Correction Minimum Load" address="64028" />
  <table name="Feedback Correction Retard Value" address="63ffc" />
  <table name="Feedback Correction Retard Limit" address="63ff8" />
  <table name="Feedback Correction Negative Advance Value" address="64000" />
  <table name="Feedback Correction Negative Advance Delay" address="63dfa" />
  <table name="Extended Feedback Correction High RPM Compensation" address="64030" />
  <table name="Fine Correction Range (RPM)" address="64100" />
  <table name="Fine Correction Range (Load)" address="64110" />
  <table name="Fine Correction Rows (RPM)" address="64130" />
  <table name="Fine Correction Columns (Load)" address="64120" />
  <table name="Fine Correction Retard Value" address="64148" />
  <table name="Fine Correction Retard Limit" address="640f8" />
  <table name="Fine Correction Advance Value" address="640fc" />
  <table name="Fine Correction Advance Limit" address="640f4" />
  <table name="Fine Correction Advance Delay" address="63e08" />
  <table name="Rough Correction Range (RPM)" address="640a8" />
  <table name="Rough Correction Range (Load)" address="640b8" />
  <table name="Rough Correction Minimum KC Advance Map Value" address="640c8" />
  <table name="Rough Correction Learning Delay (Increasing)" address="647a0">
    <table name="Y" address="64778" />
  </table>
  <table name="Advance Multiplier (Initial)" address="640a4" />
  <table name="Advance Multiplier Step Value" address="640cc" />
  <table name="Intake Cam Advance Angle A (AVCS)" address="696e4">
    <table name="X" address="69664" />
    <table name="Y" address="6969c" />
  </table>
  <table name="Intake Cam Advance Angle B (AVCS)" address="6995c">
    <table name="X" address="698dc" />
    <table name="Y" address="69914" />
  </table>
  <table name="Exhaust Cam Retard Angle A (AVCS)" address="6a00c">
    <table name="X" address="69f8c" />
    <table name="Y" address="69fc4" />
  </table>
  <table name="Exhaust Cam Retard Angle B (AVCS)" address="6a284">
    <table name="X" address="6a204" />
    <table name="Y" address="6a23c" />
  </table>
  <table name="Requested Torque (Accelerator Pedal)" address="66d68">
    <table name="X" address="66cd4" elements="20" />
    <table name="Y" address="66d24" />
  </table>
  <table name="Target Throttle Plate Position A (Requested Torque)" address="66810">
    <table name="X" address="6678c" />
    <table name="Y" address="667d0" />
  </table>
  <table name="Target Throttle Plate Position B (Requested Torque)" address="66ab4">
    <table name="X" address="66a30" />
    <table name="Y" address="66a74" />
  </table>
  <table name="Rev Limit (Fuel Cut)" address="61d60" />
  <table name="Rev Limit Fuel Resume (Boost)" address="61d68" />
  <table name="Speed Limiting Enable (Fuel Cut)" address="61db0" />
  <table name="Speed Limiting Disable (Fuel Cut)" address="61db8" />
  <table name="Speed Limiting (Throttle)" address="60a38" />
  <table name="Intake Temp Sensor Scaling" address="5d4fc">
    <table name="Y" address="5d484" />
  </table>
  <table name="Coolant Temp Sensor Scaling" address="5d414">
    <table name="Y" address="5d3a4" />
  </table>
  <table name="Atmospheric Pressure Sensor Scaling" address="5d6ec" />
  <table name="Radiator Fan Modes (ECT)" address="68960" />
  <table name="Radiator Fan Modes (Veh. Speed)" address="68970" />
  <table name="Gear Determination Thresholds A" address="60788" />
  <table name="Gear Determination Thresholds B" address="6079c" />
  <table name="Idle Speed Target A" address="65e1a">
    <table name="Y" address="6592c" />
  </table>
  <table name="Idle Speed Target B" address="65e5a">
    <table name="Y" address="6592c" />
  </table>
  <table name="Idle Speed Target C" address="65e9a">
    <table name="Y" address="6592c" />
  </table>
  <table name="Force Pass Readiness Monitors" address="50b3e" />
  <table name="(P0031) FRONT O2 SENSOR LOW INPUT" address="4d936" />
  <table name="(P0032) FRONT O2 SENSOR HIGH INPUT" address="4d934" />
  <table name="(P0037) REAR O2 SENSOR LOW INPUT" address="4d935" />
  <table name="(P0038) REAR O2 SENSOR HIGH INPUT" address="4d933" />
  <table name="(P0102) MAF SENSOR LOW INPUT" address="4d8e5" />
  <table name="(P0103) MAF SENSOR HIGH INPUT" address="4d8e6" />
  <table name="(P0107) MAP SENSOR LOW INPUT" address="4d939" />
  <table name="(P0108) MAP SENSOR HIGH INPUT" address="4d93a" />
  <table name="(P0112) IAT SENSOR LOW INPUT" address="4d930" />
  <table name="(P0113) IAT SENSOR HIGH INPUT" address="4d931" />
  <table name="(P0117) COOLANT TEMP SENSOR LOW INPUT" address="4d8ed" />
  <table name="(P0118) COOLANT TEMP SENSOR HIGH INPUT" address="4d8ee" />
  <table name="(P0122) TPS A LOW INPUT" address="4d8ea" />
  <table name="(P0123) TPS A HIGH INPUT" address="4d8eb" />
  <table name="(P0131) FRONT O2 SENSOR LOW INPUT" address="4d92d" />
  <table name="(P0132) FRONT O2 SENSOR HIGH INPUT" address="4d92e" />
  <table name="(P0134) FRONT O2 SENSOR NO ACTIVITY" address="4d95c" />
  <table name="(P0137) REAR O2 SENSOR LOW VOLTAGE" address="4d92c" />
  <table name="(P0138) REAR O2 SENSOR HIGH VOLTAGE" address="4d92f" />
  <table name="(P0171) SYSTEM TOO LEAN" address="4d922" />
  <table name="(P0172) SYSTEM TOO RICH" address="4d923" />
  <table name="(P0222) TPS B LOW INPUT" address="4d960" />
  <table name="(P0223) TPS B HIGH INPUT" address="4d961" />
  <table name="(P0230) FUEL PUMP PRIMARY CIRCUIT" address="4d957" />
  <table name="(P0245) WASTEGATE SOLENOID A LOW" address="4d940" />
  <table name="(P0246) WASTEGATE SOLENOID A HIGH" address="4d941" />
  <table name="(P0261) FUEL INJECTOR #1 CIRCUIT LOW" address="4d947" />
  <table name="(P0264) FUEL INJECTOR #2 CIRCUIT LOW" address="4d948" />
  <table name="(P0267) FUEL INJECTOR #3 CIRCUIT LOW" address="4d949" />
  <table name="(P0270) FUEL INJECTOR #4 CIRCUIT LOW" address="4d94a" />
  <table name="(P0327) KNOCK SENSOR 1 LOW INPUT" address="4d8e8" />
  <table name="(P0328) KNOCK SENSOR 1 HIGH INPUT" address="4d8e9" />
  <table name="(P0335) CRANKSHAFT POS. SENSOR A MALFUNCTION" address="4d8e0" />
  <table name="(P0340) CAMSHAFT POS. SENSOR A MALFUNCTION" address="4d974" />
  <table name="(P0345) CAMSHAFT POS. SENSOR A BANK 2" address="4d973" />
  <table name="(P0350) IGNITION COIL PRIMARY/SECONDARY" address="4d8f4" />
  <table name="(P0365) CAMSHAFT POS. SENSOR B BANK 1" address="4d972" />
  <table name="(P0390) CAMSHAFT POS. SENSOR B BANK 2" address="4d971" />
  <table name="(P0458) EVAP PURGE VALVE CIRCUIT LOW" address="4d914" />
  <table name="(P0459) EVAP PURGE VALVE CIRCUIT HIGH" address="4d915" />
  <table name="(P0500) VEHICLE SPEED SENSOR A" address="4d8e7" />
  <table name="(P0512) STARTER REQUEST CIRCUIT" address="4d8f6" />
  <table name="(P0519) IDLE CONTROL MALFUNCTION (FAIL-SAFE)" address="4d95a" />
  <table name="(P0562) SYSTEM VOLTAGE LOW" address="4d93e" />
  <table name="(P0563) SYSTEM VOLTAGE HIGH" address="4d93f" />
  <table name="(P0600) SERIAL COMMUNICATION LINK" address="4d970" />
  <table name="(P0604) CONTROL MODULE RAM ERROR" address="4d8e4" />
  <table name="(P0605) CONTROL MODULE ROM ERROR" address="4d975" />
  <table name="(P0607) CONTROL MODULE PERFORMANCE" address="4d968" />
  <table name="(P0638) THROTTLE ACTUATOR RANGE/PERF" address="4d967" />
  <table name="(P0700) TRANSMISSION CONTROL SYSTEM" address="4d97e" />
  <table name="(P0851) NEUTRAL SWITCH INPUT LOW" address="4d8fa" />
  <table name="(P0852) NEUTRAL SWITCH INPUT HIGH" address="4d8fe" />
  <table name="(P1110) ATMOS. PRESSURE SENSOR LOW INPUT" address="4d937" />
  <table name="(P1111) ATMOS. PRESSURE SENSOR HIGH INPUT" address="4d938" />
  <table name="(P1160) ABNORMAL RETURN SPRING" address="4d962" />
  <table name="(P1518) STARTER SWITCH LOW INPUT" address="4d8f5" />
  <table name="(P1560) BACK-UP VOLTAGE MALFUNCTION" address="4d93d" />
  <table name="(P2088) OCV SOLENOID A1 CIRCUIT OPEN" address="4d97d" />
  <table name="(P2089) OCV SOLENOID A1 CIRCUIT SHORT" address="4d97c" />
  <table name="(P2090) OCV SOLENOID B1 CIRCUIT OPEN" address="4d979" />
  <table name="(P2091) OCV SOLENOID B1 CIRCUIT SHORT" address="4d978" />
  <table name="(P2092) OCV SOLENOID A2 CIRCUIT OPEN" address="4d97b" />
  <table name="(P2093) OCV SOLENOID A2 CIRCUIT SHORT" address="4d97a" />
  <table name="(P2094) OCV SOLENOID B2 CIRCUIT OPEN" address="4d977" />
  <table name="(P2095) OCV SOLENOID B2 CIRCUIT SHORT" address="4d976" />
  <table name="(P2101) THROTTLE ACTUATOR CIRCUIT RANGE/PERF" address="4d965" />
  <table name="(P2102) THROTTLE ACTUATOR CIRCUIT LOW" address="4d963" />
  <table name="(P2103) THROTTLE ACTUATOR CIRCUIT HIGH" address="4d964" />
  <table name="(P2109) TPS A MINIMUM STOP PERF" address="4d95f" />
  <table name="(P2122) TPS D CIRCUIT LOW INPUT" address="4d96c" />
  <table name="(P2123) TPS D CIRCUIT HIGH INPUT" address="4d96d" />
  <table name="(P2127) TPS E CIRCUIT LOW INPUT" address="4d96a" />
  <table name="(P2128) TPS E CIRCUIT HIGH INPUT" address="4d96b" />
  <table name="(P2135) TPS A/B VOLTAGE" address="4d96e" />
  <table name="(P2138) TPS D/E VOLTAGE" address="4d969" />
</rom>