<rom>
  <romid>
    <xmlid>A4SGA00C</xmlid>
    <internalidaddress>200</internalidaddress>
    <internalidstring>A4SGA00C</internalidstring>
    <ecuid>1B14400405</ecuid>
    <year>02</year>
    <market>USDM</market>
    <make>Subaru</make>
    <model>Impreza</model>
    <submodel>WRX</submodel>
    <transmission>MT/AT</transmission>
    <memmodel>68HC16Y5</memmodel>
    <flashmethod>wrx02</flashmethod>
  </romid>
  <include>16BITBASE</include>
  <table name="Target Boost (MT)" address="2b508">
    <table name="X" address="2b4f6" />
    <table name="Y" address="2b4e3" />
  </table>
  <table name="Target Boost (AT)" address="2b49b">
    <table name="X" address="2b489" />
    <table name="Y" address="2b476" />
  </table>
  <table name="Target Boost Compensation (IAT)" address="2b56d">
    <table name="X" address="2b567" />
    <table name="Y" address="2b562" />
  </table>
  <table name="Target Boost Compensation (Atm. Pressure)" address="2b556" />
  <table name="Boost Limit (CEL)" address="2bbff" />
  <table name="Boost Limit CEL Delay" address="2bbf7" />
  <table name="Boost Limit (Fuel Cut)" address="29926" />
  <table name="Boost Control Disable (IAM)" address="2b5d1" />
  <table name="Boost Control Disable (Fine Correction)" address="2b5cf" />
  <table name="Boost Control Disable Delay (Fine Correction)" address="2b5d0" />
  <table name="Initial Off-Idle Wastegate Duty" address="2b467" />
  <table name="Max Wastegate Duty (MT)" address="2b403">
    <table name="X" address="2b3f1" />
    <table name="Y" address="2b3e0" />
  </table>
  <table name="Max Wastegate Duty (AT)" address="2b3a0">
    <table name="X" address="2b38e" />
    <table name="Y" address="2b37d" />
  </table>
  <table name="Max Wastegate Duty Compensation (IAT)" address="2b453" />
  <table name="Max Wastegate Duty Compensation (Atm. Pressure)" address="2b449" />
  <table name="Turbo Dynamics Burst" address="2b5ab">
    <table name="Y" address="2b597" />
  </table>
  <table name="Turbo Dynamics Continuous" address="2b585">
    <table name="Y" address="2b571" />
  </table>
  <table name="TD Burst Activation Thresholds (Boost Error)" address="2b5c7" />
  <table name="TD Continuous Activation Thresholds (Boost Error)" address="2b5cb" />
  <table name="Manifold Pressure Sensor Multiplier A" address="53fa" />
  <table name="Manifold Pressure Sensor Offset A" address="5400" />
  <table name="Manifold Pressure Sensor Multiplier B" address="54ae" />
  <table name="Manifold Pressure Sensor Offset B" address="54b4" />
  <table name="Manifold Pressure Sensor Multiplier C" address="5536" />
  <table name="Manifold Pressure Sensor Offset C" address="553c" />
  <table name="Manifold Pressure Sensor Multiplier D" address="d8c6" />
  <table name="Manifold Pressure Sensor Offset D" address="d8cc" />
  <table name="Manifold Pressure Sensor High Input (CEL)" address="2b937" />
  <table name="Manifold Pressure Sensor CEL Delay (High Input)" address="2b939" />
  <table name="Manifold Pressure Sensor Low Input (CEL)" address="2b93a" />
  <table name="Manifold Pressure Sensor CEL Delay (Low Input)" address="2b93c" />
  <table name="Primary Open Loop Fueling" address="293a6">
    <table name="X" address="29384" elements="16" />
    <table name="Y" address="2935f" elements="18" />
  </table>
  <table name="Primary Open Loop Fueling (Failsafe)" address="2951c">
    <table name="X" address="294fa" elements="16" />
    <table name="Y" address="294d5" />
  </table>
  <table name="Primary Open Loop Fuel Map Switch (IAM)" address="2934f" />
  <table name="Minimum Active Primary Open Loop Enrichment" address="292a8" />
  <table name="Minimum Primary Open Loop Enrichment (Throttle)" address="29323" />
  <table name="Minimum Primary Fueling CL to OL Intermediate Enrich" address="292ac" />
  <table name="Maximum Primary Fueling CL to OL Intermediate Steps" address="292b2" />
  <table name="Primary Open Loop Fueling Compensation (ECT)" address="2932f" />
  <table name="Front Oxygen Sensor Scaling" address="2855f">
    <table name="Y" address="28543" />
  </table>
  <table name="Front Oxygen Sensor Compensation (Atm. Pressure)" address="2852c">
    <table name="Y" address="28522" />
  </table>
  <table name="Closed Loop Base Fueling Target" address="99dc" />
  <table name="Closed Loop Fueling Target Limits" address="29061" />
  <table name="CL Fueling Target Compensation (Load)(MT)" address="29147">
    <table name="X" address="29135" />
    <table name="Y" address="29126" />
  </table>
  <table name="CL Fueling Target Compensation (Load)(AT)" address="290ee">
    <table name="X" address="290dc" />
    <table name="Y" address="290cd" />
  </table>
  <table name="CL Fueling Target Compensation (ECT)(MT)" address="29099" />
  <table name="CL Fueling Target Compensation (ECT)(AT)" address="29073" />
  <table name="CL Fueling Target Compensation (ECT) Disable" address="2906c" />
  <table name="CL to OL Delay" address="292cf" />
  <table name="CL to OL Transition with Delay (Throttle)" address="292f9" />
  <table name="CL to OL Transition with Delay Throttle Hysteresis" address="292b4" />
  <table name="CL to OL Transition with Delay (Base Pulse Width)" address="2930f" />
  <table name="CL to OL Transition with Delay BPW Hysteresis_" address="292b5" />
  <table name="CL Delay Maximum (EGT)" address="292c7" />
  <table name="CL Delay Maximum (Throttle) (MT)" address="292c1" />
  <table name="CL Delay Maximum Engine Speed" address="292b9" />
  <table name="CL Delay Maximum (Vehicle Speed)" address="292c5" />
  <table name="CL Delay Minimum (ECT)" address="292b7" />
  <table name="CL Delay Throttle Atm. Pressure Thresholds" address="292ef" />
  <table name="CL Delay Maximum (Throttle) (Low Atm. Pressure)(AT)" address="292bf" />
  <table name="CL Delay Maximum (Throttle) (High Atm. Pressure)(AT)" address="292bd" />
  <table name="Injector Latency" address="28aea" />
  <table name="Injector Flow Scaling" address="28ae2" />
  <table name="Per Injector Primary Fuel Offset Compensation A" address="29698">
    <table name="Y" address="29686" />
  </table>
  <table name="Per Injector Primary Fuel Offset Compensation B" address="296ba">
    <table name="Y" address="296a8" />
  </table>
  <table name="Per Injector Primary Fuel Offset Compensation C" address="296dc">
    <table name="Y" address="296ca" />
  </table>
  <table name="Per Injector Primary Fuel Offset Compensation D" address="296fe">
    <table name="Y" address="296ec" />
  </table>
  <table name="Per Injector Compensation Activation (RPM)" address="29682" />
  <table name="Cranking Fuel Injector Pulse Width A (ECT)" address="289e2" />
  <table name="Cranking Fuel Injector Pulse Width B (ECT)" address="28a08">
    <table name="Y" elements="13" />
  </table>
  <table name="Cranking Fuel Injector Pulse Width C (ECT)" address="28a28" />
  <table name="Cranking Fuel Injector Pulse Width D (ECT)" address="28a4e">
    <table name="Y" elements="13" />
  </table>
  <table name="Cranking Fuel IPW Compensation (MAP)" address="2896c" />
  <table name="Cranking Fuel IPW Compensation (Throttle)" address="2897a" />
  <table name="Cranking Fuel IPW Compensation (RPM)(MT)" address="289b9" />
  <table name="Cranking Fuel IPW Compensation (RPM)(AT)" address="2898b" />
  <table name="Throttle Tip-in Enrichment" address="297d8">
    <table name="Y" address="297c4" />
  </table>
  <table name="Minimum Tip-in Enrichment Activation" address="297be" />
  <table name="Minimum Tip-in Enrichment Activation (Throttle)" address="297bc" />
  <table name="Tip-in Enrichment Compensation (Positive Boost Error)" address="297fd" />
  <table name="Tip-in Enrichment Compensation A (ECT)" address="29819" />
  <table name="Tip-in Enrichment Compensation B (ECT)" address="29849" />
  <table name="Tip-in Enrichment Compensation B (ECT) Activation" address="2983d" />
  <table name="Tip-in Enrichment Compensation (RPM)" address="297ee" />
  <table name="Tip-in Enrichment Disable Applied Counter Threshold" address="297bd" />
  <table name="Tip-in Enrichment Applied Counter Reset" address="297c2" />
  <table name="Tip-in Enrichment Disable Throttle Cumulative Threshold" address="297c0" />
  <table name="Tip-in Throttle Cumulative Reset" address="297c3" />
  <table name="Primary Base Enrichment Additive 1" address="28c76" />
  <table name="Primary Base Enrichment Additive Compensation (Load)" address="28c8c" />
  <table name="Primary Base Enrichment Additive 2 Initial Start 1A" address="28b8d" />
  <table name="Primary Base Enrichment Additive 2 Initial Start 1B" address="28bd3" />
  <table name="Primary Base Enrichment Additive 2 Initial Start 2A" address="28bb3">
    <table name="Y" elements="13" />
  </table>
  <table name="Primary Base Enrichment Additive 2 Initial Start 2B" address="28bf9">
    <table name="Y" elements="13" />
  </table>
  <table name="Primary Base Enrichment Additive 2 Decay Step 1" address="28c1b" />
  <table name="Primary Base Enrichment Additive 2 Decay Step 2" address="28c41">
    <table name="Y" elements="13" />
  </table>
  <table name="Primary Base Enrichment Additive 3 Initial Start 1A" address="28b10">
    <table name="Y" elements="13" />
  </table>
  <table name="Primary Base Enrichment Additive 3 Initial Start 1B" address="28b39">
    <table name="Y" elements="13" />
  </table>
  <table name="Primary Base Enrichment Additive 3 Initial Start 2A" address="28afa" />
  <table name="Primary Base Enrichment Additive 3 Initial Start 2B" address="28b23" />
  <table name="Primary Base Enrichment Additive 3 Decay Delay 1" address="28b65">
    <table name="Y" elements="13" />
  </table>
  <table name="Primary Base Enrichment Additive 3 Decay Delay 2" address="28b4f" />
  <table name="Primary Base Enrichment Additive 3 Decay Multiplier" address="28b48" />
  <table name="A/F Learning #1 Limits" address="291ae" />
  <table name="A/F Learning #1 Airflow Ranges" address="291b4" />
  <table name="MAF Sensor Scaling" address="28089">
    <table name="Y" address="28027" />
  </table>
  <table name="MAF Sensor Limit (CEL)" address="2b9c6" />
  <table name="MAF Compensation (IAT)" address="2821c">
    <table name="X" address="28215" />
    <table name="Y" address="2820c" />
  </table>
  <table name="Engine Load Compensation (MP)" address="28188">
    <table name="X" address="28170" />
    <table name="Y" address="28157" />
  </table>
  <table name="Base Timing" address="29bf9">
    <table name="X" address="29bd7" />
    <table name="Y" address="29bb2" elements="18" />
  </table>
  <table name="Base Timing Idle A (Neutral)" address="29b8b" />
  <table name="Base Timing Idle B (Neutral)" address="29b9a" />
  <table name="Base Timing Idle (In-Gear)(Above Speed Threshold)" address="29b5e" />
  <table name="Base Timing Idle A (In-Gear)(Below Speed Threshold)" address="29b6d" />
  <table name="Base Timing Idle B (In-Gear)(Below Speed Threshold)" address="29b7c" />
  <table name="Base Timing Idle Vehicle Speed Threshold" address="29b52" />
  <table name="Knock Correction Advance Max" address="2a18e">
    <table name="X" address="2a16c" elements="16" />
    <table name="Y" address="2a147" elements="18" />
  </table>
  <table name="Timing Compensation (IAT)" address="29d70" />
  <table name="Timing Comp Min Load (IAT)" address="29d80" />
  <table name="Timing Compensation (ECT)" address="29d5a" />
  <table name="Timing Compensation Idle A (ECT)" address="29d2e" />
  <table name="Timing Compensation Idle B (ECT)" address="29d44" />
  <table name="Timing Compensation Per Cylinder A (RPM)_" address="2a3d6" />
  <table name="Timing Compensation Per Cylinder B (RPM)_" address="2a3ea" />
  <table name="Timing Compensation Per Cylinder C (RPM)_" address="2a3fe" />
  <table name="Timing Compensation Per Cylinder D (RPM)_" address="2a412" />
  <table name="Timing Comp Minimum Load (Per Cylinder)" address="2a3ca" />
  <table name="Timing Comp Maximum RPM (Per Cylinder)" address="2a3c8" />
  <table name="Timing Comp Minimum Coolant Temp (Per Cylinder)" address="2a3cc" />
  <table name="Feedback Correction Range (RPM)" address="2a2f8" />
  <table name="Feedback Correction Minimum Load" address="2a300" />
  <table name="Feedback Correction Retard Value" address="2a2eb" />
  <table name="Feedback Correction Retard Limit" address="2a2ea" />
  <table name="Feedback Correction Negative Advance Value" address="2a2ec" />
  <table name="Feedback Correction Negative Advance Delay" address="2a2e6" />
  <table name="Fine Correction Range (RPM)" address="2a33f" />
  <table name="Fine Correction Range (Load)" address="2a347" />
  <table name="Fine Correction Rows (RPM)" address="2a314" />
  <table name="Fine Correction Columns (Load)" address="2a304" />
  <table name="Fine Correction Retard Value" address="2a32f" />
  <table name="Fine Correction Retard Limit" address="2a327" />
  <table name="Fine Correction Advance Value" address="2a328" />
  <table name="Fine Correction Advance Limit" address="2a326" />
  <table name="Fine Correction Advance Delay" address="2a324" />
  <table name="Rough Correction Range (RPM)" address="2a2af" />
  <table name="Rough Correction Range (Load)" address="2a2b7" />
  <table name="Rough Correction Minimum KC Advance Map Value" address="2a2bf" />
  <table name="Rough Correction Learning Delay (Increasing)" address="2a2c7" />
  <table name="Advance Multiplier (Initial)" address="2a2ae" />
  <table name="Advance Multiplier Step Value" address="2a2c0" />
  <table name="EGT Limit (Failsafe)" address="2bd66">
    <table name="X" address="2bd4e" elements="11" />
    <table name="Y" address="2bd35" elements="12" />
  </table>
  <table name="Rev Limit (Fuel Cut)" address="298f6" />
  <table name="Rev Limit Timing Retard" address="29fe1" />
  <table name="Speed Limiting (Fuel Cut)" address="29916" />
  <table name="Speed Limiting Disable (Fuel Cut)" address="12b78" />
  <table name="Speed Limiting (Wastegate)" address="2b5be" />
  <table name="Speed Limiting Disable (Wastegate)" address="2b5bd" />
  <table name="EGT Sensor Scaling" address="28629" />
  <table name="Fuel Temp Sensor Scaling" address="285e3" />
  <table name="Intake Temp Sensor Scaling" address="284bd" />
  <table name="Coolant Temp Sensor Scaling" address="28479" />
  <table name="Radiator Fan Modes (ECT)" address="2b2c0" />
  <table name="Radiator Fan Modes (Veh. Speed)" address="2b2c4" />
  <table name="Radiator Fan Switching Determination (Modes)" address="2b2a0" />
  <table name="Gear Determination Thresholds (MT)" address="286ca" />
  <table name="Idle Speed Target A (MT)" address="2a864" />
  <table name="Idle Speed Target B (MT)" address="2a88a" />
  <table name="Idle Speed Target C (MT)" address="2a8b0" />
  <table name="Idle Speed Target D (MT)" address="2a8d6" />
  <table name="Idle Speed Target A (AT)" address="2a8fc" />
  <table name="Idle Speed Target B (AT)" address="2a922" />
  <table name="Idle Speed Target C (AT)" address="2a948" />
  <table name="Idle Speed Target D (AT)" address="2a96e" />
  <table name="Min Idle Speed A/C (MT)" address="2a990" />
  <table name="Min Idle Speed A/C (AT)" address="2a992" />
  <table name="Min Idle Speed Startup (MT)" address="2abf4" />
  <table name="Min Idle Speed Startup (AT)" address="2abec" />
  <table name="Min Idle Speed High Electrical Load (MT)" address="2abf2" />
  <table name="Min Idle Speed High Electrical Load (AT)" address="2abe8" />
  <table name="Force Pass Readiness Monitors" address="1e052" />
  <table name="Catalyst Readiness Threshold Fix B" address="2b76a" />
  <table name="Catalyst Readiness Threshold Fix C" address="2b78d" />
  <table name="Catalyst Readiness Threshold Fix F" address="2b77a" />
  <scaling name="TGVCELFix(P1086,P1087,P1088,P1089)" storagetype="bloblist">
    <data name="enabled" value="274C274C" />
    <data name="disabled" value="FA00E7FC" />
  </scaling>
  <table name="TGV CEL Fix (P1086, P1087, P1088, P1089)" address="b6a" scaling="TGVCELFix(P1086,P1087,P1088,P1089)" />
  <scaling name="TGVCELFix(P1090,P1091,P1092,P1093)" storagetype="bloblist">
    <data name="enabled" value="274C274C274C274C" />
    <data name="disabled" value="FA00E6C4FA00E760" />
  </scaling>
  <table name="TGV CEL Fix (P1090, P1091, P1092, P1093)" address="d28" scaling="TGVCELFix(P1090,P1091,P1092,P1093)" />
  <scaling name="TGVCELFix(P1094,P1095,P1096,P1097)" storagetype="bloblist">
    <data name="enabled" value="274C274C" />
    <data name="disabled" value="FA01C6C0" />
  </scaling>
  <table name="TGV CEL Fix (P1094, P1095, P1096, P1097)" address="b56" scaling="TGVCELFix(P1094,P1095,P1096,P1097)" />
  <table name="Misfire CEL Fix (P0301, P0302, P0303, P0304)" address="2db43" />
  <table name="(P0031) FRONT O2 SENSOR LOW INPUT" address="2e539" />
  <table name="(P0032) FRONT O2 SENSOR HIGH INPUT" address="2e531" />
  <table name="(P0034) TURBO BYPASS VALVE CIRCUIT LOW" address="2e4ed" />
  <table name="(P0035) TURBO BYPASS VALVE CIRCUIT HIGH" address="2e4f1" />
  <table name="(P0037) REAR O2 SENSOR LOW INPUT" address="2e535" />
  <table name="(P0038) REAR O2 SENSOR HIGH INPUT" address="2e52d" />
  <table name="(P0101) MAF SENSOR RANGE/PERF" address="2e235" />
  <table name="(P0102) MAF SENSOR LOW INPUT" address="2e229" />
  <table name="(P0103) MAF SENSOR HIGH INPUT" address="2e22d" />
  <table name="(P0106) PRESSURE SENSOR RANGE" address="2e54d" />
  <table name="(P0107) MAP SENSOR LOW INPUT" address="2e551" />
  <table name="(P0108) MAP SENSOR HIGH INPUT" address="2e555" />
  <table name="(P0111) IAT SENSOR RANGE/PERF" address="2e525" />
  <table name="(P0112) IAT SENSOR LOW INPUT" address="2e51d" />
  <table name="(P0113) IAT SENSOR HIGH INPUT" address="2e521" />
  <table name="(P0117) COOLANT TEMP SENSOR LOW INPUT" address="2e271" />
  <table name="(P0118) COOLANT TEMP SENSOR HIGH INPUT" address="2e275" />
  <table name="(P0121) TPS RANGE/PERF" address="2e269" />
  <table name="(P0122) TPS A LOW INPUT" address="2e25d" />
  <table name="(P0123) TPS A HIGH INPUT" address="2e261" />
  <table name="(P0125) INSUFFICIENT COOLANT TEMP (FUELING)" address="2e27d" />
  <table name="(P0128) THERMOSTAT MALFUNCTION" address="2e5ad" />
  <table name="(P0131) FRONT O2 SENSOR LOW INPUT" address="2e501" />
  <table name="(P0132) FRONT O2 SENSOR HIGH INPUT" address="2e509" />
  <table name="(P0133) FRONT O2 SENSOR SLOW RESPONSE" address="2e469" />
  <table name="(P0136) REAR O2 SENSOR CIRCUIT MALFUNCTION" address="2e475" />
  <table name="(P0139) REAR O2 SENSOR SLOW RESPONSE" address="2e471" />
  <table name="(P0171) SYSTEM TOO LEAN" address="2e4a5" />
  <table name="(P0172) SYSTEM TOO RICH" address="2e4a9" />
  <table name="(P0181) FUEL TEMP SENSOR A RANGE/PERF" address="2e2f5" />
  <table name="(P0182) FUEL TEMP SENSOR A LOW INPUT" address="2e2ed" />
  <table name="(P0183) FUEL TEMP SENSOR A HIGH INPUT" address="2e2f1" />
  <table name="(P0244) WASTEGATE SOLENOID A RANGE/PERF" address="2e601" />
  <table name="(P0245) WASTEGATE SOLENOID A LOW" address="2e5f5" />
  <table name="(P0246) WASTEGATE SOLENOID A HIGH" address="2e5f9" />
  <table name="(P0249) WASTEGATE SOLENOID B LOW" address="2e609" />
  <table name="(P0250) WASTEGATE SOLENOID B HIGH" address="2e60d" />
  <table name="(P0261) FUEL INJECTOR #1 CIRCUIT LOW" address="2e64d" />
  <table name="(P0264) FUEL INJECTOR #2 CIRCUIT LOW" address="2e651" />
  <table name="(P0267) FUEL INJECTOR #3 CIRCUIT LOW" address="2e655" />
  <table name="(P0270) FUEL INJECTOR #4 CIRCUIT LOW" address="2e659" />
  <table name="(P0301) MISFIRE CYLINDER 1" address="2e4b1" />
  <table name="(P0302) MISFIRE CYLINDER 2" address="2e4b5" />
  <table name="(P0303) MISFIRE CYLINDER 3" address="2e4b9" />
  <table name="(P0304) MISFIRE CYLINDER 4" address="2e4bd" />
  <table name="(P0327) KNOCK SENSOR 1 LOW INPUT" address="2e255" />
  <table name="(P0328) KNOCK SENSOR 1 HIGH INPUT" address="2e259" />
  <table name="(P0335) CRANKSHAFT POS. SENSOR A MALFUNCTION" address="2e205" />
  <table name="(P0336) CRANKSHAFT POS. SENSOR A RANGE/PERF" address="2e20d" />
  <table name="(P0340) CAMSHAFT POS. SENSOR A MALFUNCTION" address="2e215" />
  <table name="(P0341) CAMSHAFT POS. SENSOR A RANGE/PERF" address="2e211" />
  <table name="(P0350) IGNITION COIL PRIMARY/SECONDARY" address="2e2a9" />
  <table name="(P0365) CAMSHAFT POS. SENSOR B BANK 1" address="2e3b5" />
  <table name="(P0390) CAMSHAFT POS. SENSOR B BANK 2" address="2e3b9" />
  <table name="(P0420) CAT EFFICIENCY BELOW THRESHOLD" address="2e48d" />
  <table name="(P0442) EVAP LEAK DETECTED (SMALL)" address="2e491" />
  <table name="(P0444) EVAP PURGE VALVE CIRCUIT LOW" address="2e391" />
  <table name="(P0445) EVAP PURGE VALVE CIRCUIT HIGH" address="2e395" />
  <table name="(P0447) EVAP VENT CONTROL CIRCUIT OPEN" address="2e3f1" />
  <table name="(P0448) EVAP VENT CONTROL CIRCUIT SHORTED" address="2e3f5" />
  <table name="(P0451) EVAP PRESSURE SENSOR RANGE/PERF" address="2e2c5" />
  <table name="(P0452) EVAP PRESSURE SENSOR LOW INPUT" address="2e2b9" />
  <table name="(P0453) EVAP PRESSURE SENSOR HIGH INPUT" address="2e2bd" />
  <table name="(P0456) EVAP LEAK DETECTED (VERY SMALL)" address="2e499" />
  <table name="(P0457) EVAP LEAK DETECTED (FUEL CAP)" address="2e4cd" />
  <table name="(P0461) FUEL LEVEL SENSOR RANGE/PERF" address="2e289" />
  <table name="(P0462) FUEL LEVEL SENSOR LOW INPUT" address="2e281" />
  <table name="(P0463) FUEL LEVEL SENSOR HIGH INPUT" address="2e285" />
  <table name="(P0464) FUEL LEVEL SENSOR INTERMITTENT" address="2e279" />
  <table name="(P0480) RADIATOR FAN RELAY 1 LOW" address="2e3a1" />
  <table name="(P0483) RADIATOR FAN RATIONALITY CHECK" address="2e3a9" />
  <table name="(P0500) VEHICLE SPEED SENSOR A" address="2e239" />
  <table name="(P0506) IDLE CONTROL RPM LOWER THAN EXPECTED" address="2e379" />
  <table name="(P0507) IDLE CONTROL RPM HIGH THAN EXPECTED" address="2e37d" />
  <table name="(P0508) IDLE CONTROL CIRCUIT LOW" address="2e36d" />
  <table name="(P0509) IDLE CONTROL CIRCUIT HIGH" address="2e371" />
  <table name="(P0512) STARTER REQUEST CIRCUIT" address="2e2b1" />
  <table name="(P0545) EGT SENSOR CIRCUIT LOW" address="2e661" />
  <table name="(P0546) EGT SENSOR CIRCUIT HIGH" address="2e665" />
  <table name="(P0562) SYSTEM VOLTAGE LOW" address="2e5e9" />
  <table name="(P0563) SYSTEM VOLTAGE HIGH" address="2e5ed" />
  <table name="(P0604) CONTROL MODULE RAM ERROR" address="2e21d" />
  <table name="(P0703) BRAKE SWITCH INPUT MALFUNCTION" address="2e415" />
  <table name="(P0705) TRANSMISSION RANGE SENSOR MALFUNCTION" address="2e40d" />
  <table name="(P0710) ATF TEMP SENSOR MALFUNCTION" address="2e409" />
  <table name="(P0715) TORQUE CONVERTER TURBINE SPEED MALFUNCTION" address="2e575" />
  <table name="(P0720) AT VEHICLE SPEED SENSOR HIGH" address="2e3fd" />
  <table name="(P0725) ENGINE SPEED INPUT MALFUNCTION" address="2e401" />
  <table name="(P0731) GEAR 1 INCORRECT RATIO" address="2e435" />
  <table name="(P0732) GEAR 2 INCORRECT RATIO" address="2e439" />
  <table name="(P0733) GEAR 3 INCORRECT RATIO" address="2e43d" />
  <table name="(P0734) GEAR 4 INCORRECT RATIO" address="2e445" />
  <table name="(P0741) TORQUE CONVERTER CLUTCH MALFUNCTION" address="2e419" />
  <table name="(P0743) TORQUE CONVERTER CLUTCH LOCK-UP DUTY SOLENOID" address="2e431" />
  <table name="(P0748) PRESSURE CONTROL LINE PRESSURE DUTY SOLENOID" address="2e42d" />
  <table name="(P0753) SHIFT SOLENOID A ELECTRICAL" address="2e421" />
  <table name="(P0758) SHIFT SOLENOID B ELECTRICAL" address="2e425" />
  <table name="(P0778) AT 2-4 BRAKE PRESSURE SOLENOID MALFUNCTION" address="2e581" />
  <table name="(P0785) AT 2-4 BRAKE TIMING SOLENOID MALFUNCTION" address="2e57d" />
  <table name="(P1086) TGV POS. 2 CIRCUIT LOW" address="2e695" />
  <table name="(P1087) TGV POS. 2 CIRCUIT HIGH" address="2e699" />
  <table name="(P1088) TGV POS. 1 CIRCUIT LOW" address="2e69d" />
  <table name="(P1089) TGV POS. 1 CIRCUIT HIGH" address="2e6a1" />
  <table name="(P1090) TGV SYSTEM 1 (VALVE OPEN)" address="2e359" />
  <table name="(P1091) TGV SYSTEM 1 (VALVE CLOSE)" address="2e35d" />
  <table name="(P1092) TGV SYSTEM 2 (VALVE OPEN)" address="2e361" />
  <table name="(P1093) TGV SYSTEM 2 (VALVE CLOSE)" address="2e365" />
  <table name="(P1094) TGV SIGNAL 1 (OPEN)" address="2e645" />
  <table name="(P1095) TGV SIGNAL 1 (SHORT)" address="2e63d" />
  <table name="(P1096) TGV SIGNAL 2 (OPEN)" address="2e649" />
  <table name="(P1097) TGV SIGNAL 2 (SHORT)" address="2e641" />
  <table name="(P1110) ATMOS. PRESSURE SENSOR LOW INPUT" address="2e541" />
  <table name="(P1111) ATMOS. PRESSURE SENSOR HIGH INPUT" address="2e545" />
  <table name="(P1112) ATMOS. PRESSURE SENSOR RANGE/PERF" address="2e549" />
  <table name="(P1130) FRONT O2 SENSOR MALFUNCTION (OPEN)" address="2e589" />
  <table name="(P1131) FRONT O2 SENSOR MALFUNCTION (SHORT)" address="2e591" />
  <table name="(P1134) FRONT O2 SENSOR MICROCOMPUTER" address="2e4fd" />
  <table name="(P1139) FRONT O2 SENSOR RANGE/PERF" address="2e565" />
  <table name="(P1141) MAF SENSOR HIGH INPUT" address="2e231" />
  <table name="(P1142) MAF SENSOR LOW INPUT" address="2e265" />
  <table name="(P1146) MAP SENSOR RANGE/PERF" address="2e55d" />
  <table name="(P1199) DIFFERENTIAL PRESSURE SENSOR" address="2e691" />
  <table name="(P1230) FUEL PUMP CONTROL UNIT MALFUNCTION" address="2e4a1" />
  <table name="(P1235) ICV SOLENOID CIRCUIT LOW" address="2e4dd" />
  <table name="(P1236) ICV SOLENOID CIRCUIT HIGH" address="2e4e1" />
  <table name="(P1237) ECV SOLENOID LOW POS. PRESSURE" address="2e2c9" />
  <table name="(P1238) ECV SOLENOID HIGH POS. PRESSURE" address="2e2cd" />
  <table name="(P1239) ECV SOLENOID LOW NEG. PRESSURE" address="2e2d1" />
  <table name="(P1240) ECV SOLENOID HIGH NEG. PRESSURE" address="2e2d5" />
  <table name="(P1241) 2 STAGE TWIN TURBO SYSTEM (SINGLE)" address="2e68d" />
  <table name="(P1242) 2 STAGE TWIN TURBO SYSTEM (TWIN)" address="2e689" />
  <table name="(P1247) RELIEF VALVE SOLENOID 1 CIRCUIT LOW" address="2e611" />
  <table name="(P1248) RELIEF VALVE SOLENOID 1 CIRCUIT HIGH" address="2e5d1" />
  <table name="(P1249) RELIEF VALVE SOLENOID 2 CIRCUIT LOW" address="2e5d5" />
  <table name="(P1250) RELIEF VALVE SOLENOID 2 CIRCUIT HIGH" address="2e5d9" />
  <table name="(P1301) MISFIRE (HIGH TEMP EXHAUST GAS)" address="2e4c9" />
  <table name="(P1306) OCV SOLENOID SIGNAL 1 MALFUNCTION (OPEN)" address="2e671" />
  <table name="(P1307) OCV SOLENOID SIGNAL 1 MALFUNCTION (SHORT)" address="2e679" />
  <table name="(P1308) OCV SOLENOID SIGNAL 2 MALFUNCTION (OPEN)" address="2e675" />
  <table name="(P1309) OCV SOLENOID SIGNAL 2 MALFUNCTION (SHORT)" address="2e67d" />
  <table name="(P1312) EGT SENSOR MALFUNCTION" address="2e669" />
  <table name="(P1400) FUEL TANK PRESSURE SOL. LOW" address="2e3c5" />
  <table name="(P1420) FUEL TANK PRESSURE SOL. HIGH INPUT" address="2e3c9" />
  <table name="(P1443) VENT CONTROL SOLENOID FUNCTION PROBLEM" address="2e3e1" />
  <table name="(P1480) RADIATOR FAN RELAY 1 CIRCUIT HIGH" address="2e3a5" />
  <table name="(P1507) IDLE CONTROL MALFUNCTION (FAIL-SAFE)" address="2e375" />
  <table name="(P1518) STARTER SWITCH LOW INPUT" address="2e2ad" />
  <table name="(P1544) EGT TOO HIGH" address="2e66d" />
  <table name="(P1560) BACK-UP VOLTAGE MALFUNCTION" address="2e5dd" />
  <table name="(P1590) NEUTRAL POS. SWITCH HIGH INPUT (AT)" address="2e2dd" />
  <table name="(P1591) NEUTRAL POS. SWITCH LOW INPUT (AT)" address="2e2e1" />
  <table name="(P1594) AT DIAGNOSIS SIGNAL MALFUNCTION" address="2e461" />
  <table name="(P1595) AT DIAGNOSIS SIGNAL LOW INPUT" address="2e44d" />
  <table name="(P1596) AT DIAGNOSIS SIGNAL HIGH INPUT" address="2e451" />
  <table name="(P1700) TPS CIRCUIT MALFUNCTION (AT)" address="2e405" />
  <table name="(P1701) CRUISE CONTROL SET SIGNAL MALFUNCTION (AT)" address="2e411" />
  <table name="(P1703) LOW CLUTCH TIMING SOLENOID MALFUNCTION (AT)" address="2e579" />
  <table name="(P1711) ENGINE TORQUE SIGNAL #1 MALFUNCTION" address="2e56d" />
  <table name="(P1712) ENGINE TORQUE SIGNAL #2 MALFUNCTION" address="2e571" />
</rom>