<rom>
  <romid>
    <xmlid>A4TE3000</xmlid>
    <internalidaddress>200</internalidaddress>
    <internalidstring>A4TE3000</internalidstring>
    <ecuid>3D44583005</ecuid>
    <year>05</year>
    <market>EDM</market>
    <make>Subaru</make>
    <model>Impreza</model>
    <submodel>WRX</submodel>
    <transmission>MT/AT</transmission>
    <memmodel>68HC16Y5</memmodel>
    <flashmethod>wrx02</flashmethod>
  </romid>
  <include>A4TE300D</include>
  <table name="Force Pass Readiness Monitors" address="1b622" />
</rom>