<rom>
  <romid>
    <xmlid>A4TE001G</xmlid>
    <internalidaddress>200</internalidaddress>
    <internalidstring>A4TE001G</internalidstring>
    <ecuid>2E44584105</ecuid>
    <year>03</year>
    <market>EDM</market>
    <make>Subaru</make>
    <model>Impreza</model>
    <submodel>WRX</submodel>
    <transmission>MT/AT</transmission>
    <memmodel>68HC16Y5</memmodel>
    <flashmethod>wrx02</flashmethod>
  </romid>
  <include>16BITBASE</include>
  <table name="Target Boost (MT)_" address="2a5a5">
    <table name="X" address="2a59b" />
    <table name="Y" address="2a588" />
  </table>
  <table name="Target Boost (AT)_" address="2a540">
    <table name="X" address="2a536" />
    <table name="Y" address="2a523" />
  </table>
  <table name="Target Boost Compensation (ECT)" address="2a5f1" />
  <table name="Target Boost Compensation (Atm. Pressure) Multiplier" address="2a794" />
  <table name="Target Boost Compensation (Atm. Pressure) Multiplier Offset" address="2a792" />
  <table name="Target Boost Compensation (Per Gear)(MT)" address="2a609" />
  <table name="Target Boost Compensation (Per Gear)(AT)" address="2a604" />
  <table name="Per Gear Compensation (Maximum Speed)" address="2a601" />
  <table name="Boost Limit (CEL)" address="2ac5c" />
  <table name="Boost Limit CEL Delay" address="2ac54" />
  <table name="Boost Limit (Fuel Cut)" address="290af" />
  <table name="Boost Control Disable (IAM)" address="2a788" />
  <table name="Boost Control Disable (Fine Correction)" address="2a786" />
  <table name="Boost Control Disable Delay (Fine Correction)" address="2a787" />
  <table name="Initial Wastegate Duty" address="2a62e">
    <table name="X" address="2a624" />
    <table name="Y" address="2a613" />
  </table>
  <table name="Max Wastegate Duty_" address="2a6c9">
    <table name="X" address="2a6bf" />
    <table name="Y" address="2a6ae" />
  </table>
  <table name="Initial/Max Wastegate Duty Compensation (IAT)" address="2a759" />
  <table name="Initial/Max Wastegate Duty Compensation (ECT)" address="2a76d" />
  <table name="Initial/Max Wastegate Duty Compensation (Atm. Pressure)" address="2a74f" />
  <table name="Initial/Max Wastegate Duty Compensation (Per Gear)(MT)" address="2a60e" />
  <table name="Turbo Dynamics Proportional" address="2a7aa">
    <table name="Y" address="2a796" />
  </table>
  <table name="Turbo Dynamics Integral Positive" address="2a7f6">
    <table name="Y" address="2a7e2" />
  </table>
  <table name="Turbo Dynamics Integral Negative" address="2a7d0">
    <table name="Y" address="2a7bc" />
  </table>
  <table name="TD Activation Thresholds (RPM)" address="2a782" />
  <table name="TD Activation Thresholds (Target Boost)" address="2a78a" />
  <table name="TD Integral Cumulative Range (WGDC Correction)" address="2a78e" />
  <table name="TD Integral Activation (Boost Error)" address="2a77e" />
  <table name="Manifold Pressure Sensor Multiplier A" address="5500" />
  <table name="Manifold Pressure Sensor Offset A" address="5506" />
  <table name="Manifold Pressure Sensor Multiplier B" address="55ac" />
  <table name="Manifold Pressure Sensor Offset B" address="55b2" />
  <table name="Manifold Pressure Sensor Multiplier C" address="562c" />
  <table name="Manifold Pressure Sensor Offset C" address="5632" />
  <table name="Manifold Pressure Sensor Multiplier D" address="c028" />
  <table name="Manifold Pressure Sensor Offset D" address="c02e" />
  <table name="Manifold Pressure Sensor High Input (CEL)" address="2aa90" />
  <table name="Manifold Pressure Sensor CEL Delay (High Input)" address="2aa92" />
  <table name="Manifold Pressure Sensor Low Input (CEL)" address="2aa93" />
  <table name="Manifold Pressure Sensor CEL Delay (Low Input)" address="2aa95" />
  <table name="Primary Open Loop Fueling A" address="28cb7">
    <table name="X" address="28c95" elements="16" />
    <table name="Y" address="28c74" />
  </table>
  <table name="Primary Open Loop Fueling A (Failsafe)" address="28dfa">
    <table name="X" address="28dd8" elements="16" />
    <table name="Y" address="28db7" elements="16" />
  </table>
  <table name="Primary Open Loop Fuel Map Switch (IAM)" address="28c72" />
  <table name="Minimum Active Primary Open Loop Enrichment" address="28bf2" />
  <table name="Minimum Primary Open Loop Enrichment (Throttle)" address="28c46" />
  <table name="Minimum Primary Fueling CL to OL Intermediate Enrich" address="28bf6" />
  <table name="Maximum Primary Fueling CL to OL Intermediate Steps" address="28bfc" />
  <table name="Primary Open Loop Fueling Compensation (ECT)" address="28c52" />
  <table name="Front Oxygen Sensor Scaling" address="282af">
    <table name="Y" address="28293" />
  </table>
  <table name="Front Oxygen Sensor Compensation (Atm. Pressure)" address="2827c">
    <table name="Y" address="28272" />
  </table>
  <table name="Closed Loop Base Fueling Target" address="15498" />
  <table name="Closed Loop Fueling Target Limits" address="28a53" />
  <table name="CL Fueling Target Compensation (Load)" address="28aba">
    <table name="X" address="28aa8" />
    <table name="Y" address="28a99" />
  </table>
  <table name="CL Fueling Target Compensation (ECT)" address="28a65" />
  <table name="CL Fueling Target Compensation (ECT) Disable" address="28a5e" />
  <table name="CL to OL Delay" address="28c10">
    <table name="Y" elements="1" />
  </table>
  <table name="CL to OL Transition with Delay (Throttle)" address="28c1c" />
  <table name="CL to OL Transition with Delay Throttle Hysteresis" address="28bfe" />
  <table name="CL to OL Transition with Delay (Base Pulse Width)" address="28c32" />
  <table name="CL to OL Transition with Delay BPW Hysteresis_" address="28bff" />
  <table name="CL Delay Maximum (EGT)" address="28c0e" />
  <table name="CL Delay Maximum (Throttle) (MT)_" address="28c0b" />
  <table name="CL Delay Maximum Engine Speed" address="28c03" />
  <table name="CL Delay Maximum (Vehicle Speed)" address="28c0c" />
  <table name="CL Delay Minimum (ECT)" address="28c01" />
  <table name="CL Delay Throttle Atm. Pressure Thresholds" address="28c12" />
  <table name="CL Delay Maximum (Throttle) (Low Atm. Pressure)(AT)" address="28c09" />
  <table name="CL Delay Maximum (Throttle) (High Atm. Pressure)(AT)" address="28c07" />
  <table name="Injector Latency" address="285a7" />
  <table name="Injector Flow Scaling" address="2859f" />
  <table name="Per Injector Primary Fuel Offset Compensation A_" address="28f3c" />
  <table name="Per Injector Primary Fuel Offset Compensation B_" address="28f3e" />
  <table name="Per Injector Primary Fuel Offset Compensation C_" address="28f40" />
  <table name="Per Injector Primary Fuel Offset Compensation D_" address="28f42" />
  <table name="Per Injector Compensation Activation (RPM)" address="28f38" />
  <table name="Cranking Fuel Injector Pulse Width A (ECT)" address="2849f" />
  <table name="Cranking Fuel Injector Pulse Width B (ECT)" address="284c5">
    <table name="Y" elements="13" />
  </table>
  <table name="Cranking Fuel Injector Pulse Width C (ECT)" address="284e5" />
  <table name="Cranking Fuel Injector Pulse Width D (ECT)" address="2850b">
    <table name="Y" elements="13" />
  </table>
  <table name="Cranking Fuel IPW Compensation (MAP)" address="28429" />
  <table name="Cranking Fuel IPW Compensation (Throttle)" address="28437" />
  <table name="Cranking Fuel IPW Compensation (RPM)(MT)" address="28476" />
  <table name="Cranking Fuel IPW Compensation (RPM)(AT)" address="28448" />
  <table name="Throttle Tip-in Enrichment" address="28fbd">
    <table name="Y" address="28fa9" />
  </table>
  <table name="Minimum Tip-in Enrichment Activation" address="28fa3" />
  <table name="Minimum Tip-in Enrichment Activation (Throttle)" address="28fa1" />
  <table name="Tip-in Enrichment Compensation (Positive Boost Error)" address="28fdb" />
  <table name="Tip-in Enrichment Compensation (ECT)" address="28fe8" />
  <table name="Tip-in Enrichment Disable Applied Counter Threshold" address="28fa2" />
  <table name="Tip-in Enrichment Applied Counter Reset" address="28fa7" />
  <table name="Tip-in Enrichment Disable Throttle Cumulative Threshold" address="28fa5" />
  <table name="Tip-in Throttle Cumulative Reset" address="28fa8" />
  <table name="Primary Base Enrichment Additive 1_" address="2870a" />
  <table name="Primary Base Enrichment Additive 2 Initial Start 1A" address="28636" />
  <table name="Primary Base Enrichment Additive 2 Initial Start 1B" address="2867c" />
  <table name="Primary Base Enrichment Additive 2 Initial Start 2A" address="2865c">
    <table name="Y" elements="13" />
  </table>
  <table name="Primary Base Enrichment Additive 2 Initial Start 2B" address="286a2">
    <table name="Y" elements="13" />
  </table>
  <table name="Primary Base Enrichment Additive 2 Decay Step 1" address="286c4" />
  <table name="Primary Base Enrichment Additive 2 Decay Step 2" address="286ea">
    <table name="Y" elements="13" />
  </table>
  <table name="Primary Base Enrichment Additive 3 Initial Start 1A" address="285ce">
    <table name="Y" elements="13" />
  </table>
  <table name="Primary Base Enrichment Additive 3 Initial Start 1B" address="285f7">
    <table name="Y" elements="13" />
  </table>
  <table name="Primary Base Enrichment Additive 3 Initial Start 2A" address="285b8" />
  <table name="Primary Base Enrichment Additive 3 Initial Start 2B" address="285e1" />
  <table name="Primary Base Enrichment Additive 3 Decay Delay 1" address="28623">
    <table name="Y" elements="13" />
  </table>
  <table name="Primary Base Enrichment Additive 3 Decay Delay 2" address="2860d" />
  <table name="Primary Base Enrichment Additive 3 Decay Multiplier" address="28606" />
  <table name="A/F Learning #1 Limits" address="28b21" />
  <table name="A/F Learning #1 Airflow Ranges" address="28b27" />
  <table name="MAF Sensor Scaling" address="2808a">
    <table name="Y" address="28028" />
  </table>
  <table name="MAF Sensor Limit (CEL)" address="2aaf0" />
  <table name="MAF Compensation (IAT)" address="2816d">
    <table name="X" address="28166" />
    <table name="Y" address="2815d" />
  </table>
  <table name="Engine Load Compensation (MP)" address="28159">
    <table name="X" address="28153" elements="2" />
    <table name="Y" address="2814e" elements="2" />
  </table>
  <table name="Base Timing" address="292a3">
    <table name="X" address="29281" />
    <table name="Y" address="29260" elements="16" />
  </table>
  <table name="Base Timing Idle (Neutral)" address="29257" />
  <table name="Base Timing Idle (In-Gear)(Above Speed Threshold)" address="29239" />
  <table name="Base Timing Idle (In-Gear)(Below Speed Threshold)" address="29248" />
  <table name="Base Timing Idle Vehicle Speed Threshold" address="29214" />
  <table name="Knock Correction Advance Max" address="297ea">
    <table name="X" address="297ce" />
    <table name="Y" address="297ad" />
  </table>
  <table name="Timing Compensation (IAT)" address="293d6" />
  <table name="Timing Comp Min Load (IAT)" address="293e6" />
  <table name="Timing Compensation (ECT)" address="293c0" />
  <table name="Timing Compensation Idle (ECT)" address="293aa" />
  <table name="Timing Compensation Per Cylinder A (RPM)" address="299bc" />
  <table name="Timing Compensation Per Cylinder B (RPM)" address="299c4" />
  <table name="Timing Compensation Per Cylinder C (RPM)" address="299cc" />
  <table name="Timing Compensation Per Cylinder D (RPM)" address="299d4" />
  <table name="Timing Comp Minimum Load (Per Cylinder)" address="299b2" />
  <table name="Timing Comp Maximum RPM (Per Cylinder)" address="299b0" />
  <table name="Timing Comp Minimum Coolant Temp (Per Cylinder)" address="299b4" />
  <table name="Feedback Correction Range (RPM)" address="298f5" />
  <table name="Feedback Correction Minimum Load" address="298fd" />
  <table name="Feedback Correction Retard Value" address="298e8" />
  <table name="Feedback Correction Retard Limit" address="298e7" />
  <table name="Feedback Correction Negative Advance Value" address="298e9" />
  <table name="Feedback Correction Negative Advance Delay" address="298e3" />
  <table name="Fine Correction Range (RPM)" address="29928" />
  <table name="Fine Correction Range (Load)" address="29930" />
  <table name="Fine Correction Rows (RPM)" address="29912" />
  <table name="Fine Correction Columns (Load)" address="29902" />
  <table name="Fine Correction Retard Value_" address="29927" />
  <table name="Fine Correction Retard Limit" address="29925" />
  <table name="Fine Correction Advance Value" address="29926" />
  <table name="Fine Correction Advance Limit" address="29924" />
  <table name="Fine Correction Advance Delay" address="29922" />
  <table name="Rough Correction Range (RPM)" address="298bb" />
  <table name="Rough Correction Range (Load)" address="298c3" />
  <table name="Rough Correction Minimum KC Advance Map Value" address="298cb" />
  <table name="Rough Correction Learning Delay (Increasing)" address="298d3" />
  <table name="Advance Multiplier (Initial)" address="298ba" />
  <table name="Advance Multiplier Step Value" address="298cc" />
  <table name="EGT Limit (Failsafe)" address="2adc1">
    <table name="X" address="2adbb" />
    <table name="Y" address="2adb6" />
  </table>
  <table name="Rev Limit (Fuel Cut)" address="2907e" />
  <table name="Speed Limiting (Fuel Cut)" address="2909f" />
  <table name="Speed Limiting Disable (Fuel Cut)" address="1268a" />
  <table name="EGT Sensor Scaling" address="2bcf0" />
  <table name="Intake Temp Sensor Scaling" address="2bcae" />
  <table name="Coolant Temp Sensor Scaling" address="2bc70" />
  <table name="Radiator Fan Modes (ECT)" address="2a4b6" />
  <table name="Radiator Fan Modes (Veh. Speed)" address="2a4ba" />
  <table name="Radiator Fan Switching Determination (Modes)" address="2a496" />
  <table name="Gear Determination Thresholds (MT)" address="2836f" />
  <table name="Idle Speed Target A (MT)" address="29c35" />
  <table name="Idle Speed Target B (MT)" address="29c5b" />
  <table name="Idle Speed Target A (AT)" address="29c81" />
  <table name="Idle Speed Target B (AT)" address="29ca7" />
  <table name="Min Idle Speed A/C (MT)" address="29cc9" />
  <table name="Min Idle Speed A/C (AT)" address="29ccb" />
  <table name="Min Idle Speed Startup (MT)" address="29ebc" />
  <table name="Min Idle Speed Startup (AT)" address="29eb2" />
  <table name="Min Idle Speed High Electrical Load (MT)" address="29eba" />
  <table name="Min Idle Speed High Electrical Load (AT)" address="29eae" />
  <table name="Force Pass Readiness Monitors" address="1b4fa" />
  <table name="Catalyst Readiness Threshold Fix F" address="2a97f" />
  <table name="Catalyst Readiness Threshold Fix F2" address="2a995" />
  <scaling name="TGVCELFix(P1086,P1087,P1088,P1089)" storagetype="bloblist">
    <data name="enabled" value="274C274C" />
    <data name="disabled" value="FA00CEE2" />
  </scaling>
  <table name="TGV CEL Fix (P1086, P1087, P1088, P1089)" address="b82" scaling="TGVCELFix(P1086,P1087,P1088,P1089)" />
  <scaling name="TGVCELFix(P1090,P1091,P1092,P1093)" storagetype="bloblist">
    <data name="enabled" value="274C274C274C274C" />
    <data name="disabled" value="FA00CDAAFA00CE46" />
  </scaling>
  <table name="TGV CEL Fix (P1090, P1091, P1092, P1093)" address="d64" scaling="TGVCELFix(P1090,P1091,P1092,P1093)" />
  <scaling name="TGVCELFix(P1094,P1095,P1096,P1097)" storagetype="bloblist">
    <data name="enabled" value="274C274C" />
    <data name="disabled" value="FA019F6A" />
  </scaling>
  <table name="TGV CEL Fix (P1094, P1095, P1096, P1097)" address="b6e" scaling="TGVCELFix(P1094,P1095,P1096,P1097)" />
  <scaling name="MisfireCELFix(P0301,P0302,P0303,P0304)" storagetype="bloblist">
    <data name="enabled" value="FFFFFFFFFFFFFFFF" />
    <data name="disabled" value="350A0CFF0C64FF35" />
  </scaling>
  <table name="Misfire CEL Fix (P0301, P0302, P0303, P0304)" address="2bb63" scaling="MisfireCELFix(P0301,P0302,P0303,P0304)" />
  <table name="(P0011) CAMSHAFT POS. - TIMING OVER-ADVANCED 1" address="2cc3d" />
  <table name="(P0021) CAMSHAFT POS. - TIMING OVER-ADVANCED 2" address="2cc41" />
  <table name="(P0030) FRONT O2 SENSOR RANGE/PERF" address="2d039" />
  <table name="(P0031) FRONT O2 SENSOR LOW INPUT" address="2cdb9" />
  <table name="(P0032) FRONT O2 SENSOR HIGH INPUT" address="2cdb1" />
  <table name="(P0034) TURBO BYPASS VALVE CIRCUIT LOW" address="2cd6d" />
  <table name="(P0035) TURBO BYPASS VALVE CIRCUIT HIGH" address="2cd71" />
  <table name="(P0037) REAR O2 SENSOR LOW INPUT" address="2cdb5" />
  <table name="(P0038) REAR O2 SENSOR HIGH INPUT" address="2cdad" />
  <table name="(P0068) MAP SENSOR RANGE/PERF" address="2d00d" />
  <table name="(P0101) MAF SENSOR RANGE/PERF" address="2d01d" />
  <table name="(P0102) MAF SENSOR LOW INPUT" address="2caa9" />
  <table name="(P0103) MAF SENSOR HIGH INPUT" address="2caad" />
  <table name="(P0107) MAP SENSOR LOW INPUT" address="2cdd1" />
  <table name="(P0108) MAP SENSOR HIGH INPUT" address="2cdd5" />
  <table name="(P0111) IAT SENSOR RANGE/PERF" address="2cda5" />
  <table name="(P0112) IAT SENSOR LOW INPUT" address="2cd9d" />
  <table name="(P0113) IAT SENSOR HIGH INPUT" address="2cda1" />
  <table name="(P0117) COOLANT TEMP SENSOR LOW INPUT" address="2caf1" />
  <table name="(P0118) COOLANT TEMP SENSOR HIGH INPUT" address="2caf5" />
  <table name="(P0121) TPS RANGE/PERF" address="2cae9" />
  <table name="(P0122) TPS A LOW INPUT" address="2cadd" />
  <table name="(P0123) TPS A HIGH INPUT" address="2cae1" />
  <table name="(P0125) INSUFFICIENT COOLANT TEMP (FUELING)" address="2cafd" />
  <table name="(P0128) THERMOSTAT MALFUNCTION" address="2ce2d" />
  <table name="(P0129) ATMOS. PRESSURE SENSOR RANGE/PERF" address="2d011" />
  <table name="(P0130) FRONT O2 SENSOR MALFUNCTION" address="2d031" />
  <table name="(P0133) FRONT O2 SENSOR SLOW RESPONSE" address="2cce9" />
  <table name="(P0134) FRONT O2 SENSOR NO ACTIVITY" address="2d029" />
  <table name="(P0137) REAR O2 SENSOR LOW VOLTAGE" address="2cd79" />
  <table name="(P0138) REAR O2 SENSOR HIGH VOLTAGE" address="2cd91" />
  <table name="(P0139) REAR O2 SENSOR SLOW RESPONSE" address="2ccf1" />
  <table name="(P0171) SYSTEM TOO LEAN" address="2cd25" />
  <table name="(P0172) SYSTEM TOO RICH" address="2cd29" />
  <table name="(P0181) FUEL TEMP SENSOR A RANGE/PERF" address="2cb75" />
  <table name="(P0182) FUEL TEMP SENSOR A LOW INPUT" address="2cb6d" />
  <table name="(P0183) FUEL TEMP SENSOR A HIGH INPUT" address="2cb71" />
  <table name="(P0230) FUEL PUMP PRIMARY CIRCUIT" address="2d005" />
  <table name="(P0244) WASTEGATE SOLENOID A RANGE/PERF" address="2ce81" />
  <table name="(P0245) WASTEGATE SOLENOID A LOW" address="2ce75" />
  <table name="(P0246) WASTEGATE SOLENOID A HIGH" address="2ce79" />
  <table name="(P0249) WASTEGATE SOLENOID B LOW" address="2ce89" />
  <table name="(P0250) WASTEGATE SOLENOID B HIGH" address="2ce8d" />
  <table name="(P0261) FUEL INJECTOR #1 CIRCUIT LOW" address="2cecd" />
  <table name="(P0264) FUEL INJECTOR #2 CIRCUIT LOW" address="2ced1" />
  <table name="(P0267) FUEL INJECTOR #3 CIRCUIT LOW" address="2ced5" />
  <table name="(P0270) FUEL INJECTOR #4 CIRCUIT LOW" address="2ced9" />
  <table name="(P0301) MISFIRE CYLINDER 1" address="2cd31" />
  <table name="(P0302) MISFIRE CYLINDER 2" address="2cd35" />
  <table name="(P0303) MISFIRE CYLINDER 3" address="2cd39" />
  <table name="(P0304) MISFIRE CYLINDER 4" address="2cd3d" />
  <table name="(P0327) KNOCK SENSOR 1 LOW INPUT" address="2cad5" />
  <table name="(P0328) KNOCK SENSOR 1 HIGH INPUT" address="2cad9" />
  <table name="(P0335) CRANKSHAFT POS. SENSOR A MALFUNCTION" address="2ca85" />
  <table name="(P0336) CRANKSHAFT POS. SENSOR A RANGE/PERF" address="2ca8d" />
  <table name="(P0340) CAMSHAFT POS. SENSOR A MALFUNCTION" address="2ca95" />
  <table name="(P0341) CAMSHAFT POS. SENSOR A RANGE/PERF" address="2ca91" />
  <table name="(P0350) IGNITION COIL PRIMARY/SECONDARY" address="2cb29" />
  <table name="(P0365) CAMSHAFT POS. SENSOR B BANK 1" address="2cc35" />
  <table name="(P0390) CAMSHAFT POS. SENSOR B BANK 2" address="2cc39" />
  <table name="(P0420) CAT EFFICIENCY BELOW THRESHOLD" address="2cd0d" />
  <table name="(P0442) EVAP LEAK DETECTED (SMALL)" address="2cd11" />
  <table name="(P0447) EVAP VENT CONTROL CIRCUIT OPEN" address="2cc71" />
  <table name="(P0448) EVAP VENT CONTROL CIRCUIT SHORTED" address="2cc75" />
  <table name="(P0451) EVAP PRESSURE SENSOR RANGE/PERF" address="2cb45" />
  <table name="(P0452) EVAP PRESSURE SENSOR LOW INPUT" address="2cb39" />
  <table name="(P0453) EVAP PRESSURE SENSOR HIGH INPUT" address="2cb3d" />
  <table name="(P0456) EVAP LEAK DETECTED (VERY SMALL)" address="2cd19" />
  <table name="(P0457) EVAP LEAK DETECTED (FUEL CAP)" address="2cd4d" />
  <table name="(P0458) EVAP PURGE VALVE CIRCUIT LOW" address="2cc4d" />
  <table name="(P0459) EVAP PURGE VALVE CIRCUIT HIGH" address="2cc51" />
  <table name="(P0461) FUEL LEVEL SENSOR RANGE/PERF" address="2cb09" />
  <table name="(P0462) FUEL LEVEL SENSOR LOW INPUT" address="2cb01" />
  <table name="(P0463) FUEL LEVEL SENSOR HIGH INPUT" address="2cb05" />
  <table name="(P0464) FUEL LEVEL SENSOR INTERMITTENT" address="2caf9" />
  <table name="(P0483) RADIATOR FAN RATIONALITY CHECK" address="2cc29" />
  <table name="(P0502) VEHICLE SPEED SENSOR LOW INPUT" address="2d001" />
  <table name="(P0503) VEHICLE SPEED SENSOR INTERMITTENT" address="2d041" />
  <table name="(P0506) IDLE CONTROL RPM LOWER THAN EXPECTED" address="2cbf9" />
  <table name="(P0507) IDLE CONTROL RPM HIGH THAN EXPECTED" address="2cbfd" />
  <table name="(P0508) IDLE CONTROL CIRCUIT LOW" address="2cbed" />
  <table name="(P0509) IDLE CONTROL CIRCUIT HIGH" address="2cbf1" />
  <table name="(P0512) STARTER REQUEST CIRCUIT" address="2cb31" />
  <table name="(P0519) IDLE CONTROL MALFUNCTION (FAIL-SAFE)" address="2d015" />
  <table name="(P0545) EGT SENSOR CIRCUIT LOW" address="2cee1" />
  <table name="(P0546) EGT SENSOR CIRCUIT HIGH" address="2cee5" />
  <table name="(P0558) ALTERNATOR CIRCUIT LOW" address="2cff5" />
  <table name="(P0559) ALTERNATOR CIRCUIT HIGH" address="2cff9" />
  <table name="(P0562) SYSTEM VOLTAGE LOW" address="2ce69" />
  <table name="(P0563) SYSTEM VOLTAGE HIGH" address="2ce6d" />
  <table name="(P0565) CRUISE CONTROL SET SIGNAL" address="2d009" />
  <table name="(P0604) CONTROL MODULE RAM ERROR" address="2ca9d" />
  <table name="(P0691) RADIATOR FAN CIRCUIT LOW" address="2cc19" />
  <table name="(P0692) RADIATOR FAN CIRCUIT HIGH" address="2cc1d" />
  <table name="(P0703) BRAKE SWITCH INPUT MALFUNCTION" address="2cc95" />
  <table name="(P0705) TRANSMISSION RANGE SENSOR MALFUNCTION" address="2cc8d" />
  <table name="(P0710) ATF TEMP SENSOR MALFUNCTION" address="2cc89" />
  <table name="(P0716) TORQUE CONVERTER TURBINE SPEED RANGE/PERF" address="2cfa5" />
  <table name="(P0720) AT VEHICLE SPEED SENSOR HIGH" address="2cc7d" />
  <table name="(P0726) ENGINE SPEED INPUT RANGE/PERF" address="2cfa9" />
  <table name="(P0731) GEAR 1 INCORRECT RATIO" address="2ccb5" />
  <table name="(P0732) GEAR 2 INCORRECT RATIO" address="2ccb9" />
  <table name="(P0733) GEAR 3 INCORRECT RATIO" address="2ccbd" />
  <table name="(P0734) GEAR 4 INCORRECT RATIO" address="2ccc5" />
  <table name="(P0741) TORQUE CONVERTER CLUTCH MALFUNCTION" address="2cc99" />
  <table name="(P0743) TORQUE CONVERTER CLUTCH LOCK-UP DUTY SOLENOID" address="2ccb1" />
  <table name="(P0748) PRESSURE CONTROL LINE PRESSURE DUTY SOLENOID" address="2ccad" />
  <table name="(P0753) SHIFT SOLENOID A ELECTRICAL" address="2cca1" />
  <table name="(P0758) SHIFT SOLENOID B ELECTRICAL" address="2cca5" />
  <table name="(P0771) AT LOW CLUTCH TIMING SOLENOID MALFUNCTION" address="2cfa1" />
  <table name="(P0778) AT 2-4 BRAKE PRESSURE SOLENOID MALFUNCTION" address="2ce01" />
  <table name="(P0785) AT 2-4 BRAKE TIMING SOLENOID MALFUNCTION" address="2cdfd" />
  <table name="(P0851) NEUTRAL SWITCH INPUT LOW" address="2cb69" />
  <table name="(P0852) NEUTRAL SWITCH INPUT HIGH" address="2cb79" />
  <table name="(P0864) TCM COMMUNICATION RANGE/PERF" address="2cc2d" />
  <table name="(P0865) TCM COMMUNICATION CIRCUIT LOW" address="2cc59" />
  <table name="(P0866) TCM COMMUNICATION CIRCUIT HIGH" address="2cc5d" />
  <table name="(P1086) TGV POS. 2 CIRCUIT LOW" address="2cf15" />
  <table name="(P1087) TGV POS. 2 CIRCUIT HIGH" address="2cf19" />
  <table name="(P1088) TGV POS. 1 CIRCUIT LOW" address="2cf1d" />
  <table name="(P1089) TGV POS. 1 CIRCUIT HIGH" address="2cf21" />
  <table name="(P1090) TGV SYSTEM 1 (VALVE OPEN)" address="2cbd9" />
  <table name="(P1091) TGV SYSTEM 1 (VALVE CLOSE)" address="2cbdd" />
  <table name="(P1092) TGV SYSTEM 2 (VALVE OPEN)" address="2cbe1" />
  <table name="(P1093) TGV SYSTEM 2 (VALVE CLOSE)" address="2cbe5" />
  <table name="(P1094) TGV SIGNAL 1 (OPEN)" address="2cec5" />
  <table name="(P1095) TGV SIGNAL 1 (SHORT)" address="2cebd" />
  <table name="(P1096) TGV SIGNAL 2 (OPEN)" address="2cec9" />
  <table name="(P1097) TGV SIGNAL 2 (SHORT)" address="2cec1" />
  <table name="(P1110) ATMOS. PRESSURE SENSOR LOW INPUT" address="2cdc1" />
  <table name="(P1111) ATMOS. PRESSURE SENSOR HIGH INPUT" address="2cdc5" />
  <table name="(P1134) FRONT O2 SENSOR MICROCOMPUTER" address="2cd7d" />
  <table name="(P1152) FRONT O2 SENSOR RANGE/PERF LOW B1 S1" address="2ccf9" />
  <table name="(P1153) FRONT O2 SENSOR RANGE/PERF HIGH B1 S1" address="2ccfd" />
  <table name="(P1199) DIFFERENTIAL PRESSURE SENSOR" address="2cf11" />
  <table name="(P1235) ICV SOLENOID CIRCUIT LOW" address="2cd5d" />
  <table name="(P1236) ICV SOLENOID CIRCUIT HIGH" address="2cd61" />
  <table name="(P1237) ECV SOLENOID LOW POS. PRESSURE" address="2cb49" />
  <table name="(P1238) ECV SOLENOID HIGH POS. PRESSURE" address="2cb4d" />
  <table name="(P1239) ECV SOLENOID LOW NEG. PRESSURE" address="2cb51" />
  <table name="(P1240) ECV SOLENOID HIGH NEG. PRESSURE" address="2cb55" />
  <table name="(P1241) 2 STAGE TWIN TURBO SYSTEM (SINGLE)" address="2cf0d" />
  <table name="(P1242) 2 STAGE TWIN TURBO SYSTEM (TWIN)" address="2cf09" />
  <table name="(P1247) RELIEF VALVE SOLENOID 1 CIRCUIT LOW" address="2ce91" />
  <table name="(P1248) RELIEF VALVE SOLENOID 1 CIRCUIT HIGH" address="2ce51" />
  <table name="(P1249) RELIEF VALVE SOLENOID 2 CIRCUIT LOW" address="2ce55" />
  <table name="(P1250) RELIEF VALVE SOLENOID 2 CIRCUIT HIGH" address="2ce59" />
  <table name="(P1301) MISFIRE (HIGH TEMP EXHAUST GAS)" address="2cd49" />
  <table name="(P1306) OCV SOLENOID SIGNAL 1 MALFUNCTION (OPEN)" address="2cef1" />
  <table name="(P1307) OCV SOLENOID SIGNAL 1 MALFUNCTION (SHORT)" address="2cef9" />
  <table name="(P1308) OCV SOLENOID SIGNAL 2 MALFUNCTION (OPEN)" address="2cef5" />
  <table name="(P1309) OCV SOLENOID SIGNAL 2 MALFUNCTION (SHORT)" address="2cefd" />
  <table name="(P1312) EGT SENSOR MALFUNCTION" address="2cee9" />
  <table name="(P1400) FUEL TANK PRESSURE SOL. LOW" address="2cc45" />
  <table name="(P1420) FUEL TANK PRESSURE SOL. HIGH INPUT" address="2cc49" />
  <table name="(P1443) VENT CONTROL SOLENOID FUNCTION PROBLEM" address="2cc61" />
  <table name="(P1446) FUEL TANK SENSOR CONTROL CIRCUIT LOW" address="2cbd1" />
  <table name="(P1447) FUEL TANK SENSOR CONTROL CIRCUIT HIGH" address="2cbd5" />
  <table name="(P1448) FUEL TANK SENSOR CONTROL RANGE/PERF" address="2cc09" />
  <table name="(P1491) PCV (BLOWBY) FUNCTION PROBLEM" address="2ce31" />
  <table name="(P1518) STARTER SWITCH LOW INPUT" address="2cb2d" />
  <table name="(P1544) EGT TOO HIGH" address="2ceed" />
  <table name="(P1560) BACK-UP VOLTAGE MALFUNCTION" address="2ce5d" />
  <table name="(P1700) TPS CIRCUIT MALFUNCTION (AT)" address="2cc85" />
  <table name="(P1711) ENGINE TORQUE SIGNAL #1 MALFUNCTION" address="2cded" />
  <table name="(P1712) ENGINE TORQUE SIGNAL #2 MALFUNCTION" address="2cdf1" />
</rom>