<rom>
  <romid>
    <xmlid>A4TF7000</xmlid>
    <internalidaddress>200</internalidaddress>
    <internalidstring>A4TF7000</internalidstring>
    <ecuid>3E14483006</ecuid>
    <year>05</year>
    <market>USDM</market>
    <make>Subaru</make>
    <model>Impreza</model>
    <submodel>WRX</submodel>
    <transmission>MT</transmission>
    <memmodel>68HC16Y5</memmodel>
    <flashmethod>wrx04</flashmethod>
  </romid>
  <include>A4TF800F</include>
  <table name="Boost Limit (CEL)" address="2aeca" />
  <table name="Boost Limit CEL Delay" address="2aec2" />
  <table name="Manifold Pressure Sensor Multiplier A" address="578c" />
  <table name="Manifold Pressure Sensor Offset A" address="5792" />
  <table name="Manifold Pressure Sensor Multiplier B" address="5838" />
  <table name="Manifold Pressure Sensor Offset B" address="583e" />
  <table name="Manifold Pressure Sensor Multiplier C" address="58b8" />
  <table name="Manifold Pressure Sensor Offset C" address="58be" />
  <table name="Manifold Pressure Sensor Multiplier D" address="bfde" />
  <table name="Manifold Pressure Sensor Offset D" address="bfe4" />
  <table name="Closed Loop Base Fueling Target" address="eeaa" />
  <table name="EGT Limit (Failsafe)" address="2afec">
    <table name="X" address="2afe6" />
    <table name="Y" address="2afe1" />
  </table>
  <table name="EGT Sensor Scaling" address="2bb44" />
  <table name="Intake Temp Sensor Scaling" address="2bb02" />
  <table name="Coolant Temp Sensor Scaling" address="2bac4" />
  <table name="Force Pass Readiness Monitors" address="1f1ac" />
  <scaling name="TGVCELFix(P2016,P2017,P2021,P2022)" storagetype="bloblist">
    <data name="enabled" value="274C274C" />
    <data name="disabled" value="FA00CC2C" />
  </scaling>
  <table name="TGV CEL Fix (P2016, P2017, P2021, P2022)" address="b7a" scaling="TGVCELFix(P2016,P2017,P2021,P2022)" />
  <scaling name="TGVCELFix(P2004,P2005,P2006,P2007)" storagetype="bloblist">
    <data name="enabled" value="274C274C274C274C" />
    <data name="disabled" value="FA00CAF4FA00CB90" />
  </scaling>
  <table name="TGV CEL Fix (P2004, P2005, P2006, P2007)" address="d52" scaling="TGVCELFix(P2004,P2005,P2006,P2007)" />
  <scaling name="TGVCELFix(P2008,P2009,P2011,P2012)" storagetype="bloblist">
    <data name="enabled" value="274C274C" />
    <data name="disabled" value="FA019F72" />
  </scaling>
  <table name="TGV CEL Fix (P2008, P2009, P2011, P2012)" address="b66" scaling="TGVCELFix(P2008,P2009,P2011,P2012)" />
  <scaling name="MisfireCELFix(P0301,P0302,P0303,P0304)" storagetype="bloblist">
    <data name="enabled" value="FFFFFFFFFFFFFFFF" />
    <data name="disabled" value="143204FF0464FF14" />
  </scaling>
  <table name="Misfire CEL Fix (P0301, P0302, P0303, P0304)" address="2b9de" scaling="MisfireCELFix(P0301,P0302,P0303,P0304)" />
</rom>