<rom>
  <romid>
    <xmlid>A8DH200U</xmlid>
    <internalidaddress>2000</internalidaddress>
    <internalidstring>A8DH200U</internalidstring>
    <ecuid>43A2584006</ecuid>
    <year>06</year>
    <market>SADM</market>
    <make>Subaru</make>
    <model>Impreza</model>
    <submodel>WRX</submodel>
    <transmission>MT</transmission>
    <memmodel>SH7058</memmodel>
    <flashmethod>sti05</flashmethod>
    <checksummodule>subarudbw</checksummodule>
  </romid>
  <include>A8DH200Y</include>
</rom>