<rom>
  <romid>
    <xmlid>A8DK100Y</xmlid>
    <internalidaddress>2000</internalidaddress>
    <internalidstring>A8DK100Y</internalidstring>
    <ecuid>4D42584006</ecuid>
    <year>07</year>
    <market>EDM</market>
    <make>Subaru</make>
    <model>Impreza</model>
    <submodel>WRX</submodel>
    <transmission>MT</transmission>
    <memmodel>SH7058</memmodel>
    <flashmethod>sti05</flashmethod>
    <checksummodule>subarudbw</checksummodule>
  </romid>
  <include>32BITBASE</include>
  <table name="Target Boost" address="c0cdc">
    <table name="X" address="c0c90" />
    <table name="Y" address="c0cb0" elements="11" />
  </table>
  <table name="Target Boost Compensation (ECT)" address="c088c">
    <table name="Y" address="c06e4" />
  </table>
  <table name="Target Boost Compensation (1st Gear)" address="c06dc" />
  <table name="Target Boost Compensation (1st Gear) Speed Disable" address="c06d8" />
  <table name="Target Boost Compensation (Atm. Pressure) Multiplier" address="c0994">
    <table name="Y" address="c0984" />
  </table>
  <table name="Target Boost Compensation (Atm. Pressure) Multiplier Offset" address="c08c0">
    <table name="Y" address="c08b0" />
  </table>
  <table name="Boost Limit (Fuel Cut)" address="c7714">
    <table name="Y" address="c76fc" />
  </table>
  <table name="Boost Control Disable (IAM)" address="c06cc" />
  <table name="Boost Control Disable (Fine Correction)" address="c06c8" />
  <table name="Boost Control Disable Delay (Fine Correction)" address="c0669" />
  <table name="Initial Wastegate Duty" address="c0af0">
    <table name="X" address="c0ab0" />
    <table name="Y" address="c0ad0" elements="8" />
  </table>
  <table name="Max Wastegate Duty" address="c0bc8">
    <table name="X" address="c0b88" />
    <table name="Y" address="c0ba8" />
  </table>
  <table name="Max Wastegate Duty Limit Post-Compensation" address="178e8" />
  <table name="Initial/Max Wastegate Duty Compensation (IAT)" address="c07ac">
    <table name="Y" address="c076c" />
  </table>
  <table name="Initial/Max Wastegate Duty Compensation (ECT)" address="c086c">
    <table name="Y" address="c06e4" />
  </table>
  <table name="Initial/Max Wastegate Duty Compensation (Atm. Pressure)" address="c0a50">
    <table name="X" address="c0a28" />
    <table name="Y" address="c0a40" />
  </table>
  <table name="Turbo Dynamics Proportional" address="c08e8">
    <table name="Y" address="c08c4" />
  </table>
  <table name="Turbo Dynamics Integral Positive" address="c0958">
    <table name="Y" address="c0934" />
  </table>
  <table name="Turbo Dynamics Integral Negative" address="c0920">
    <table name="Y" address="c08fc" />
  </table>
  <table name="TD Proportional Compensation (IAT)" address="c0734">
    <table name="Y" address="c0724" />
  </table>
  <table name="TD Integral Positive Compensation (IAT)" address="c075c">
    <table name="Y" address="c074c" />
  </table>
  <table name="TD Integral Negative Compensation (IAT)" address="c0748">
    <table name="Y" address="c0738" />
  </table>
  <table name="TD Activation Thresholds (RPM)" address="c06a0" />
  <table name="TD Activation Thresholds (Target Boost)" address="c067c" />
  <table name="TD Integral Cumulative Range (WGDC Correction)" address="c06a8" />
  <table name="TD Integral Negative Activation (Boost Error)" address="c0688" />
  <table name="TD Integral Positive Activation (Boost Error)" address="c0690" />
  <table name="TD Integral Positive Activation (Wastegate Duty)" address="c0694" />
  <table name="Manifold Pressure Sensor Scaling" address="c028c" />
  <table name="Manifold Pressure Sensor Limits (CEL)" address="cbf68" />
  <table name="Manifold Pressure Sensor CEL Delays" address="c1f21" />
  <table name="Primary Open Loop Fueling" address="c7c40">
    <table name="X" address="c7bbc" />
    <table name="Y" address="c7bf8" />
  </table>
  <table name="Primary Open Loop Fueling (Failsafe)" address="c7de8">
    <table name="X" address="c7d64" />
    <table name="Y" address="c7da0" />
  </table>
  <table name="Primary Open Loop Fuel Map Switch (IAM)" address="c61dc" />
  <table name="Minimum Active Primary Open Loop Enrichment" address="c61e0" />
  <table name="Minimum Primary Open Loop Enrichment (Throttle)" address="c6920">
    <table name="Y" address="c6908" />
  </table>
  <table name="Primary Open Loop Fueling Compensation (ECT)" address="c7260">
    <table name="Y" address="c65a0" />
  </table>
  <table name="Primary Open Loop Fueling Compensation (Timing Compensation)" address="c68b0">
    <table name="Y" address="c6898" />
  </table>
  <table name="Front Oxygen Sensor Scaling" address="cc4b4">
    <table name="Y" address="cc480" />
  </table>
  <table name="Front Oxygen Sensor Rich Limit" address="1dc40" />
  <table name="Front Oxygen Sensor Compensation (Atm. Pressure)" address="c12fc">
    <table name="Y" address="c12ec" />
  </table>
  <table name="CL Fueling Target Compensation A (Load)" address="c88b4">
    <table name="X" address="c8860" />
    <table name="Y" address="c888c" />
  </table>
  <table name="CL Fueling Target Compensation B (Load)" address="c89fc">
    <table name="X" address="c89a8" />
    <table name="Y" address="c89d4" elements="10" />
  </table>
  <table name="CL Fueling Target Compensation A (ECT)" address="c8734">
    <table name="X" address="c65a0" />
    <table name="Y" address="c8728" />
  </table>
  <table name="CL Fueling Target Compensation B (ECT)" address="c87e8">
    <table name="X" address="c65a0" />
    <table name="Y" address="c87dc" />
  </table>
  <table name="CL to OL Delay" address="c5e2e">
    <table name="Y" elements="2" />
  </table>
  <table name="CL to OL Transition with Delay (Throttle)" address="c68f8">
    <table name="Y" address="c68b8" />
  </table>
  <table name="CL to OL Transition with Delay Throttle Hysteresis" address="c61e4" />
  <table name="CL to OL Transition with Delay (Base Pulse Width)" address="c718c">
    <table name="Y" address="c714c" />
  </table>
  <table name="CL to OL Transition with Delay BPW Hysteresis" address="c61e8" />
  <table name="CL to OL Transition Counter Step Value (MAF)" address="c71d4">
    <table name="Y" address="c71ac" />
  </table>
  <table name="CL Delay Maximum (Throttle)" address="c6260" />
  <table name="CL Delay Maximum (Vehicle Speed)" address="c6264" />
  <table name="CL Delay Minimum (ECT)" address="c61ec" />
  <table name="CL Delay Maximum (Engine Load)" address="c6274" />
  <table name="CL Delay Engine Load Counter Threshold" address="c5e2a" />
  <table name="CL Delay Maximum Engine Speed (Per Gear)" address="c61f0" />
  <table name="CL Delay Maximum Engine Speed (Neutral)" address="c6240" />
  <table name="Injector Latency" address="c7774">
    <table name="Y" address="c7760" />
  </table>
  <table name="Injector Flow Scaling" address="c5f30" />
  <table name="Per Injector Pulse Width Compensation A" address="c7f78">
    <table name="X" address="c7ef8" />
    <table name="Y" address="c7f3c" elements="15" />
  </table>
  <table name="Per Injector Pulse Width Compensation B" address="c80f8">
    <table name="X" address="c8078" />
    <table name="Y" address="c80bc" elements="15" />
  </table>
  <table name="Per Injector Pulse Width Compensation C" address="c8278">
    <table name="X" address="c81f8" />
    <table name="Y" address="c823c" elements="15" />
  </table>
  <table name="Per Injector Pulse Width Compensation D" address="c83f8">
    <table name="X" address="c8378" />
    <table name="Y" address="c83bc" elements="15" />
  </table>
  <table name="Cranking Fuel Injector Pulse Width A (ECT)" address="c6b0e">
    <table name="Y" address="c65a0" />
  </table>
  <table name="Cranking Fuel Injector Pulse Width B (ECT)" address="c6b2e">
    <table name="Y" address="c65a0" />
  </table>
  <table name="Cranking Fuel Injector Pulse Width C (ECT)" address="c6b4e">
    <table name="Y" address="c65a0" />
  </table>
  <table name="Cranking Fuel Injector Pulse Width D (ECT)" address="c6b6e">
    <table name="Y" address="c65a0" />
  </table>
  <table name="Cranking Fuel Injector Pulse Width E (ECT)" address="c6b8e">
    <table name="Y" address="c65a0" />
  </table>
  <table name="Cranking Fuel Injector Pulse Width F (ECT)" address="c6bae">
    <table name="Y" address="c65a0" />
  </table>
  <table name="Cranking Fuel IPW Compensation A (RPM)" address="c7918">
    <table name="X" address="c78e8" />
    <table name="Y" address="c78fc" />
  </table>
  <table name="Cranking Fuel IPW Compensation B (RPM)" address="c7980">
    <table name="X" address="c7950" />
    <table name="Y" address="c7964" />
  </table>
  <table name="Cranking Fuel IPW Compensation (Accelerator)" address="c668c">
    <table name="Y" address="c6674" />
  </table>
  <table name="Throttle Tip-in Enrichment" address="c7668">
    <table name="Y" address="c7620" />
  </table>
  <table name="Minimum Tip-in Enrichment Activation" address="c63ac" />
  <table name="Minimum Tip-in Enrichment Activation (Throttle)" address="c63a4" />
  <table name="Tip-in Enrichment Compensation (Boost Error)" address="c69a4">
    <table name="Y" address="c6980" />
  </table>
  <table name="Tip-in Enrichment Compensation (ECT)" address="c768c">
    <table name="Y" address="c65a0" />
  </table>
  <table name="Tip-in Enrichment Disable Applied Counter Threshold" address="c5df6" />
  <table name="Tip-in Enrichment Applied Counter Reset" address="c5df7" />
  <table name="Tip-in Enrichment Disable Throttle Cumulative Threshold" address="c63a8" />
  <table name="Tip-in Throttle Cumulative Reset" address="c5df8" />
  <table name="Min Primary Base Enrichment 1 A" address="c7a34">
    <table name="X" address="c65a0" />
    <table name="Y" address="c7a14" />
  </table>
  <table name="Min Primary Base Enrichment 1 B" address="c7ad4">
    <table name="X" address="c65a0" />
    <table name="Y" address="c7ab4" />
  </table>
  <table name="Min Primary Base Enrichment 1 (Non-Primary OL)" address="c7b88">
    <table name="X" address="c7b54" />
    <table name="Y" address="c7b7c" />
  </table>
  <table name="Min Primary Base Enrich 2 Initial Start 1A" address="c6c4e">
    <table name="Y" address="c65a0" />
  </table>
  <table name="Min Primary Base Enrich 2 Initial Start 1B" address="c6c8e">
    <table name="Y" address="c65a0" />
  </table>
  <table name="Min Primary Base Enrich 2 Initial Start 2A" address="c6c6e">
    <table name="Y" address="c65a0" />
  </table>
  <table name="Min Primary Base Enrich 2 Initial Start 2B" address="c6cae">
    <table name="Y" address="c65a0" />
  </table>
  <table name="Min Primary Base Enrich 2 Decay Step 1" address="c6cce">
    <table name="Y" address="c65a0" />
  </table>
  <table name="Min Primary Base Enrich 2 Decay Step 2" address="c6cee">
    <table name="Y" address="c65a0" />
  </table>
  <table name="Min Primary Base Enrich 3 Initial Start 1A" address="c6bce">
    <table name="Y" address="c65a0" />
  </table>
  <table name="Min Primary Base Enrich 3 Initial Start 1B" address="c6bee">
    <table name="Y" address="c65a0" />
  </table>
  <table name="Min Primary Base Enrich 3 Initial Start 2A" address="c6c0e">
    <table name="Y" address="c65a0" />
  </table>
  <table name="Min Primary Base Enrich 3 Initial Start 2B" address="c6c2e">
    <table name="Y" address="c65a0" />
  </table>
  <table name="Min Primary Base Enrich 3 Decay Delay A" address="c66a2">
    <table name="Y" address="c65a0" />
  </table>
  <table name="Min Primary Base Enrich 3 Decay Delay B" address="c66b2">
    <table name="Y" address="c65a0" />
  </table>
  <table name="Min Primary Base Enrich 3 Decay Multiplier" address="c5f34" />
  <table name="A/F Learning #1 Limits" address="c61b0" />
  <table name="A/F Learning #1 Airflow Ranges" address="c61c0" />
  <table name="MAF Limit (Maximum)" address="c0f4c" />
  <table name="MAF Sensor Scaling" address="cc3c0">
    <table name="Y" address="cc300" elements="48" />
  </table>
  <table name="MAF Compensation (IAT)" address="c18d4">
    <table name="X" address="c18a0" />
    <table name="Y" address="c18b4" />
  </table>
  <table name="Engine Load Limit (Maximum)" address="1bc98" />
  <table name="Engine Load Compensation (MP)" address="c1964">
    <table name="X" address="c18fc" />
    <table name="Y" address="c1928" />
  </table>
  <table name="Base Timing" address="ca378">
    <table name="X" address="ca2f4" />
    <table name="Y" address="ca330" />
  </table>
  <table name="Base Timing Idle A (In-Gear)" address="c9841">
    <table name="Y" address="c96cc" />
  </table>
  <table name="Base Timing Idle B (In-Gear)" address="c9851">
    <table name="Y" address="c96cc" />
  </table>
  <table name="Base Timing Idle A (Neutral)" address="c9861">
    <table name="Y" address="c96cc" />
  </table>
  <table name="Base Timing Idle B (Neutral)" address="c9871">
    <table name="Y" address="c96cc" />
  </table>
  <table name="Base Timing Idle Minimum" address="c9838">
    <table name="Y" address="c9814" />
  </table>
  <table name="Base Timing Idle Minimum Vehicle Speed Enable" address="c9550" />
  <table name="Base Timing Alternate (ECT)" address="c977e">
    <table name="Y" address="c96cc" />
  </table>
  <table name="Knock Correction Advance Max" address="ca1bc">
    <table name="X" address="ca138" elements="15" />
    <table name="Y" address="ca174" />
  </table>
  <table name="Timing Compensation A (IAT)" address="c98f4">
    <table name="Y" address="c98b4" />
  </table>
  <table name="Timing Compensation A (IAT) Activation" address="ca4c8">
    <table name="X" address="ca488" />
    <table name="Y" address="ca4a8" />
  </table>
  <table name="Timing Compensation B (IAT)" address="c9be4">
    <table name="Y" address="c9ba4" />
  </table>
  <table name="Timing Compensation B (IAT) IAM Activation" address="c96a4" />
  <table name="Timing Compensation B (IAT) Max Additive" address="c9688" />
  <table name="Timing Compensation (ECT)" address="c98a1">
    <table name="Y" address="c96cc" />
  </table>
  <table name="Timing Compensation (MRP)" address="ca6f8">
    <table name="X" address="ca6d8" />
    <table name="Y" address="ca6ec" />
  </table>
  <table name="Timing Compensation Per Cylinder A" address="c9f4c">
    <table name="X" address="c9f04" />
    <table name="Y" address="c9f3c" />
  </table>
  <table name="Timing Compensation Per Cylinder B" address="c9fcc">
    <table name="X" address="c9f84" />
    <table name="Y" address="c9fbc" />
  </table>
  <table name="Timing Compensation Per Cylinder C" address="ca04c">
    <table name="X" address="ca004" />
    <table name="Y" address="ca03c" />
  </table>
  <table name="Timing Compensation Per Cylinder D" address="ca0cc">
    <table name="X" address="ca084" />
    <table name="Y" address="ca0bc" />
  </table>
  <table name="Timing Comp Minimum Load (Per Cylinder)" address="c9330" />
  <table name="Timing Comp Maximum RPM (Per Cylinder)" address="c932c" />
  <table name="Timing Comp Minimum Coolant Temp (Per Cylinder)" address="c9334" />
  <table name="Feedback Correction Range (RPM)" address="c9340" />
  <table name="Feedback Correction Minimum Load" address="c9338" />
  <table name="Feedback Correction Retard Value" address="c935c" />
  <table name="Feedback Correction Retard Limit" address="c9358" />
  <table name="Feedback Correction Negative Advance Value" address="c9364" />
  <table name="Feedback Correction Negative Advance Delay" address="c92fc" />
  <table name="Extended Feedback Correction High RPM Compensation" address="c936c" />
  <table name="Fine Correction Minimum (RPM)" address="c9378" />
  <table name="Fine Correction Maximum (RPM)" address="c9498" />
  <table name="Fine Correction Range (Load)" address="c94a0" />
  <table name="Fine Correction Rows (RPM)" address="c9468" />
  <table name="Fine Correction Columns (Load)" address="c9458" />
  <table name="Fine Correction Retard Value" address="c9494" />
  <table name="Fine Correction Retard Limit" address="c9490" />
  <table name="Fine Correction Advance Value" address="c948c" />
  <table name="Fine Correction Advance Limit" address="c9488" />
  <table name="Fine Correction Advance Delay" address="c930a" />
  <table name="Rough Correction Range (RPM)" address="c9408" />
  <table name="Rough Correction Range (Load)" address="c9418" />
  <table name="Rough Correction Minimum KC Advance Map Value" address="c9428" />
  <table name="Rough Correction Learning Delay (Increasing)" address="c9774">
    <table name="Y" address="c974c" />
  </table>
  <table name="Advance Multiplier (Initial)" address="c942c" />
  <table name="Advance Multiplier Step Value" address="c9430" />
  <table name="Intake Cam Advance Angle (AVCS)" address="cde9c">
    <table name="X" address="cde20" elements="15" />
    <table name="Y" address="cde5c" elements="16" />
  </table>
  <table name="Requested Torque (Accelerator Pedal)" address="dc234">
    <table name="X" address="dc1b4" />
    <table name="Y" address="dc1f0" />
  </table>
  <table name="Target Throttle Plate Position (Requested Torque)" address="dbcf0">
    <table name="X" address="dbc6c" />
    <table name="Y" address="dbcb0" />
  </table>
  <table name="Target Throttle Plate Position Maximum (Requested Torque)" address="dbf94">
    <table name="X" address="dbf10" />
    <table name="Y" address="dbf54" />
  </table>
  <table name="Rev Limit (Fuel Cut)" address="c63f4" />
  <table name="Rev Limit Fuel Resume (Boost)" address="c63fc" />
  <table name="Speed Limiting Enable (Fuel Cut)" address="c6444" />
  <table name="Speed Limiting Disable (Fuel Cut)" address="c6450" />
  <table name="Speed Limiting (Throttle)" address="db83c" />
  <table name="Intake Temp Sensor Scaling" address="800a0">
    <table name="Y" address="80028" />
  </table>
  <table name="Coolant Temp Sensor Scaling" address="7ffb8">
    <table name="Y" address="7ff48" />
  </table>
  <table name="Atmospheric Pressure Sensor Scaling" address="c0250" />
  <table name="Radiator Fan Modes A (ECT)" address="ccc3c" />
  <table name="Radiator Fan Modes B (ECT)" address="ccc4c" />
  <table name="Radiator Fan Modes (Veh. Speed)" address="ccc5c" />
  <table name="Gear Determination Thresholds" address="c1178" />
  <table name="Idle Speed Target A" address="cb06c">
    <table name="Y" address="cac90" />
  </table>
  <table name="Idle Speed Target B" address="cb0ac">
    <table name="Y" address="cac90" />
  </table>
  <table name="Idle Speed Target C" address="cb0ec">
    <table name="Y" address="cac90" />
  </table>
  <table name="Force Pass Readiness Monitors" address="79df6" />
  <table name="(P0000) PASS CODE (NO DTC DETECTED)" address="6ee59" />
  <table name="(P0000) PASS CODE (NO DTC DETECTED)_" address="6ee5a" />
  <table name="(P0011) CAMSHAFT POS. - TIMING OVER-ADVANCED 1" address="6ee3d" />
  <table name="(P0021) CAMSHAFT POS. - TIMING OVER-ADVANCED 2" address="6ee3e" />
  <table name="(P0030) FRONT O2 SENSOR RANGE/PERF" address="6ee87" />
  <table name="(P0031) FRONT O2 SENSOR LOW INPUT" address="6ee68" />
  <table name="(P0032) FRONT O2 SENSOR HIGH INPUT" address="6ee66" />
  <table name="(P0037) REAR O2 SENSOR LOW INPUT" address="6ee67" />
  <table name="(P0038) REAR O2 SENSOR HIGH INPUT" address="6ee65" />
  <table name="(P0102) MAF SENSOR LOW INPUT" address="6ee15" />
  <table name="(P0103) MAF SENSOR HIGH INPUT" address="6ee16" />
  <table name="(P0107) MAP SENSOR LOW INPUT" address="6ee69" />
  <table name="(P0108) MAP SENSOR HIGH INPUT" address="6ee6a" />
  <table name="(P0112) IAT SENSOR LOW INPUT" address="6ee62" />
  <table name="(P0113) IAT SENSOR HIGH INPUT" address="6ee63" />
  <table name="(P0117) COOLANT TEMP SENSOR LOW INPUT" address="6ee1e" />
  <table name="(P0118) COOLANT TEMP SENSOR HIGH INPUT" address="6ee1f" />
  <table name="(P0122) TPS A LOW INPUT" address="6ee1c" />
  <table name="(P0123) TPS A HIGH INPUT" address="6ee1d" />
  <table name="(P0125) INSUFFICIENT COOLANT TEMP (FUELING)" address="6ee21" />
  <table name="(P0131) FRONT O2 SENSOR LOW INPUT" address="6ee5c" />
  <table name="(P0132) FRONT O2 SENSOR HIGH INPUT" address="6ee5e" />
  <table name="(P0133) FRONT O2 SENSOR SLOW RESPONSE" address="6ee46" />
  <table name="(P0134) FRONT O2 SENSOR NO ACTIVITY" address="6ee85" />
  <table name="(P0140) REAR O2 SENSOR NO ACTIVITY" address="6eed3" />
  <table name="(P0171) SYSTEM TOO LEAN" address="6ee50" />
  <table name="(P0172) SYSTEM TOO RICH" address="6ee51" />
  <table name="(P0222) TPS B LOW INPUT" address="6ee8f" />
  <table name="(P0223) TPS B HIGH INPUT" address="6ee90" />
  <table name="(P0230) FUEL PUMP PRIMARY CIRCUIT" address="6ee80" />
  <table name="(P0244) WASTEGATE SOLENOID A RANGE/PERF" address="6ee76" />
  <table name="(P0245) WASTEGATE SOLENOID A LOW" address="6ee74" />
  <table name="(P0246) WASTEGATE SOLENOID A HIGH" address="6ee75" />
  <table name="(P0301) MISFIRE CYLINDER 1" address="6ee52" />
  <table name="(P0302) MISFIRE CYLINDER 2" address="6ee53" />
  <table name="(P0303) MISFIRE CYLINDER 3" address="6ee54" />
  <table name="(P0304) MISFIRE CYLINDER 4" address="6ee55" />
  <table name="(P0327) KNOCK SENSOR 1 LOW INPUT" address="6ee1a" />
  <table name="(P0328) KNOCK SENSOR 1 HIGH INPUT" address="6ee1b" />
  <table name="(P0335) CRANKSHAFT POS. SENSOR A MALFUNCTION" address="6ee10" />
  <table name="(P0340) CAMSHAFT POS. SENSOR A MALFUNCTION_" address="6eea3" />
  <table name="(P0345) CAMSHAFT POS. SENSOR A BANK 2" address="6eea2" />
  <table name="(P0410) SECONDARY AIR PUMP SYSTEM" address="6eecd" />
  <table name="(P0413) SECONDARY AIR PUMP A OPEN" address="6eed1" />
  <table name="(P0414) SECONDARY AIR PUMP A SHORTED" address="6eed6" />
  <table name="(P0418) SECONDARY AIR PUMP RELAY A" address="6eed2" />
  <table name="(P0420) CAT EFFICIENCY BELOW THRESHOLD" address="6ee4c" />
  <table name="(P0458) EVAP PURGE VALVE CIRCUIT LOW" address="6ee41" />
  <table name="(P0459) EVAP PURGE VALVE CIRCUIT HIGH" address="6ee42" />
  <table name="(P0462) FUEL LEVEL SENSOR LOW INPUT" address="6ee22" />
  <table name="(P0463) FUEL LEVEL SENSOR HIGH INPUT" address="6ee23" />
  <table name="(P0502) VEHICLE SPEED SENSOR LOW INPUT" address="6ee7f" />
  <table name="(P0503) VEHICLE SPEED SENSOR INTERMITTENT" address="6ee88" />
  <table name="(P0512) STARTER REQUEST CIRCUIT" address="6ee27" />
  <table name="(P0519) IDLE CONTROL MALFUNCTION (FAIL-SAFE)" address="6ee82" />
  <table name="(P0604) CONTROL MODULE RAM ERROR" address="6ee14" />
  <table name="(P0605) CONTROL MODULE ROM ERROR" address="6eea4" />
  <table name="(P0607) CONTROL MODULE PERFORMANCE" address="6ee97" />
  <table name="(P0638) THROTTLE ACTUATOR RANGE/PERF" address="6ee96" />
  <table name="(P0691) RADIATOR FAN CIRCUIT LOW" address="6ee3a" />
  <table name="(P0692) RADIATOR FAN CIRCUIT HIGH" address="6ee3b" />
  <table name="(P0851) NEUTRAL SWITCH INPUT LOW" address="6ee2b" />
  <table name="(P0852) NEUTRAL SWITCH INPUT HIGH" address="6ee2f" />
  <table name="(P1160) ABNORMAL RETURN SPRING" address="6ee91" />
  <table name="(P1410) SECONDARY AIR PUMP VALVE STUCK OPEN" address="6eeda" />
  <table name="(P1418) SECONDARY AIR PUMP CIRCUIT SHORTED" address="6eed7" />
  <table name="(P1518) STARTER SWITCH LOW INPUT" address="6ee26" />
  <table name="(P1560) BACK-UP VOLTAGE MALFUNCTION" address="6ee71" />
  <table name="(P2004) TGV - INTAKE MANIFOLD RUNNER 1 STUCK OPEN" address="6eebb" />
  <table name="(P2005) TGV - INTAKE MANIFOLD RUNNER 2 STUCK OPEN" address="6eebd" />
  <table name="(P2006) TGV - INTAKE MANIFOLD RUNNER 1 STUCK CLOSED" address="6eebc" />
  <table name="(P2007) TGV - INTAKE MANIFOLD RUNNER 2 STUCK CLOSED" address="6eebe" />
  <table name="(P2008) TGV - INTAKE MANIFOLD RUNNER 1 CIRCUIT OPEN" address="6eec9" />
  <table name="(P2009) TGV - INTAKE MANIFOLD RUNNER 1 CIRCUIT LOW" address="6eec7" />
  <table name="(P2011) TGV - INTAKE MANIFOLD RUNNER 2 CIRCUIT OPEN" address="6eeca" />
  <table name="(P2012) TGV - INTAKE MANIFOLD RUNNER 2 CIRCUIT LOW" address="6eec8" />
  <table name="(P2016) TGV - INTAKE MANIFOLD RUNNER 1 POS. SENSOR LOW" address="6eec3" />
  <table name="(P2017) TGV - INTAKE MANIFOLD RUNNER 1 POS. SENSOR HIGH" address="6eec4" />
  <table name="(P2021) TGV - INTAKE MANIFOLD RUNNER 2 POS. SENSOR LOW" address="6eec5" />
  <table name="(P2022) TGV - INTAKE MANIFOLD RUNNER 2 POS. SENSOR HIGH" address="6eec6" />
  <table name="(P2088) OCV SOLENOID A1 CIRCUIT OPEN" address="6eeac" />
  <table name="(P2089) OCV SOLENOID A1 CIRCUIT SHORT" address="6eeab" />
  <table name="(P2092) OCV SOLENOID A2 CIRCUIT OPEN" address="6eeaa" />
  <table name="(P2093) OCV SOLENOID A2 CIRCUIT SHORT" address="6eea9" />
  <table name="(P2101) THROTTLE ACTUATOR CIRCUIT RANGE/PERF" address="6ee94" />
  <table name="(P2102) THROTTLE ACTUATOR CIRCUIT LOW" address="6ee92" />
  <table name="(P2103) THROTTLE ACTUATOR CIRCUIT HIGH" address="6ee93" />
  <table name="(P2109) TPS A MINIMUM STOP PERF" address="6ee8e" />
  <table name="(P2122) TPS D CIRCUIT LOW INPUT" address="6ee9b" />
  <table name="(P2123) TPS D CIRCUIT HIGH INPUT" address="6ee9c" />
  <table name="(P2127) TPS E CIRCUIT LOW INPUT" address="6ee99" />
  <table name="(P2128) TPS E CIRCUIT HIGH INPUT" address="6ee9a" />
  <table name="(P2135) TPS A/B VOLTAGE" address="6ee9d" />
  <table name="(P2138) TPS D/E VOLTAGE" address="6ee98" />
  <table name="(P2228) BARO. PRESSURE CIRCUIT LOW INPUT" address="6eec2" />
  <table name="(P2229) BARO. PRESSURE CIRCUIT HIGH INPUT" address="6eec1" />
  <table name="(P2432) SECONDARY AIR PUMP CIRCUIT LOW" address="6eed0" />
  <table name="(P2433) SECONDARY AIR PUMP CIRCUIT HIGH" address="6eecf" />
  <table name="(P2440) SECONDARY AIR PUMP VALVE 1 STUCK OPEN" address="6eede" />
  <table name="(P2441) SECONDARY AIR PUMP VALVE 1 STUCK CLOSED" address="6eedd" />
  <table name="(P2444) SECONDARY AIR PUMP 1 STUCK ON B1" address="6eecb" />
  <table name="(P2503) CHARGING SYSTEM VOLTAGE LOW" address="6eeba" />
  <table name="(P2504) CHARGING SYSTEM VOLTAGE HIGH" address="6eeb9" />
</rom>