<rom>
  <romid>
    <xmlid>A8DK100K</xmlid>
    <internalidaddress>2000</internalidaddress>
    <internalidstring>A8DK100K</internalidstring>
    <ecuid>4D425A6006</ecuid>
    <year>07</year>
    <market>EDM</market>
    <make>Subaru</make>
    <model>Impreza</model>
    <submodel>WRX</submodel>
    <transmission>MT</transmission>
    <memmodel>SH7058</memmodel>
    <flashmethod>sti05</flashmethod>
    <checksummodule>subarudbw</checksummodule>
  </romid>
  <include>A8DK100Y</include>
</rom>