<rom>
  <romid>
    <xmlid>AZ1E401A</xmlid>
    <internalidaddress>2004</internalidaddress>
    <internalidstring>AZ1E401A</internalidstring>
    <ecuid>5112584107</ecuid>
    <year>08</year>
    <market>USDM</market>
    <make>Subaru</make>
    <model>Impreza</model>
    <submodel>WRX</submodel>
    <transmission>MT</transmission>
    <memmodel>SH7058</memmodel>
    <flashmethod>subarucan</flashmethod>
    <checksummodule>subarudbw</checksummodule>
  </romid>
  <include>32BITBASE</include>
  <table name="Target Boost_" address="c0d14">
    <table name="X" address="c0cac" />
    <table name="Y" address="c0cd8" />
  </table>
  <table name="Target Boost Compensation (ECT)" address="c06c8">
    <table name="Y" address="c05e8" />
  </table>
  <table name="Target Boost Compensation (1st Gear)" address="c05e4" />
  <table name="Target Boost Compensation (1st Gear) Speed Disable" address="c05dc" />
  <table name="Target Boost Compensation (IAT)_" address="c0810">
    <table name="Y" address="c07f8" />
  </table>
  <table name="Target Boost Compensation (Atm. Pressure)_" address="c0898">
    <table name="X" address="c0868" />
    <table name="Y" address="c0880" />
  </table>
  <table name="Boost Limit (Fuel Cut)_" address="ce5ec">
    <table name="X" address="ce5bc" />
    <table name="Y" address="ce5d4" />
  </table>
  <table name="Boost Control Disable (IAM)" address="c05d0" />
  <table name="Boost Control Disable (Fine Correction)" address="c05cc" />
  <table name="Boost Control Disable Delay (Fine Correction)" address="c0581" />
  <table name="Initial Wastegate Duty_" address="c0b24">
    <table name="X" address="c0ab4" elements="15" />
    <table name="Y" address="c0af0" elements="13" />
  </table>
  <table name="Max Wastegate Duty_" address="c092c">
    <table name="X" address="c08bc" elements="15" />
    <table name="Y" address="c08f8" elements="13" />
  </table>
  <table name="Max Wastegate Duty Limit Post-Compensation" address="13d80" />
  <table name="Initial/Max Wastegate Duty Compensation (IAT)" address="c0668">
    <table name="Y" address="c0628" />
  </table>
  <table name="Initial/Max Wastegate Duty Compensation (ECT)" address="c0688">
    <table name="Y" address="c05e8" />
  </table>
  <table name="Initial/Max Wastegate Duty Compensation (Atm. Pressure)" address="c0850">
    <table name="X" address="c0828" />
    <table name="Y" address="c0840" />
  </table>
  <table name="Turbo Dynamics Proportional" address="c06fc">
    <table name="Y" address="c06d8" />
  </table>
  <table name="Turbo Dynamics Integral Positive" address="c076c">
    <table name="Y" address="c0748" />
  </table>
  <table name="Turbo Dynamics Integral Negative" address="c0734">
    <table name="Y" address="c0710" />
  </table>
  <table name="TD Proportional Compensation (IAT)" address="c0698">
    <table name="Y" address="c0628" elements="16" />
  </table>
  <table name="TD Integral Positive Compensation (IAT)" address="c06b8">
    <table name="Y" address="c0628" elements="16" />
  </table>
  <table name="TD Integral Negative Compensation (IAT)" address="c06a8">
    <table name="Y" address="c0628" elements="16" />
  </table>
  <table name="TD Activation Thresholds (RPM)" address="c05bc" />
  <table name="TD Activation Thresholds (Target Boost)_" address="c05a8" />
  <table name="TD Integral Cumulative Range (WGDC Correction)" address="c05c4" />
  <table name="TD Integral Negative Activation (Boost Error)" address="c05b0" />
  <table name="TD Integral Positive Activation (Boost Error)" address="c05b4" />
  <table name="TD Integral Positive Activation (Wastegate Duty)" address="c05b8" />
  <table name="Manifold Pressure Sensor Scaling_" address="d3ee0" />
  <table name="Manifold Pressure Sensor Limits (CEL)" address="d3ea6" />
  <table name="Manifold Pressure Sensor CEL Delays" address="c3684" />
  <table name="Primary Open Loop Fueling" address="cc190">
    <table name="X" address="cc10c" />
    <table name="Y" address="cc148" />
  </table>
  <table name="Primary Open Loop Fueling (Failsafe)" address="cc324">
    <table name="X" address="cc2a0" />
    <table name="Y" address="cc2dc" />
  </table>
  <table name="Primary Open Loop Fuel Map Switch (IAM)" address="c86a8" />
  <table name="Minimum Active Primary Open Loop Enrichment" address="c86ac" />
  <table name="Minimum Primary Open Loop Enrichment (Throttle)" address="c9254">
    <table name="Y" address="c923c" />
  </table>
  <table name="Minimum Primary Open Loop Enrichment (Accelerator)" address="c9274">
    <table name="Y" address="c925c" />
  </table>
  <table name="Primary Open Loop Fueling Compensation (ECT)" address="cab70">
    <table name="Y" address="c8ad8" />
  </table>
  <table name="Primary Open Loop Fueling Compensation (Timing Compensation)_" address="c91e4">
    <table name="Y" address="c91cc" />
  </table>
  <table name="Front Oxygen Sensor Scaling" address="d444c">
    <table name="Y" address="d4418" />
  </table>
  <table name="Front Oxygen Sensor Rich Limit" address="210c0" />
  <table name="Front Oxygen Sensor Compensation (Atm. Pressure)" address="c2af0">
    <table name="Y" address="c2ae0" />
  </table>
  <table name="CL Fueling Target Compensation A (Load)" address="cd688">
    <table name="X" address="cd630" />
    <table name="Y" address="cd65c" elements="11" />
  </table>
  <table name="CL Fueling Target Compensation B (Load)" address="cd91c">
    <table name="X" address="cd8c8" />
    <table name="Y" address="cd8f4" elements="10" />
  </table>
  <table name="CL Fueling Target Compensation Imm. Cruise (ECT)" address="cd564">
    <table name="X" address="c8ad8" />
    <table name="Y" address="cd558" />
  </table>
  <table name="CL Fueling Target Compensation Imm. Non-Cruise (ECT)" address="cd5d0">
    <table name="X" address="c8ad8" />
    <table name="Y" address="cd5c4" />
  </table>
  <table name="CL to OL Delay_" address="c81b6" />
  <table name="CL to OL Transition with Delay (Throttle)" address="c922c">
    <table name="Y" address="c91ec" />
  </table>
  <table name="CL to OL Transition with Delay Throttle Hysteresis" address="c86b4" />
  <table name="CL to OL Transition with Delay (Base Pulse Width)" address="caa9c">
    <table name="Y" address="caa5c" />
  </table>
  <table name="CL to OL Transition with Delay BPW Hysteresis" address="c86b0" />
  <table name="CL to OL Transition Counter Step Value (MAF)" address="caae4">
    <table name="Y" address="caabc" />
  </table>
  <table name="CL Delay Maximum (Throttle)" address="c8714" />
  <table name="CL Delay Maximum (Vehicle Speed)" address="c8730" />
  <table name="CL Delay Minimum (ECT)" address="c86b8" />
  <table name="CL Delay Maximum (Engine Load)" address="c8740" />
  <table name="CL Delay Engine Load Counter Threshold" address="c81ae" />
  <table name="CL Delay Maximum Engine Speed (Per Gear)" address="c86bc" />
  <table name="CL Delay Maximum Engine Speed (Neutral)" address="c86e4" />
  <table name="Injector Latency_" address="cd220">
    <table name="X" address="cd200" />
    <table name="Y" address="cd214" />
  </table>
  <table name="Injector Flow Scaling" address="c837c" />
  <table name="Per Injector Pulse Width Compensation A" address="cc9e0">
    <table name="X" address="cc958" />
    <table name="Y" address="cc99c" elements="17" />
  </table>
  <table name="Per Injector Pulse Width Compensation B" address="ccb8c">
    <table name="X" address="ccb04" />
    <table name="Y" address="ccb48" elements="17" />
  </table>
  <table name="Per Injector Pulse Width Compensation C" address="ccd38">
    <table name="X" address="cccb0" />
    <table name="Y" address="cccf4" elements="17" />
  </table>
  <table name="Per Injector Pulse Width Compensation D" address="ccee4">
    <table name="X" address="cce5c" />
    <table name="Y" address="ccea0" elements="17" />
  </table>
  <table name="Cranking Fuel Injector Pulse Width A (ECT)" address="c979a">
    <table name="Y" address="c8ad8" />
  </table>
  <table name="Cranking Fuel Injector Pulse Width B (ECT)" address="c97ba">
    <table name="Y" address="c8ad8" />
  </table>
  <table name="Cranking Fuel Injector Pulse Width C (ECT)" address="c97da">
    <table name="Y" address="c8ad8" />
  </table>
  <table name="Cranking Fuel Injector Pulse Width D (ECT)" address="c97fa">
    <table name="Y" address="c8ad8" />
  </table>
  <table name="Cranking Fuel Injector Pulse Width E (ECT)" address="c981a">
    <table name="Y" address="c8ad8" />
  </table>
  <table name="Cranking Fuel Injector Pulse Width F (ECT)" address="c983a">
    <table name="Y" address="c8ad8" />
  </table>
  <table name="Cranking Fuel IPW Compensation Imm. Cruise (RPM)" address="cbb6c">
    <table name="X" address="cbb3c" />
    <table name="Y" address="cbb50" />
  </table>
  <table name="Cranking Fuel IPW Compensation Imm. Non-Cruise (RPM)" address="cbb18">
    <table name="X" address="cbae8" />
    <table name="Y" address="cbafc" />
  </table>
  <table name="Cranking Fuel IPW Compensation (MAP)" address="c8d1c">
    <table name="Y" address="c8cf4" />
  </table>
  <table name="Cranking Fuel IPW Compensation (Accelerator)" address="c8d50">
    <table name="Y" address="c8d28" elements="10" />
  </table>
  <table name="Cranking Fuel IPW Compensation (IAT)" address="c8d70">
    <table name="Y" address="c8d5c" />
  </table>
  <table name="Throttle Tip-in Enrichment A" address="cb1c8">
    <table name="Y" address="cb180" />
  </table>
  <table name="Throttle Tip-in Enrichment B" address="cb234">
    <table name="Y" address="cb1ec" />
  </table>
  <table name="Minimum Tip-in Enrichment Activation" address="c89d0" />
  <table name="Minimum Tip-in Enrichment Activation (Throttle)" address="c89cc" />
  <table name="Tip-in Enrichment Compensation (Boost Error)" address="c9600">
    <table name="Y" address="c95dc" />
  </table>
  <table name="Tip-in Enrichment Compensation (RPM)" address="c95cc">
    <table name="Y" address="c958c" elements="16" />
  </table>
  <table name="Tip-in Enrichment Compensation A (ECT)" address="c9609">
    <table name="Y" address="c8ad8" />
  </table>
  <table name="Tip-in Enrichment Compensation B (ECT)" address="cb258">
    <table name="Y" address="c8ad8" />
  </table>
  <table name="Tip-in Enrichment Compensation C (ECT)" address="cb278">
    <table name="Y" address="c8ad8" />
  </table>
  <table name="Tip-in Enrichment Compensation D (ECT)" address="cb2b8">
    <table name="Y" address="c8b18" />
  </table>
  <table name="Tip-in Enrichment Compensation D (ECT) Activation" address="c89d4" />
  <table name="Tip-in Enrichment Disable Applied Counter Threshold A (ECT)" address="c9619">
    <table name="Y" address="c8ad8" />
  </table>
  <table name="Tip-in Enrichment Disable Applied Counter Threshold B (ECT)" address="c9629">
    <table name="Y" address="c8ad8" />
  </table>
  <table name="Tip-in Enrichment Applied Counter Reset" address="c8161" />
  <table name="Tip-in Enrichment Disable Throttle Cumulative Threshold A (ECT)" address="cb2d8">
    <table name="Y" address="c8ad8" />
  </table>
  <table name="Tip-in Enrichment Disable Throttle Cumulative Threshold B (ECT)" address="cb2f8">
    <table name="Y" address="c8ad8" />
  </table>
  <table name="Tip-in Throttle Cumulative Reset" address="c8162" />
  <table name="Min Primary Base Enrichment 1 Cruise" address="cbdc4">
    <table name="X" address="c8ad8" />
    <table name="Y" address="cbda0" elements="9" />
  </table>
  <table name="Min Primary Base Enrichment 1 Non-Cruise" address="cbd20">
    <table name="X" address="c8ad8" />
    <table name="Y" address="cbd00" />
  </table>
  <table name="Min Primary Base Enrichment 1 (Non-Primary OL)_" address="c8dd5">
    <table name="Y" address="c8ad8" />
  </table>
  <table name="A/F Learning #1 Limits" address="c85b0" />
  <table name="A/F Learning #1 Airflow Ranges" address="c85c0" />
  <table name="MAF Limit (Maximum)" address="c264c" />
  <table name="MAF Sensor Scaling" address="d4340">
    <table name="Y" address="d4268" />
  </table>
  <table name="MAF Compensation (IAT)" address="c2dc4">
    <table name="X" address="c2d90" />
    <table name="Y" address="c2da4" />
  </table>
  <table name="Engine Load Limit A (Maximum)" address="1f96c" />
  <table name="Engine Load Limit B Maximum (RPM)" address="c29f0">
    <table name="Y" address="c29e8" />
  </table>
  <table name="Engine Load Compensation Cruise (MP)" address="c2e50">
    <table name="X" address="c2dec" />
    <table name="Y" address="c2e18" elements="14" />
  </table>
  <table name="Engine Load Compensation Non-Cruise (MP)" address="c2f50">
    <table name="X" address="c2eec" />
    <table name="Y" address="c2f18" elements="14" />
  </table>
  <table name="Base Timing Primary Cruise" address="d0c0c">
    <table name="X" address="d0b88" />
    <table name="Y" address="d0bc4" />
  </table>
  <table name="Base Timing Reference Cruise (AVCS related)" address="d0f34">
    <table name="X" address="d0eb0" />
    <table name="Y" address="d0eec" />
  </table>
  <table name="Base Timing Primary Non-Cruise" address="d0da0">
    <table name="X" address="d0d1c" />
    <table name="Y" address="d0d58" />
  </table>
  <table name="Base Timing Reference Non-Cruise (AVCS related)" address="d10c8">
    <table name="X" address="d1044" />
    <table name="Y" address="d1080" />
  </table>
  <table name="Base Timing Idle A (In-Gear)" address="cf182">
    <table name="Y" address="cef2c" />
  </table>
  <table name="Base Timing Idle B (In-Gear)" address="cf192">
    <table name="Y" address="cef2c" />
  </table>
  <table name="Base Timing Idle A (Neutral)" address="cf1a2">
    <table name="Y" address="cef2c" />
  </table>
  <table name="Base Timing Idle B (Neutral)" address="cf1b2">
    <table name="Y" address="cef2c" />
  </table>
  <table name="Base Timing Idle Minimum" address="cf179">
    <table name="Y" address="cefac" />
  </table>
  <table name="Base Timing Idle Minimum Vehicle Speed Enable" address="ced3c" />
  <table name="Knock Correction Advance Max Cruise" address="d0860">
    <table name="X" address="d07dc" elements="15" />
    <table name="Y" address="d0818" />
  </table>
  <table name="Knock Correction Advance Max Non-Cruise" address="d09f4">
    <table name="X" address="d0970" elements="15" />
    <table name="Y" address="d09ac" />
  </table>
  <table name="Timing Compensation A (IAT)" address="cf264">
    <table name="Y" address="cf224" />
  </table>
  <table name="Timing Compensation A (IAT) Activation" address="d1218">
    <table name="X" address="d11d8" />
    <table name="Y" address="d11f8" />
  </table>
  <table name="Timing Compensation B (IAT)" address="cf85c">
    <table name="Y" address="cf81c" />
  </table>
  <table name="Timing Compensation B (IAT) IAM Activation" address="ceee8" />
  <table name="Timing Compensation B (IAT) Max Additive" address="ceecc" />
  <table name="Timing Compensation Imm. Cruise A (ECT)" address="cf202">
    <table name="Y" address="cef2c" />
  </table>
  <table name="Timing Compensation Imm. Cruise B (ECT)" address="cf212">
    <table name="Y" address="cef2c" />
  </table>
  <table name="Timing Compensation Imm. Non-Cruise A (ECT)" address="cf1e2">
    <table name="Y" address="cef2c" />
  </table>
  <table name="Timing Compensation Imm. Non-Cruise B (ECT)" address="cf1f2">
    <table name="Y" address="cef2c" />
  </table>
  <table name="Timing Compensation Per Cylinder A" address="d0414">
    <table name="X" address="d03c8" />
    <table name="Y" address="d0400" elements="5" />
  </table>
  <table name="Timing Compensation Per Cylinder B" address="d04a8">
    <table name="X" address="d045c" />
    <table name="Y" address="d0494" elements="5" />
  </table>
  <table name="Timing Compensation Per Cylinder C" address="d053c">
    <table name="X" address="d04f0" />
    <table name="Y" address="d0528" elements="5" />
  </table>
  <table name="Timing Compensation Per Cylinder D" address="d05d4">
    <table name="X" address="d0584" />
    <table name="Y" address="d05bc" elements="6" />
  </table>
  <table name="Timing Comp Minimum Load (Per Cylinder)" address="ceaa4" />
  <table name="Timing Comp Maximum RPM (Per Cylinder)" address="ceaa0" />
  <table name="Timing Comp Minimum Coolant Temp (Per Cylinder)" address="ceaa8" />
  <table name="Feedback Correction Range (RPM)" address="ceab4" />
  <table name="Feedback Correction Minimum Load" address="ceaac" />
  <table name="Feedback Correction Retard Value" address="cead4" />
  <table name="Feedback Correction Retard Limit" address="cead0" />
  <table name="Feedback Correction Negative Advance Value" address="cead8" />
  <table name="Feedback Correction Negative Advance Delay" address="cea1a" />
  <table name="Extended Feedback Correction High RPM Compensation" address="ceae0" />
  <table name="Fine Correction Range (RPM)" address="cec34" />
  <table name="Fine Correction Range (Load)" address="cec44" />
  <table name="Fine Correction Rows (RPM)" address="cebf0" />
  <table name="Fine Correction Columns (Load)" address="cec0c" />
  <table name="Fine Correction Retard Value" address="cec30" />
  <table name="Fine Correction Retard Limit" address="cec2c" />
  <table name="Fine Correction Advance Value" address="cec28" />
  <table name="Fine Correction Advance Limit" address="cec24" />
  <table name="Fine Correction Advance Delay" address="cea2a" />
  <table name="Rough Correction Range (RPM)" address="ceba0" />
  <table name="Rough Correction Range (Load)" address="cebb0" />
  <table name="Rough Correction Minimum KC Advance Map Value" address="cebc0" />
  <table name="Rough Correction Learning Delay (Increasing)_" address="cfa4c">
    <table name="Y" address="cfa24" />
  </table>
  <table name="Advance Multiplier (Initial)" address="cebc4" />
  <table name="Advance Multiplier Step Value" address="cebc8" />
  <table name="Intake Cam Advance Angle Cruise (AVCS)" address="d5f54">
    <table name="X" address="d5ed8" elements="15" />
    <table name="Y" address="d5f14" elements="16" />
  </table>
  <table name="Intake Cam Advance Angle Non-Cruise (AVCS)" address="d61b0">
    <table name="X" address="d6134" elements="15" />
    <table name="Y" address="d6170" elements="16" />
  </table>
  <table name="Requested Torque A (Accelerator Pedal)" address="dd698">
    <table name="X" address="dd618" />
    <table name="Y" address="dd654" />
  </table>
  <table name="Requested Torque B (Accelerator Pedal)" address="dd918">
    <table name="X" address="dd898" />
    <table name="Y" address="dd8d4" />
  </table>
  <table name="Requested Torque C (Accelerator Pedal)" address="ddb98">
    <table name="X" address="ddb18" />
    <table name="Y" address="ddb54" />
  </table>
  <table name="Requested Torque Base (RPM)" address="dc838">
    <table name="Y" address="dc7f8" />
  </table>
  <table name="Target Throttle Plate Position Cruise (Requested Torque Ratio)" address="dcce8">
    <table name="X" address="dcc68" elements="16" />
    <table name="Y" address="dcca8" />
  </table>
  <table name="Target Throttle Plate Position Non-Cruise (Requested Torque Ratio)" address="dcf68">
    <table name="X" address="dcee8" elements="16" />
    <table name="Y" address="dcf28" />
  </table>
  <table name="Target Throttle Plate Position Maximum (Requested Torque Ratio)" address="dd1e8">
    <table name="X" address="dd168" elements="16" />
    <table name="Y" address="dd1a8" />
  </table>
  <table name="Rev Limit (Fuel Cut)" address="c8a2c" />
  <table name="Rev Limit Fuel Resume (Boost)" address="c8a34" />
  <table name="Speed Limiting Enable (Fuel Cut)" address="c8a7c" />
  <table name="Speed Limiting Disable (Fuel Cut)" address="c8a84" />
  <table name="Speed Limiting A (Throttle)" address="dc644" />
  <table name="Speed Limiting B (Throttle)" address="dc65c" />
  <table name="Fuel Temp Sensor Scaling" address="d41f0">
    <table name="Y" address="d4178" />
  </table>
  <table name="Intake Temp Sensor Scaling" address="d4080">
    <table name="Y" address="d4008" />
  </table>
  <table name="Coolant Temp Sensor Scaling" address="d3f98">
    <table name="Y" address="d3f28" />
  </table>
  <table name="Radiator Fan Modes A (ECT)" address="d4710" />
  <table name="Radiator Fan Modes B (ECT)" address="d4720" />
  <table name="Radiator Fan Modes (Veh. Speed)" address="d4730" />
  <table name="Gear Determination Thresholds A" address="c2844" />
  <table name="Gear Determination Thresholds B" address="c2858" />
  <table name="Gear Determination Thresholds C" address="c286c" />
  <table name="Idle Speed Target A" address="d2400">
    <table name="Y" address="d1db4" />
  </table>
  <table name="Idle Speed Target B" address="d2440">
    <table name="Y" address="d1db4" />
  </table>
  <table name="Idle Speed Target C" address="d2480">
    <table name="Y" address="d1db4" />
  </table>
  <table name="Force Pass Readiness Monitors_" address="90b30" />
  <table name="(P0000) PASS CODE (NO DTC DETECTED)" address="8594b" />
  <table name="(P0000) PASS CODE (NO DTC DETECTED)_" address="8594c" />
  <table name="(P0011) CAMSHAFT POS. - TIMING OVER-ADVANCED 1" address="8592f" />
  <table name="(P0016) CRANKSHAFT/CAMSHAFT CORRELATION 1A" address="859c2" />
  <table name="(P0018) CRANKSHAFT/CAMSHAFT CORRELATION 2A" address="859c1" />
  <table name="(P0021) CAMSHAFT POS. - TIMING OVER-ADVANCED 2" address="85930" />
  <table name="(P0030) FRONT O2 SENSOR RANGE/PERF" address="85970" />
  <table name="(P0031) FRONT O2 SENSOR LOW INPUT" address="8595a" />
  <table name="(P0032) FRONT O2 SENSOR HIGH INPUT" address="85958" />
  <table name="(P0037) REAR O2 SENSOR LOW INPUT" address="85959" />
  <table name="(P0038) REAR O2 SENSOR HIGH INPUT" address="85957" />
  <table name="(P0068) MAP SENSOR RANGE/PERF" address="8596b" />
  <table name="(P0101) MAF SENSOR RANGE/PERF" address="8596c" />
  <table name="(P0102) MAF SENSOR LOW INPUT" address="85909" />
  <table name="(P0103) MAF SENSOR HIGH INPUT" address="8590a" />
  <table name="(P0107) MAP SENSOR LOW INPUT" address="8595b" />
  <table name="(P0108) MAP SENSOR HIGH INPUT" address="8595c" />
  <table name="(P0111) IAT SENSOR RANGE/PERF" address="85956" />
  <table name="(P0112) IAT SENSOR LOW INPUT" address="85954" />
  <table name="(P0113) IAT SENSOR HIGH INPUT" address="85955" />
  <table name="(P0117) COOLANT TEMP SENSOR LOW INPUT" address="85912" />
  <table name="(P0118) COOLANT TEMP SENSOR HIGH INPUT" address="85913" />
  <table name="(P0122) TPS A LOW INPUT" address="85910" />
  <table name="(P0123) TPS A HIGH INPUT" address="85911" />
  <table name="(P0125) INSUFFICIENT COOLANT TEMP (FUELING)" address="85915" />
  <table name="(P0126) INSUFFICIENT COOLANT TEMP (OPERATION)" address="859a9" />
  <table name="(P0128) THERMOSTAT MALFUNCTION" address="85961" />
  <table name="(P0131) FRONT O2 SENSOR LOW INPUT" address="8594e" />
  <table name="(P0132) FRONT O2 SENSOR HIGH INPUT" address="85950" />
  <table name="(P0133) FRONT O2 SENSOR SLOW RESPONSE" address="85938" />
  <table name="(P0134) FRONT O2 SENSOR NO ACTIVITY" address="8596e" />
  <table name="(P0137) REAR O2 SENSOR LOW VOLTAGE" address="8594d" />
  <table name="(P0138) REAR O2 SENSOR HIGH VOLTAGE" address="85952" />
  <table name="(P0139) REAR O2 SENSOR SLOW RESPONSE" address="85939" />
  <table name="(P0140) REAR O2 SENSOR NO ACTIVITY" address="859bc" />
  <table name="(P0171) SYSTEM TOO LEAN" address="85942" />
  <table name="(P0172) SYSTEM TOO RICH" address="85943" />
  <table name="(P0181) FUEL TEMP SENSOR A RANGE/PERF" address="85921" />
  <table name="(P0182) FUEL TEMP SENSOR A LOW INPUT" address="8591f" />
  <table name="(P0183) FUEL TEMP SENSOR A HIGH INPUT" address="85920" />
  <table name="(P0222) TPS B LOW INPUT" address="85978" />
  <table name="(P0223) TPS B HIGH INPUT" address="85979" />
  <table name="(P0230) FUEL PUMP PRIMARY CIRCUIT" address="8596a" />
  <table name="(P0244) WASTEGATE SOLENOID A RANGE/PERF" address="85968" />
  <table name="(P0245) WASTEGATE SOLENOID A LOW" address="85966" />
  <table name="(P0246) WASTEGATE SOLENOID A HIGH" address="85967" />
  <table name="(P0301) MISFIRE CYLINDER 1" address="85944" />
  <table name="(P0302) MISFIRE CYLINDER 2" address="85945" />
  <table name="(P0303) MISFIRE CYLINDER 3" address="85946" />
  <table name="(P0304) MISFIRE CYLINDER 4" address="85947" />
  <table name="(P0327) KNOCK SENSOR 1 LOW INPUT" address="8590e" />
  <table name="(P0328) KNOCK SENSOR 1 HIGH INPUT" address="8590f" />
  <table name="(P0335) CRANKSHAFT POS. SENSOR A MALFUNCTION" address="85904" />
  <table name="(P0336) CRANKSHAFT POS. SENSOR A RANGE/PERF" address="85905" />
  <table name="(P0340) CAMSHAFT POS. SENSOR A MALFUNCTION" address="8598c" />
  <table name="(P0345) CAMSHAFT POS. SENSOR A BANK 2" address="8598b" />
  <table name="(P0410) SECONDARY AIR PUMP SYSTEM" address="859b6" />
  <table name="(P0411) SECONDARY AIR PUMP INCORRECT FLOW" address="859b5" />
  <table name="(P0413) SECONDARY AIR PUMP A OPEN" address="859ba" />
  <table name="(P0414) SECONDARY AIR PUMP A SHORTED" address="859bf" />
  <table name="(P0416) SECONDARY AIR PUMP B OPEN" address="859c9" />
  <table name="(P0417) SECONDARY AIR PUMP B SHORTED" address="859c8" />
  <table name="(P0418) SECONDARY AIR PUMP RELAY A" address="859bb" />
  <table name="(P0420) CAT EFFICIENCY BELOW THRESHOLD" address="8593e" />
  <table name="(P0441) EVAP INCORRECT PURGE FLOW" address="859cf" />
  <table name="(P0442) EVAP LEAK DETECTED (SMALL)" address="8593f" />
  <table name="(P0447) EVAP VENT CONTROL CIRCUIT OPEN" address="85936" />
  <table name="(P0448) EVAP VENT CONTROL CIRCUIT SHORTED" address="85937" />
  <table name="(P0451) EVAP PRESSURE SENSOR RANGE/PERF" address="8591d" />
  <table name="(P0452) EVAP PRESSURE SENSOR LOW INPUT" address="8591b" />
  <table name="(P0453) EVAP PRESSURE SENSOR HIGH INPUT" address="8591c" />
  <table name="(P0456) EVAP LEAK DETECTED (VERY SMALL)" address="85940" />
  <table name="(P0457) EVAP LEAK DETECTED (FUEL CAP)" address="8594a" />
  <table name="(P0458) EVAP PURGE VALVE CIRCUIT LOW" address="85933" />
  <table name="(P0459) EVAP PURGE VALVE CIRCUIT HIGH" address="85934" />
  <table name="(P0461) FUEL LEVEL SENSOR RANGE/PERF" address="85918" />
  <table name="(P0462) FUEL LEVEL SENSOR LOW INPUT" address="85916" />
  <table name="(P0463) FUEL LEVEL SENSOR HIGH INPUT" address="85917" />
  <table name="(P0464) FUEL LEVEL SENSOR INTERMITTENT" address="85914" />
  <table name="(P0500) VEHICLE SPEED SENSOR A" address="8590b" />
  <table name="(P0512) STARTER REQUEST CIRCUIT" address="8591a" />
  <table name="(P0600) SERIAL COMMUNICATION LINK" address="85988" />
  <table name="(P0604) CONTROL MODULE RAM ERROR" address="85908" />
  <table name="(P0605) CONTROL MODULE ROM ERROR" address="8598d" />
  <table name="(P0607) CONTROL MODULE PERFORMANCE" address="85980" />
  <table name="(P0638) THROTTLE ACTUATOR RANGE/PERF" address="8597f" />
  <table name="(P0700) TRANSMISSION CONTROL SYSTEM" address="85999" />
  <table name="(P0851) NEUTRAL SWITCH INPUT LOW" address="8591e" />
  <table name="(P0852) NEUTRAL SWITCH INPUT HIGH" address="85922" />
  <table name="(P1152) FRONT O2 SENSOR RANGE/PERF LOW B1 S1" address="8593a" />
  <table name="(P1153) FRONT O2 SENSOR RANGE/PERF HIGH B1 S1" address="8593b" />
  <table name="(P1160) ABNORMAL RETURN SPRING" address="8597a" />
  <table name="(P1400) FUEL TANK PRESSURE SOL. LOW" address="85931" />
  <table name="(P1410) SECONDARY AIR PUMP VALVE STUCK OPEN" address="859c3" />
  <table name="(P1418) SECONDARY AIR PUMP CIRCUIT SHORTED" address="859c0" />
  <table name="(P1420) FUEL TANK PRESSURE SOL. HIGH INPUT" address="85932" />
  <table name="(P1443) VENT CONTROL SOLENOID FUNCTION PROBLEM" address="85935" />
  <table name="(P1491) PCV (BLOWBY) FUNCTION PROBLEM" address="85962" />
  <table name="(P1519) IMRC STUCK CLOSED" address="859ce" />
  <table name="(P1520) IMRC CIRCUIT MALFUNCTION" address="859cd" />
  <table name="(P1560) BACK-UP VOLTAGE MALFUNCTION" address="85963" />
  <table name="(P1602) CONTROL MODULE PROGRAMMING ERROR" address="859be" />
  <table name="(P1616) SBDS INTERACTIVE CODES" address="859cc" />
  <table name="(P2004) TGV - INTAKE MANIFOLD RUNNER 1 STUCK OPEN" address="859a4" />
  <table name="(P2005) TGV - INTAKE MANIFOLD RUNNER 2 STUCK OPEN" address="859a6" />
  <table name="(P2006) TGV - INTAKE MANIFOLD RUNNER 1 STUCK CLOSED" address="859a5" />
  <table name="(P2007) TGV - INTAKE MANIFOLD RUNNER 2 STUCK CLOSED" address="859a7" />
  <table name="(P2008) TGV - INTAKE MANIFOLD RUNNER 1 CIRCUIT OPEN" address="859b2" />
  <table name="(P2009) TGV - INTAKE MANIFOLD RUNNER 1 CIRCUIT LOW" address="859b0" />
  <table name="(P2011) TGV - INTAKE MANIFOLD RUNNER 2 CIRCUIT OPEN" address="859b3" />
  <table name="(P2012) TGV - INTAKE MANIFOLD RUNNER 2 CIRCUIT LOW" address="859b1" />
  <table name="(P2016) TGV - INTAKE MANIFOLD RUNNER 1 POS. SENSOR LOW" address="859ac" />
  <table name="(P2017) TGV - INTAKE MANIFOLD RUNNER 1 POS. SENSOR HIGH" address="859ad" />
  <table name="(P2021) TGV - INTAKE MANIFOLD RUNNER 2 POS. SENSOR LOW" address="859ae" />
  <table name="(P2022) TGV - INTAKE MANIFOLD RUNNER 2 POS. SENSOR HIGH" address="859af" />
  <table name="(P2088) OCV SOLENOID A1 CIRCUIT OPEN" address="85995" />
  <table name="(P2089) OCV SOLENOID A1 CIRCUIT SHORT" address="85994" />
  <table name="(P2092) OCV SOLENOID A2 CIRCUIT OPEN" address="85993" />
  <table name="(P2093) OCV SOLENOID A2 CIRCUIT SHORT" address="85992" />
  <table name="(P2096) POST CATALYST TOO LEAN B1" address="8597e" />
  <table name="(P2097) POST CATALYST TOO RICH B1" address="85987" />
  <table name="(P2101) THROTTLE ACTUATOR CIRCUIT RANGE/PERF" address="8597d" />
  <table name="(P2102) THROTTLE ACTUATOR CIRCUIT LOW" address="8597b" />
  <table name="(P2103) THROTTLE ACTUATOR CIRCUIT HIGH" address="8597c" />
  <table name="(P2109) TPS A MINIMUM STOP PERF" address="85977" />
  <table name="(P2122) TPS D CIRCUIT LOW INPUT" address="85984" />
  <table name="(P2123) TPS D CIRCUIT HIGH INPUT" address="85985" />
  <table name="(P2127) TPS E CIRCUIT LOW INPUT" address="85982" />
  <table name="(P2128) TPS E CIRCUIT HIGH INPUT" address="85983" />
  <table name="(P2135) TPS A/B VOLTAGE" address="85986" />
  <table name="(P2138) TPS D/E VOLTAGE" address="85981" />
  <table name="(P2419) EVAP SWITCHING VALVE LOW" address="859d0" />
  <table name="(P2420) EVAP SWITCHING VALVE HIGH" address="859d1" />
  <table name="(P2431) SECONDARY AIR PUMP CIRCUIT RANGE/PERF" address="859b7" />
  <table name="(P2432) SECONDARY AIR PUMP CIRCUIT LOW" address="859b9" />
  <table name="(P2433) SECONDARY AIR PUMP CIRCUIT HIGH" address="859b8" />
  <table name="(P2440) SECONDARY AIR PUMP VALVE 1 STUCK OPEN" address="859c7" />
  <table name="(P2441) SECONDARY AIR PUMP VALVE 1 STUCK CLOSED" address="859c6" />
  <table name="(P2442) SECONDARY AIR PUMP VALVE 2 STUCK OPEN" address="859c5" />
  <table name="(P2443) SECONDARY AIR PUMP 2 STUCK CLOSED" address="859c4" />
  <table name="(P2444) SECONDARY AIR PUMP 1 STUCK ON B1" address="859b4" />
</rom>