<rom>
  <romid>
    <xmlid>A2WC013E</xmlid>
    <internalidaddress>2000</internalidaddress>
    <internalidstring>A2WC013E</internalidstring>
    <ecuid>3B02594416</ecuid>
    <year>04-07</year>
    <market>JDM</market>
    <make>Subaru</make>
    <model>Forester</model>
    <submodel>STi</submodel>
    <transmission>MT</transmission>
    <memmodel>SH7055</memmodel>
    <flashmethod>sti04</flashmethod>
    <checksummodule>subarudbw</checksummodule>
  </romid>
  <include>A2WC012E</include>
</rom>