<rom>
  <romid>
    <xmlid>E2VG221D</xmlid>
    <internalidaddress>2000</internalidaddress>
    <internalidstring>E2VG221D</internalidstring>
    <ecuid>4212047106</ecuid>
    <year>07</year>
    <market>USDM</market>
    <make>Subaru</make>
    <model>Forester</model>
    <submodel>2.5</submodel>
    <transmission>MT/AT</transmission>
    <memmodel>SH7058</memmodel>
    <flashmethod>sti05</flashmethod>
    <checksummodule>subarudbw</checksummodule>
  </romid>
  <include>32BITBASE</include>
  <table name="Manifold Pressure Sensor Scaling" address="c0280" />
  <table name="Manifold Pressure Sensor Limits (CEL)" address="cf07e" />
  <table name="Manifold Pressure Sensor CEL Delays" address="c3b4b" />
  <table name="Primary Open Loop Fueling A_" address="c9ac8">
    <table name="X" address="c9a4c" />
    <table name="Y" address="c9a78" />
  </table>
  <table name="Primary Open Loop Fueling B_" address="c9c20">
    <table name="X" address="c9ba4" />
    <table name="Y" address="c9bd0" />
  </table>
  <table name="Front Oxygen Sensor Scaling" address="cf5d0">
    <table name="Y" address="cf59c" />
  </table>
  <table name="Front Oxygen Sensor Rich Limit" address="22d1c" />
  <table name="Front Oxygen Sensor Compensation (Atm. Pressure)" address="c1d34">
    <table name="Y" address="c1d24" />
  </table>
  <table name="CL Fueling Target Compensation (Load)(MT)" address="ca1ec">
    <table name="X" address="ca174" elements="11" />
    <table name="Y" address="ca1a0" elements="19" />
  </table>
  <table name="CL Fueling Target Compensation (Load)(AT)" address="c9fd0">
    <table name="X" address="c9f58" elements="11" />
    <table name="Y" address="c9f84" elements="19" />
  </table>
  <table name="CL Fueling Target Compensation (ECT)_" address="c8614">
    <table name="Y" address="c85d4" />
  </table>
  <table name="CL Fueling Target Compensation (ECT) Disable" address="c6bc4" />
  <table name="CL to OL Delay A (Atm. Pressure)" address="c89c0">
    <table name="Y" address="c89a4" />
  </table>
  <table name="CL to OL Delay B (Atm. Pressure)" address="c89ec">
    <table name="Y" address="c89d0" />
  </table>
  <table name="CL to OL Transition with Delay (Accelerator)" address="c76d4">
    <table name="Y" address="c7694" />
  </table>
  <table name="CL to OL Transition with Delay Throttle Hysteresis" address="c6d78" />
  <table name="CL to OL Transition with Delay (Base Pulse Width)" address="c8a3c">
    <table name="Y" address="c89fc" />
  </table>
  <table name="CL to OL Transition with Delay BPW Hysteresis" address="c6d7c" />
  <table name="CL Delay Minimum (ECT)" address="c6d80" />
  <table name="CL Delay Maximum Engine Speed A" address="c6d84" />
  <table name="CL Delay Maximum Engine Speed B" address="c6d90" />
  <table name="CL Delay Engine Speed B Counter Threshold" address="c6950" />
  <table name="CL Delay Maximum (Throttle) A" address="c6d8c" />
  <table name="CL Delay Throttle A Counter Threshold" address="c694e" />
  <table name="CL Delay Maximum (Throttle) B (ECT)" address="c76e4">
    <table name="Y" address="c70b0" />
  </table>
  <table name="Injector Latency_" address="c9f38">
    <table name="X" address="c9f18" />
    <table name="Y" address="c9f2c" />
  </table>
  <table name="Injector Flow Scaling" address="c6aac" />
  <table name="Per Injector Primary Fuel Offset Compensation A" address="c9d84">
    <table name="X" address="c9d48" />
    <table name="Y" address="c9d68" elements="7" />
  </table>
  <table name="Per Injector Primary Fuel Offset Compensation B" address="c9df8">
    <table name="X" address="c9dbc" />
    <table name="Y" address="c9ddc" elements="7" />
  </table>
  <table name="Per Injector Primary Fuel Offset Compensation C" address="c9e6c">
    <table name="X" address="c9e30" />
    <table name="Y" address="c9e50" elements="7" />
  </table>
  <table name="Per Injector Primary Fuel Offset Compensation D" address="c9ee0">
    <table name="X" address="c9ea4" />
    <table name="Y" address="c9ec4" elements="7" />
  </table>
  <table name="Cranking Fuel Injector Pulse Width A (ECT)" address="c7b32">
    <table name="Y" address="c70b0" />
  </table>
  <table name="Cranking Fuel Injector Pulse Width B (ECT)" address="c7b52">
    <table name="Y" address="c70b0" />
  </table>
  <table name="Cranking Fuel Injector Pulse Width C (ECT)" address="c7b72">
    <table name="Y" address="c70b0" />
  </table>
  <table name="Cranking Fuel Injector Pulse Width D (ECT)" address="c7b92">
    <table name="Y" address="c70b0" />
  </table>
  <table name="Cranking Fuel Injector Pulse Width E (ECT)" address="c7bb2">
    <table name="Y" address="c70b0" />
  </table>
  <table name="Cranking Fuel Injector Pulse Width F (ECT)" address="c7bd2">
    <table name="Y" address="c70b0" />
  </table>
  <table name="Cranking Fuel Injector Pulse Width G (ECT)" address="c7bf2">
    <table name="Y" address="c70b0" />
  </table>
  <table name="Cranking Fuel Injector Pulse Width H (ECT)" address="c7c12">
    <table name="Y" address="c70b0" />
  </table>
  <table name="Cranking Fuel Injector Pulse Width I (ECT)" address="c7c32">
    <table name="Y" address="c70b0" />
  </table>
  <table name="Cranking Fuel Injector Pulse Width J (ECT)" address="c7c52">
    <table name="Y" address="c70b0" />
  </table>
  <table name="Cranking Fuel Injector Pulse Width K (ECT)" address="c7c72">
    <table name="Y" address="c70b0" />
  </table>
  <table name="Cranking Fuel Injector Pulse Width L (ECT)" address="c7c92">
    <table name="Y" address="c70b0" />
  </table>
  <table name="Cranking Fuel Injector Pulse Width M (ECT)" address="c7cb2">
    <table name="Y" address="c70b0" />
  </table>
  <table name="Cranking Fuel Injector Pulse Width N (ECT)" address="c7cd2">
    <table name="Y" address="c70b0" />
  </table>
  <table name="Cranking Fuel Injector Pulse Width O (ECT)" address="c7cf2">
    <table name="Y" address="c70b0" />
  </table>
  <table name="Cranking Fuel Injector Pulse Width P (ECT)" address="c7d12">
    <table name="Y" address="c70b0" />
  </table>
  <table name="Cranking Fuel Injector Pulse Width Q (ECT)" address="c7d32">
    <table name="Y" address="c70b0" />
  </table>
  <table name="Cranking Fuel Injector Pulse Width R (ECT)" address="c7d52">
    <table name="Y" address="c70b0" />
  </table>
  <table name="Cranking Fuel IPW Compensation A (RPM)(MT)" address="c96c4">
    <table name="X" address="c9694" />
    <table name="Y" address="c96a8" />
  </table>
  <table name="Cranking Fuel IPW Compensation B (RPM)(MT)" address="c9720">
    <table name="X" address="c96e8" />
    <table name="Y" address="c96fc" elements="9" />
  </table>
  <table name="Cranking Fuel IPW Compensation A (RPM)(AT)" address="c9608">
    <table name="X" address="c95d8" />
    <table name="Y" address="c95ec" />
  </table>
  <table name="Cranking Fuel IPW Compensation B (RPM)(AT)" address="c9664">
    <table name="X" address="c962c" />
    <table name="Y" address="c9640" elements="9" />
  </table>
  <table name="Cranking Fuel IPW Compensation (MAP)" address="c7338">
    <table name="Y" address="c7310" />
  </table>
  <table name="Cranking Fuel IPW Compensation (Accelerator)" address="c735c">
    <table name="Y" address="c7344" />
  </table>
  <table name="Throttle Tip-in Enrichment A" address="c9084">
    <table name="Y" address="c903c" />
  </table>
  <table name="Throttle Tip-in Enrichment B" address="c90f0">
    <table name="Y" address="c90a8" />
  </table>
  <table name="Minimum Tip-in Enrichment Activation" address="c6f60" />
  <table name="Minimum Tip-in Enrichment Activation (Throttle)" address="c6f5c" />
  <table name="Tip-in Enrichment Compensation (RPM)" address="c7904">
    <table name="Y" address="c78e0" />
  </table>
  <table name="Tip-in Enrichment Compensation (MRP)" address="c7934">
    <table name="Y" address="c7910" />
  </table>
  <table name="Tip-in Enrichment Compensation A (ECT)" address="c793d">
    <table name="Y" address="c70b0" />
  </table>
  <table name="Tip-in Enrichment Compensation B (ECT)" address="c9114">
    <table name="Y" address="c70b0" />
  </table>
  <table name="Tip-in Enrichment Compensation C (ECT)" address="c9134">
    <table name="Y" address="c70b0" />
  </table>
  <table name="Tip-in Enrichment Compensation D (ECT)" address="c9154">
    <table name="Y" address="c7148" />
  </table>
  <table name="Tip-in Enrichment Compensation D (ECT) Activation" address="c6f64" />
  <table name="Tip-in Enrichment Disable Applied Counter Threshold A (ECT)" address="c794d">
    <table name="Y" address="c70b0" />
  </table>
  <table name="Tip-in Enrichment Disable Applied Counter Threshold B (ECT)" address="c795d">
    <table name="Y" address="c70b0" />
  </table>
  <table name="Tip-in Enrichment Applied Counter Reset" address="c68f5" />
  <table name="Tip-in Enrichment Disable Throttle Cumulative Threshold A (ECT)" address="c9174">
    <table name="Y" address="c70b0" />
  </table>
  <table name="Tip-in Enrichment Disable Throttle Cumulative Threshold B (ECT)" address="c9194">
    <table name="Y" address="c70b0" />
  </table>
  <table name="Tip-in Throttle Cumulative Reset" address="c68f6" />
  <table name="A/F Learning #1 Limits" address="c6c78" />
  <table name="A/F Learning #1 Airflow Ranges" address="c6c84" />
  <table name="MAF Sensor Scaling" address="cf4ac">
    <table name="Y" address="cf3ec" elements="48" />
  </table>
  <table name="MAF Compensation A (IAT)" address="c2a20">
    <table name="X" address="c29ec" />
    <table name="Y" address="c2a00" />
  </table>
  <table name="MAF Compensation B (IAT)" address="c2a7c">
    <table name="X" address="c2a48" />
    <table name="Y" address="c2a5c" />
  </table>
  <table name="Engine Load Limit (Maximum)" address="207a0" />
  <table name="Engine Load Compensation A (MP)" address="c26c8">
    <table name="X" address="c266c" />
    <table name="Y" address="c2698" />
  </table>
  <table name="Engine Load Compensation B (MP)" address="c27a8">
    <table name="X" address="c274c" />
    <table name="Y" address="c2778" />
  </table>
  <table name="Engine Load Compensation A (Throttle)" address="c2888">
    <table name="X" address="c282c" />
    <table name="Y" address="c2858" />
  </table>
  <table name="Engine Load Compensation B (Throttle)" address="c2968">
    <table name="X" address="c290c" />
    <table name="Y" address="c2938" />
  </table>
  <table name="Base Timing A" address="cc434">
    <table name="X" address="cb43c" elements="14" />
    <table name="Y" address="cb474" elements="19" />
  </table>
  <table name="Base Timing B" address="cc53e">
    <table name="X" address="cb43c" elements="14" />
    <table name="Y" address="cb474" elements="19" />
  </table>
  <table name="Base Timing C" address="cc648">
    <table name="X" address="cb43c" elements="14" />
    <table name="Y" address="cb474" elements="19" />
  </table>
  <table name="Base Timing D" address="cc752">
    <table name="X" address="cb43c" elements="14" />
    <table name="Y" address="cb474" elements="19" />
  </table>
  <table name="Base Timing E" address="cc85c">
    <table name="X" address="cb43c" elements="14" />
    <table name="Y" address="cb474" elements="19" />
  </table>
  <table name="Base Timing F" address="cc966">
    <table name="X" address="cb43c" elements="14" />
    <table name="Y" address="cb474" elements="19" />
  </table>
  <table name="Base Timing Idle A (In-Gear)(Above Speed Threshold)(MT)" address="cb6e2">
    <table name="Y" address="cb418" />
  </table>
  <table name="Base Timing Idle A (In-Gear)(Above Speed Threshold)(AT)" address="cb6d9">
    <table name="Y" address="cb418" />
  </table>
  <table name="Base Timing Idle B (In-Gear)(Above Speed Threshold)(MT)" address="cb6f4">
    <table name="Y" address="cb418" />
  </table>
  <table name="Base Timing Idle B (In-Gear)(Above Speed Threshold)(AT)" address="cb6eb">
    <table name="Y" address="cb418" />
  </table>
  <table name="Base Timing Idle A (In-Gear)(Below Speed Threshold)(MT)" address="cb706">
    <table name="Y" address="cb418" />
  </table>
  <table name="Base Timing Idle A (In-Gear)(Below Speed Threshold)(AT)" address="cb6fd">
    <table name="Y" address="cb418" />
  </table>
  <table name="Base Timing Idle B (In-Gear)(Below Speed Threshold)(MT)" address="cb718">
    <table name="Y" address="cb418" />
  </table>
  <table name="Base Timing Idle B (In-Gear)(Below Speed Threshold)(AT)" address="cb70f">
    <table name="Y" address="cb418" />
  </table>
  <table name="Base Timing Idle A (Neutral)(MT)" address="cb778">
    <table name="Y" address="cb754" />
  </table>
  <table name="Base Timing Idle A (Neutral)(AT)" address="cb748">
    <table name="Y" address="cb724" />
  </table>
  <table name="Base Timing Idle B (Neutral)(MT)" address="cb7d8">
    <table name="Y" address="cb7b4" />
  </table>
  <table name="Base Timing Idle B (Neutral)(AT)" address="cb7a8">
    <table name="Y" address="cb784" />
  </table>
  <table name="Base Timing Idle Vehicle Speed Threshold" address="cb130" />
  <table name="Knock Correction Advance Max A" address="ccdc0">
    <table name="X" address="ccd3c" elements="14" />
    <table name="Y" address="ccd74" elements="19" />
  </table>
  <table name="Knock Correction Advance Max B" address="ccf50">
    <table name="X" address="ccecc" elements="14" />
    <table name="Y" address="ccf04" elements="19" />
  </table>
  <table name="Timing Compensation (IAT)" address="cb904">
    <table name="Y" address="cb8c4" />
  </table>
  <table name="Timing Comp Min Load (IAT)" address="cb188" />
  <table name="Timing Compensation A (ECT)" address="cb881">
    <table name="Y" address="cb4e0" />
  </table>
  <table name="Timing Compensation B (ECT)" address="cb891">
    <table name="Y" address="cb4e0" />
  </table>
  <table name="Timing Compensation C (ECT)" address="cb8a1">
    <table name="Y" address="cb4e0" />
  </table>
  <table name="Timing Compensation D (ECT)" address="cb8b1">
    <table name="Y" address="cb4e0" />
  </table>
  <table name="Timing Compensation Per Cylinder A__" address="cbf14">
    <table name="Y" address="cbed8" elements="15" />
  </table>
  <table name="Timing Compensation Per Cylinder B__" address="cbf60">
    <table name="Y" address="cbf24" elements="15" />
  </table>
  <table name="Timing Compensation Per Cylinder C__" address="cbfac">
    <table name="Y" address="cbf70" elements="15" />
  </table>
  <table name="Timing Compensation Per Cylinder D__" address="cbff8">
    <table name="Y" address="cbfbc" elements="15" />
  </table>
  <table name="Timing Comp Minimum Load (Per Cylinder)" address="cb31c" />
  <table name="Timing Comp Maximum RPM (Per Cylinder)" address="cb318" />
  <table name="Timing Comp Minimum Coolant Temp (Per Cylinder)" address="cb320" />
  <table name="Feedback Correction Range (RPM)" address="cb33c" />
  <table name="Feedback Correction Minimum Load_" address="cc0cc">
    <table name="Y" address="cc0bc" />
  </table>
  <table name="Feedback Correction Retard Value_" address="cc398">
    <table name="Y" address="cc364" />
  </table>
  <table name="Feedback Correction Retard Limit" address="cb328" />
  <table name="Feedback Correction Negative Advance Value" address="cb32c" />
  <table name="Feedback Correction Negative Advance Delay_" address="cc108">
    <table name="Y" address="cc0d4" />
  </table>
  <table name="Fine Correction Range (RPM)" address="cb3b0" />
  <table name="Fine Correction Range (Load)" address="cb3c0" />
  <table name="Fine Correction Rows (RPM)_" address="cb3ec" />
  <table name="Fine Correction Columns (Load)_" address="cb3d0" />
  <table name="Fine Correction Retard Value_" address="cc400">
    <table name="Y" address="cc3cc" />
  </table>
  <table name="Fine Correction Retard Limit" address="cb3a8" />
  <table name="Fine Correction Advance Value" address="cb3ac" />
  <table name="Fine Correction Advance Limit" address="cb3a4" />
  <table name="Fine Correction Advance Delay" address="cb012" />
  <table name="Rough Correction Range (RPM)" address="cb35c" />
  <table name="Rough Correction Range (Load)" address="cb36c" />
  <table name="Rough Correction Minimum KC Advance Map Value" address="cb37c" />
  <table name="Rough Correction Learning Delay (Increasing)" address="cc030">
    <table name="Y" address="cc008" />
  </table>
  <table name="Advance Multiplier (Initial)" address="cb358" />
  <table name="Advance Multiplier Step Value" address="cb380" />
  <table name="Requested Torque A (Accelerator Pedal)" address="de2b4">
    <table name="X" address="de218" elements="17" />
    <table name="Y" address="de25c" elements="22" />
  </table>
  <table name="Requested Torque B (Accelerator Pedal)" address="de63c">
    <table name="X" address="de5a0" elements="17" />
    <table name="Y" address="de5e4" elements="22" />
  </table>
  <table name="Requested Torque C (Accelerator Pedal)" address="de9c4">
    <table name="X" address="de928" elements="17" />
    <table name="Y" address="de96c" elements="22" />
  </table>
  <table name="Target Throttle Plate Position A (Requested Torque)" address="dbe50">
    <table name="X" address="dbd90" elements="26" />
    <table name="Y" address="dbdf8" elements="22" />
  </table>
  <table name="Target Throttle Plate Position B (Requested Torque)" address="dc388">
    <table name="X" address="dc2c8" elements="26" />
    <table name="Y" address="dc330" elements="22" />
  </table>
  <table name="Target Throttle Plate Position C (Requested Torque)" address="dc8c0">
    <table name="X" address="dc800" elements="26" />
    <table name="Y" address="dc868" elements="22" />
  </table>
  <table name="Target Throttle Plate Position D (Requested Torque)" address="dcdf8">
    <table name="X" address="dcd38" elements="26" />
    <table name="Y" address="dcda0" elements="22" />
  </table>
  <table name="Target Throttle Plate Position E (Requested Torque)" address="dd330">
    <table name="X" address="dd270" elements="26" />
    <table name="Y" address="dd2d8" elements="22" />
  </table>
  <table name="Target Throttle Plate Position F (Requested Torque)" address="dd868">
    <table name="X" address="dd7a8" elements="26" />
    <table name="Y" address="dd810" elements="22" />
  </table>
  <table name="Target Throttle Plate Position G (Requested Torque)" address="ddda0">
    <table name="X" address="ddce0" elements="26" />
    <table name="Y" address="ddd48" elements="22" />
  </table>
  <table name="Rev Limit (Fuel Cut)" address="c6fe8" />
  <table name="Speed Limiting (Fuel Cut)" address="c7030" />
  <table name="Speed Limiting (Throttle)" address="db840" />
  <table name="Intake Temp Sensor Scaling" address="8fbf4">
    <table name="Y" address="8fb7c" />
  </table>
  <table name="Coolant Temp Sensor Scaling" address="8fb0c">
    <table name="Y" address="8fa9c" />
  </table>
  <table name="Radiator Fan Modes A (ECT)" address="cfb90" />
  <table name="Radiator Fan Modes B (ECT)" address="cfba0" />
  <table name="Radiator Fan Modes (Veh. Speed)" address="cfbb0" />
  <table name="Atmospheric Pressure Sensor Scaling_" address="c0248" />
  <table name="Idle Speed Target A (MT)" address="cdb28">
    <table name="Y" address="cd584" />
  </table>
  <table name="Idle Speed Target B (MT)" address="cdb68">
    <table name="Y" address="cd584" />
  </table>
  <table name="Idle Speed Target C (MT)" address="cdba8">
    <table name="Y" address="cd584" />
  </table>
  <table name="Idle Speed Target D (MT)" address="cdbe8">
    <table name="Y" address="cd584" />
  </table>
  <table name="Idle Speed Target E (MT)" address="cdc28">
    <table name="Y" address="cd584" />
  </table>
  <table name="Idle Speed Target F (MT)" address="cdc68">
    <table name="Y" address="cd584" />
  </table>
  <table name="Idle Speed Target A (AT)" address="cdb48">
    <table name="Y" address="cd584" />
  </table>
  <table name="Idle Speed Target B (AT)" address="cdb88">
    <table name="Y" address="cd584" />
  </table>
  <table name="Idle Speed Target C (AT)" address="cdbc8">
    <table name="Y" address="cd584" />
  </table>
  <table name="Idle Speed Target D (AT)" address="cdc08">
    <table name="Y" address="cd584" />
  </table>
  <table name="Idle Speed Target E (AT)" address="cdc48">
    <table name="Y" address="cd584" />
  </table>
  <table name="Idle Speed Target F (AT)" address="cdc88">
    <table name="Y" address="cd584" />
  </table>
  <table name="Force Pass Readiness Monitors" address="79d46" />
  <table name="(P0000) PASS CODE (NO DTC DETECTED)" address="8902a" />
  <table name="(P0000) PASS CODE (NO DTC DETECTED)_" address="8902b" />
  <table name="(P0026) OSV SOLENOID VALVE CIRCUIT RANGE/PERF B1" address="8906d" />
  <table name="(P0028) OSV SOLENOID VALVE CIRCUIT RANGE/PERF B2" address="8906a" />
  <table name="(P0030) FRONT O2 SENSOR RANGE/PERF" address="8904c" />
  <table name="(P0031) FRONT O2 SENSOR LOW INPUT" address="89039" />
  <table name="(P0032) FRONT O2 SENSOR HIGH INPUT" address="89037" />
  <table name="(P0037) REAR O2 SENSOR LOW INPUT" address="89038" />
  <table name="(P0038) REAR O2 SENSOR HIGH INPUT" address="89036" />
  <table name="(P0068) MAP SENSOR RANGE/PERF" address="89046" />
  <table name="(P0076) INTAKE VALVE CIRCUIT LOW (BANK 1)" address="8906f" />
  <table name="(P0077) INTAKE VALVE CONTROL HIGH (BANK 1)" address="8906e" />
  <table name="(P0082) INTAKE VALVE CONTROL LOW (BANK 2)" address="8906c" />
  <table name="(P0083) INTAKE VALVE CONTROL HIGH (BANK 2)" address="8906b" />
  <table name="(P0101) MAF SENSOR RANGE/PERF" address="89048" />
  <table name="(P0102) MAF SENSOR LOW INPUT" address="88fed" />
  <table name="(P0103) MAF SENSOR HIGH INPUT" address="88fee" />
  <table name="(P0107) MAP SENSOR LOW INPUT" address="8903a" />
  <table name="(P0108) MAP SENSOR HIGH INPUT" address="8903b" />
  <table name="(P0111) IAT SENSOR RANGE/PERF" address="89035" />
  <table name="(P0112) IAT SENSOR LOW INPUT" address="89033" />
  <table name="(P0113) IAT SENSOR HIGH INPUT" address="89034" />
  <table name="(P0117) COOLANT TEMP SENSOR LOW INPUT" address="88ff4" />
  <table name="(P0118) COOLANT TEMP SENSOR HIGH INPUT" address="88ff5" />
  <table name="(P0122) TPS A LOW INPUT" address="88ff2" />
  <table name="(P0123) TPS A HIGH INPUT" address="88ff3" />
  <table name="(P0125) INSUFFICIENT COOLANT TEMP (FUELING)" address="88ff7" />
  <table name="(P0126) INSUFFICIENT COOLANT TEMP (OPERATION)" address="89079" />
  <table name="(P0128) THERMOSTAT MALFUNCTION" address="89040" />
  <table name="(P0131) FRONT O2 SENSOR LOW INPUT" address="8902d" />
  <table name="(P0132) FRONT O2 SENSOR HIGH INPUT" address="8902f" />
  <table name="(P0133) FRONT O2 SENSOR SLOW RESPONSE" address="89019" />
  <table name="(P0134) FRONT O2 SENSOR NO ACTIVITY" address="8904a" />
  <table name="(P0137) REAR O2 SENSOR LOW VOLTAGE" address="8902c" />
  <table name="(P0138) REAR O2 SENSOR HIGH VOLTAGE" address="89031" />
  <table name="(P0139) REAR O2 SENSOR SLOW RESPONSE" address="8901a" />
  <table name="(P0140) REAR O2 SENSOR NO ACTIVITY" address="89084" />
  <table name="(P0171) SYSTEM TOO LEAN" address="89023" />
  <table name="(P0172) SYSTEM TOO RICH" address="89024" />
  <table name="(P0181) FUEL TEMP SENSOR A RANGE/PERF" address="89003" />
  <table name="(P0182) FUEL TEMP SENSOR A LOW INPUT" address="89001" />
  <table name="(P0183) FUEL TEMP SENSOR A HIGH INPUT" address="89002" />
  <table name="(P0196) OIL TEMP SENSOR RANGE/PERF" address="89070" />
  <table name="(P0197) OIL TEMP SENSOR LOW" address="89066" />
  <table name="(P0198) OIL TEMP SENSOR HIGH" address="89071" />
  <table name="(P0222) TPS B LOW INPUT" address="89054" />
  <table name="(P0223) TPS B HIGH INPUT" address="89055" />
  <table name="(P0301) MISFIRE CYLINDER 1" address="89025" />
  <table name="(P0302) MISFIRE CYLINDER 2" address="89026" />
  <table name="(P0303) MISFIRE CYLINDER 3" address="89027" />
  <table name="(P0304) MISFIRE CYLINDER 4" address="89028" />
  <table name="(P0327) KNOCK SENSOR 1 LOW INPUT" address="88ff0" />
  <table name="(P0328) KNOCK SENSOR 1 HIGH INPUT" address="88ff1" />
  <table name="(P0335) CRANKSHAFT POS. SENSOR A MALFUNCTION" address="88fe8" />
  <table name="(P0336) CRANKSHAFT POS. SENSOR A RANGE/PERF" address="88fe9" />
  <table name="(P0340) CAMSHAFT POS. SENSOR A MALFUNCTION" address="88feb" />
  <table name="(P0341) CAMSHAFT POS. SENSOR A RANGE/PERF" address="88fea" />
  <table name="(P0400) EGR FLOW" address="89022" />
  <table name="(P0420) CAT EFFICIENCY BELOW THRESHOLD" address="8901f" />
  <table name="(P0442) EVAP LEAK DETECTED (SMALL)" address="89020" />
  <table name="(P0447) EVAP VENT CONTROL CIRCUIT OPEN" address="89017" />
  <table name="(P0448) EVAP VENT CONTROL CIRCUIT SHORTED" address="89018" />
  <table name="(P0451) EVAP PRESSURE SENSOR RANGE/PERF" address="88fff" />
  <table name="(P0452) EVAP PRESSURE SENSOR LOW INPUT" address="88ffd" />
  <table name="(P0453) EVAP PRESSURE SENSOR HIGH INPUT" address="88ffe" />
  <table name="(P0456) EVAP LEAK DETECTED (VERY SMALL)" address="89021" />
  <table name="(P0457) EVAP LEAK DETECTED (FUEL CAP)" address="89029" />
  <table name="(P0458) EVAP PURGE VALVE CIRCUIT LOW" address="89014" />
  <table name="(P0459) EVAP PURGE VALVE CIRCUIT HIGH" address="89015" />
  <table name="(P0461) FUEL LEVEL SENSOR RANGE/PERF" address="88ffa" />
  <table name="(P0462) FUEL LEVEL SENSOR LOW INPUT" address="88ff8" />
  <table name="(P0463) FUEL LEVEL SENSOR HIGH INPUT" address="88ff9" />
  <table name="(P0464) FUEL LEVEL SENSOR INTERMITTENT" address="88ff6" />
  <table name="(P0483) RADIATOR FAN RATIONALITY CHECK" address="89011" />
  <table name="(P0502) VEHICLE SPEED SENSOR LOW INPUT" address="89045" />
  <table name="(P0503) VEHICLE SPEED SENSOR INTERMITTENT" address="8904d" />
  <table name="(P0506) IDLE CONTROL RPM LOWER THAN EXPECTED" address="8900d" />
  <table name="(P0507) IDLE CONTROL RPM HIGH THAN EXPECTED" address="8900e" />
  <table name="(P0512) STARTER REQUEST CIRCUIT" address="88ffc" />
  <table name="(P0519) IDLE CONTROL MALFUNCTION (FAIL-SAFE)" address="89047" />
  <table name="(P0600) SERIAL COMMUNICATION LINK" address="89064" />
  <table name="(P0602) CONTROL MODULE PROG. ERROR" address="89086" />
  <table name="(P0604) CONTROL MODULE RAM ERROR" address="88fec" />
  <table name="(P0605) CONTROL MODULE ROM ERROR" address="89065" />
  <table name="(P0607) CONTROL MODULE PERFORMANCE" address="8905c" />
  <table name="(P0638) THROTTLE ACTUATOR RANGE/PERF" address="8905b" />
  <table name="(P0691) RADIATOR FAN CIRCUIT LOW" address="8900f" />
  <table name="(P0692) RADIATOR FAN CIRCUIT HIGH" address="89010" />
  <table name="(P0700) TRANSMISSION CONTROL SYSTEM" address="89069" />
  <table name="(P0851) NEUTRAL SWITCH INPUT LOW" address="89000" />
  <table name="(P0852) NEUTRAL SWITCH INPUT HIGH" address="89004" />
  <table name="(P1152) FRONT O2 SENSOR RANGE/PERF LOW B1 S1" address="8901b" />
  <table name="(P1153) FRONT O2 SENSOR RANGE/PERF HIGH B1 S1" address="8901c" />
  <table name="(P1160) ABNORMAL RETURN SPRING" address="89056" />
  <table name="(P1400) FUEL TANK PRESSURE SOL. LOW" address="89012" />
  <table name="(P1420) FUEL TANK PRESSURE SOL. HIGH INPUT" address="89013" />
  <table name="(P1443) VENT CONTROL SOLENOID FUNCTION PROBLEM" address="89016" />
  <table name="(P1491) PCV (BLOWBY) FUNCTION PROBLEM" address="89041" />
  <table name="(P1492) EGR SOLENOID SIGNAL 1 MALFUNCTION (LOW)" address="89005" />
  <table name="(P1493) EGR SOLENOID SIGNAL 1 MALFUNCTION (HIGH)" address="89006" />
  <table name="(P1494) EGR SOLENOID SIGNAL 2 MALFUNCTION (LOW)" address="89007" />
  <table name="(P1495) EGR SOLENOID SIGNAL 2 MALFUNCTION (HIGH)" address="89008" />
  <table name="(P1496) EGR SIGNAL 3 CIRCUIT LOW" address="89009" />
  <table name="(P1497) EGR SOLENOID SIGNAL 3 MALFUNCTION (HIGH)" address="8900a" />
  <table name="(P1498) EGR SIGNAL 4 CIRCUIT LOW" address="8900b" />
  <table name="(P1499) EGR SIGNAL 4 CIRCUIT HIGH" address="8900c" />
  <table name="(P1518) STARTER SWITCH LOW INPUT" address="88ffb" />
  <table name="(P1560) BACK-UP VOLTAGE MALFUNCTION" address="89042" />
  <table name="(P2096) POST CATALYST TOO LEAN B1" address="8905a" />
  <table name="(P2097) POST CATALYST TOO RICH B1" address="89063" />
  <table name="(P2101) THROTTLE ACTUATOR CIRCUIT RANGE/PERF" address="89059" />
  <table name="(P2102) THROTTLE ACTUATOR CIRCUIT LOW" address="89057" />
  <table name="(P2103) THROTTLE ACTUATOR CIRCUIT HIGH" address="89058" />
  <table name="(P2109) TPS A MINIMUM STOP PERF" address="89053" />
  <table name="(P2122) TPS D CIRCUIT LOW INPUT" address="89060" />
  <table name="(P2123) TPS D CIRCUIT HIGH INPUT" address="89061" />
  <table name="(P2127) TPS E CIRCUIT LOW INPUT" address="8905e" />
  <table name="(P2128) TPS E CIRCUIT HIGH INPUT" address="8905f" />
  <table name="(P2135) TPS A/B VOLTAGE" address="89062" />
  <table name="(P2138) TPS D/E VOLTAGE" address="8905d" />
  <table name="(P2227) BARO. PRESSURE CIRCUIT RANGE/PERF" address="89078" />
  <table name="(P2228) BARO. PRESSURE CIRCUIT LOW INPUT" address="8907b" />
  <table name="(P2229) BARO. PRESSURE CIRCUIT HIGH INPUT" address="8907a" />
</rom>