<rom>
  <romid>
    <xmlid>E2VG222B</xmlid>
    <internalidaddress>2000</internalidaddress>
    <internalidstring>E2VG222B</internalidstring>
    <ecuid>4512187106</ecuid>
    <year>06</year>
    <market>USDM</market>
    <make>Subaru</make>
    <model>Outback</model>
    <submodel>2.5i</submodel>
    <transmission>MT/AT</transmission>
    <memmodel>SH7058</memmodel>
    <flashmethod>sti05</flashmethod>
    <checksummodule>subarudbw</checksummodule>
  </romid>
  <include>32BITBASE</include>
  <table name="Manifold Pressure Sensor Scaling" address="c0288" />
  <table name="Manifold Pressure Sensor Limits (CEL)" address="cfaee" />
  <table name="Manifold Pressure Sensor CEL Delays" address="c4647" />
  <table name="Primary Open Loop Fueling A_" address="ca47c">
    <table name="X" address="ca400" />
    <table name="Y" address="ca42c" />
  </table>
  <table name="Primary Open Loop Fueling B_" address="ca5d4">
    <table name="X" address="ca558" />
    <table name="Y" address="ca584" />
  </table>
  <table name="Front Oxygen Sensor Scaling" address="d0040">
    <table name="Y" address="d000c" />
  </table>
  <table name="Front Oxygen Sensor Rich Limit" address="24178" />
  <table name="Front Oxygen Sensor Compensation (Atm. Pressure)" address="c287c">
    <table name="Y" address="c286c" />
  </table>
  <table name="CL Fueling Target Compensation (Load)(MT)" address="cab60">
    <table name="X" address="caae8" elements="11" />
    <table name="Y" address="cab14" elements="19" />
  </table>
  <table name="CL Fueling Target Compensation (Load)(AT)" address="ca944">
    <table name="X" address="ca8cc" elements="11" />
    <table name="Y" address="ca8f8" elements="19" />
  </table>
  <table name="CL Fueling Target Compensation (ECT)_" address="c8f80">
    <table name="Y" address="c8f40" />
  </table>
  <table name="CL Fueling Target Compensation (ECT) Disable" address="c76a0" />
  <table name="CL to OL Delay A (Atm. Pressure)" address="c932c">
    <table name="Y" address="c9310" />
  </table>
  <table name="CL to OL Delay B (Atm. Pressure)" address="c9358">
    <table name="Y" address="c933c" />
  </table>
  <table name="CL to OL Transition with Delay (Accelerator)" address="c80cc">
    <table name="Y" address="c808c" />
  </table>
  <table name="CL to OL Transition with Delay Throttle Hysteresis" address="c7854" />
  <table name="CL to OL Transition with Delay (Base Pulse Width)" address="c93a8">
    <table name="Y" address="c9368" />
  </table>
  <table name="CL to OL Transition with Delay BPW Hysteresis" address="c7858" />
  <table name="CL Delay Minimum (ECT)" address="c785c" />
  <table name="CL Delay Maximum Engine Speed A" address="c7860" />
  <table name="CL Delay Maximum Engine Speed B" address="c786c" />
  <table name="CL Delay Engine Speed B Counter Threshold" address="c7438" />
  <table name="CL Delay Maximum (Throttle) A" address="c7868" />
  <table name="CL Delay Throttle A Counter Threshold" address="c7436" />
  <table name="CL Delay Maximum (Throttle) B (ECT)" address="c80dc">
    <table name="Y" address="c7b9c" />
  </table>
  <table name="Injector Latency_" address="cad24">
    <table name="X" address="cad04" />
    <table name="Y" address="cad18" />
  </table>
  <table name="Injector Flow Scaling" address="c7588" />
  <table name="Per Injector Primary Fuel Offset Compensation A" address="ca738">
    <table name="X" address="ca6fc" />
    <table name="Y" address="ca71c" elements="7" />
  </table>
  <table name="Per Injector Primary Fuel Offset Compensation B" address="ca7ac">
    <table name="X" address="ca770" />
    <table name="Y" address="ca790" elements="7" />
  </table>
  <table name="Per Injector Primary Fuel Offset Compensation C" address="ca820">
    <table name="X" address="ca7e4" />
    <table name="Y" address="ca804" elements="7" />
  </table>
  <table name="Per Injector Primary Fuel Offset Compensation D" address="ca894">
    <table name="X" address="ca858" />
    <table name="Y" address="ca878" elements="7" />
  </table>
  <table name="Cranking Fuel Injector Pulse Width A (ECT)" address="c849e">
    <table name="Y" address="c7b9c" />
  </table>
  <table name="Cranking Fuel Injector Pulse Width B (ECT)" address="c84be">
    <table name="Y" address="c7b9c" />
  </table>
  <table name="Cranking Fuel Injector Pulse Width C (ECT)" address="c84de">
    <table name="Y" address="c7b9c" />
  </table>
  <table name="Cranking Fuel Injector Pulse Width D (ECT)" address="c84fe">
    <table name="Y" address="c7b9c" />
  </table>
  <table name="Cranking Fuel Injector Pulse Width E (ECT)" address="c851e">
    <table name="Y" address="c7b9c" />
  </table>
  <table name="Cranking Fuel Injector Pulse Width F (ECT)" address="c853e">
    <table name="Y" address="c7b9c" />
  </table>
  <table name="Cranking Fuel Injector Pulse Width G (ECT)" address="c855e">
    <table name="Y" address="c7b9c" />
  </table>
  <table name="Cranking Fuel Injector Pulse Width H (ECT)" address="c857e">
    <table name="Y" address="c7b9c" />
  </table>
  <table name="Cranking Fuel Injector Pulse Width I (ECT)" address="c859e">
    <table name="Y" address="c7b9c" />
  </table>
  <table name="Cranking Fuel Injector Pulse Width J (ECT)" address="c85be">
    <table name="Y" address="c7b9c" />
  </table>
  <table name="Cranking Fuel Injector Pulse Width K (ECT)" address="c85de">
    <table name="Y" address="c7b9c" />
  </table>
  <table name="Cranking Fuel Injector Pulse Width L (ECT)" address="c85fe">
    <table name="Y" address="c7b9c" />
  </table>
  <table name="Cranking Fuel Injector Pulse Width M (ECT)" address="c861e">
    <table name="Y" address="c7b9c" />
  </table>
  <table name="Cranking Fuel Injector Pulse Width N (ECT)" address="c863e">
    <table name="Y" address="c7b9c" />
  </table>
  <table name="Cranking Fuel Injector Pulse Width O (ECT)" address="c865e">
    <table name="Y" address="c7b9c" />
  </table>
  <table name="Cranking Fuel Injector Pulse Width P (ECT)" address="c867e">
    <table name="Y" address="c7b9c" />
  </table>
  <table name="Cranking Fuel Injector Pulse Width Q (ECT)" address="c869e">
    <table name="Y" address="c7b9c" />
  </table>
  <table name="Cranking Fuel Injector Pulse Width R (ECT)" address="c86be">
    <table name="Y" address="c7b9c" />
  </table>
  <table name="Cranking Fuel IPW Compensation A (RPM)(MT)" address="ca078">
    <table name="X" address="ca048" />
    <table name="Y" address="ca05c" />
  </table>
  <table name="Cranking Fuel IPW Compensation B (RPM)(MT)" address="ca0d4">
    <table name="X" address="ca09c" />
    <table name="Y" address="ca0b0" elements="9" />
  </table>
  <table name="Cranking Fuel IPW Compensation A (RPM)(AT)" address="c9fbc">
    <table name="X" address="c9f8c" />
    <table name="Y" address="c9fa0" />
  </table>
  <table name="Cranking Fuel IPW Compensation B (RPM)(AT)" address="ca018">
    <table name="X" address="c9fe0" />
    <table name="Y" address="c9ff4" elements="9" />
  </table>
  <table name="Cranking Fuel IPW Compensation (MAP)" address="c7d30">
    <table name="Y" address="c7d08" />
  </table>
  <table name="Cranking Fuel IPW Compensation (Accelerator)" address="c7d54">
    <table name="Y" address="c7d3c" />
  </table>
  <table name="Throttle Tip-in Enrichment A" address="c98b8">
    <table name="Y" address="c9870" />
  </table>
  <table name="Throttle Tip-in Enrichment B" address="c9924">
    <table name="Y" address="c98dc" />
  </table>
  <table name="Minimum Tip-in Enrichment Activation" address="c7a3c" />
  <table name="Minimum Tip-in Enrichment Activation (Throttle)" address="c7a38" />
  <table name="Tip-in Enrichment Compensation (RPM)" address="c82fc">
    <table name="Y" address="c82d8" />
  </table>
  <table name="Tip-in Enrichment Compensation (MRP)" address="c832c">
    <table name="Y" address="c8308" />
  </table>
  <table name="Tip-in Enrichment Compensation A (ECT)" address="c8335">
    <table name="Y" address="c7b9c" />
  </table>
  <table name="Tip-in Enrichment Compensation B (ECT)" address="c9948">
    <table name="Y" address="c7b9c" />
  </table>
  <table name="Tip-in Enrichment Compensation C (ECT)" address="c9968">
    <table name="Y" address="c7b9c" />
  </table>
  <table name="Tip-in Enrichment Compensation D (ECT)" address="c9988">
    <table name="Y" address="c7c34" />
  </table>
  <table name="Tip-in Enrichment Compensation D (ECT) Activation" address="c7a40" />
  <table name="Tip-in Enrichment Disable Applied Counter Threshold A (ECT)" address="c8345">
    <table name="Y" address="c7b9c" />
  </table>
  <table name="Tip-in Enrichment Disable Applied Counter Threshold B (ECT)" address="c8355">
    <table name="Y" address="c7b9c" />
  </table>
  <table name="Tip-in Enrichment Applied Counter Reset" address="c73e0" />
  <table name="Tip-in Enrichment Disable Throttle Cumulative Threshold A (ECT)" address="c99a8">
    <table name="Y" address="c7b9c" />
  </table>
  <table name="Tip-in Enrichment Disable Throttle Cumulative Threshold B (ECT)" address="c99c8">
    <table name="Y" address="c7b9c" />
  </table>
  <table name="Tip-in Throttle Cumulative Reset" address="c73e1" />
  <table name="A/F Learning #1 Limits" address="c7754" />
  <table name="A/F Learning #1 Airflow Ranges" address="c7760" />
  <table name="MAF Sensor Scaling" address="cff1c">
    <table name="Y" address="cfe5c" elements="48" />
  </table>
  <table name="MAF Compensation A (IAT)" address="c351c">
    <table name="X" address="c34e8" />
    <table name="Y" address="c34fc" />
  </table>
  <table name="MAF Compensation B (IAT)" address="c3578">
    <table name="X" address="c3544" />
    <table name="Y" address="c3558" />
  </table>
  <table name="Engine Load Limit (Maximum)" address="21bfc" />
  <table name="Engine Load Compensation A (MP)" address="c31c4">
    <table name="X" address="c3168" />
    <table name="Y" address="c3194" />
  </table>
  <table name="Engine Load Compensation B (MP)" address="c32a4">
    <table name="X" address="c3248" />
    <table name="Y" address="c3274" />
  </table>
  <table name="Engine Load Compensation A (Throttle)" address="c3384">
    <table name="X" address="c3328" />
    <table name="Y" address="c3354" />
  </table>
  <table name="Engine Load Compensation B (Throttle)" address="c3464">
    <table name="X" address="c3408" />
    <table name="Y" address="c3434" />
  </table>
  <table name="Base Timing A" address="ccde8">
    <table name="X" address="cbdf0" elements="14" />
    <table name="Y" address="cbe28" elements="19" />
  </table>
  <table name="Base Timing B" address="ccef2">
    <table name="X" address="cbdf0" elements="14" />
    <table name="Y" address="cbe28" elements="19" />
  </table>
  <table name="Base Timing C" address="ccffc">
    <table name="X" address="cbdf0" elements="14" />
    <table name="Y" address="cbe28" elements="19" />
  </table>
  <table name="Base Timing D" address="cd106">
    <table name="X" address="cbdf0" elements="14" />
    <table name="Y" address="cbe28" elements="19" />
  </table>
  <table name="Base Timing E" address="cd210">
    <table name="X" address="cbdf0" elements="14" />
    <table name="Y" address="cbe28" elements="19" />
  </table>
  <table name="Base Timing F" address="cd31a">
    <table name="X" address="cbdf0" elements="14" />
    <table name="Y" address="cbe28" elements="19" />
  </table>
  <table name="Base Timing Idle A (In-Gear)(Above Speed Threshold)(MT)" address="cc096">
    <table name="Y" address="cbdcc" />
  </table>
  <table name="Base Timing Idle A (In-Gear)(Above Speed Threshold)(AT)" address="cc08d">
    <table name="Y" address="cbdcc" />
  </table>
  <table name="Base Timing Idle B (In-Gear)(Above Speed Threshold)(MT)" address="cc0a8">
    <table name="Y" address="cbdcc" />
  </table>
  <table name="Base Timing Idle B (In-Gear)(Above Speed Threshold)(AT)" address="cc09f">
    <table name="Y" address="cbdcc" />
  </table>
  <table name="Base Timing Idle A (In-Gear)(Below Speed Threshold)(MT)" address="cc0ba">
    <table name="Y" address="cbdcc" />
  </table>
  <table name="Base Timing Idle A (In-Gear)(Below Speed Threshold)(AT)" address="cc0b1">
    <table name="Y" address="cbdcc" />
  </table>
  <table name="Base Timing Idle B (In-Gear)(Below Speed Threshold)(MT)" address="cc0cc">
    <table name="Y" address="cbdcc" />
  </table>
  <table name="Base Timing Idle B (In-Gear)(Below Speed Threshold)(AT)" address="cc0c3">
    <table name="Y" address="cbdcc" />
  </table>
  <table name="Base Timing Idle A (Neutral)(MT)" address="cc12c">
    <table name="Y" address="cc108" />
  </table>
  <table name="Base Timing Idle A (Neutral)(AT)" address="cc0fc">
    <table name="Y" address="cc0d8" />
  </table>
  <table name="Base Timing Idle B (Neutral)(MT)" address="cc18c">
    <table name="Y" address="cc168" />
  </table>
  <table name="Base Timing Idle B (Neutral)(AT)" address="cc15c">
    <table name="Y" address="cc138" />
  </table>
  <table name="Base Timing Idle Vehicle Speed Threshold" address="cbae4" />
  <table name="Knock Correction Advance Max A" address="cd774">
    <table name="X" address="cd6f0" elements="14" />
    <table name="Y" address="cd728" elements="19" />
  </table>
  <table name="Knock Correction Advance Max B" address="cd904">
    <table name="X" address="cd880" elements="14" />
    <table name="Y" address="cd8b8" elements="19" />
  </table>
  <table name="Timing Compensation (IAT)" address="cc2b8">
    <table name="Y" address="cc278" />
  </table>
  <table name="Timing Comp Min Load (IAT)" address="cbb3c" />
  <table name="Timing Compensation A (ECT)" address="cc235">
    <table name="Y" address="cbe94" />
  </table>
  <table name="Timing Compensation B (ECT)" address="cc245">
    <table name="Y" address="cbe94" />
  </table>
  <table name="Timing Compensation C (ECT)" address="cc255">
    <table name="Y" address="cbe94" />
  </table>
  <table name="Timing Compensation D (ECT)" address="cc265">
    <table name="Y" address="cbe94" />
  </table>
  <table name="Timing Compensation Per Cylinder A__" address="cc8c8">
    <table name="Y" address="cc88c" elements="15" />
  </table>
  <table name="Timing Compensation Per Cylinder B__" address="cc914">
    <table name="Y" address="cc8d8" elements="15" />
  </table>
  <table name="Timing Compensation Per Cylinder C__" address="cc960">
    <table name="Y" address="cc924" elements="15" />
  </table>
  <table name="Timing Compensation Per Cylinder D__" address="cc9ac">
    <table name="Y" address="cc970" elements="15" />
  </table>
  <table name="Timing Comp Minimum Load (Per Cylinder)" address="cbcd0" />
  <table name="Timing Comp Maximum RPM (Per Cylinder)" address="cbccc" />
  <table name="Timing Comp Minimum Coolant Temp (Per Cylinder)" address="cbcd4" />
  <table name="Feedback Correction Range (RPM)" address="cbcf0" />
  <table name="Feedback Correction Minimum Load_" address="cca80">
    <table name="Y" address="cca70" />
  </table>
  <table name="Feedback Correction Retard Value_" address="ccd4c">
    <table name="Y" address="ccd18" />
  </table>
  <table name="Feedback Correction Retard Limit" address="cbcdc" />
  <table name="Feedback Correction Negative Advance Value" address="cbce0" />
  <table name="Feedback Correction Negative Advance Delay_" address="ccabc">
    <table name="Y" address="cca88" />
  </table>
  <table name="Fine Correction Range (RPM)" address="cbd64" />
  <table name="Fine Correction Range (Load)" address="cbd74" />
  <table name="Fine Correction Rows (RPM)_" address="cbda0" />
  <table name="Fine Correction Columns (Load)_" address="cbd84" />
  <table name="Fine Correction Retard Value_" address="ccdb4">
    <table name="Y" address="ccd80" />
  </table>
  <table name="Fine Correction Retard Limit" address="cbd5c" />
  <table name="Fine Correction Advance Value" address="cbd60" />
  <table name="Fine Correction Advance Limit" address="cbd58" />
  <table name="Fine Correction Advance Delay" address="cb9c4" />
  <table name="Rough Correction Range (RPM)" address="cbd10" />
  <table name="Rough Correction Range (Load)" address="cbd20" />
  <table name="Rough Correction Minimum KC Advance Map Value" address="cbd30" />
  <table name="Rough Correction Learning Delay (Increasing)" address="cc9e4">
    <table name="Y" address="cc9bc" />
  </table>
  <table name="Advance Multiplier (Initial)" address="cbd0c" />
  <table name="Advance Multiplier Step Value" address="cbd34" />
  <table name="Requested Torque A (Accelerator Pedal)" address="de2b4">
    <table name="X" address="de218" elements="17" />
    <table name="Y" address="de25c" elements="22" />
  </table>
  <table name="Requested Torque B (Accelerator Pedal)" address="de63c">
    <table name="X" address="de5a0" elements="17" />
    <table name="Y" address="de5e4" elements="22" />
  </table>
  <table name="Requested Torque C (Accelerator Pedal)" address="de9c4">
    <table name="X" address="de928" elements="17" />
    <table name="Y" address="de96c" elements="22" />
  </table>
  <table name="Target Throttle Plate Position A (Requested Torque)" address="dbe50">
    <table name="X" address="dbd90" elements="26" />
    <table name="Y" address="dbdf8" elements="22" />
  </table>
  <table name="Target Throttle Plate Position B (Requested Torque)" address="dc388">
    <table name="X" address="dc2c8" elements="26" />
    <table name="Y" address="dc330" elements="22" />
  </table>
  <table name="Target Throttle Plate Position C (Requested Torque)" address="dc8c0">
    <table name="X" address="dc800" elements="26" />
    <table name="Y" address="dc868" elements="22" />
  </table>
  <table name="Target Throttle Plate Position D (Requested Torque)" address="dcdf8">
    <table name="X" address="dcd38" elements="26" />
    <table name="Y" address="dcda0" elements="22" />
  </table>
  <table name="Target Throttle Plate Position E (Requested Torque)" address="dd330">
    <table name="X" address="dd270" elements="26" />
    <table name="Y" address="dd2d8" elements="22" />
  </table>
  <table name="Target Throttle Plate Position F (Requested Torque)" address="dd868">
    <table name="X" address="dd7a8" elements="26" />
    <table name="Y" address="dd810" elements="22" />
  </table>
  <table name="Target Throttle Plate Position G (Requested Torque)" address="ddda0">
    <table name="X" address="ddce0" elements="26" />
    <table name="Y" address="ddd48" elements="22" />
  </table>
  <table name="Rev Limit (Fuel Cut)" address="c7ac4" />
  <table name="Speed Limiting (Fuel Cut)" address="c7b0c" />
  <table name="Speed Limiting (Throttle)" address="db840" />
  <table name="Fuel Temp Sensor Scaling" address="cfde4">
    <table name="Y" address="cfd6c" />
  </table>
  <table name="Intake Temp Sensor Scaling" address="94e5c">
    <table name="Y" address="94de4" />
  </table>
  <table name="Coolant Temp Sensor Scaling" address="94d74">
    <table name="Y" address="94d04" />
  </table>
  <table name="Radiator Fan Modes A (ECT)" address="d0600" />
  <table name="Radiator Fan Modes B (ECT)" address="d0610" />
  <table name="Radiator Fan Modes (Veh. Speed)" address="d0620" />
  <table name="Atmospheric Pressure Sensor Scaling_" address="c0248" />
  <table name="Idle Speed Target A (MT)" address="ce514">
    <table name="Y" address="cdff4" />
  </table>
  <table name="Idle Speed Target B (MT)" address="ce554">
    <table name="Y" address="cdff4" />
  </table>
  <table name="Idle Speed Target C (MT)" address="ce594">
    <table name="Y" address="cdff4" />
  </table>
  <table name="Idle Speed Target D (MT)" address="ce5d4">
    <table name="Y" address="cdff4" />
  </table>
  <table name="Idle Speed Target E (MT)" address="ce614">
    <table name="Y" address="cdff4" />
  </table>
  <table name="Idle Speed Target F (MT)" address="ce654">
    <table name="Y" address="cdff4" />
  </table>
  <table name="Idle Speed Target A (AT)" address="ce534">
    <table name="Y" address="cdff4" />
  </table>
  <table name="Idle Speed Target B (AT)" address="ce574">
    <table name="Y" address="cdff4" />
  </table>
  <table name="Idle Speed Target C (AT)" address="ce5b4">
    <table name="Y" address="cdff4" />
  </table>
  <table name="Idle Speed Target D (AT)" address="ce5f4">
    <table name="Y" address="cdff4" />
  </table>
  <table name="Idle Speed Target E (AT)" address="ce634">
    <table name="Y" address="cdff4" />
  </table>
  <table name="Idle Speed Target F (AT)" address="ce674">
    <table name="Y" address="cdff4" />
  </table>
  <table name="Force Pass Readiness Monitors" address="7ef8e" />
  <table name="(P0000) PASS CODE (NO DTC DETECTED)" address="8e22a" />
  <table name="(P0000) PASS CODE (NO DTC DETECTED)_" address="8e22b" />
  <table name="(P0026) OSV SOLENOID VALVE CIRCUIT RANGE/PERF B1" address="8e26d" />
  <table name="(P0028) OSV SOLENOID VALVE CIRCUIT RANGE/PERF B2" address="8e26a" />
  <table name="(P0030) FRONT O2 SENSOR RANGE/PERF" address="8e24c" />
  <table name="(P0031) FRONT O2 SENSOR LOW INPUT" address="8e239" />
  <table name="(P0032) FRONT O2 SENSOR HIGH INPUT" address="8e237" />
  <table name="(P0037) REAR O2 SENSOR LOW INPUT" address="8e238" />
  <table name="(P0038) REAR O2 SENSOR HIGH INPUT" address="8e236" />
  <table name="(P0068) MAP SENSOR RANGE/PERF" address="8e246" />
  <table name="(P0076) INTAKE VALVE CIRCUIT LOW (BANK 1)" address="8e26f" />
  <table name="(P0077) INTAKE VALVE CONTROL HIGH (BANK 1)" address="8e26e" />
  <table name="(P0082) INTAKE VALVE CONTROL LOW (BANK 2)" address="8e26c" />
  <table name="(P0083) INTAKE VALVE CONTROL HIGH (BANK 2)" address="8e26b" />
  <table name="(P0101) MAF SENSOR RANGE/PERF" address="8e248" />
  <table name="(P0102) MAF SENSOR LOW INPUT" address="8e1ed" />
  <table name="(P0103) MAF SENSOR HIGH INPUT" address="8e1ee" />
  <table name="(P0107) MAP SENSOR LOW INPUT" address="8e23a" />
  <table name="(P0108) MAP SENSOR HIGH INPUT" address="8e23b" />
  <table name="(P0111) IAT SENSOR RANGE/PERF" address="8e235" />
  <table name="(P0112) IAT SENSOR LOW INPUT" address="8e233" />
  <table name="(P0113) IAT SENSOR HIGH INPUT" address="8e234" />
  <table name="(P0117) COOLANT TEMP SENSOR LOW INPUT" address="8e1f4" />
  <table name="(P0118) COOLANT TEMP SENSOR HIGH INPUT" address="8e1f5" />
  <table name="(P0122) TPS A LOW INPUT" address="8e1f2" />
  <table name="(P0123) TPS A HIGH INPUT" address="8e1f3" />
  <table name="(P0125) INSUFFICIENT COOLANT TEMP (FUELING)" address="8e1f7" />
  <table name="(P0126) INSUFFICIENT COOLANT TEMP (OPERATION)" address="8e279" />
  <table name="(P0128) THERMOSTAT MALFUNCTION" address="8e240" />
  <table name="(P0131) FRONT O2 SENSOR LOW INPUT" address="8e22d" />
  <table name="(P0132) FRONT O2 SENSOR HIGH INPUT" address="8e22f" />
  <table name="(P0133) FRONT O2 SENSOR SLOW RESPONSE" address="8e219" />
  <table name="(P0134) FRONT O2 SENSOR NO ACTIVITY" address="8e24a" />
  <table name="(P0137) REAR O2 SENSOR LOW VOLTAGE" address="8e22c" />
  <table name="(P0138) REAR O2 SENSOR HIGH VOLTAGE" address="8e231" />
  <table name="(P0139) REAR O2 SENSOR SLOW RESPONSE" address="8e21a" />
  <table name="(P0140) REAR O2 SENSOR NO ACTIVITY" address="8e284" />
  <table name="(P0171) SYSTEM TOO LEAN" address="8e223" />
  <table name="(P0172) SYSTEM TOO RICH" address="8e224" />
  <table name="(P0181) FUEL TEMP SENSOR A RANGE/PERF" address="8e203" />
  <table name="(P0182) FUEL TEMP SENSOR A LOW INPUT" address="8e201" />
  <table name="(P0183) FUEL TEMP SENSOR A HIGH INPUT" address="8e202" />
  <table name="(P0196) OIL TEMP SENSOR RANGE/PERF" address="8e270" />
  <table name="(P0197) OIL TEMP SENSOR LOW" address="8e266" />
  <table name="(P0198) OIL TEMP SENSOR HIGH" address="8e271" />
  <table name="(P0222) TPS B LOW INPUT" address="8e254" />
  <table name="(P0223) TPS B HIGH INPUT" address="8e255" />
  <table name="(P0301) MISFIRE CYLINDER 1" address="8e225" />
  <table name="(P0302) MISFIRE CYLINDER 2" address="8e226" />
  <table name="(P0303) MISFIRE CYLINDER 3" address="8e227" />
  <table name="(P0304) MISFIRE CYLINDER 4" address="8e228" />
  <table name="(P0327) KNOCK SENSOR 1 LOW INPUT" address="8e1f0" />
  <table name="(P0328) KNOCK SENSOR 1 HIGH INPUT" address="8e1f1" />
  <table name="(P0335) CRANKSHAFT POS. SENSOR A MALFUNCTION" address="8e1e8" />
  <table name="(P0336) CRANKSHAFT POS. SENSOR A RANGE/PERF" address="8e1e9" />
  <table name="(P0340) CAMSHAFT POS. SENSOR A MALFUNCTION" address="8e1eb" />
  <table name="(P0341) CAMSHAFT POS. SENSOR A RANGE/PERF" address="8e1ea" />
  <table name="(P0400) EGR FLOW" address="8e222" />
  <table name="(P0420) CAT EFFICIENCY BELOW THRESHOLD" address="8e21f" />
  <table name="(P0442) EVAP LEAK DETECTED (SMALL)" address="8e220" />
  <table name="(P0447) EVAP VENT CONTROL CIRCUIT OPEN" address="8e217" />
  <table name="(P0448) EVAP VENT CONTROL CIRCUIT SHORTED" address="8e218" />
  <table name="(P0451) EVAP PRESSURE SENSOR RANGE/PERF" address="8e1ff" />
  <table name="(P0452) EVAP PRESSURE SENSOR LOW INPUT" address="8e1fd" />
  <table name="(P0453) EVAP PRESSURE SENSOR HIGH INPUT" address="8e1fe" />
  <table name="(P0456) EVAP LEAK DETECTED (VERY SMALL)" address="8e221" />
  <table name="(P0457) EVAP LEAK DETECTED (FUEL CAP)" address="8e229" />
  <table name="(P0458) EVAP PURGE VALVE CIRCUIT LOW" address="8e214" />
  <table name="(P0459) EVAP PURGE VALVE CIRCUIT HIGH" address="8e215" />
  <table name="(P0461) FUEL LEVEL SENSOR RANGE/PERF" address="8e1fa" />
  <table name="(P0462) FUEL LEVEL SENSOR LOW INPUT" address="8e1f8" />
  <table name="(P0463) FUEL LEVEL SENSOR HIGH INPUT" address="8e1f9" />
  <table name="(P0464) FUEL LEVEL SENSOR INTERMITTENT" address="8e1f6" />
  <table name="(P0483) RADIATOR FAN RATIONALITY CHECK" address="8e211" />
  <table name="(P0500) VEHICLE SPEED SENSOR A" address="8e1ef" />
  <table name="(P0506) IDLE CONTROL RPM LOWER THAN EXPECTED" address="8e20d" />
  <table name="(P0507) IDLE CONTROL RPM HIGH THAN EXPECTED" address="8e20e" />
  <table name="(P0512) STARTER REQUEST CIRCUIT" address="8e1fc" />
  <table name="(P0519) IDLE CONTROL MALFUNCTION (FAIL-SAFE)" address="8e247" />
  <table name="(P0600) SERIAL COMMUNICATION LINK" address="8e264" />
  <table name="(P0602) CONTROL MODULE PROG. ERROR" address="8e286" />
  <table name="(P0604) CONTROL MODULE RAM ERROR" address="8e1ec" />
  <table name="(P0605) CONTROL MODULE ROM ERROR" address="8e265" />
  <table name="(P0607) CONTROL MODULE PERFORMANCE" address="8e25c" />
  <table name="(P0638) THROTTLE ACTUATOR RANGE/PERF" address="8e25b" />
  <table name="(P0691) RADIATOR FAN CIRCUIT LOW" address="8e20f" />
  <table name="(P0692) RADIATOR FAN CIRCUIT HIGH" address="8e210" />
  <table name="(P0700) TRANSMISSION CONTROL SYSTEM" address="8e269" />
  <table name="(P0851) NEUTRAL SWITCH INPUT LOW" address="8e200" />
  <table name="(P0852) NEUTRAL SWITCH INPUT HIGH" address="8e204" />
  <table name="(P1152) FRONT O2 SENSOR RANGE/PERF LOW B1 S1" address="8e21b" />
  <table name="(P1153) FRONT O2 SENSOR RANGE/PERF HIGH B1 S1" address="8e21c" />
  <table name="(P1160) ABNORMAL RETURN SPRING" address="8e256" />
  <table name="(P1400) FUEL TANK PRESSURE SOL. LOW" address="8e212" />
  <table name="(P1420) FUEL TANK PRESSURE SOL. HIGH INPUT" address="8e213" />
  <table name="(P1443) VENT CONTROL SOLENOID FUNCTION PROBLEM" address="8e216" />
  <table name="(P1491) PCV (BLOWBY) FUNCTION PROBLEM" address="8e241" />
  <table name="(P1492) EGR SOLENOID SIGNAL 1 MALFUNCTION (LOW)" address="8e205" />
  <table name="(P1493) EGR SOLENOID SIGNAL 1 MALFUNCTION (HIGH)" address="8e206" />
  <table name="(P1494) EGR SOLENOID SIGNAL 2 MALFUNCTION (LOW)" address="8e207" />
  <table name="(P1495) EGR SOLENOID SIGNAL 2 MALFUNCTION (HIGH)" address="8e208" />
  <table name="(P1496) EGR SIGNAL 3 CIRCUIT LOW" address="8e209" />
  <table name="(P1497) EGR SOLENOID SIGNAL 3 MALFUNCTION (HIGH)" address="8e20a" />
  <table name="(P1498) EGR SIGNAL 4 CIRCUIT LOW" address="8e20b" />
  <table name="(P1499) EGR SIGNAL 4 CIRCUIT HIGH" address="8e20c" />
  <table name="(P1518) STARTER SWITCH LOW INPUT" address="8e1fb" />
  <table name="(P1560) BACK-UP VOLTAGE MALFUNCTION" address="8e242" />
  <table name="(P2096) POST CATALYST TOO LEAN B1" address="8e25a" />
  <table name="(P2097) POST CATALYST TOO RICH B1" address="8e263" />
  <table name="(P2101) THROTTLE ACTUATOR CIRCUIT RANGE/PERF" address="8e259" />
  <table name="(P2102) THROTTLE ACTUATOR CIRCUIT LOW" address="8e257" />
  <table name="(P2103) THROTTLE ACTUATOR CIRCUIT HIGH" address="8e258" />
  <table name="(P2109) TPS A MINIMUM STOP PERF" address="8e253" />
  <table name="(P2122) TPS D CIRCUIT LOW INPUT" address="8e260" />
  <table name="(P2123) TPS D CIRCUIT HIGH INPUT" address="8e261" />
  <table name="(P2127) TPS E CIRCUIT LOW INPUT" address="8e25e" />
  <table name="(P2128) TPS E CIRCUIT HIGH INPUT" address="8e25f" />
  <table name="(P2135) TPS A/B VOLTAGE" address="8e262" />
  <table name="(P2138) TPS D/E VOLTAGE" address="8e25d" />
  <table name="(P2227) BARO. PRESSURE CIRCUIT RANGE/PERF" address="8e278" />
  <table name="(P2228) BARO. PRESSURE CIRCUIT LOW INPUT" address="8e27b" />
  <table name="(P2229) BARO. PRESSURE CIRCUIT HIGH INPUT" address="8e27a" />
</rom>