<rom>
  <romid>
    <xmlid>E2WD500D</xmlid>
    <internalidaddress>2000</internalidaddress>
    <internalidstring>E2WD500D</internalidstring>
    <ecuid>3C02057416</ecuid>
    <year>05</year>
    <market>JDM</market>
    <make>Subaru</make>
    <model>Outback</model>
    <submodel>2.5i</submodel>
    <transmission>AT</transmission>
    <memmodel>SH7055</memmodel>
    <flashmethod>sti04</flashmethod>
    <checksummodule>subarudbw</checksummodule>
  </romid>
  <include>32BITBASE</include>
  <table name="Manifold Pressure Sensor Scaling" address="6af50" />
  <table name="Manifold Pressure Sensor Limits (CEL)" address="767f4" />
  <table name="Manifold Pressure Sensor CEL Delays" address="6f2cc" />
  <table name="Primary Open Loop Fueling A_" address="71bec">
    <table name="X" address="71b60" />
    <table name="Y" address="71b8c" elements="24" />
  </table>
  <table name="Primary Open Loop Fueling B_" address="71d80">
    <table name="X" address="71cf4" />
    <table name="Y" address="71d20" elements="24" />
  </table>
  <table name="Front Oxygen Sensor Scaling" address="76cc8">
    <table name="Y" address="76c94" />
  </table>
  <table name="Front Oxygen Sensor Rich Limit" address="1e784" />
  <table name="Front Oxygen Sensor Compensation (Atm. Pressure)" address="6d244">
    <table name="Y" address="6d234" />
  </table>
  <table name="CL Fueling Target Compensation (Load)" address="7211c">
    <table name="X" address="720a4" elements="11" />
    <table name="Y" address="720d0" elements="19" />
  </table>
  <table name="CL Fueling Target Compensation (ECT)_" address="71048">
    <table name="Y" address="6fea0" />
  </table>
  <table name="CL Fueling Target Compensation (ECT) Disable" address="6fa3c" />
  <table name="CL to OL Delay A (Atm. Pressure)" address="712fc">
    <table name="Y" address="712e0" />
  </table>
  <table name="CL to OL Delay B (Atm. Pressure)" address="71328">
    <table name="Y" address="7130c" />
  </table>
  <table name="CL to OL Transition with Delay (Accelerator)" address="70548">
    <table name="Y" address="70508" />
  </table>
  <table name="CL to OL Transition with Delay Throttle Hysteresis" address="6fbc4" />
  <table name="CL to OL Transition with Delay (Base Pulse Width)" address="71378">
    <table name="Y" address="71338" />
  </table>
  <table name="CL to OL Transition with Delay BPW Hysteresis" address="6fbc8" />
  <table name="CL Delay Minimum (ECT)" address="6fbcc" />
  <table name="CL Delay Maximum Engine Speed A" address="6fbd0" />
  <table name="CL Delay Maximum Engine Speed B" address="6fbdc" />
  <table name="CL Delay Engine Speed B Counter Threshold" address="6f834" />
  <table name="CL Delay Maximum (Throttle) A" address="6fbd8" />
  <table name="CL Delay Throttle A Counter Threshold" address="6f832" />
  <table name="Injector Latency" address="76910">
    <table name="Y" address="768fc" />
  </table>
  <table name="Injector Flow Scaling" address="6f93c" />
  <table name="Per Injector Primary Fuel Offset Compensation A" address="71f10">
    <table name="X" address="71ed4" />
    <table name="Y" address="71ef4" elements="7" />
  </table>
  <table name="Per Injector Primary Fuel Offset Compensation B" address="71f84">
    <table name="X" address="71f48" />
    <table name="Y" address="71f68" elements="7" />
  </table>
  <table name="Per Injector Primary Fuel Offset Compensation C" address="71ff8">
    <table name="X" address="71fbc" />
    <table name="Y" address="71fdc" elements="7" />
  </table>
  <table name="Per Injector Primary Fuel Offset Compensation D" address="7206c">
    <table name="X" address="72030" />
    <table name="Y" address="72050" elements="7" />
  </table>
  <table name="Cranking Fuel Injector Pulse Width A (ECT)" address="707f8">
    <table name="Y" address="6fea0" />
  </table>
  <table name="Cranking Fuel Injector Pulse Width B (ECT)" address="70818">
    <table name="Y" address="6fea0" />
  </table>
  <table name="Cranking Fuel Injector Pulse Width C (ECT)" address="70838">
    <table name="Y" address="6fea0" />
  </table>
  <table name="Cranking Fuel Injector Pulse Width D (ECT)" address="70858">
    <table name="Y" address="6fea0" />
  </table>
  <table name="Cranking Fuel Injector Pulse Width E (ECT)" address="70878">
    <table name="Y" address="6fea0" />
  </table>
  <table name="Cranking Fuel Injector Pulse Width F (ECT)" address="70898">
    <table name="Y" address="6fea0" />
  </table>
  <table name="Cranking Fuel Injector Pulse Width G (ECT)" address="708b8">
    <table name="Y" address="6fea0" />
  </table>
  <table name="Cranking Fuel Injector Pulse Width H (ECT)" address="708d8">
    <table name="Y" address="6fea0" />
  </table>
  <table name="Cranking Fuel IPW Compensation A (RPM)" address="71950">
    <table name="X" address="71920" />
    <table name="Y" address="71934" />
  </table>
  <table name="Cranking Fuel IPW Compensation B (RPM)" address="719ac">
    <table name="X" address="71974" />
    <table name="Y" address="71988" elements="9" />
  </table>
  <table name="Cranking Fuel IPW Compensation (MAP)" address="701e8">
    <table name="Y" address="701c0" />
  </table>
  <table name="Cranking Fuel IPW Compensation (Accelerator)" address="7020c">
    <table name="Y" address="701f4" />
  </table>
  <table name="Throttle Tip-in Enrichment A" address="715b8">
    <table name="Y" address="71570" />
  </table>
  <table name="Throttle Tip-in Enrichment B" address="71624">
    <table name="Y" address="715dc" />
  </table>
  <table name="Minimum Tip-in Enrichment Activation" address="6fd38" />
  <table name="Minimum Tip-in Enrichment Activation (Throttle)" address="6fd34" />
  <table name="Tip-in Enrichment Compensation (RPM)" address="706dc">
    <table name="Y" address="706b8" />
  </table>
  <table name="Tip-in Enrichment Compensation (MRP)" address="7070c">
    <table name="Y" address="706e8" />
  </table>
  <table name="Tip-in Enrichment Compensation A (ECT)" address="70715">
    <table name="Y" address="6fea0" />
  </table>
  <table name="Tip-in Enrichment Compensation B (ECT)" address="71648">
    <table name="Y" address="6fea0" />
  </table>
  <table name="Tip-in Enrichment Compensation D (ECT)" address="71668">
    <table name="Y" address="6ff38" />
  </table>
  <table name="Tip-in Enrichment Compensation D (ECT) Activation" address="6fd40" />
  <table name="Tip-in Enrichment Disable Applied Counter Threshold" address="6f7e5" />
  <table name="Tip-in Enrichment Applied Counter Reset" address="6f7e6" />
  <table name="Tip-in Enrichment Disable Throttle Cumulative Threshold" address="6fd3c" />
  <table name="Tip-in Throttle Cumulative Reset" address="6f7e7" />
  <table name="A/F Learning #1 Limits" address="6faf0" />
  <table name="A/F Learning #1 Airflow Ranges" address="6fafc" />
  <table name="MAF Sensor Scaling" address="76ba4">
    <table name="Y" address="76ae4" elements="48" />
  </table>
  <table name="MAF Compensation A (IAT)" address="6def8">
    <table name="X" address="6dec4" />
    <table name="Y" address="6ded8" />
  </table>
  <table name="MAF Compensation B (IAT)" address="6df54">
    <table name="X" address="6df20" />
    <table name="Y" address="6df34" />
  </table>
  <table name="Engine Load Limit (Maximum)" address="1c25c" />
  <table name="Engine Load Compensation A (MP)" address="6dba0">
    <table name="X" address="6db44" />
    <table name="Y" address="6db70" />
  </table>
  <table name="Engine Load Compensation B (MP)" address="6dc80">
    <table name="X" address="6dc24" />
    <table name="Y" address="6dc50" />
  </table>
  <table name="Engine Load Compensation A (Throttle)" address="6dd60">
    <table name="X" address="6dd04" />
    <table name="Y" address="6dd30" />
  </table>
  <table name="Engine Load Compensation B (Throttle)" address="6de40">
    <table name="X" address="6dde4" />
    <table name="Y" address="6de10" />
  </table>
  <table name="Base Timing A" address="73750">
    <table name="X" address="72d98" elements="14" />
    <table name="Y" address="72dd0" />
  </table>
  <table name="Base Timing B" address="7384c">
    <table name="X" address="72d98" elements="14" />
    <table name="Y" address="72dd0" />
  </table>
  <table name="Base Timing C" address="73948">
    <table name="X" address="72d98" elements="14" />
    <table name="Y" address="72dd0" />
  </table>
  <table name="Base Timing Idle A (In-Gear)(Above Speed Threshold)" address="72eb8">
    <table name="Y" address="72d74" />
  </table>
  <table name="Base Timing Idle B (In-Gear)(Above Speed Threshold)" address="72eca">
    <table name="Y" address="72d74" />
  </table>
  <table name="Base Timing Idle A (In-Gear)(Below Speed Threshold)" address="72edc">
    <table name="Y" address="72d74" />
  </table>
  <table name="Base Timing Idle B (In-Gear)(Below Speed Threshold)" address="72eee">
    <table name="Y" address="72d74" />
  </table>
  <table name="Base Timing Idle A (Neutral)_" address="72f00">
    <table name="Y" address="72d74" />
  </table>
  <table name="Base Timing Idle B (Neutral)_" address="72f12">
    <table name="Y" address="72d74" />
  </table>
  <table name="Base Timing Idle Vehicle Speed Threshold" address="72a24" />
  <table name="Knock Correction Advance Max" address="73dfc">
    <table name="X" address="73d68" elements="14" />
    <table name="Y" address="73da0" elements="23" />
  </table>
  <table name="Timing Compensation (IAT)" address="7318c">
    <table name="Y" address="7314c" />
  </table>
  <table name="Timing Comp Min Load (IAT)" address="72b18" />
  <table name="Timing Compensation A (ECT)" address="73119">
    <table name="Y" address="72e38" />
  </table>
  <table name="Timing Compensation B (ECT)" address="73129">
    <table name="Y" address="72e38" />
  </table>
  <table name="Timing Compensation C (ECT)" address="73139">
    <table name="Y" address="72e38" />
  </table>
  <table name="Requested Torque (Accelerator Pedal)" address="75f9c">
    <table name="X" address="75f24" elements="10" />
    <table name="Y" address="75f4c" elements="20" />
  </table>
  <table name="Target Throttle Plate Position A (Requested Torque)" address="75684">
    <table name="X" address="755f4" elements="16" />
    <table name="Y" address="75634" elements="20" />
  </table>
  <table name="Target Throttle Plate Position B (Requested Torque)" address="75994">
    <table name="X" address="75904" elements="16" />
    <table name="Y" address="75944" elements="20" />
  </table>
  <table name="Target Throttle Plate Position C (Requested Torque)" address="75ca4">
    <table name="X" address="75c14" elements="16" />
    <table name="Y" address="75c54" elements="20" />
  </table>
  <table name="Rev Limit (Fuel Cut)" address="6fdb8" />
  <table name="Speed Limiting Enable (Fuel Cut)" address="6fe00" />
  <table name="Speed Limiting Disable (Fuel Cut)" address="6fe08" />
  <table name="Intake Temp Sensor Scaling" address="6ac64">
    <table name="Y" address="6abec" />
  </table>
  <table name="Coolant Temp Sensor Scaling" address="6ab7c">
    <table name="Y" address="6ab0c" />
  </table>
  <table name="Radiator Fan Modes (ECT)" address="7709c" />
  <table name="Radiator Fan Modes (Veh. Speed)" address="770ac" />
  <table name="Atmospheric Pressure Sensor Scaling_" address="6ae1c" />
  <table name="Idle Speed Target A" address="7499c">
    <table name="Y" address="744fc" />
  </table>
  <table name="Idle Speed Target B" address="749dc">
    <table name="Y" address="744fc" />
  </table>
  <table name="Idle Speed Target C" address="74a1c">
    <table name="Y" address="744fc" />
  </table>
  <table name="Idle Speed Target D" address="74a5c">
    <table name="Y" address="744fc" />
  </table>
  <table name="Force Pass Readiness Monitors" address="56dd6" />
  <table name="(P0031) FRONT O2 SENSOR LOW INPUT" address="65562" />
  <table name="(P0032) FRONT O2 SENSOR HIGH INPUT" address="65560" />
  <table name="(P0037) REAR O2 SENSOR LOW INPUT" address="65561" />
  <table name="(P0038) REAR O2 SENSOR HIGH INPUT" address="6555f" />
  <table name="(P0102) MAF SENSOR LOW INPUT" address="65501" />
  <table name="(P0103) MAF SENSOR HIGH INPUT" address="65502" />
  <table name="(P0107) MAP SENSOR LOW INPUT" address="65563" />
  <table name="(P0108) MAP SENSOR HIGH INPUT" address="65564" />
  <table name="(P0112) IAT SENSOR LOW INPUT" address="6555c" />
  <table name="(P0113) IAT SENSOR HIGH INPUT" address="6555d" />
  <table name="(P0117) COOLANT TEMP SENSOR LOW INPUT" address="65508" />
  <table name="(P0118) COOLANT TEMP SENSOR HIGH INPUT" address="65509" />
  <table name="(P0122) TPS A LOW INPUT" address="65506" />
  <table name="(P0123) TPS A HIGH INPUT" address="65507" />
  <table name="(P0131) FRONT O2 SENSOR LOW INPUT" address="65556" />
  <table name="(P0132) FRONT O2 SENSOR HIGH INPUT" address="65558" />
  <table name="(P0134) FRONT O2 SENSOR NO ACTIVITY" address="6557c" />
  <table name="(P0137) REAR O2 SENSOR LOW VOLTAGE" address="65555" />
  <table name="(P0138) REAR O2 SENSOR HIGH VOLTAGE" address="6555a" />
  <table name="(P0171) SYSTEM TOO LEAN" address="6554c" />
  <table name="(P0172) SYSTEM TOO RICH" address="6554d" />
  <table name="(P0222) TPS B LOW INPUT" address="6558b" />
  <table name="(P0223) TPS B HIGH INPUT" address="6558c" />
  <table name="(P0261) FUEL INJECTOR #1 CIRCUIT LOW" address="6556f" />
  <table name="(P0264) FUEL INJECTOR #2 CIRCUIT LOW" address="65570" />
  <table name="(P0267) FUEL INJECTOR #3 CIRCUIT LOW" address="65571" />
  <table name="(P0270) FUEL INJECTOR #4 CIRCUIT LOW" address="65572" />
  <table name="(P0327) KNOCK SENSOR 1 LOW INPUT" address="65504" />
  <table name="(P0328) KNOCK SENSOR 1 HIGH INPUT" address="65505" />
  <table name="(P0335) CRANKSHAFT POS. SENSOR A MALFUNCTION" address="654fc" />
  <table name="(P0340) CAMSHAFT POS. SENSOR A MALFUNCTION" address="654ff" />
  <table name="(P0350) IGNITION COIL PRIMARY/SECONDARY" address="6550f" />
  <table name="(P0400) EGR FLOW" address="6554b" />
  <table name="(P0458) EVAP PURGE VALVE CIRCUIT LOW" address="6552d" />
  <table name="(P0459) EVAP PURGE VALVE CIRCUIT HIGH" address="6552e" />
  <table name="(P0500) VEHICLE SPEED SENSOR A" address="65503" />
  <table name="(P0512) STARTER REQUEST CIRCUIT" address="65511" />
  <table name="(P0519) IDLE CONTROL MALFUNCTION (FAIL-SAFE)" address="65579" />
  <table name="(P0562) SYSTEM VOLTAGE LOW" address="6556d" />
  <table name="(P0563) SYSTEM VOLTAGE HIGH" address="6556e" />
  <table name="(P0600) SERIAL COMMUNICATION LINK" address="6559b" />
  <table name="(P0604) CONTROL MODULE RAM ERROR" address="65500" />
  <table name="(P0605) CONTROL MODULE ROM ERROR" address="6559c" />
  <table name="(P0607) CONTROL MODULE PERFORMANCE" address="65593" />
  <table name="(P0638) THROTTLE ACTUATOR RANGE/PERF" address="65592" />
  <table name="(P0700) TRANSMISSION CONTROL SYSTEM" address="6559f" />
  <table name="(P0851) NEUTRAL SWITCH INPUT LOW" address="65515" />
  <table name="(P0852) NEUTRAL SWITCH INPUT HIGH" address="65519" />
  <table name="(P1160) ABNORMAL RETURN SPRING" address="6558d" />
  <table name="(P1492) EGR SOLENOID SIGNAL 1 MALFUNCTION (LOW)" address="6551a" />
  <table name="(P1493) EGR SOLENOID SIGNAL 1 MALFUNCTION (HIGH)" address="6551b" />
  <table name="(P1494) EGR SOLENOID SIGNAL 2 MALFUNCTION (LOW)" address="6551c" />
  <table name="(P1495) EGR SOLENOID SIGNAL 2 MALFUNCTION (HIGH)" address="6551d" />
  <table name="(P1496) EGR SIGNAL 3 CIRCUIT LOW" address="6551e" />
  <table name="(P1497) EGR SOLENOID SIGNAL 3 MALFUNCTION (HIGH)" address="6551f" />
  <table name="(P1498) EGR SIGNAL 4 CIRCUIT LOW" address="65520" />
  <table name="(P1499) EGR SIGNAL 4 CIRCUIT HIGH" address="65521" />
  <table name="(P1518) STARTER SWITCH LOW INPUT" address="65510" />
  <table name="(P1560) BACK-UP VOLTAGE MALFUNCTION" address="6556c" />
  <table name="(P2008) TGV - INTAKE MANIFOLD RUNNER 1 CIRCUIT OPEN" address="655b0" />
  <table name="(P2009) TGV - INTAKE MANIFOLD RUNNER 1 CIRCUIT LOW" address="655ae" />
  <table name="(P2011) TGV - INTAKE MANIFOLD RUNNER 2 CIRCUIT OPEN" address="655b1" />
  <table name="(P2012) TGV - INTAKE MANIFOLD RUNNER 2 CIRCUIT LOW" address="655af" />
  <table name="(P2101) THROTTLE ACTUATOR CIRCUIT RANGE/PERF" address="65590" />
  <table name="(P2102) THROTTLE ACTUATOR CIRCUIT LOW" address="6558e" />
  <table name="(P2103) THROTTLE ACTUATOR CIRCUIT HIGH" address="6558f" />
  <table name="(P2109) TPS A MINIMUM STOP PERF" address="6558a" />
  <table name="(P2122) TPS D CIRCUIT LOW INPUT" address="65597" />
  <table name="(P2123) TPS D CIRCUIT HIGH INPUT" address="65598" />
  <table name="(P2127) TPS E CIRCUIT LOW INPUT" address="65595" />
  <table name="(P2128) TPS E CIRCUIT HIGH INPUT" address="65596" />
  <table name="(P2135) TPS A/B VOLTAGE" address="65599" />
  <table name="(P2138) TPS D/E VOLTAGE" address="65594" />
</rom>