<rom>
  <romid>
    <xmlid>A2WD010G</xmlid>
    <internalidaddress>2000</internalidaddress>
    <internalidstring>A2WD010G</internalidstring>
    <ecuid>3C54504216</ecuid>
    <year>04</year>
    <market>ADM</market>
    <make>Subaru</make>
    <model>Liberty</model>
    <submodel>GT</submodel>
    <transmission>AT</transmission>
    <memmodel>SH7055</memmodel>
    <flashmethod>sti04</flashmethod>
    <checksummodule>subarudbw</checksummodule>
  </romid>
  <include>32BITBASE</include>
  <table name="Target Boost A" address="623dc">
    <table name="X" address="6238c" />
    <table name="Y" address="623ac" />
  </table>
  <table name="Target Boost B" address="624ec">
    <table name="X" address="6249c" />
    <table name="Y" address="624bc" />
  </table>
  <table name="Target Boost Compensation (ECT)" address="61bb4">
    <table name="Y" address="61ab4" />
  </table>
  <table name="Target Boost Compensation (1st Gear)" address="61ab0" />
  <table name="Target Boost Compensation (1st Gear) Speed Disable" address="61aa8" />
  <table name="Target Boost Compensation (Atm. Pressure) Multiplier" address="61cb4">
    <table name="Y" address="61ca4" />
  </table>
  <table name="Target Boost Compensation (Atm. Pressure) Multiplier Offset" address="61be4">
    <table name="Y" address="61bd4" />
  </table>
  <table name="Boost Limit (Fuel Cut)" address="66cec">
    <table name="Y" address="66cd4" />
  </table>
  <table name="Boost Control Disable (IAM)" address="61a90" />
  <table name="Boost Control Disable (Fine Correction)" address="61a8c" />
  <table name="Boost Control Disable Delay (Fine Correction)" address="61a39" />
  <table name="Initial Wastegate Duty A" address="61e1c">
    <table name="X" address="61dcc" />
    <table name="Y" address="61dec" />
  </table>
  <table name="Initial Wastegate Duty B" address="61f2c">
    <table name="X" address="61edc" />
    <table name="Y" address="61efc" />
  </table>
  <table name="Max Wastegate Duty" address="6224c">
    <table name="X" address="6220c" />
    <table name="Y" address="6222c" />
  </table>
  <table name="Max Wastegate Duty Limit Post-Compensation" address="15034" />
  <table name="Initial/Max Wastegate Duty Compensation (IAT)" address="61b34">
    <table name="Y" address="61af4" />
  </table>
  <table name="Initial/Max Wastegate Duty Compensation (ECT)" address="61b94">
    <table name="Y" address="61ab4" />
  </table>
  <table name="Initial/Max Wastegate Duty Compensation (Atm. Pressure)" address="61d74">
    <table name="X" address="61d4c" />
    <table name="Y" address="61d64" />
  </table>
  <table name="Turbo Dynamics Proportional" address="61c20">
    <table name="Y" address="61bfc" />
  </table>
  <table name="Turbo Dynamics Integral Positive" address="61c90">
    <table name="Y" address="61c6c" />
  </table>
  <table name="Turbo Dynamics Integral Negative" address="61c58">
    <table name="Y" address="61c34" />
  </table>
  <table name="TD Activation Thresholds (RPM)" address="61a70" />
  <table name="TD Activation Thresholds (Target Boost)" address="61a44" />
  <table name="TD Integral Cumulative Range (WGDC Correction)" address="61a80" />
  <table name="TD Integral Negative Activation (Boost Error)" address="61a54" />
  <table name="TD Integral Positive Activation (Boost Error)" address="61a5c" />
  <table name="TD Integral Positive Activation (Wastegate Duty)" address="61a64" />
  <table name="Manifold Pressure Sensor Scaling" address="61530" />
  <table name="Manifold Pressure Sensor Limits (CEL)" address="6c38c" />
  <table name="Manifold Pressure Sensor CEL Delays" address="65615" />
  <table name="Primary Open Loop Fueling A" address="671b4">
    <table name="X" address="6712c" elements="16" />
    <table name="Y" address="6716c" />
  </table>
  <table name="Primary Open Loop Fueling B" address="6735c">
    <table name="X" address="672d4" elements="16" />
    <table name="Y" address="67314" />
  </table>
  <table name="Primary Open Loop Fueling A (Failsafe)" address="67504">
    <table name="X" address="6747c" elements="16" />
    <table name="Y" address="674bc" />
  </table>
  <table name="Primary Open Loop Fueling B (Failsafe)" address="676ac">
    <table name="X" address="67624" elements="16" />
    <table name="Y" address="67664" />
  </table>
  <table name="Primary Open Loop Fuel Map Switch (IAM)" address="65d90" />
  <table name="Minimum Active Primary Open Loop Enrichment" address="65cf4" />
  <table name="Minimum Primary Open Loop Enrichment (Throttle)" address="66398">
    <table name="Y" address="66380" />
  </table>
  <table name="Primary Open Loop Fueling Compensation (ECT)" address="66b8c">
    <table name="Y" address="6606c" />
  </table>
  <table name="Primary Open Loop Fueling Compensation (Timing Compensation)_" address="663b8">
    <table name="Y" address="663a0" />
  </table>
  <table name="Front Oxygen Sensor Scaling" address="6ca18">
    <table name="Y" address="6c9e4" />
  </table>
  <table name="Front Oxygen Sensor Rich Limit" address="21c3c" />
  <table name="Front Oxygen Sensor Compensation (Atm. Pressure)" address="64a74">
    <table name="Y" address="64a64" />
  </table>
  <table name="CL Fueling Target Compensation (Load)" address="67d08">
    <table name="X" address="67cc0" elements="8" />
    <table name="Y" address="67ce0" />
  </table>
  <table name="CL Fueling Target Compensation (ECT)_" address="66872">
    <table name="Y" address="6606c" />
  </table>
  <table name="CL to OL Delay" address="659ce" />
  <table name="CL to OL Transition with Delay A (Throttle)" address="662d0">
    <table name="Y" address="66290" />
  </table>
  <table name="CL to OL Transition with Delay B (Throttle)" address="66320">
    <table name="Y" address="662e0" />
  </table>
  <table name="CL to OL Transition with Delay C (Throttle)" address="66370">
    <table name="Y" address="66330" />
  </table>
  <table name="CL to OL Transition with Delay Throttle Hysteresis" address="65cf8" />
  <table name="CL to OL Transition with Delay A (Base Pulse Width)" address="66aac">
    <table name="Y" address="66a6c" />
  </table>
  <table name="CL to OL Transition with Delay B (Base Pulse Width)" address="66b0c">
    <table name="Y" address="66acc" />
  </table>
  <table name="CL to OL Transition with Delay C (Base Pulse Width)" address="66b6c">
    <table name="Y" address="66b2c" />
  </table>
  <table name="CL to OL Transition with Delay BPW Hysteresis" address="65cfc" />
  <table name="CL Delay Maximum (Vehicle Speed)" address="65d70" />
  <table name="CL Delay Minimum (ECT)" address="65d00" />
  <table name="CL Delay Maximum Engine Speed (Per Gear)" address="65d04" />
  <table name="CL Delay Maximum Engine Speed (Neutral)" address="65d54" />
  <table name="CL Delay Throttle Atm. Pressure Thresholds" address="65d80" />
  <table name="CL Delay Maximum (Throttle) (Low Atm. Pressure)" address="65d64" />
  <table name="CL Delay Maximum (Throttle) (High Atm. Pressure)" address="65d5c" />
  <table name="Injector Latency" address="6c498">
    <table name="Y" address="6c484" />
  </table>
  <table name="Injector Flow Scaling" address="65b8c" />
  <table name="Per Injector Primary Fuel Offset Compensation A" address="67808">
    <table name="X" address="677cc" />
    <table name="Y" address="677ec" elements="7" />
  </table>
  <table name="Per Injector Primary Fuel Offset Compensation B" address="6787c">
    <table name="X" address="67840" />
    <table name="Y" address="67860" elements="7" />
  </table>
  <table name="Per Injector Primary Fuel Offset Compensation C" address="678f0">
    <table name="X" address="678b4" />
    <table name="Y" address="678d4" elements="7" />
  </table>
  <table name="Per Injector Primary Fuel Offset Compensation D" address="67964">
    <table name="X" address="67928" />
    <table name="Y" address="67948" elements="7" />
  </table>
  <table name="Cranking Fuel Injector Pulse Width A (ECT)" address="6656e">
    <table name="Y" address="6606c" />
  </table>
  <table name="Cranking Fuel Injector Pulse Width B (ECT)" address="6658e">
    <table name="Y" address="6606c" />
  </table>
  <table name="Cranking Fuel Injector Pulse Width C (ECT)" address="665ae">
    <table name="Y" address="6606c" />
  </table>
  <table name="Cranking Fuel Injector Pulse Width D (ECT)" address="665ce">
    <table name="Y" address="6606c" />
  </table>
  <table name="Cranking Fuel IPW Compensation (RPM)" address="66fb8">
    <table name="X" address="66f88" />
    <table name="Y" address="66f9c" />
  </table>
  <table name="Cranking Fuel IPW Compensation (Accelerator)" address="66104">
    <table name="Y" address="660ec" />
  </table>
  <table name="Throttle Tip-in Enrichment" address="66c90">
    <table name="Y" address="66c4c" elements="17" />
  </table>
  <table name="Minimum Tip-in Enrichment Activation" address="65e40" />
  <table name="Minimum Tip-in Enrichment Activation (Throttle)" address="65e3c" />
  <table name="Tip-in Enrichment Compensation (Boost Error)" address="6642c">
    <table name="Y" address="66408" />
  </table>
  <table name="Tip-in Enrichment Compensation (ECT)" address="66cb2">
    <table name="Y" address="6606c" />
  </table>
  <table name="Tip-in Enrichment Disable Applied Counter Threshold" address="6599f" />
  <table name="Tip-in Enrichment Applied Counter Reset" address="659a0" />
  <table name="Tip-in Enrichment Disable Throttle Cumulative Threshold" address="65e44" />
  <table name="Tip-in Throttle Cumulative Reset" address="659a1" />
  <table name="Min Primary Base Enrichment 1" address="6615a">
    <table name="Y" address="6606c" />
  </table>
  <table name="Min Primary Base Enrichment 1 (Non-Primary OL)" address="6710c">
    <table name="X" address="670d8" />
    <table name="Y" address="67100" />
  </table>
  <table name="Min Primary Base Enrich 2 Initial Start 1A" address="6666e">
    <table name="Y" address="6606c" />
  </table>
  <table name="Min Primary Base Enrich 2 Initial Start 1B" address="666ae">
    <table name="Y" address="6606c" />
  </table>
  <table name="Min Primary Base Enrich 2 Initial Start 2A" address="6668e">
    <table name="Y" address="6606c" />
  </table>
  <table name="Min Primary Base Enrich 2 Initial Start 2B" address="666ce">
    <table name="Y" address="6606c" />
  </table>
  <table name="Min Primary Base Enrich 2 Decay Step 1" address="666ee">
    <table name="Y" address="6606c" />
  </table>
  <table name="Min Primary Base Enrich 2 Decay Step 2" address="6670e">
    <table name="Y" address="6606c" />
  </table>
  <table name="Min Primary Base Enrich 3 Initial Start 1A" address="665ee">
    <table name="Y" address="6606c" />
  </table>
  <table name="Min Primary Base Enrich 3 Initial Start 1B" address="6660e">
    <table name="Y" address="6606c" />
  </table>
  <table name="Min Primary Base Enrich 3 Initial Start 2A" address="6662e">
    <table name="Y" address="6606c" />
  </table>
  <table name="Min Primary Base Enrich 3 Initial Start 2B" address="6664e">
    <table name="Y" address="6606c" />
  </table>
  <table name="Min Primary Base Enrich 3 Decay Delay A" address="6611a">
    <table name="Y" address="6606c" />
  </table>
  <table name="Min Primary Base Enrich 3 Decay Delay B" address="6612a">
    <table name="Y" address="6606c" />
  </table>
  <table name="Min Primary Base Enrich 3 Decay Multiplier" address="65b90" />
  <table name="A/F Learning #1 Limits" address="65ca0" />
  <table name="A/F Learning #1 Airflow Ranges" address="65cac" />
  <table name="MAF Limit (Maximum)" address="647d0" />
  <table name="MAF Sensor Scaling" address="6c81c">
    <table name="Y" address="6c744" />
  </table>
  <table name="MAF Compensation (IAT)" address="650e4">
    <table name="X" address="650b0" />
    <table name="Y" address="650c4" />
  </table>
  <table name="Engine Load Limit (Maximum)" address="20158" />
  <table name="Engine Load Compensation (MP)" address="6502c">
    <table name="X" address="64fd0" />
    <table name="Y" address="64ffc" elements="12" />
  </table>
  <table name="Base Timing A" address="68f1c">
    <table name="X" address="68e90" elements="17" />
    <table name="Y" address="68ed4" />
  </table>
  <table name="Base Timing B" address="690dc">
    <table name="X" address="69050" elements="17" />
    <table name="Y" address="69094" />
  </table>
  <table name="Base Timing Idle" address="68695">
    <table name="Y" address="68510" />
  </table>
  <table name="Base Timing Idle Minimum" address="6868c">
    <table name="Y" address="68668" />
  </table>
  <table name="Base Timing Idle Minimum Vehicle Speed Enable" address="68254" />
  <table name="Knock Correction Advance Max A" address="693bc">
    <table name="X" address="69330" elements="17" />
    <table name="Y" address="69374" />
  </table>
  <table name="Knock Correction Advance Max B" address="6957c">
    <table name="X" address="694f0" elements="17" />
    <table name="Y" address="69534" />
  </table>
  <table name="Timing Compensation (IAT)" address="68708">
    <table name="Y" address="686c8" />
  </table>
  <table name="Timing Compensation (IAT) Activation" address="69250">
    <table name="X" address="69210" />
    <table name="Y" address="69230" />
  </table>
  <table name="Timing Compensation (ECT)" address="686b5">
    <table name="Y" address="68510" />
  </table>
  <table name="Timing Compensation (MRP)" address="696e4">
    <table name="X" address="696c4" />
    <table name="Y" address="696d8" />
  </table>
  <table name="Timing Compensation Per Cylinder A__" address="68850">
    <table name="Y" address="68818" />
  </table>
  <table name="Timing Compensation Per Cylinder B__" address="68898">
    <table name="Y" address="68860" />
  </table>
  <table name="Timing Compensation Per Cylinder C__" address="688e0">
    <table name="Y" address="688a8" />
  </table>
  <table name="Timing Compensation Per Cylinder D__" address="68928">
    <table name="Y" address="688f0" />
  </table>
  <table name="Timing Comp Minimum Load (Per Cylinder)" address="682f0" />
  <table name="Timing Comp Maximum RPM (Per Cylinder)" address="682ec" />
  <table name="Timing Comp Minimum Coolant Temp (Per Cylinder)" address="682f4" />
  <table name="Feedback Correction Range (RPM)" address="68328" />
  <table name="Feedback Correction Minimum Load" address="68338" />
  <table name="Feedback Correction Retard Value" address="68308" />
  <table name="Feedback Correction Retard Limit" address="68304" />
  <table name="Feedback Correction Negative Advance Value" address="68310" />
  <table name="Feedback Correction Negative Advance Delay" address="6816e" />
  <table name="Extended Feedback Correction High RPM Compensation" address="68340" />
  <table name="Fine Correction Range (RPM)" address="68420" />
  <table name="Fine Correction Range (Load)" address="68430" />
  <table name="Fine Correction Rows (RPM)" address="68450" />
  <table name="Fine Correction Columns (Load)" address="68440" />
  <table name="Fine Correction Retard Value" address="68468" />
  <table name="Fine Correction Retard Limit" address="68418" />
  <table name="Fine Correction Advance Value" address="6841c" />
  <table name="Fine Correction Advance Limit" address="68414" />
  <table name="Fine Correction Advance Delay" address="6817c" />
  <table name="Rough Correction Range (RPM)" address="683b8" />
  <table name="Rough Correction Range (Load)" address="683c8" />
  <table name="Rough Correction Minimum KC Advance Map Value" address="683d8" />
  <table name="Rough Correction Learning Delay (Increasing)" address="68960">
    <table name="Y" address="68938" />
  </table>
  <table name="Advance Multiplier (Initial)" address="683b4" />
  <table name="Advance Multiplier Step Value" address="683dc" />
  <table name="Intake Cam Advance Angle A (AVCS)" address="6df08">
    <table name="X" address="6de88" />
    <table name="Y" address="6dec0" />
  </table>
  <table name="Intake Cam Advance Angle B (AVCS)" address="6e180">
    <table name="X" address="6e100" />
    <table name="Y" address="6e138" />
  </table>
  <table name="Exhaust Cam Retard Angle A (AVCS)" address="6e830">
    <table name="X" address="6e7b0" />
    <table name="Y" address="6e7e8" />
  </table>
  <table name="Exhaust Cam Retard Angle B (AVCS)" address="6eaa8">
    <table name="X" address="6ea28" />
    <table name="Y" address="6ea60" />
  </table>
  <table name="Requested Torque (Accelerator Pedal)" address="6b4dc">
    <table name="X" address="6b448" elements="20" />
    <table name="Y" address="6b498" />
  </table>
  <table name="Target Throttle Plate Position A (Requested Torque)" address="6af84">
    <table name="X" address="6af00" />
    <table name="Y" address="6af44" />
  </table>
  <table name="Target Throttle Plate Position B (Requested Torque)" address="6b228">
    <table name="X" address="6b1a4" />
    <table name="Y" address="6b1e8" />
  </table>
  <table name="Rev Limit (Fuel Cut)" address="65f08" />
  <table name="Rev Limit Fuel Resume (Boost)" address="65f10" />
  <table name="Speed Limiting Enable (Fuel Cut)" address="65e88" />
  <table name="Speed Limiting Disable (Fuel Cut)" address="65e90" />
  <table name="Speed Limiting (Throttle)" address="64a58" />
  <table name="Intake Temp Sensor Scaling" address="612ec">
    <table name="Y" address="61274" />
  </table>
  <table name="Coolant Temp Sensor Scaling" address="61204">
    <table name="Y" address="61194" />
  </table>
  <table name="Atmospheric Pressure Sensor Scaling" address="614dc" />
  <table name="Radiator Fan Modes (ECT)" address="6d170" />
  <table name="Radiator Fan Modes (Veh. Speed)" address="6d180" />
  <table name="Idle Speed Target A" address="6a376">
    <table name="Y" address="69ddc" />
  </table>
  <table name="Idle Speed Target B" address="6a3b6">
    <table name="Y" address="69ddc" />
  </table>
  <table name="Idle Speed Target C" address="6a3f6">
    <table name="Y" address="69ddc" />
  </table>
  <table name="Force Pass Readiness Monitors" address="54642" />
  <table name="(P0031) FRONT O2 SENSOR LOW INPUT" address="5146e" />
  <table name="(P0032) FRONT O2 SENSOR HIGH INPUT" address="5146c" />
  <table name="(P0037) REAR O2 SENSOR LOW INPUT" address="5146d" />
  <table name="(P0038) REAR O2 SENSOR HIGH INPUT" address="5146b" />
  <table name="(P0102) MAF SENSOR LOW INPUT" address="51421" />
  <table name="(P0103) MAF SENSOR HIGH INPUT" address="51422" />
  <table name="(P0107) MAP SENSOR LOW INPUT" address="5146f" />
  <table name="(P0108) MAP SENSOR HIGH INPUT" address="51470" />
  <table name="(P0112) IAT SENSOR LOW INPUT" address="51468" />
  <table name="(P0113) IAT SENSOR HIGH INPUT" address="51469" />
  <table name="(P0117) COOLANT TEMP SENSOR LOW INPUT" address="51429" />
  <table name="(P0118) COOLANT TEMP SENSOR HIGH INPUT" address="5142a" />
  <table name="(P0122) TPS A LOW INPUT" address="51426" />
  <table name="(P0123) TPS A HIGH INPUT" address="51427" />
  <table name="(P0131) FRONT O2 SENSOR LOW INPUT" address="51465" />
  <table name="(P0132) FRONT O2 SENSOR HIGH INPUT" address="51466" />
  <table name="(P0134) FRONT O2 SENSOR NO ACTIVITY" address="51486" />
  <table name="(P0137) REAR O2 SENSOR LOW VOLTAGE" address="51464" />
  <table name="(P0138) REAR O2 SENSOR HIGH VOLTAGE" address="51467" />
  <table name="(P0171) SYSTEM TOO LEAN" address="5145a" />
  <table name="(P0172) SYSTEM TOO RICH" address="5145b" />
  <table name="(P0222) TPS B LOW INPUT" address="5148a" />
  <table name="(P0223) TPS B HIGH INPUT" address="5148b" />
  <table name="(P0230) FUEL PUMP PRIMARY CIRCUIT" address="51482" />
  <table name="(P0245) WASTEGATE SOLENOID A LOW" address="51476" />
  <table name="(P0246) WASTEGATE SOLENOID A HIGH" address="51477" />
  <table name="(P0261) FUEL INJECTOR #1 CIRCUIT LOW" address="51479" />
  <table name="(P0264) FUEL INJECTOR #2 CIRCUIT LOW" address="5147a" />
  <table name="(P0267) FUEL INJECTOR #3 CIRCUIT LOW" address="5147b" />
  <table name="(P0270) FUEL INJECTOR #4 CIRCUIT LOW" address="5147c" />
  <table name="(P0327) KNOCK SENSOR 1 LOW INPUT" address="51424" />
  <table name="(P0328) KNOCK SENSOR 1 HIGH INPUT" address="51425" />
  <table name="(P0335) CRANKSHAFT POS. SENSOR A MALFUNCTION" address="5141c" />
  <table name="(P0340) CAMSHAFT POS. SENSOR A MALFUNCTION_" address="5149e" />
  <table name="(P0345) CAMSHAFT POS. SENSOR A BANK 2" address="5149d" />
  <table name="(P0350) IGNITION COIL PRIMARY/SECONDARY" address="51430" />
  <table name="(P0365) CAMSHAFT POS. SENSOR B BANK 1_" address="5149c" />
  <table name="(P0390) CAMSHAFT POS. SENSOR B BANK 2_" address="5149b" />
  <table name="(P0458) EVAP PURGE VALVE CIRCUIT LOW" address="5144c" />
  <table name="(P0459) EVAP PURGE VALVE CIRCUIT HIGH" address="5144d" />
  <table name="(P0500) VEHICLE SPEED SENSOR A" address="51423" />
  <table name="(P0512) STARTER REQUEST CIRCUIT" address="51432" />
  <table name="(P0519) IDLE CONTROL MALFUNCTION (FAIL-SAFE)" address="51484" />
  <table name="(P0562) SYSTEM VOLTAGE LOW" address="51474" />
  <table name="(P0563) SYSTEM VOLTAGE HIGH" address="51475" />
  <table name="(P0600) SERIAL COMMUNICATION LINK" address="5149a" />
  <table name="(P0604) CONTROL MODULE RAM ERROR" address="51420" />
  <table name="(P0605) CONTROL MODULE ROM ERROR" address="5149f" />
  <table name="(P0607) CONTROL MODULE PERFORMANCE" address="51492" />
  <table name="(P0638) THROTTLE ACTUATOR RANGE/PERF" address="51491" />
  <table name="(P0700) TRANSMISSION CONTROL SYSTEM" address="514a8" />
  <table name="(P0851) NEUTRAL SWITCH INPUT LOW" address="51436" />
  <table name="(P0852) NEUTRAL SWITCH INPUT HIGH" address="5143a" />
  <table name="(P1160) ABNORMAL RETURN SPRING" address="5148c" />
  <table name="(P1518) STARTER SWITCH LOW INPUT" address="51431" />
  <table name="(P1560) BACK-UP VOLTAGE MALFUNCTION" address="51473" />
  <table name="(P2088) OCV SOLENOID A1 CIRCUIT OPEN" address="514a7" />
  <table name="(P2089) OCV SOLENOID A1 CIRCUIT SHORT" address="514a6" />
  <table name="(P2090) OCV SOLENOID B1 CIRCUIT OPEN" address="514a3" />
  <table name="(P2091) OCV SOLENOID B1 CIRCUIT SHORT" address="514a2" />
  <table name="(P2092) OCV SOLENOID A2 CIRCUIT OPEN" address="514a5" />
  <table name="(P2093) OCV SOLENOID A2 CIRCUIT SHORT" address="514a4" />
  <table name="(P2094) OCV SOLENOID B2 CIRCUIT OPEN" address="514a1" />
  <table name="(P2095) OCV SOLENOID B2 CIRCUIT SHORT" address="514a0" />
  <table name="(P2101) THROTTLE ACTUATOR CIRCUIT RANGE/PERF" address="5148f" />
  <table name="(P2102) THROTTLE ACTUATOR CIRCUIT LOW" address="5148d" />
  <table name="(P2103) THROTTLE ACTUATOR CIRCUIT HIGH" address="5148e" />
  <table name="(P2109) TPS A MINIMUM STOP PERF" address="51489" />
  <table name="(P2122) TPS D CIRCUIT LOW INPUT" address="51496" />
  <table name="(P2123) TPS D CIRCUIT HIGH INPUT" address="51497" />
  <table name="(P2127) TPS E CIRCUIT LOW INPUT" address="51494" />
  <table name="(P2128) TPS E CIRCUIT HIGH INPUT" address="51495" />
  <table name="(P2135) TPS A/B VOLTAGE" address="51498" />
  <table name="(P2138) TPS D/E VOLTAGE" address="51493" />
  <table name="(P2228) BARO. PRESSURE CIRCUIT LOW INPUT" address="514b2" />
  <table name="(P2229) BARO. PRESSURE CIRCUIT HIGH INPUT" address="514b1" />
</rom>