<rom>
  <romid>
    <xmlid>A2ZJD02G</xmlid>
    <internalidaddress>2000</internalidaddress>
    <internalidstring>A2ZJD02G</internalidstring>
    <ecuid>2F54505406</ecuid>
    <year>04</year>
    <market>ADM</market>
    <make>Subaru</make>
    <model>Liberty</model>
    <submodel>GT</submodel>
    <transmission>AT</transmission>
    <memmodel>SH7055</memmodel>
    <flashmethod>sti04</flashmethod>
    <checksummodule>subarudbw</checksummodule>
  </romid>
  <include>32BITBASE</include>
  <table name="Target Boost A" address="5eb10">
    <table name="X" address="5eac0" />
    <table name="Y" address="5eae0" />
  </table>
  <table name="Target Boost B" address="5ec20">
    <table name="X" address="5ebd0" />
    <table name="Y" address="5ebf0" />
  </table>
  <table name="Target Boost Compensation (ECT)" address="5e360">
    <table name="Y" address="5e260" />
  </table>
  <table name="Target Boost Compensation (1st Gear)" address="5e25c" />
  <table name="Target Boost Compensation (1st Gear) Speed Disable" address="5e254" />
  <table name="Target Boost Compensation (Atm. Pressure) Multiplier" address="5e460">
    <table name="Y" address="5e450" />
  </table>
  <table name="Target Boost Compensation (Atm. Pressure) Multiplier Offset" address="5e390">
    <table name="Y" address="5e380" />
  </table>
  <table name="Boost Limit (Fuel Cut)" address="62f20">
    <table name="Y" address="62f08" />
  </table>
  <table name="Boost Control Disable (IAM)" address="5e23c" />
  <table name="Boost Control Disable (Fine Correction)" address="5e238" />
  <table name="Boost Control Disable Delay (Fine Correction)" address="5e1e1" />
  <table name="Initial Wastegate Duty A" address="5e550">
    <table name="X" address="5e500" />
    <table name="Y" address="5e520" />
  </table>
  <table name="Initial Wastegate Duty B" address="5e660">
    <table name="X" address="5e610" />
    <table name="Y" address="5e630" />
  </table>
  <table name="Max Wastegate Duty" address="5e980">
    <table name="X" address="5e940" />
    <table name="Y" address="5e960" />
  </table>
  <table name="Max Wastegate Duty Limit Post-Compensation" address="14834" />
  <table name="Initial/Max Wastegate Duty Compensation (IAT)" address="5e2e0">
    <table name="Y" address="5e2a0" />
  </table>
  <table name="Initial/Max Wastegate Duty Compensation (ECT)" address="5e340">
    <table name="Y" address="5e260" />
  </table>
  <table name="Initial/Max Wastegate Duty Compensation (Atm. Pressure)" address="5e4a8">
    <table name="X" address="5e480" />
    <table name="Y" address="5e498" />
  </table>
  <table name="Turbo Dynamics Proportional" address="5e3cc">
    <table name="Y" address="5e3a8" />
  </table>
  <table name="Turbo Dynamics Integral Positive" address="5e43c">
    <table name="Y" address="5e418" />
  </table>
  <table name="Turbo Dynamics Integral Negative" address="5e404">
    <table name="Y" address="5e3e0" />
  </table>
  <table name="TD Activation Thresholds (RPM)" address="5e218" />
  <table name="TD Activation Thresholds (Target Boost)" address="5e1ec" />
  <table name="TD Integral Cumulative Range (WGDC Correction)" address="5e228" />
  <table name="TD Integral Negative Activation (Boost Error)" address="5e1fc" />
  <table name="TD Integral Positive Activation (Boost Error)" address="5e204" />
  <table name="TD Integral Positive Activation (Wastegate Duty)" address="5e20c" />
  <table name="Manifold Pressure Sensor Scaling" address="5dcc4" />
  <table name="Manifold Pressure Sensor Limits (CEL)" address="68198" />
  <table name="Manifold Pressure Sensor CEL Delays" address="61add" />
  <table name="Primary Open Loop Fueling A" address="633b8">
    <table name="X" address="63330" elements="16" />
    <table name="Y" address="63370" />
  </table>
  <table name="Primary Open Loop Fueling B" address="63560">
    <table name="X" address="634d8" elements="16" />
    <table name="Y" address="63518" />
  </table>
  <table name="Primary Open Loop Fueling A (Failsafe)" address="63708">
    <table name="X" address="63680" elements="16" />
    <table name="Y" address="636c0" />
  </table>
  <table name="Primary Open Loop Fueling B (Failsafe)" address="638b0">
    <table name="X" address="63828" elements="16" />
    <table name="Y" address="63868" />
  </table>
  <table name="Primary Open Loop Fuel Map Switch (IAM)" address="621a4" />
  <table name="Minimum Active Primary Open Loop Enrichment" address="62108" />
  <table name="Minimum Primary Open Loop Enrichment (Throttle)" address="626ac">
    <table name="Y" address="62694" />
  </table>
  <table name="Primary Open Loop Fueling Compensation (ECT)" address="62dc0">
    <table name="Y" address="62420" />
  </table>
  <table name="Primary Open Loop Fueling Compensation (Timing Compensation)_" address="626cc">
    <table name="Y" address="626b4" />
  </table>
  <table name="Front Oxygen Sensor Scaling" address="68794">
    <table name="Y" address="68760" />
  </table>
  <table name="Front Oxygen Sensor Rich Limit" address="20fe4" />
  <table name="Front Oxygen Sensor Compensation (Atm. Pressure)" address="61100">
    <table name="Y" address="610f0" />
  </table>
  <table name="CL Fueling Target Compensation (Load)" address="63f0c">
    <table name="X" address="63ec4" elements="8" />
    <table name="Y" address="63ee4" />
  </table>
  <table name="CL Fueling Target Compensation (ECT)_" address="62b66">
    <table name="Y" address="62420" />
  </table>
  <table name="CL to OL Delay" address="61e80">
    <table name="Y" elements="6" />
  </table>
  <table name="CL to OL Transition with Delay (Throttle)" address="62684">
    <table name="Y" address="62644" />
  </table>
  <table name="CL to OL Transition with Delay Throttle Hysteresis" address="6210c" />
  <table name="CL to OL Transition with Delay (Base Pulse Width)" address="62da0">
    <table name="Y" address="62d60" />
  </table>
  <table name="CL to OL Transition with Delay BPW Hysteresis" address="62110" />
  <table name="CL Delay Maximum (Vehicle Speed)" address="62184" />
  <table name="CL Delay Minimum (ECT)" address="62114" />
  <table name="CL Delay Maximum Engine Speed (Per Gear)" address="62118" />
  <table name="CL Delay Maximum Engine Speed (Neutral)" address="62168" />
  <table name="CL Delay Throttle Atm. Pressure Thresholds" address="62194" />
  <table name="CL Delay Maximum (Throttle) (Low Atm. Pressure)" address="62178" />
  <table name="CL Delay Maximum (Throttle) (High Atm. Pressure)" address="62170" />
  <table name="Injector Latency" address="6826c">
    <table name="Y" address="68258" />
  </table>
  <table name="Injector Flow Scaling" address="61fa4" />
  <table name="Per Injector Primary Fuel Offset Compensation A" address="63a0c">
    <table name="X" address="639d0" />
    <table name="Y" address="639f0" elements="7" />
  </table>
  <table name="Per Injector Primary Fuel Offset Compensation B" address="63a80">
    <table name="X" address="63a44" />
    <table name="Y" address="63a64" elements="7" />
  </table>
  <table name="Per Injector Primary Fuel Offset Compensation C" address="63af4">
    <table name="X" address="63ab8" />
    <table name="Y" address="63ad8" elements="7" />
  </table>
  <table name="Per Injector Primary Fuel Offset Compensation D" address="63b68">
    <table name="X" address="63b2c" />
    <table name="Y" address="63b4c" elements="7" />
  </table>
  <table name="Cranking Fuel Injector Pulse Width A (ECT)" address="62882">
    <table name="Y" address="62420" />
  </table>
  <table name="Cranking Fuel Injector Pulse Width B (ECT)" address="628a2">
    <table name="Y" address="62420" />
  </table>
  <table name="Cranking Fuel Injector Pulse Width C (ECT)" address="628c2">
    <table name="Y" address="62420" />
  </table>
  <table name="Cranking Fuel Injector Pulse Width D (ECT)" address="628e2">
    <table name="Y" address="62420" />
  </table>
  <table name="Cranking Fuel IPW Compensation (RPM)" address="631bc">
    <table name="X" address="6318c" />
    <table name="Y" address="631a0" />
  </table>
  <table name="Cranking Fuel IPW Compensation (Accelerator)" address="624b8">
    <table name="Y" address="624a0" />
  </table>
  <table name="Throttle Tip-in Enrichment" address="62ec4">
    <table name="Y" address="62e80" elements="17" />
  </table>
  <table name="Minimum Tip-in Enrichment Activation" address="62254" />
  <table name="Minimum Tip-in Enrichment Activation (Throttle)" address="62250" />
  <table name="Tip-in Enrichment Compensation (Boost Error)" address="62740">
    <table name="Y" address="6271c" />
  </table>
  <table name="Tip-in Enrichment Compensation (ECT)" address="62ee6">
    <table name="Y" address="62420" />
  </table>
  <table name="Tip-in Enrichment Disable Applied Counter Threshold" address="61e52" />
  <table name="Tip-in Enrichment Applied Counter Reset" address="61e53" />
  <table name="Tip-in Enrichment Disable Throttle Cumulative Threshold" address="62258" />
  <table name="Tip-in Throttle Cumulative Reset" address="61e54" />
  <table name="Min Primary Base Enrichment 1" address="6250e">
    <table name="Y" address="62420" />
  </table>
  <table name="Min Primary Base Enrichment 1 (Non-Primary OL)" address="63310">
    <table name="X" address="632dc" />
    <table name="Y" address="63304" />
  </table>
  <table name="Min Primary Base Enrich 2 Initial Start 1A" address="62982">
    <table name="Y" address="62420" />
  </table>
  <table name="Min Primary Base Enrich 2 Initial Start 1B" address="629c2">
    <table name="Y" address="62420" />
  </table>
  <table name="Min Primary Base Enrich 2 Initial Start 2A" address="629a2">
    <table name="Y" address="62420" />
  </table>
  <table name="Min Primary Base Enrich 2 Initial Start 2B" address="629e2">
    <table name="Y" address="62420" />
  </table>
  <table name="Min Primary Base Enrich 2 Decay Step 1" address="62a02">
    <table name="Y" address="62420" />
  </table>
  <table name="Min Primary Base Enrich 2 Decay Step 2" address="62a22">
    <table name="Y" address="62420" />
  </table>
  <table name="Min Primary Base Enrich 3 Initial Start 1A" address="62902">
    <table name="Y" address="62420" />
  </table>
  <table name="Min Primary Base Enrich 3 Initial Start 1B" address="62922">
    <table name="Y" address="62420" />
  </table>
  <table name="Min Primary Base Enrich 3 Initial Start 2A" address="62942">
    <table name="Y" address="62420" />
  </table>
  <table name="Min Primary Base Enrich 3 Initial Start 2B" address="62962">
    <table name="Y" address="62420" />
  </table>
  <table name="Min Primary Base Enrich 3 Decay Delay A" address="624ce">
    <table name="Y" address="62420" />
  </table>
  <table name="Min Primary Base Enrich 3 Decay Delay B" address="624de">
    <table name="Y" address="62420" />
  </table>
  <table name="Min Primary Base Enrich 3 Decay Multiplier" address="61fa8" />
  <table name="A/F Learning #1 Limits" address="620b4" />
  <table name="A/F Learning #1 Airflow Ranges" address="620c0" />
  <table name="MAF Limit (Maximum)" address="60cc4" />
  <table name="MAF Sensor Scaling" address="68598">
    <table name="Y" address="684c0" />
  </table>
  <table name="MAF Compensation (IAT)" address="615c0">
    <table name="X" address="6158c" />
    <table name="Y" address="615a0" />
  </table>
  <table name="Engine Load Limit (Maximum)" address="1f658" />
  <table name="Engine Load Compensation (MP)" address="61508">
    <table name="X" address="614ac" />
    <table name="Y" address="614d8" elements="12" />
  </table>
  <table name="Base Timing A" address="650b8">
    <table name="X" address="6502c" elements="17" />
    <table name="Y" address="65070" />
  </table>
  <table name="Base Timing B" address="65278">
    <table name="X" address="651ec" elements="17" />
    <table name="Y" address="65230" />
  </table>
  <table name="Base Timing Idle (Below Speed Threshold)" address="64480" />
  <table name="Base Timing Idle (Above Speed Threshold)" address="64858">
    <table name="Y" address="64834" />
  </table>
  <table name="Base Timing Idle Vehicle Speed Threshold" address="64454" />
  <table name="Knock Correction Advance Max A" address="654d8">
    <table name="X" address="6544c" elements="17" />
    <table name="Y" address="65490" />
  </table>
  <table name="Knock Correction Advance Max B" address="65698">
    <table name="X" address="6560c" elements="17" />
    <table name="Y" address="65650" />
  </table>
  <table name="Timing Compensation (IAT)" address="648c4">
    <table name="Y" address="64884" />
  </table>
  <table name="Timing Comp Min Load (IAT)" address="64484" />
  <table name="Timing Compensation (ECT)" address="64871">
    <table name="Y" address="646dc" />
  </table>
  <table name="Timing Compensation (MRP)" address="65800">
    <table name="X" address="657e0" />
    <table name="Y" address="657f4" />
  </table>
  <table name="Timing Compensation Per Cylinder A__" address="64c0c">
    <table name="Y" address="64bd4" />
  </table>
  <table name="Timing Compensation Per Cylinder B__" address="64c54">
    <table name="Y" address="64c1c" />
  </table>
  <table name="Timing Compensation Per Cylinder C__" address="64c9c">
    <table name="Y" address="64c64" />
  </table>
  <table name="Timing Compensation Per Cylinder D__" address="64ce4">
    <table name="Y" address="64cac" />
  </table>
  <table name="Timing Comp Minimum Load (Per Cylinder)" address="64560" />
  <table name="Timing Comp Maximum RPM (Per Cylinder)" address="6455c" />
  <table name="Timing Comp Minimum Coolant Temp (Per Cylinder)" address="64564" />
  <table name="Feedback Correction Range (RPM)" address="64594" />
  <table name="Feedback Correction Minimum Load" address="645a4" />
  <table name="Feedback Correction Retard Value" address="64578" />
  <table name="Feedback Correction Retard Limit" address="64574" />
  <table name="Feedback Correction Negative Advance Value" address="6457c" />
  <table name="Feedback Correction Negative Advance Delay" address="64376" />
  <table name="Extended Feedback Correction High RPM Compensation" address="645ac" />
  <table name="Fine Correction Range (RPM)" address="6467c" />
  <table name="Fine Correction Range (Load)" address="6468c" />
  <table name="Fine Correction Rows (RPM)" address="646ac" />
  <table name="Fine Correction Columns (Load)" address="6469c" />
  <table name="Fine Correction Retard Value" address="646c4" />
  <table name="Fine Correction Retard Limit" address="64674" />
  <table name="Fine Correction Advance Value" address="64678" />
  <table name="Fine Correction Advance Limit" address="64670" />
  <table name="Fine Correction Advance Delay" address="64384" />
  <table name="Rough Correction Range (RPM)" address="64624" />
  <table name="Rough Correction Range (Load)" address="64634" />
  <table name="Rough Correction Minimum KC Advance Map Value" address="64644" />
  <table name="Rough Correction Learning Delay (Increasing)" address="64d1c">
    <table name="Y" address="64cf4" />
  </table>
  <table name="Advance Multiplier (Initial)" address="64620" />
  <table name="Advance Multiplier Step Value" address="64648" />
  <table name="Intake Cam Advance Angle A (AVCS)" address="69c70">
    <table name="X" address="69bf0" />
    <table name="Y" address="69c28" />
  </table>
  <table name="Intake Cam Advance Angle B (AVCS)" address="69ee8">
    <table name="X" address="69e68" />
    <table name="Y" address="69ea0" />
  </table>
  <table name="Exhaust Cam Retard Angle A (AVCS)" address="6a598">
    <table name="X" address="6a518" />
    <table name="Y" address="6a550" />
  </table>
  <table name="Exhaust Cam Retard Angle B (AVCS)" address="6a810">
    <table name="X" address="6a790" />
    <table name="Y" address="6a7c8" />
  </table>
  <table name="Requested Torque (Accelerator Pedal)" address="672f4">
    <table name="X" address="67260" elements="20" />
    <table name="Y" address="672b0" />
  </table>
  <table name="Target Throttle Plate Position A (Requested Torque)" address="66d9c">
    <table name="X" address="66d18" />
    <table name="Y" address="66d5c" />
  </table>
  <table name="Target Throttle Plate Position B (Requested Torque)" address="67040">
    <table name="X" address="66fbc" />
    <table name="Y" address="67000" />
  </table>
  <table name="Rev Limit (Fuel Cut)" address="6231c" />
  <table name="Rev Limit Fuel Resume (Boost)" address="62324" />
  <table name="Speed Limiting Enable (Fuel Cut)" address="6229c" />
  <table name="Speed Limiting Disable (Fuel Cut)" address="622a4" />
  <table name="Speed Limiting (Throttle)" address="60f64" />
  <table name="Intake Temp Sensor Scaling" address="5da78">
    <table name="Y" address="5da00" />
  </table>
  <table name="Coolant Temp Sensor Scaling" address="5d990">
    <table name="Y" address="5d920" />
  </table>
  <table name="Atmospheric Pressure Sensor Scaling" address="5dc68" />
  <table name="Radiator Fan Modes (ECT)" address="68eec" />
  <table name="Radiator Fan Modes (Veh. Speed)" address="68efc" />
  <table name="Idle Speed Target A" address="663c6">
    <table name="Y" address="65eb8" />
  </table>
  <table name="Idle Speed Target B" address="66406">
    <table name="Y" address="65eb8" />
  </table>
  <table name="Idle Speed Target C" address="66446">
    <table name="Y" address="65eb8" />
  </table>
  <table name="Force Pass Readiness Monitors" address="510ba" />
  <table name="(P0031) FRONT O2 SENSOR LOW INPUT" address="4deb2" />
  <table name="(P0032) FRONT O2 SENSOR HIGH INPUT" address="4deb0" />
  <table name="(P0037) REAR O2 SENSOR LOW INPUT" address="4deb1" />
  <table name="(P0038) REAR O2 SENSOR HIGH INPUT" address="4deaf" />
  <table name="(P0102) MAF SENSOR LOW INPUT" address="4de61" />
  <table name="(P0103) MAF SENSOR HIGH INPUT" address="4de62" />
  <table name="(P0107) MAP SENSOR LOW INPUT" address="4deb5" />
  <table name="(P0108) MAP SENSOR HIGH INPUT" address="4deb6" />
  <table name="(P0112) IAT SENSOR LOW INPUT" address="4deac" />
  <table name="(P0113) IAT SENSOR HIGH INPUT" address="4dead" />
  <table name="(P0117) COOLANT TEMP SENSOR LOW INPUT" address="4de69" />
  <table name="(P0118) COOLANT TEMP SENSOR HIGH INPUT" address="4de6a" />
  <table name="(P0122) TPS A LOW INPUT" address="4de66" />
  <table name="(P0123) TPS A HIGH INPUT" address="4de67" />
  <table name="(P0131) FRONT O2 SENSOR LOW INPUT" address="4dea9" />
  <table name="(P0132) FRONT O2 SENSOR HIGH INPUT" address="4deaa" />
  <table name="(P0134) FRONT O2 SENSOR NO ACTIVITY" address="4ded8" />
  <table name="(P0137) REAR O2 SENSOR LOW VOLTAGE" address="4dea8" />
  <table name="(P0138) REAR O2 SENSOR HIGH VOLTAGE" address="4deab" />
  <table name="(P0171) SYSTEM TOO LEAN" address="4de9e" />
  <table name="(P0172) SYSTEM TOO RICH" address="4de9f" />
  <table name="(P0222) TPS B LOW INPUT" address="4dedc" />
  <table name="(P0223) TPS B HIGH INPUT" address="4dedd" />
  <table name="(P0230) FUEL PUMP PRIMARY CIRCUIT" address="4ded3" />
  <table name="(P0245) WASTEGATE SOLENOID A LOW" address="4debc" />
  <table name="(P0246) WASTEGATE SOLENOID A HIGH" address="4debd" />
  <table name="(P0261) FUEL INJECTOR #1 CIRCUIT LOW" address="4dec3" />
  <table name="(P0264) FUEL INJECTOR #2 CIRCUIT LOW" address="4dec4" />
  <table name="(P0267) FUEL INJECTOR #3 CIRCUIT LOW" address="4dec5" />
  <table name="(P0270) FUEL INJECTOR #4 CIRCUIT LOW" address="4dec6" />
  <table name="(P0327) KNOCK SENSOR 1 LOW INPUT" address="4de64" />
  <table name="(P0328) KNOCK SENSOR 1 HIGH INPUT" address="4de65" />
  <table name="(P0335) CRANKSHAFT POS. SENSOR A MALFUNCTION" address="4de5c" />
  <table name="(P0340) CAMSHAFT POS. SENSOR A MALFUNCTION_" address="4def0" />
  <table name="(P0345) CAMSHAFT POS. SENSOR A BANK 2" address="4deef" />
  <table name="(P0350) IGNITION COIL PRIMARY/SECONDARY" address="4de70" />
  <table name="(P0365) CAMSHAFT POS. SENSOR B BANK 1_" address="4deee" />
  <table name="(P0390) CAMSHAFT POS. SENSOR B BANK 2_" address="4deed" />
  <table name="(P0458) EVAP PURGE VALVE CIRCUIT LOW" address="4de90" />
  <table name="(P0459) EVAP PURGE VALVE CIRCUIT HIGH" address="4de91" />
  <table name="(P0500) VEHICLE SPEED SENSOR A" address="4de63" />
  <table name="(P0512) STARTER REQUEST CIRCUIT" address="4de72" />
  <table name="(P0519) IDLE CONTROL MALFUNCTION (FAIL-SAFE)" address="4ded6" />
  <table name="(P0562) SYSTEM VOLTAGE LOW" address="4deba" />
  <table name="(P0563) SYSTEM VOLTAGE HIGH" address="4debb" />
  <table name="(P0600) SERIAL COMMUNICATION LINK" address="4deec" />
  <table name="(P0604) CONTROL MODULE RAM ERROR" address="4de60" />
  <table name="(P0605) CONTROL MODULE ROM ERROR" address="4def1" />
  <table name="(P0607) CONTROL MODULE PERFORMANCE" address="4dee4" />
  <table name="(P0638) THROTTLE ACTUATOR RANGE/PERF" address="4dee3" />
  <table name="(P0700) TRANSMISSION CONTROL SYSTEM" address="4defa" />
  <table name="(P0851) NEUTRAL SWITCH INPUT LOW" address="4de76" />
  <table name="(P0852) NEUTRAL SWITCH INPUT HIGH" address="4de7a" />
  <table name="(P1110) ATMOS. PRESSURE SENSOR LOW INPUT" address="4deb3" />
  <table name="(P1111) ATMOS. PRESSURE SENSOR HIGH INPUT" address="4deb4" />
  <table name="(P1160) ABNORMAL RETURN SPRING" address="4dede" />
  <table name="(P1518) STARTER SWITCH LOW INPUT" address="4de71" />
  <table name="(P1560) BACK-UP VOLTAGE MALFUNCTION" address="4deb9" />
  <table name="(P2088) OCV SOLENOID A1 CIRCUIT OPEN" address="4def9" />
  <table name="(P2089) OCV SOLENOID A1 CIRCUIT SHORT" address="4def8" />
  <table name="(P2090) OCV SOLENOID B1 CIRCUIT OPEN" address="4def5" />
  <table name="(P2091) OCV SOLENOID B1 CIRCUIT SHORT" address="4def4" />
  <table name="(P2092) OCV SOLENOID A2 CIRCUIT OPEN" address="4def7" />
  <table name="(P2093) OCV SOLENOID A2 CIRCUIT SHORT" address="4def6" />
  <table name="(P2094) OCV SOLENOID B2 CIRCUIT OPEN" address="4def3" />
  <table name="(P2095) OCV SOLENOID B2 CIRCUIT SHORT" address="4def2" />
  <table name="(P2101) THROTTLE ACTUATOR CIRCUIT RANGE/PERF" address="4dee1" />
  <table name="(P2102) THROTTLE ACTUATOR CIRCUIT LOW" address="4dedf" />
  <table name="(P2103) THROTTLE ACTUATOR CIRCUIT HIGH" address="4dee0" />
  <table name="(P2109) TPS A MINIMUM STOP PERF" address="4dedb" />
  <table name="(P2122) TPS D CIRCUIT LOW INPUT" address="4dee8" />
  <table name="(P2123) TPS D CIRCUIT HIGH INPUT" address="4dee9" />
  <table name="(P2127) TPS E CIRCUIT LOW INPUT" address="4dee6" />
  <table name="(P2128) TPS E CIRCUIT HIGH INPUT" address="4dee7" />
  <table name="(P2135) TPS A/B VOLTAGE" address="4deea" />
  <table name="(P2138) TPS D/E VOLTAGE" address="4dee5" />
</rom>