<rom>
  <romid>
    <xmlid>A2ZJ800G</xmlid>
    <internalidaddress>2000</internalidaddress>
    <internalidstring>A2ZJ800G</internalidstring>
    <ecuid>2F54505006</ecuid>
    <year>04</year>
    <market>ADM</market>
    <make>Subaru</make>
    <model>Liberty</model>
    <submodel>GT</submodel>
    <transmission>AT</transmission>
    <memmodel>SH7055</memmodel>
    <flashmethod>sti04</flashmethod>
    <checksummodule>subarudbw</checksummodule>
  </romid>
  <include>32BITBASE</include>
  <table name="Target Boost A" address="5e598">
    <table name="X" address="5e548" />
    <table name="Y" address="5e568" />
  </table>
  <table name="Target Boost B" address="5e6a8">
    <table name="X" address="5e658" />
    <table name="Y" address="5e678" />
  </table>
  <table name="Target Boost Compensation (ECT)" address="5dde8">
    <table name="Y" address="5dce8" />
  </table>
  <table name="Target Boost Compensation (1st Gear)" address="5dce4" />
  <table name="Target Boost Compensation (1st Gear) Speed Disable" address="5dcdc" />
  <table name="Target Boost Compensation (Atm. Pressure) Multiplier" address="5dee8">
    <table name="Y" address="5ded8" />
  </table>
  <table name="Target Boost Compensation (Atm. Pressure) Multiplier Offset" address="5de18">
    <table name="Y" address="5de08" />
  </table>
  <table name="Boost Limit (Fuel Cut)" address="62958">
    <table name="Y" address="62940" />
  </table>
  <table name="Boost Control Disable (IAM)" address="5dcc4" />
  <table name="Boost Control Disable (Fine Correction)" address="5dcc0" />
  <table name="Boost Control Disable Delay (Fine Correction)" address="5dc69" />
  <table name="Initial Wastegate Duty A" address="5dfd8">
    <table name="X" address="5df88" />
    <table name="Y" address="5dfa8" />
  </table>
  <table name="Initial Wastegate Duty B" address="5e0e8">
    <table name="X" address="5e098" />
    <table name="Y" address="5e0b8" />
  </table>
  <table name="Max Wastegate Duty" address="5e408">
    <table name="X" address="5e3c8" />
    <table name="Y" address="5e3e8" />
  </table>
  <table name="Max Wastegate Duty Limit Post-Compensation" address="14468" />
  <table name="Initial/Max Wastegate Duty Compensation (IAT)" address="5dd68">
    <table name="Y" address="5dd28" />
  </table>
  <table name="Initial/Max Wastegate Duty Compensation (ECT)" address="5ddc8">
    <table name="Y" address="5dce8" />
  </table>
  <table name="Initial/Max Wastegate Duty Compensation (Atm. Pressure)" address="5df30">
    <table name="X" address="5df08" />
    <table name="Y" address="5df20" />
  </table>
  <table name="Turbo Dynamics Proportional" address="5de54">
    <table name="Y" address="5de30" />
  </table>
  <table name="Turbo Dynamics Integral Positive" address="5dec4">
    <table name="Y" address="5dea0" />
  </table>
  <table name="Turbo Dynamics Integral Negative" address="5de8c">
    <table name="Y" address="5de68" />
  </table>
  <table name="TD Activation Thresholds (RPM)" address="5dca0" />
  <table name="TD Activation Thresholds (Target Boost)" address="5dc74" />
  <table name="TD Integral Cumulative Range (WGDC Correction)" address="5dcb0" />
  <table name="TD Integral Negative Activation (Boost Error)" address="5dc84" />
  <table name="TD Integral Positive Activation (Boost Error)" address="5dc8c" />
  <table name="TD Integral Positive Activation (Wastegate Duty)" address="5dc94" />
  <table name="Manifold Pressure Sensor Scaling" address="5d764" />
  <table name="Manifold Pressure Sensor Limits (CEL)" address="67ba0" />
  <table name="Manifold Pressure Sensor CEL Delays" address="61519" />
  <table name="Primary Open Loop Fueling A" address="62df0">
    <table name="X" address="62d68" elements="16" />
    <table name="Y" address="62da8" />
  </table>
  <table name="Primary Open Loop Fueling B" address="62f98">
    <table name="X" address="62f10" elements="16" />
    <table name="Y" address="62f50" />
  </table>
  <table name="Primary Open Loop Fueling A (Failsafe)" address="63140">
    <table name="X" address="630b8" elements="16" />
    <table name="Y" address="630f8" />
  </table>
  <table name="Primary Open Loop Fueling B (Failsafe)" address="632e8">
    <table name="X" address="63260" elements="16" />
    <table name="Y" address="632a0" />
  </table>
  <table name="Primary Open Loop Fuel Map Switch (IAM)" address="61be0" />
  <table name="Minimum Active Primary Open Loop Enrichment" address="61b44" />
  <table name="Minimum Primary Open Loop Enrichment (Throttle)" address="620e4">
    <table name="Y" address="620cc" />
  </table>
  <table name="Primary Open Loop Fueling Compensation (ECT)" address="627f8">
    <table name="Y" address="61e58" />
  </table>
  <table name="Primary Open Loop Fueling Compensation (Timing Compensation)_" address="62104">
    <table name="Y" address="620ec" />
  </table>
  <table name="Front Oxygen Sensor Scaling" address="6819c">
    <table name="Y" address="68168" />
  </table>
  <table name="Front Oxygen Sensor Rich Limit" address="20bf4" />
  <table name="Front Oxygen Sensor Compensation (Atm. Pressure)" address="60b3c">
    <table name="Y" address="60b2c" />
  </table>
  <table name="CL Fueling Target Compensation (Load)" address="63944">
    <table name="X" address="638fc" elements="8" />
    <table name="Y" address="6391c" />
  </table>
  <table name="CL Fueling Target Compensation (ECT)_" address="6259e">
    <table name="Y" address="61e58" />
  </table>
  <table name="CL to OL Delay" address="618bc">
    <table name="Y" elements="6" />
  </table>
  <table name="CL to OL Transition with Delay (Throttle)" address="620bc">
    <table name="Y" address="6207c" />
  </table>
  <table name="CL to OL Transition with Delay Throttle Hysteresis" address="61b48" />
  <table name="CL to OL Transition with Delay (Base Pulse Width)" address="627d8">
    <table name="Y" address="62798" />
  </table>
  <table name="CL to OL Transition with Delay BPW Hysteresis" address="61b4c" />
  <table name="CL Delay Maximum (Vehicle Speed)" address="61bc0" />
  <table name="CL Delay Minimum (ECT)" address="61b50" />
  <table name="CL Delay Maximum Engine Speed (Per Gear)" address="61b54" />
  <table name="CL Delay Maximum Engine Speed (Neutral)" address="61ba4" />
  <table name="CL Delay Throttle Atm. Pressure Thresholds" address="61bd0" />
  <table name="CL Delay Maximum (Throttle) (Low Atm. Pressure)" address="61bb4" />
  <table name="CL Delay Maximum (Throttle) (High Atm. Pressure)" address="61bac" />
  <table name="Injector Latency" address="67c74">
    <table name="Y" address="67c60" />
  </table>
  <table name="Injector Flow Scaling" address="619e0" />
  <table name="Per Injector Primary Fuel Offset Compensation A" address="63444">
    <table name="X" address="63408" />
    <table name="Y" address="63428" elements="7" />
  </table>
  <table name="Per Injector Primary Fuel Offset Compensation B" address="634b8">
    <table name="X" address="6347c" />
    <table name="Y" address="6349c" elements="7" />
  </table>
  <table name="Per Injector Primary Fuel Offset Compensation C" address="6352c">
    <table name="X" address="634f0" />
    <table name="Y" address="63510" elements="7" />
  </table>
  <table name="Per Injector Primary Fuel Offset Compensation D" address="635a0">
    <table name="X" address="63564" />
    <table name="Y" address="63584" elements="7" />
  </table>
  <table name="Cranking Fuel Injector Pulse Width A (ECT)" address="622ba">
    <table name="Y" address="61e58" />
  </table>
  <table name="Cranking Fuel Injector Pulse Width B (ECT)" address="622da">
    <table name="Y" address="61e58" />
  </table>
  <table name="Cranking Fuel Injector Pulse Width C (ECT)" address="622fa">
    <table name="Y" address="61e58" />
  </table>
  <table name="Cranking Fuel Injector Pulse Width D (ECT)" address="6231a">
    <table name="Y" address="61e58" />
  </table>
  <table name="Cranking Fuel IPW Compensation (RPM)" address="62bf4">
    <table name="X" address="62bc4" />
    <table name="Y" address="62bd8" />
  </table>
  <table name="Cranking Fuel IPW Compensation (Accelerator)" address="61ef0">
    <table name="Y" address="61ed8" />
  </table>
  <table name="Throttle Tip-in Enrichment" address="628fc">
    <table name="Y" address="628b8" elements="17" />
  </table>
  <table name="Minimum Tip-in Enrichment Activation" address="61c90" />
  <table name="Minimum Tip-in Enrichment Activation (Throttle)" address="61c8c" />
  <table name="Tip-in Enrichment Compensation (Boost Error)" address="62178">
    <table name="Y" address="62154" />
  </table>
  <table name="Tip-in Enrichment Compensation (ECT)" address="6291e">
    <table name="Y" address="61e58" />
  </table>
  <table name="Tip-in Enrichment Disable Applied Counter Threshold" address="6188e" />
  <table name="Tip-in Enrichment Applied Counter Reset" address="6188f" />
  <table name="Tip-in Enrichment Disable Throttle Cumulative Threshold" address="61c94" />
  <table name="Tip-in Throttle Cumulative Reset" address="61890" />
  <table name="Min Primary Base Enrichment 1" address="61f46">
    <table name="Y" address="61e58" />
  </table>
  <table name="Min Primary Base Enrichment 1 (Non-Primary OL)" address="62d48">
    <table name="X" address="62d14" />
    <table name="Y" address="62d3c" />
  </table>
  <table name="Min Primary Base Enrich 2 Initial Start 1A" address="623ba">
    <table name="Y" address="61e58" />
  </table>
  <table name="Min Primary Base Enrich 2 Initial Start 1B" address="623fa">
    <table name="Y" address="61e58" />
  </table>
  <table name="Min Primary Base Enrich 2 Initial Start 2A" address="623da">
    <table name="Y" address="61e58" />
  </table>
  <table name="Min Primary Base Enrich 2 Initial Start 2B" address="6241a">
    <table name="Y" address="61e58" />
  </table>
  <table name="Min Primary Base Enrich 2 Decay Step 1" address="6243a">
    <table name="Y" address="61e58" />
  </table>
  <table name="Min Primary Base Enrich 2 Decay Step 2" address="6245a">
    <table name="Y" address="61e58" />
  </table>
  <table name="Min Primary Base Enrich 3 Initial Start 1A" address="6233a">
    <table name="Y" address="61e58" />
  </table>
  <table name="Min Primary Base Enrich 3 Initial Start 1B" address="6235a">
    <table name="Y" address="61e58" />
  </table>
  <table name="Min Primary Base Enrich 3 Initial Start 2A" address="6237a">
    <table name="Y" address="61e58" />
  </table>
  <table name="Min Primary Base Enrich 3 Initial Start 2B" address="6239a">
    <table name="Y" address="61e58" />
  </table>
  <table name="Min Primary Base Enrich 3 Decay Delay A" address="61f06">
    <table name="Y" address="61e58" />
  </table>
  <table name="Min Primary Base Enrich 3 Decay Delay B" address="61f16">
    <table name="Y" address="61e58" />
  </table>
  <table name="Min Primary Base Enrich 3 Decay Multiplier" address="619e4" />
  <table name="A/F Learning #1 Limits" address="61af0" />
  <table name="A/F Learning #1 Airflow Ranges" address="61afc" />
  <table name="MAF Limit (Maximum)" address="60750" />
  <table name="MAF Sensor Scaling" address="67fa0">
    <table name="Y" address="67ec8" />
  </table>
  <table name="MAF Compensation (IAT)" address="60ffc">
    <table name="X" address="60fc8" />
    <table name="Y" address="60fdc" />
  </table>
  <table name="Engine Load Limit (Maximum)" address="1f268" />
  <table name="Engine Load Compensation (MP)" address="60f44">
    <table name="X" address="60ee8" />
    <table name="Y" address="60f14" elements="12" />
  </table>
  <table name="Base Timing A" address="64af0">
    <table name="X" address="64a64" elements="17" />
    <table name="Y" address="64aa8" />
  </table>
  <table name="Base Timing B" address="64cb0">
    <table name="X" address="64c24" elements="17" />
    <table name="Y" address="64c68" />
  </table>
  <table name="Base Timing Idle (Below Speed Threshold)" address="63eb8" />
  <table name="Base Timing Idle (Above Speed Threshold)" address="64290">
    <table name="Y" address="6426c" />
  </table>
  <table name="Base Timing Idle Vehicle Speed Threshold" address="63e8c" />
  <table name="Knock Correction Advance Max A" address="64f10">
    <table name="X" address="64e84" elements="17" />
    <table name="Y" address="64ec8" />
  </table>
  <table name="Knock Correction Advance Max B" address="650d0">
    <table name="X" address="65044" elements="17" />
    <table name="Y" address="65088" />
  </table>
  <table name="Timing Compensation (IAT)" address="642fc">
    <table name="Y" address="642bc" />
  </table>
  <table name="Timing Comp Min Load (IAT)" address="63ebc" />
  <table name="Timing Compensation (ECT)" address="642a9">
    <table name="Y" address="64114" />
  </table>
  <table name="Timing Compensation (MRP)" address="65238">
    <table name="X" address="65218" />
    <table name="Y" address="6522c" />
  </table>
  <table name="Timing Compensation Per Cylinder A__" address="64644">
    <table name="Y" address="6460c" />
  </table>
  <table name="Timing Compensation Per Cylinder B__" address="6468c">
    <table name="Y" address="64654" />
  </table>
  <table name="Timing Compensation Per Cylinder C__" address="646d4">
    <table name="Y" address="6469c" />
  </table>
  <table name="Timing Compensation Per Cylinder D__" address="6471c">
    <table name="Y" address="646e4" />
  </table>
  <table name="Timing Comp Minimum Load (Per Cylinder)" address="63f98" />
  <table name="Timing Comp Maximum RPM (Per Cylinder)" address="63f94" />
  <table name="Timing Comp Minimum Coolant Temp (Per Cylinder)" address="63f9c" />
  <table name="Feedback Correction Range (RPM)" address="63fcc" />
  <table name="Feedback Correction Minimum Load" address="63fdc" />
  <table name="Feedback Correction Retard Value" address="63fb0" />
  <table name="Feedback Correction Retard Limit" address="63fac" />
  <table name="Feedback Correction Negative Advance Value" address="63fb4" />
  <table name="Feedback Correction Negative Advance Delay" address="63dae" />
  <table name="Extended Feedback Correction High RPM Compensation" address="63fe4" />
  <table name="Fine Correction Range (RPM)" address="640b4" />
  <table name="Fine Correction Range (Load)" address="640c4" />
  <table name="Fine Correction Rows (RPM)" address="640e4" />
  <table name="Fine Correction Columns (Load)" address="640d4" />
  <table name="Fine Correction Retard Value" address="640fc" />
  <table name="Fine Correction Retard Limit" address="640ac" />
  <table name="Fine Correction Advance Value" address="640b0" />
  <table name="Fine Correction Advance Limit" address="640a8" />
  <table name="Fine Correction Advance Delay" address="63dbc" />
  <table name="Rough Correction Range (RPM)" address="6405c" />
  <table name="Rough Correction Range (Load)" address="6406c" />
  <table name="Rough Correction Minimum KC Advance Map Value" address="6407c" />
  <table name="Rough Correction Learning Delay (Increasing)" address="64754">
    <table name="Y" address="6472c" />
  </table>
  <table name="Advance Multiplier (Initial)" address="64058" />
  <table name="Advance Multiplier Step Value" address="64080" />
  <table name="Intake Cam Advance Angle A (AVCS)" address="69678">
    <table name="X" address="695f8" />
    <table name="Y" address="69630" />
  </table>
  <table name="Intake Cam Advance Angle B (AVCS)" address="698f0">
    <table name="X" address="69870" />
    <table name="Y" address="698a8" />
  </table>
  <table name="Exhaust Cam Retard Angle A (AVCS)" address="69fa0">
    <table name="X" address="69f20" />
    <table name="Y" address="69f58" />
  </table>
  <table name="Exhaust Cam Retard Angle B (AVCS)" address="6a218">
    <table name="X" address="6a198" />
    <table name="Y" address="6a1d0" />
  </table>
  <table name="Requested Torque (Accelerator Pedal)" address="66cfc">
    <table name="X" address="66c68" elements="20" />
    <table name="Y" address="66cb8" />
  </table>
  <table name="Target Throttle Plate Position A (Requested Torque)" address="667a4">
    <table name="X" address="66720" />
    <table name="Y" address="66764" />
  </table>
  <table name="Target Throttle Plate Position B (Requested Torque)" address="66a48">
    <table name="X" address="669c4" />
    <table name="Y" address="66a08" />
  </table>
  <table name="Rev Limit (Fuel Cut)" address="61d58" />
  <table name="Rev Limit Fuel Resume (Boost)" address="61d60" />
  <table name="Speed Limiting Enable (Fuel Cut)" address="61cd8" />
  <table name="Speed Limiting Disable (Fuel Cut)" address="61ce0" />
  <table name="Speed Limiting (Throttle)" address="609f0" />
  <table name="Intake Temp Sensor Scaling" address="5d518">
    <table name="Y" address="5d4a0" />
  </table>
  <table name="Coolant Temp Sensor Scaling" address="5d430">
    <table name="Y" address="5d3c0" />
  </table>
  <table name="Atmospheric Pressure Sensor Scaling" address="5d708" />
  <table name="Radiator Fan Modes (ECT)" address="688f4" />
  <table name="Radiator Fan Modes (Veh. Speed)" address="68904" />
  <table name="Idle Speed Target A" address="65dee">
    <table name="Y" address="658e0" />
  </table>
  <table name="Idle Speed Target B" address="65e2e">
    <table name="Y" address="658e0" />
  </table>
  <table name="Idle Speed Target C" address="65e6e">
    <table name="Y" address="658e0" />
  </table>
  <table name="Force Pass Readiness Monitors" address="50b7a" />
  <table name="(P0031) FRONT O2 SENSOR LOW INPUT" address="4d972" />
  <table name="(P0032) FRONT O2 SENSOR HIGH INPUT" address="4d970" />
  <table name="(P0037) REAR O2 SENSOR LOW INPUT" address="4d971" />
  <table name="(P0038) REAR O2 SENSOR HIGH INPUT" address="4d96f" />
  <table name="(P0102) MAF SENSOR LOW INPUT" address="4d921" />
  <table name="(P0103) MAF SENSOR HIGH INPUT" address="4d922" />
  <table name="(P0107) MAP SENSOR LOW INPUT" address="4d975" />
  <table name="(P0108) MAP SENSOR HIGH INPUT" address="4d976" />
  <table name="(P0112) IAT SENSOR LOW INPUT" address="4d96c" />
  <table name="(P0113) IAT SENSOR HIGH INPUT" address="4d96d" />
  <table name="(P0117) COOLANT TEMP SENSOR LOW INPUT" address="4d929" />
  <table name="(P0118) COOLANT TEMP SENSOR HIGH INPUT" address="4d92a" />
  <table name="(P0122) TPS A LOW INPUT" address="4d926" />
  <table name="(P0123) TPS A HIGH INPUT" address="4d927" />
  <table name="(P0131) FRONT O2 SENSOR LOW INPUT" address="4d969" />
  <table name="(P0132) FRONT O2 SENSOR HIGH INPUT" address="4d96a" />
  <table name="(P0134) FRONT O2 SENSOR NO ACTIVITY" address="4d998" />
  <table name="(P0137) REAR O2 SENSOR LOW VOLTAGE" address="4d968" />
  <table name="(P0138) REAR O2 SENSOR HIGH VOLTAGE" address="4d96b" />
  <table name="(P0171) SYSTEM TOO LEAN" address="4d95e" />
  <table name="(P0172) SYSTEM TOO RICH" address="4d95f" />
  <table name="(P0222) TPS B LOW INPUT" address="4d99c" />
  <table name="(P0223) TPS B HIGH INPUT" address="4d99d" />
  <table name="(P0230) FUEL PUMP PRIMARY CIRCUIT" address="4d993" />
  <table name="(P0245) WASTEGATE SOLENOID A LOW" address="4d97c" />
  <table name="(P0246) WASTEGATE SOLENOID A HIGH" address="4d97d" />
  <table name="(P0261) FUEL INJECTOR #1 CIRCUIT LOW" address="4d983" />
  <table name="(P0264) FUEL INJECTOR #2 CIRCUIT LOW" address="4d984" />
  <table name="(P0267) FUEL INJECTOR #3 CIRCUIT LOW" address="4d985" />
  <table name="(P0270) FUEL INJECTOR #4 CIRCUIT LOW" address="4d986" />
  <table name="(P0327) KNOCK SENSOR 1 LOW INPUT" address="4d924" />
  <table name="(P0328) KNOCK SENSOR 1 HIGH INPUT" address="4d925" />
  <table name="(P0335) CRANKSHAFT POS. SENSOR A MALFUNCTION" address="4d91c" />
  <table name="(P0340) CAMSHAFT POS. SENSOR A MALFUNCTION_" address="4d9b0" />
  <table name="(P0345) CAMSHAFT POS. SENSOR A BANK 2" address="4d9af" />
  <table name="(P0350) IGNITION COIL PRIMARY/SECONDARY" address="4d930" />
  <table name="(P0365) CAMSHAFT POS. SENSOR B BANK 1_" address="4d9ae" />
  <table name="(P0390) CAMSHAFT POS. SENSOR B BANK 2_" address="4d9ad" />
  <table name="(P0458) EVAP PURGE VALVE CIRCUIT LOW" address="4d950" />
  <table name="(P0459) EVAP PURGE VALVE CIRCUIT HIGH" address="4d951" />
  <table name="(P0500) VEHICLE SPEED SENSOR A" address="4d923" />
  <table name="(P0512) STARTER REQUEST CIRCUIT" address="4d932" />
  <table name="(P0519) IDLE CONTROL MALFUNCTION (FAIL-SAFE)" address="4d996" />
  <table name="(P0562) SYSTEM VOLTAGE LOW" address="4d97a" />
  <table name="(P0563) SYSTEM VOLTAGE HIGH" address="4d97b" />
  <table name="(P0600) SERIAL COMMUNICATION LINK" address="4d9ac" />
  <table name="(P0604) CONTROL MODULE RAM ERROR" address="4d920" />
  <table name="(P0605) CONTROL MODULE ROM ERROR" address="4d9b1" />
  <table name="(P0607) CONTROL MODULE PERFORMANCE" address="4d9a4" />
  <table name="(P0638) THROTTLE ACTUATOR RANGE/PERF" address="4d9a3" />
  <table name="(P0700) TRANSMISSION CONTROL SYSTEM" address="4d9ba" />
  <table name="(P0851) NEUTRAL SWITCH INPUT LOW" address="4d936" />
  <table name="(P0852) NEUTRAL SWITCH INPUT HIGH" address="4d93a" />
  <table name="(P1110) ATMOS. PRESSURE SENSOR LOW INPUT" address="4d973" />
  <table name="(P1111) ATMOS. PRESSURE SENSOR HIGH INPUT" address="4d974" />
  <table name="(P1160) ABNORMAL RETURN SPRING" address="4d99e" />
  <table name="(P1518) STARTER SWITCH LOW INPUT" address="4d931" />
  <table name="(P1560) BACK-UP VOLTAGE MALFUNCTION" address="4d979" />
  <table name="(P2088) OCV SOLENOID A1 CIRCUIT OPEN" address="4d9b9" />
  <table name="(P2089) OCV SOLENOID A1 CIRCUIT SHORT" address="4d9b8" />
  <table name="(P2090) OCV SOLENOID B1 CIRCUIT OPEN" address="4d9b5" />
  <table name="(P2091) OCV SOLENOID B1 CIRCUIT SHORT" address="4d9b4" />
  <table name="(P2092) OCV SOLENOID A2 CIRCUIT OPEN" address="4d9b7" />
  <table name="(P2093) OCV SOLENOID A2 CIRCUIT SHORT" address="4d9b6" />
  <table name="(P2094) OCV SOLENOID B2 CIRCUIT OPEN" address="4d9b3" />
  <table name="(P2095) OCV SOLENOID B2 CIRCUIT SHORT" address="4d9b2" />
  <table name="(P2101) THROTTLE ACTUATOR CIRCUIT RANGE/PERF" address="4d9a1" />
  <table name="(P2102) THROTTLE ACTUATOR CIRCUIT LOW" address="4d99f" />
  <table name="(P2103) THROTTLE ACTUATOR CIRCUIT HIGH" address="4d9a0" />
  <table name="(P2109) TPS A MINIMUM STOP PERF" address="4d99b" />
  <table name="(P2122) TPS D CIRCUIT LOW INPUT" address="4d9a8" />
  <table name="(P2123) TPS D CIRCUIT HIGH INPUT" address="4d9a9" />
  <table name="(P2127) TPS E CIRCUIT LOW INPUT" address="4d9a6" />
  <table name="(P2128) TPS E CIRCUIT HIGH INPUT" address="4d9a7" />
  <table name="(P2135) TPS A/B VOLTAGE" address="4d9aa" />
  <table name="(P2138) TPS D/E VOLTAGE" address="4d9a5" />
</rom>