Time (msec),A/F Correction #1 (%),A/F Learning #1 (%),A/F Sensor #1 (AFR),CL/OL Fueling* (status),Engine Load*  (g/rev),Engine Speed (rpm),Feedback Knock Correction* (degrees),Fine Learning Knock Correction* (degrees),Fueling Final Base* (estimated AFR),IAM* (raw ecu value),Ignition Base Timing* (degrees),Ignition Total Timing (degrees),Intake Air Temperature (F),Manifold Absolute Pressure (psi),Manifold Relative Sea Level Pressure (Direct)* (psi relative sea level),Mass Airflow (g/s),Mass Airflow Sensor Voltage (V),Target Boost* (psi relative sea level),Throttle Opening Angle (%),Throttle Sensor Voltage (V),AEM UEGO Wideband [9600 baud] (AFR Gasoline)
0,0.00,0.00,17.11,7,0.25,2203,0.00,0.00,13.48,16,11.99,11.50,59,3.77,-10.87,8.77,1.64,-2.01,0.00,0.64,14.80
76,0.00,0.00,17.57,7,0.29,2104,0.00,0.00,13.27,16,12.34,11.50,59,3.92,-10.67,8.86,1.68,-2.01,3.14,0.68,14.80
152,0.00,0.00,18.15,7,0.37,1977,0.00,0.00,13.27,16,18.32,12.00,59,4.06,-14.70,9.49,1.80,-1.39,6.27,0.82,14.80
227,0.00,0.00,18.15,7,0.41,1963,0.00,0.00,14.66,16,27.46,16.50,59,4.93,-8.95,11.67,1.86,-1.39,7.06,0.86,14.80
302,0.00,0.00,18.38,7,0.40,2048,0.00,0.00,13.76,16,36.60,32.00,59,6.09,-8.41,13.92,1.88,-1.70,7.45,0.88,14.80
377,0.00,0.00,18.38,7,0.45,1996,0.00,0.00,12.70,16,35.55,36.00,59,6.53,-8.01,14.47,1.90,-1.70,8.24,0.90,14.80
453,0.00,0.00,17.11,7,0.52,1902,0.00,0.00,14.65,16,35.55,35.00,59,6.96,-7.41,15.88,1.98,-1.39,9.02,0.94,14.80
528,-2.34,0.00,14.24,7,0.53,1931,0.00,0.00,14.65,16,36.25,35.50,59,7.55,-6.79,16.86,2.00,-1.39,9.02,0.94,14.80
603,-3.91,0.00,13.44,7,0.55,2020,0.00,0.00,14.65,16,35.90,36.00,59,7.98,-6.50,17.41,2.00,-1.39,9.41,0.94,14.80
679,-4.69,0.00,13.32,7,0.58,1960,0.00,0.00,14.64,16,35.90,35.50,59,8.27,-6.17,17.79,2.08,-1.39,10.20,0.96,14.80
754,-3.91,0.00,13.55,7,0.56,2022,0.00,0.00,14.10,16,36.60,35.50,59,8.56,-5.78,19.19,2.08,-1.39,10.59,0.98,14.80
830,-2.34,0.00,14.24,7,0.59,1992,0.00,0.00,14.64,16,35.55,36.00,59,9.14,-5.59,19.35,2.08,-1.08,10.59,0.98,14.80
905,-1.56,0.00,14.59,7,0.60,1978,0.00,0.00,14.64,16,35.90,35.50,59,9.29,-5.36,19.89,2.10,-0.77,10.98,1.00,14.80
981,-1.56,0.00,14.81,7,0.60,2047,0.00,0.00,14.65,16,36.60,36.00,59,9.43,-5.18,20.70,2.10,-0.77,10.98,1.00,14.80
1056,-0.78,0.00,14.93,7,0.62,2066,0.00,0.00,14.65,16,35.90,36.50,59,9.58,-5.09,20.89,2.12,-0.46,11.37,1.02,14.80
1131,0.00,0.00,15.27,7,0.61,1992,0.00,0.00,14.65,16,36.60,35.50,59,9.72,-4.89,20.99,2.12,-0.46,11.37,1.02,14.80
1207,0.00,0.00,15.16,7,0.63,2105,0.00,0.00,14.65,16,36.25,36.00,59,9.87,-4.81,21.08,2.14,-0.46,11.76,1.02,14.80
1282,0.78,0.00,15.27,7,0.64,2102,0.00,0.00,14.65,16,36.25,36.50,59,9.87,-4.74,22.13,2.16,-0.46,12.16,1.02,14.80
1358,1.56,0.00,15.50,7,0.65,2090,0.00,0.00,14.65,16,36.25,35.50,59,10.01,-4.60,22.79,2.16,0.15,12.55,1.04,14.80
1433,1.56,0.00,15.27,7,0.66,2144,0.00,0.00,14.65,16,36.60,36.00,59,10.16,-4.52,23.08,2.18,0.46,12.55,1.04,14.80
1509,1.56,0.00,15.16,7,0.67,2159,0.00,0.00,14.65,16,36.25,36.50,59,10.30,-4.43,23.60,2.20,0.46,12.94,1.06,14.80
1584,1.56,0.00,15.04,7,0.69,2146,0.00,0.00,14.65,16,36.25,36.00,59,10.30,-4.31,24.36,2.22,0.77,13.33,1.06,14.80
1659,0.78,0.00,14.81,7,0.70,2141,0.00,0.00,14.21,16,36.60,36.00,59,10.45,-4.20,24.89,2.24,0.77,13.73,1.08,14.80
1735,0.78,0.00,14.81,7,0.72,2210,0.00,0.00,14.65,16,36.25,36.50,59,10.45,-4.08,26.18,2.26,1.08,13.73,1.08,14.80
1810,0.78,0.00,14.59,7,0.73,2228,0.00,0.00,14.65,16,36.25,36.50,59,10.74,-3.93,26.73,2.26,1.08,14.12,1.08,14.80
1885,0.78,0.00,14.59,7,0.73,2234,0.00,0.00,14.65,16,36.95,36.50,59,10.88,-3.83,27.09,2.28,1.08,14.12,1.10,14.80
1961,0.78,0.00,14.70,7,0.73,2286,0.00,0.00,14.31,16,36.95,36.50,59,10.88,-3.75,27.79,2.28,1.08,14.12,1.10,14.80
2037,0.78,0.00,14.70,7,0.76,2278,0.00,0.00,14.66,16,36.95,36.50,59,11.03,-3.62,28.15,2.28,1.08,14.51,1.10,14.80
2112,1.56,0.00,14.70,7,0.75,2258,0.00,0.00,14.36,16,37.30,36.50,59,11.17,-3.54,28.49,2.30,1.39,14.90,1.12,14.80
2187,0.78,0.00,14.70,7,0.76,2361,0.00,0.00,14.66,16,37.30,37.00,59,11.17,-3.46,28.97,2.32,1.39,14.90,1.12,14.80
2263,1.56,0.00,14.70,7,0.80,2338,0.00,0.00,14.85,16,37.30,37.50,59,11.17,-3.33,31.30,2.34,2.01,14.90,1.12,14.80
2337,1.56,0.00,14.81,7,0.79,2391,0.00,0.00,14.66,16,37.66,37.50,59,11.46,-3.29,31.12,2.34,2.01,14.90,1.12,14.80
2413,0.78,0.00,14.70,7,0.82,2428,0.00,0.00,14.23,16,37.30,37.50,59,11.46,-3.21,32.75,2.36,1.70,15.29,1.14,14.80
2488,0.00,0.00,14.59,7,0.83,2407,0.00,0.00,14.65,16,37.30,36.50,59,11.61,-3.13,33.84,2.38,1.70,15.29,1.14,14.80
2564,0.00,0.00,14.36,7,0.83,2448,0.00,0.00,14.65,16,38.01,37.00,59,11.61,-3.11,34.02,2.40,1.70,15.69,1.14,14.80
2640,-0.78,0.00,14.13,7,0.85,2542,0.00,0.00,14.66,16,37.66,38.00,59,11.61,-3.06,34.93,2.40,2.01,15.69,1.14,14.80
2715,-0.78,0.00,14.24,7,0.87,2497,0.00,0.00,14.66,16,37.66,37.50,59,11.61,-2.98,35.11,2.42,2.01,15.69,1.16,14.80
2790,-1.56,0.00,14.36,7,0.86,2560,0.00,0.00,14.66,16,38.36,37.50,59,11.75,-2.94,36.61,2.42,2.01,16.08,1.16,14.80
2866,-2.34,0.00,14.13,7,0.87,2573,0.00,0.00,14.66,16,38.01,38.00,59,11.75,-2.86,36.76,2.42,2.01,16.08,1.16,14.80
2941,-2.34,0.00,14.13,7,0.87,2556,0.00,0.00,14.66,16,38.71,38.00,59,11.90,-2.80,37.30,2.42,2.63,16.47,1.16,14.80
3016,-2.34,0.00,14.24,7,0.88,2615,0.00,0.00,14.66,16,39.06,38.50,59,11.90,-2.77,37.44,2.44,2.32,16.47,1.18,14.80
3092,-3.12,0.00,14.36,7,0.87,2630,0.00,0.00,14.66,16,38.71,38.50,59,11.90,-2.69,38.39,2.48,2.32,16.47,1.18,14.80
3167,-2.34,0.00,14.47,7,0.89,2692,0.00,0.00,14.45,16,39.41,39.00,59,12.04,-2.67,38.80,2.48,2.94,16.86,1.18,14.80
3242,-3.12,0.00,14.47,7,0.89,2721,0.00,0.00,14.67,16,39.06,39.00,59,12.04,-2.67,39.75,2.48,2.94,16.86,1.18,14.80
3318,-3.91,0.00,14.36,7,0.89,2715,0.00,0.00,14.68,16,39.77,39.00,59,12.04,-2.59,40.31,2.48,2.94,16.86,1.20,14.80
3393,-3.91,0.00,14.24,7,0.89,2767,0.00,0.00,14.68,16,40.12,40.00,59,12.04,-2.59,40.58,2.50,2.94,16.86,1.20,14.80
3469,-3.91,0.00,14.36,7,0.90,2787,0.00,0.00,14.68,16,39.77,40.00,59,12.04,-2.55,41.39,2.50,2.94,17.25,1.20,14.80
3544,-3.91,0.00,14.59,7,0.90,2799,0.00,0.00,14.68,16,40.12,40.00,59,12.19,-2.51,42.08,2.52,3.25,17.65,1.20,14.80
3619,-3.91,0.00,14.59,7,0.91,2838,0.00,0.00,14.82,16,39.77,40.00,59,12.19,-2.49,42.35,2.54,3.25,17.65,1.22,14.80
3694,-3.91,0.00,14.59,7,0.90,2864,0.00,0.00,14.68,16,40.12,39.00,59,12.19,-2.46,43.29,2.52,3.25,17.65,1.22,14.80
3771,-3.91,0.00,14.59,7,0.91,2896,0.00,0.00,14.68,16,40.12,39.00,59,12.19,-2.46,43.63,2.54,3.25,17.65,1.22,14.80
3846,-3.91,0.00,14.59,7,0.91,2927,0.00,0.00,14.69,16,40.12,39.00,59,12.33,-2.42,44.16,2.54,3.25,17.65,1.22,14.80
3921,-4.69,0.00,14.59,7,0.90,2960,0.00,0.00,14.69,16,40.12,39.00,59,12.33,-2.44,45.03,2.56,3.87,17.65,1.22,14.80
3996,-4.69,0.00,14.36,7,0.90,2966,0.00,0.00,14.69,16,40.47,39.00,59,12.33,-2.38,45.20,2.56,3.87,17.65,1.22,14.80
4071,-5.47,0.00,14.36,7,0.89,2984,0.00,0.00,15.10,16,40.12,39.00,59,12.33,-2.38,45.38,2.58,3.87,17.65,1.22,14.80
4147,-4.69,0.00,14.47,7,0.90,3045,0.00,0.00,14.86,16,40.82,39.50,59,12.33,-2.36,46.25,2.56,3.87,18.04,1.22,14.80
4222,-4.69,0.00,14.59,7,0.89,3068,0.00,0.00,14.93,16,40.82,40.00,59,12.33,-2.32,45.72,2.56,3.87,18.04,1.22,14.80
4298,-4.69,0.00,14.59,7,0.88,3103,0.00,0.00,14.38,16,41.17,40.50,59,12.33,-2.32,45.72,2.56,3.87,18.04,1.22,14.80
4373,-4.69,0.00,14.70,7,0.88,3108,0.00,0.00,14.70,16,41.17,40.50,59,12.33,-2.30,46.42,2.58,3.87,18.04,1.22,14.80
4449,-5.47,0.00,14.59,7,0.88,3140,0.00,0.00,14.70,16,41.17,41.00,59,12.33,-2.32,45.90,2.58,3.87,18.04,1.22,14.80
4524,-5.47,0.00,14.47,7,0.87,3167,0.00,0.00,14.90,16,41.17,41.00,59,12.33,-2.34,46.24,2.58,3.87,18.04,1.22,14.80
4600,-5.47,0.00,14.47,7,0.88,3155,0.00,0.00,14.70,16,41.17,41.00,59,12.33,-2.34,46.77,2.58,3.87,18.04,1.22,14.80
4676,-5.47,0.00,14.59,7,0.88,3223,0.00,0.00,14.84,16,41.17,41.00,59,12.33,-2.34,46.94,2.60,3.87,16.08,1.22,14.80
4751,-5.47,0.00,14.59,7,0.67,3276,0.00,0.00,17.32,16,43.63,41.00,59,12.33,-0.43,32.84,2.24,1.08,0.00,0.80,14.80
4826,0.00,0.00,13.67,7,0.38,3377,0.00,0.00,15.89,16,36.60,42.50,59,6.53,-8.82,14.27,1.76,1.08,0.00,0.64,14.80
4902,0.00,0.00,12.29,7,0.26,3298,0.00,0.00,15.01,16,27.11,32.50,59,5.22,-9.90,10.24,1.72,-4.18,0.00,0.64,14.80
4977,0.00,0.00,11.94,7,0.24,3188,0.00,0.00,14.70,16,19.38,25.00,59,4.50,-10.36,11.89,1.80,-4.18,0.00,0.64,14.80
5052,0.00,0.00,11.94,7,0.25,3038,0.00,0.00,14.70,16,11.99,17.50,59,4.21,-10.58,12.49,1.84,-4.18,0.00,0.64,14.80
5128,0.00,0.00,14.70,7,0.28,2927,0.00,0.00,14.70,16,11.99,11.50,59,4.06,-10.67,12.94,1.86,-4.18,0.00,0.64,14.80
5203,0.00,0.00,16.88,7,0.29,2674,0.00,0.00,14.70,16,11.99,11.50,59,4.06,-10.69,13.16,1.84,-4.18,0.00,0.64,14.80
5278,0.00,0.00,18.72,7,0.29,2547,0.00,0.00,14.70,16,11.99,11.50,59,4.06,-10.75,12.72,1.82,-3.87,0.00,0.64,14.80
5354,0.00,0.00,20.10,7,0.29,2452,0.00,0.00,14.70,16,11.99,11.50,59,3.92,-10.81,12.00,1.80,-3.87,0.00,0.64,14.80
5429,0.00,0.00,22.05,7,0.29,2315,0.00,0.00,14.70,16,11.99,11.50,59,3.92,-10.81,11.20,1.76,-2.94,0.00,0.64,14.80
5505,0.00,0.00,23.66,7,0.29,2221,0.00,0.00,13.15,16,11.99,11.50,59,3.92,-10.77,10.64,1.72,-2.01,1.18,0.68,14.80
5580,0.00,0.00,24.12,7,0.35,2109,0.00,0.00,15.08,16,14.80,11.50,59,3.92,-10.31,10.54,1.80,-2.01,4.31,0.78,14.80
5655,0.00,0.00,24.23,7,0.30,2103,0.00,0.00,14.70,16,21.13,14.50,59,4.50,-9.86,12.38,1.76,-2.01,5.10,0.80,14.80
5730,0.00,0.00,24.12,7,0.34,2230,0.00,0.00,13.75,16,27.11,18.50,59,4.79,-9.61,11.10,1.82,-2.01,5.88,0.84,14.80
5806,0.00,0.00,24.12,7,0.36,2154,0.00,0.00,14.69,16,36.25,23.50,59,5.08,-9.20,13.27,1.86,-2.32,6.67,0.84,14.80
5881,0.00,0.00,23.08,7,0.39,2181,0.00,0.00,14.69,16,38.36,38.00,59,5.80,-8.72,13.62,1.88,-2.32,7.06,0.88,14.80
5956,-3.12,0.00,16.19,7,0.41,2184,0.00,0.00,14.68,16,38.01,38.00,59,6.24,-8.37,14.29,1.90,-2.32,7.45,0.88,14.80
6031,-6.25,0.00,14.13,7,0.44,2176,0.00,0.00,13.91,16,38.01,38.00,59,6.38,-7.93,14.90,1.98,-2.01,8.63,0.92,14.80
6107,-7.03,0.00,13.32,7,0.47,2192,0.00,0.00,14.67,16,38.01,38.00,59,6.82,-7.50,16.36,2.02,-2.01,8.63,0.92,14.80
6182,-3.91,0.00,14.01,7,0.49,2233,0.00,0.00,14.66,16,38.01,38.00,59,7.25,-7.14,17.21,2.04,-2.32,9.02,0.94,14.80
6258,-3.91,0.00,14.36,7,0.51,2176,0.00,0.00,14.66,16,38.01,38.00,59,7.55,-6.86,18.25,2.04,-2.32,9.41,0.94,14.80
6333,-3.91,0.00,14.70,7,0.51,2198,0.00,0.00,14.66,16,38.01,38.00,59,7.98,-6.63,18.63,2.06,-2.32,9.41,0.94,14.80
6409,-2.34,0.00,14.81,7,0.53,2176,0.00,0.00,14.66,16,38.36,38.00,59,8.13,-6.44,19.11,2.08,-1.70,9.80,0.96,14.80
6484,-2.34,0.00,15.04,7,0.55,2204,0.00,0.00,14.66,16,38.01,38.00,59,8.42,-6.13,19.89,2.10,-1.70,10.59,0.98,14.80
6559,-0.78,0.00,15.04,7,0.57,2188,0.00,0.00,13.96,16,38.36,38.00,59,8.56,-5.94,19.97,2.14,-1.39,10.98,1.00,14.80
6635,0.00,0.00,15.27,7,0.59,2205,0.00,0.00,14.65,16,38.01,38.00,59,8.85,-5.65,20.98,2.14,-1.39,10.98,1.00,14.80
6710,-0.78,0.00,15.27,7,0.60,2206,0.00,0.00,14.15,16,38.01,38.00,59,9.00,-5.47,22.03,2.14,-0.77,11.37,1.00,14.80
6785,-0.78,0.00,14.93,7,0.63,2217,0.00,0.00,14.65,16,37.66,38.00,59,9.29,-5.28,22.79,2.16,-0.77,11.37,1.02,14.80
6860,-0.78,0.00,14.81,8,0.63,2214,0.00,0.00,14.11,16,37.66,37.00,59,9.58,-5.03,23.82,2.18,-0.77,12.16,1.04,14.80
6935,0.00,0.00,14.81,8,0.67,2236,0.00,0.00,14.64,16,36.95,37.00,59,9.72,-9.69,24.57,2.22,0.15,12.94,1.06,14.80
7011,0.00,0.00,14.81,8,0.68,2228,0.00,0.00,14.31,16,36.95,37.00,59,10.01,-4.51,24.88,2.22,0.15,12.94,1.06,14.80
7086,0.00,0.00,15.04,8,0.71,2238,0.00,0.00,14.64,16,36.60,36.50,59,10.30,-4.27,25.54,2.24,0.46,13.33,1.08,14.80
7161,0.00,0.00,14.81,8,0.72,2249,0.00,0.00,14.65,16,36.95,36.50,59,10.45,-4.08,26.40,2.26,0.46,13.33,1.08,14.80
7237,0.00,0.00,14.81,8,0.72,2265,0.00,0.00,14.64,16,36.95,36.50,59,10.59,-3.94,26.85,2.26,1.08,13.73,1.08,14.80
7313,0.00,0.00,14.70,8,0.72,2254,0.00,0.00,14.65,16,36.95,36.50,59,10.88,-3.85,27.33,2.26,1.08,13.73,1.08,14.80
7388,0.78,0.00,14.70,8,0.75,2290,0.00,0.00,14.65,16,36.60,37.00,59,10.88,-3.77,27.33,2.28,1.08,14.12,1.10,14.80
7464,0.78,0.00,14.70,8,0.74,2266,0.00,0.00,14.65,16,36.95,36.50,59,11.03,-3.64,28.39,2.28,1.08,14.12,1.10,14.80
7539,0.78,0.00,14.81,8,0.76,2308,0.00,0.00,14.66,16,36.60,36.50,59,11.03,-3.56,28.27,2.30,1.08,14.51,1.10,14.80
7615,0.00,0.00,14.59,8,0.76,2258,0.00,0.00,14.66,16,36.95,36.50,59,11.17,-3.42,29.09,2.32,1.39,14.90,1.12,14.80
7690,0.00,0.00,14.59,8,0.78,2310,0.00,0.00,14.66,16,36.60,36.50,59,11.32,-3.35,29.56,2.32,1.39,14.90,1.12,14.80
7765,0.78,0.00,14.70,8,0.77,2324,0.00,0.00,14.66,16,37.30,36.50,59,11.32,-3.13,30.03,2.32,2.01,14.90,1.12,14.80
7841,0.78,0.00,14.70,8,0.80,2341,0.00,0.00,14.93,16,36.60,36.50,59,11.61,-3.09,31.30,2.34,2.01,15.29,1.14,14.80
7916,0.00,0.00,14.59,8,0.79,2336,0.00,0.00,14.66,16,37.30,36.50,59,11.61,-2.96,30.63,2.34,2.01,15.29,1.14,14.80
7992,0.00,0.00,14.59,8,0.83,2376,0.00,0.00,14.66,16,36.25,36.50,59,11.75,-2.92,31.30,2.34,2.32,15.69,1.14,14.80
8067,0.00,0.00,14.59,8,0.82,2346,0.00,0.00,14.66,16,36.95,36.00,59,11.90,-2.80,32.75,2.36,2.32,15.69,1.14,14.80
8142,-0.78,0.00,14.36,8,0.85,2430,0.00,0.00,14.66,16,36.25,36.50,59,11.90,-2.78,32.75,2.38,2.32,15.69,1.16,14.80
8218,-2.34,0.00,14.36,8,0.85,2402,0.00,0.00,14.66,16,36.95,36.00,59,11.90,-2.63,33.47,2.38,2.32,16.08,1.16,14.80
8293,-1.56,0.00,14.01,8,0.88,2405,0.00,0.00,14.66,16,36.25,36.50,59,12.04,-2.65,34.75,2.40,2.94,16.08,1.16,14.80
8369,-1.56,0.00,14.24,8,0.89,2402,0.00,0.00,14.66,16,36.60,35.50,59,12.19,-2.53,35.66,2.40,2.94,16.08,1.16,14.80
8445,-3.12,0.00,14.47,8,0.89,2444,0.00,0.00,14.66,16,36.25,36.50,59,12.19,-2.51,36.16,2.40,2.63,16.47,1.18,14.80
8520,-3.91,0.00,14.24,8,0.89,2408,0.00,0.00,14.66,16,36.60,36.00,59,12.33,-2.42,35.66,2.40,2.63,16.47,1.18,14.80
8595,-3.12,0.00,14.13,8,0.91,2444,0.00,0.00,14.66,16,35.90,36.50,59,12.19,-2.38,36.75,2.42,2.63,16.86,1.18,14.80
8670,-3.12,0.00,14.47,8,0.91,2473,0.00,0.00,14.67,16,36.60,35.50,59,12.33,-2.30,37.03,2.42,3.25,16.86,1.20,14.80
8746,-4.69,0.00,14.36,8,0.93,2452,0.00,0.00,14.66,16,35.90,35.50,59,12.33,-2.20,37.71,2.44,3.25,16.86,1.20,14.80
8821,-3.91,0.00,14.47,8,0.91,2504,0.00,0.00,14.45,16,36.60,36.00,59,12.48,-2.17,37.57,2.44,3.25,17.25,1.20,14.80
8896,-4.69,0.00,14.24,8,0.94,2494,0.00,0.00,14.67,16,36.60,35.50,59,12.62,-2.11,38.67,2.46,3.25,17.25,1.20,14.80
8971,-3.12,0.00,14.47,8,0.92,2504,0.00,0.00,14.49,16,36.95,35.50,59,12.62,-2.09,39.07,2.46,3.87,17.65,1.20,14.80
9047,-3.91,0.00,14.70,8,0.94,2514,0.00,0.00,14.67,16,36.60,35.50,59,12.62,-1.95,38.94,2.46,3.87,17.65,1.22,14.80
9122,-3.91,0.00,14.59,8,0.93,2496,0.00,0.00,14.67,16,36.60,35.50,59,12.77,-2.03,39.07,2.48,3.87,17.65,1.22,14.80
9197,-3.91,0.00,14.59,8,0.94,2526,0.00,0.00,14.68,16,37.30,36.00,59,12.77,-1.91,39.62,2.48,3.56,17.65,1.22,14.80
9273,-4.69,0.00,14.47,8,0.95,2575,0.00,0.00,14.67,16,36.60,35.50,59,12.77,-1.93,40.31,2.48,3.56,17.65,1.22,14.80
9348,-3.91,0.00,14.47,8,0.94,2558,0.00,0.00,14.50,16,37.30,35.50,59,12.91,-1.86,40.17,2.50,4.18,17.65,1.22,14.80
9423,-4.69,0.00,14.59,8,0.95,2614,0.00,0.00,14.68,16,36.60,36.00,59,12.77,-1.84,40.85,2.50,4.18,18.04,1.22,14.80
9498,-5.47,0.00,14.59,8,0.94,2586,0.00,0.00,14.69,16,37.30,36.00,59,12.91,-1.78,40.85,2.50,4.18,18.04,1.22,14.80
9574,-4.69,0.00,14.47,8,0.96,2638,0.00,0.00,14.68,16,36.60,36.50,59,12.91,-1.76,41.26,2.50,4.18,18.04,1.22,14.80
9649,-3.91,0.00,14.70,8,0.95,2576,0.00,0.00,14.69,16,37.66,35.50,59,12.91,-1.72,41.53,2.50,4.18,18.04,1.24,14.80
9725,-4.69,0.00,14.59,8,0.94,2628,0.00,0.00,14.52,16,37.30,36.50,59,12.91,-1.70,41.81,2.50,4.18,18.43,1.24,14.80
9800,-3.91,0.00,14.70,8,0.95,2654,0.00,0.00,14.69,16,37.66,36.50,59,13.06,-1.68,42.08,2.52,4.18,18.43,1.24,14.80
9876,-4.69,0.00,14.70,8,0.95,2671,0.00,0.00,14.69,16,37.66,36.50,59,13.06,-1.64,42.22,2.52,4.18,18.43,1.24,14.80
9952,-3.91,0.00,14.70,8,0.95,2690,0.00,0.00,14.69,16,37.30,36.50,59,13.06,-1.62,42.94,2.54,4.49,18.43,1.24,14.80
10027,-3.91,0.00,14.70,8,0.95,2696,0.00,0.00,14.67,16,38.01,36.50,59,13.06,-1.64,43.29,2.54,4.49,18.43,1.24,14.80
10103,0.00,0.00,14.70,10,0.97,2723,0.00,0.00,14.97,16,37.66,37.00,59,13.06,-1.60,43.29,2.52,4.49,18.43,1.24,14.80
10178,0.00,0.00,14.70,10,0.96,2740,0.00,0.00,14.49,16,38.01,36.50,59,13.06,-1.57,43.46,2.54,4.49,18.43,1.24,14.80
10253,0.00,0.00,14.13,10,0.96,2748,0.00,0.00,14.90,16,38.01,37.00,59,13.20,-1.59,44.16,2.56,4.49,18.43,1.24,14.80
10329,0.00,0.00,14.01,10,0.97,2763,0.00,0.00,14.67,16,37.66,37.00,59,13.20,-1.57,44.51,2.56,4.49,18.43,1.24,14.80
10404,0.00,0.00,13.90,10,0.97,2774,0.00,0.00,14.66,16,38.36,37.00,59,13.20,-1.55,45.03,2.56,4.49,18.82,1.24,14.80
10480,0.00,0.00,13.90,10,0.98,2790,0.00,0.00,14.86,16,37.66,37.00,59,13.20,-1.51,45.38,2.56,4.49,18.82,1.24,14.80
10556,0.00,0.00,13.78,10,0.96,2800,0.00,0.00,14.45,16,38.71,37.00,59,13.20,-1.51,45.20,2.58,4.49,18.82,1.24,14.80
10631,0.00,0.00,13.67,10,0.98,2757,0.00,0.00,14.90,16,38.01,38.00,59,13.20,-1.53,45.03,2.58,4.49,18.82,1.24,14.80
10706,0.00,0.00,13.67,10,0.99,2818,0.00,0.00,14.67,16,38.01,37.50,59,13.20,-1.49,45.72,2.58,4.49,18.82,1.26,14.80
10782,0.00,0.00,13.78,10,0.98,2834,0.00,0.00,14.66,16,38.36,37.50,59,13.20,-1.47,46.25,2.60,4.49,19.22,1.26,14.80
10857,0.00,0.00,13.55,10,0.98,2845,0.00,0.00,14.52,16,38.71,37.00,59,13.20,-1.47,46.94,2.60,4.49,19.22,1.26,14.80
10933,0.00,0.00,13.78,10,0.98,2859,0.00,0.00,14.49,16,38.36,37.50,59,13.20,-1.45,47.64,2.60,5.10,19.22,1.26,14.80
11009,0.00,0.00,13.67,10,0.99,2886,0.00,0.00,14.66,16,38.01,37.00,59,13.20,-1.47,47.46,2.60,5.10,19.22,1.26,14.80
11084,0.00,0.00,13.67,10,0.99,2902,0.00,0.00,14.90,16,38.01,37.50,59,13.20,-1.43,47.64,2.60,5.10,19.22,1.26,14.80
11159,0.00,0.00,13.55,10,0.98,2912,0.00,0.00,14.65,16,38.71,37.50,59,13.20,-1.39,47.99,2.60,5.10,19.22,1.26,14.80
11234,0.00,0.00,13.78,10,0.99,2919,0.00,0.00,14.65,16,38.36,37.50,59,13.35,-1.37,47.64,2.60,5.10,19.22,1.26,14.80
11309,0.00,0.00,13.67,10,0.99,2936,0.00,0.00,14.64,16,38.01,37.00,59,13.35,-1.33,49.03,2.62,5.10,19.61,1.28,14.80
11385,0.00,0.00,13.78,10,1.00,2965,0.00,0.00,14.64,16,38.71,37.50,59,13.49,-1.28,48.85,2.62,5.10,20.00,1.28,14.80
11460,0.00,0.00,13.55,10,1.00,2975,0.00,0.00,14.63,16,38.36,37.50,59,13.49,-1.18,49.03,2.62,5.72,20.39,1.30,14.80
11536,0.00,0.00,13.67,10,1.01,2977,0.00,0.00,14.61,16,37.66,37.50,59,13.49,-1.10,49.73,2.66,6.34,20.39,1.30,14.80
11611,0.00,0.00,13.78,10,1.02,2983,0.00,0.00,14.47,16,38.01,36.50,59,13.64,-1.02,51.29,2.64,6.34,20.78,1.32,14.80
11685,0.00,0.00,13.55,10,1.05,3023,0.00,0.00,14.85,16,37.30,37.00,59,13.64,-0.89,50.77,2.68,6.96,21.18,1.32,14.80
11762,0.00,0.00,13.44,10,1.04,3031,0.00,0.00,14.70,16,37.66,36.50,59,13.78,-0.73,52.67,2.66,6.96,21.96,1.34,14.80
11837,0.00,0.00,13.32,10,1.06,3057,0.00,0.00,14.54,16,37.30,36.50,59,14.07,-0.56,53.87,2.70,7.58,23.14,1.38,14.80
11912,0.00,0.00,13.55,10,1.09,3070,0.00,0.00,14.35,16,36.95,36.50,59,14.22,-0.25,54.39,2.70,7.58,24.31,1.42,14.80
11988,0.00,0.00,13.44,10,1.14,3074,0.00,0.00,13.98,16,35.55,35.50,59,14.51,0.14,56.63,2.72,8.82,27.45,1.48,14.80
12063,0.00,0.00,13.44,10,1.19,3098,0.00,0.00,13.90,16,34.49,34.50,59,15.09,0.72,59.58,2.80,10.98,30.59,1.60,14.80
12139,0.00,0.00,12.40,10,1.21,3117,0.00,0.00,13.38,16,33.79,33.50,59,15.53,1.24,61.99,2.82,10.98,34.12,1.70,14.80
12214,0.00,0.00,12.17,10,1.25,3151,0.00,0.00,13.26,16,33.44,33.00,59,15.96,1.68,63.12,2.84,13.77,36.47,1.80,14.80
12289,0.00,0.00,11.94,10,1.27,3156,0.00,0.00,13.34,16,32.38,32.00,59,16.40,2.05,66.85,2.88,13.77,39.22,1.88,14.80
12365,0.00,0.00,12.06,10,1.30,3184,0.00,0.00,12.86,16,31.68,32.00,59,16.98,2.36,67.78,2.88,13.77,41.96,1.96,14.80
12440,0.00,0.00,12.06,10,1.38,3197,0.00,0.00,13.01,16,29.92,29.50,59,17.27,2.69,72.59,2.92,13.77,45.10,2.06,14.80
12516,0.00,0.00,11.83,10,1.38,3224,0.00,0.00,12.84,16,30.27,29.00,59,17.56,3.04,75.70,2.96,13.77,50.59,2.20,14.80
12592,0.00,0.00,11.25,10,1.43,3211,0.00,0.00,12.67,16,28.87,29.50,59,17.85,3.38,74.86,3.00,14.39,59.22,2.48,14.80
12667,0.00,0.00,11.37,10,1.54,3268,0.00,0.00,12.85,16,27.46,28.50,59,18.14,3.73,77.97,3.04,14.39,70.20,2.78,14.80
12743,0.00,0.00,11.37,10,1.57,3298,0.00,0.00,12.46,16,26.76,26.50,59,18.43,4.06,83.81,3.00,16.55,79.61,3.12,14.80
12819,0.00,0.00,11.25,10,1.64,3336,0.00,0.00,12.32,16,26.05,25.00,59,19.01,4.43,91.34,3.10,16.55,92.55,3.50,14.80
12893,0.00,0.00,11.14,10,1.66,3335,0.00,0.00,12.33,16,26.05,24.50,59,19.30,4.81,93.03,3.16,19.65,100.00,3.94,14.80
12968,0.00,0.00,11.14,10,1.71,3368,0.00,0.00,12.46,16,24.65,25.00,59,19.59,5.14,94.71,3.10,20.57,100.00,3.96,14.80
13044,0.00,0.00,11.14,10,1.77,3402,0.00,0.00,12.11,16,23.95,24.00,59,20.02,5.59,96.34,3.24,20.57,100.00,3.96,14.80
13120,0.00,0.00,11.14,10,1.80,3443,0.00,0.00,12.15,16,23.59,23.00,59,20.46,5.98,100.50,3.22,20.57,100.00,3.96,14.80
13195,0.00,0.00,11.14,10,1.85,3485,0.00,0.00,11.96,16,22.54,22.50,59,20.75,6.48,103.09,3.32,20.57,100.00,3.96,14.80
13270,0.00,0.00,11.25,10,1.89,3506,0.00,0.00,11.82,16,22.19,21.50,59,21.04,6.96,110.55,3.26,20.57,100.00,3.96,14.80
13346,0.00,0.00,11.14,10,1.98,3542,0.00,0.00,11.77,16,21.13,20.50,59,22.05,7.48,114.96,3.32,20.57,100.00,3.96,14.80
13421,0.00,0.00,11.14,10,2.05,3564,0.00,0.00,11.44,16,20.43,20.00,59,22.49,8.04,119.42,3.40,20.57,100.00,3.96,14.80
13496,0.00,0.00,11.14,10,2.09,3566,0.00,0.00,11.40,16,20.08,19.00,59,23.07,8.86,123.65,3.40,20.57,100.00,3.96,14.80
13572,0.00,0.00,11.14,10,2.19,3606,0.00,0.00,11.54,16,19.02,19.00,59,23.65,9.53,127.50,3.46,20.57,100.00,3.96,14.80
13648,0.00,0.00,11.14,10,2.28,3596,0.00,0.00,11.49,16,17.97,18.00,59,24.38,10.29,132.32,3.52,20.57,100.00,3.96,14.80
13723,0.00,0.00,11.14,10,2.36,3682,0.00,0.00,11.62,16,17.27,17.50,59,24.96,11.10,139.06,3.54,20.57,100.00,3.96,14.80
13799,0.00,0.00,11.14,10,2.44,3731,0.00,0.00,11.37,16,16.56,15.50,59,26.41,12.07,150.69,3.60,20.57,100.00,3.96,14.80
13874,0.00,0.00,11.14,10,2.54,3774,0.00,0.00,11.29,16,15.51,15.00,59,27.42,12.94,158.47,3.70,20.57,100.00,3.96,14.80
13949,0.00,0.00,11.14,10,2.59,3815,0.00,0.00,11.30,16,14.45,14.00,59,28.15,14.00,163.60,3.66,20.57,100.00,3.96,14.80
14024,0.00,0.00,11.14,10,2.72,3846,0.00,0.00,11.26,16,13.40,14.00,59,28.87,14.85,168.35,3.72,20.57,100.00,3.96,14.80
14100,0.00,0.00,11.14,10,2.80,3892,0.00,0.00,11.84,16,13.05,12.50,59,29.89,15.76,175.92,3.80,20.57,100.00,3.96,14.80
14175,0.00,0.00,11.14,10,2.90,3898,0.00,0.00,11.52,16,12.70,12.00,59,30.62,16.61,181.87,3.84,20.57,100.00,3.96,14.80
14250,0.00,0.00,11.14,10,2.99,3996,0.00,0.00,11.66,16,12.70,12.00,59,31.34,17.40,194.15,3.88,20.57,100.00,3.96,14.80
14326,0.00,0.00,11.14,10,3.00,4015,0.00,0.00,11.20,16,13.05,11.50,59,32.50,18.08,200.50,3.90,20.57,100.00,3.96,14.80
14402,0.00,0.00,11.14,10,3.01,4058,0.00,0.00,11.07,16,13.05,12.00,59,33.08,18.72,209.40,3.92,20.57,100.00,3.96,14.80
14477,0.00,0.00,11.14,10,3.06,4116,0.00,0.00,11.23,16,13.05,12.00,57,33.52,19.03,214.78,3.94,20.57,100.00,3.96,14.80
14552,0.00,0.00,11.14,10,3.10,4150,0.00,0.00,11.48,16,13.40,12.50,57,33.81,19.24,216.49,3.98,20.57,100.00,3.96,14.80
14628,0.00,0.00,11.14,10,3.23,4171,0.00,0.00,12.05,16,13.40,12.50,57,33.95,19.41,220.45,4.00,20.57,100.00,3.96,14.80
14704,0.00,0.00,11.25,10,3.19,4296,0.00,0.00,11.56,16,13.75,12.00,57,34.10,19.45,224.43,4.08,20.57,100.00,3.96,14.80
14779,0.00,0.00,11.25,10,3.22,4300,0.00,0.00,11.50,16,14.10,12.50,57,34.10,19.59,233.84,4.04,20.57,100.00,3.96,14.80
14855,0.00,0.00,11.25,10,3.25,4368,0.00,0.00,11.56,16,14.10,13.00,57,34.24,19.59,236.96,4.12,20.57,100.00,3.96,14.80
14929,0.00,0.00,11.25,10,3.18,4414,0.00,0.00,11.11,16,14.10,13.00,57,34.24,19.65,237.34,4.10,20.57,100.00,3.96,14.80
15005,0.00,0.00,11.25,10,3.19,4470,0.00,0.00,11.36,16,14.45,13.00,57,34.24,19.70,242.60,4.14,20.57,100.00,3.96,14.80
15080,0.00,0.00,11.25,10,3.26,4523,0.00,0.00,11.81,16,14.45,13.00,57,34.39,19.86,245.43,4.16,20.57,100.00,3.96,14.80
15156,0.00,0.00,11.25,10,3.26,4484,0.00,0.00,11.95,16,14.80,13.00,57,34.68,15.02,251.09,4.18,20.57,100.00,3.96,14.80
15232,0.00,0.00,11.25,10,3.29,4624,0.00,0.00,11.70,16,14.80,13.00,57,34.68,20.17,251.10,4.18,20.57,100.00,3.96,14.80
15306,0.00,0.00,11.25,10,3.30,4688,0.00,0.00,11.65,16,14.80,13.00,57,34.82,20.30,255.96,4.20,20.57,100.00,3.96,14.80
15382,0.00,0.00,11.25,10,3.25,4684,0.00,0.00,11.34,16,15.16,13.50,57,35.11,20.52,258.39,4.20,20.57,100.00,3.96,14.80
15457,0.00,0.00,11.25,10,3.26,4752,0.00,0.00,11.32,16,15.16,14.00,57,35.11,20.38,263.92,4.22,20.57,100.00,3.96,14.80
15533,0.00,0.00,11.25,10,3.24,4759,0.00,0.00,11.36,16,15.16,14.00,57,35.11,20.26,264.43,4.22,20.57,100.00,3.96,14.80
15608,0.00,0.00,11.25,10,3.30,4864,0.00,0.00,11.98,16,15.51,14.00,57,34.97,20.30,264.42,4.24,20.57,100.00,3.96,14.80
15683,0.00,0.00,11.25,10,3.35,4809,0.00,0.00,12.00,16,15.51,14.00,57,34.97,20.28,270.97,4.28,20.57,100.00,3.96,14.80
15759,0.00,0.00,11.25,10,3.31,4946,0.00,0.00,11.61,16,15.86,14.00,57,34.97,20.34,275.50,4.28,20.57,100.00,3.96,14.80
15835,0.00,0.00,11.25,10,3.32,5003,0.00,0.00,11.60,16,15.86,14.50,57,35.11,20.46,276.51,4.30,20.57,100.00,3.96,14.80
15909,0.00,0.00,11.25,10,3.32,5095,0.00,0.00,11.36,16,16.21,14.50,57,35.11,20.40,283.35,4.32,20.57,100.00,3.96,14.80
15985,0.00,0.00,11.25,10,3.30,5102,0.00,0.00,11.45,16,16.56,15.00,57,35.26,20.32,288.18,4.34,20.57,100.00,3.96,14.80
16061,0.00,0.00,11.25,10,3.32,5140,0.00,0.00,11.60,16,16.56,15.50,57,35.11,20.32,288.71,4.34,20.57,100.00,3.96,14.80
16136,0.00,0.00,11.25,10,3.34,5222,0.00,0.00,12.08,16,16.56,15.50,57,35.11,20.32,292.49,4.36,20.26,100.00,3.96,14.80
16211,0.00,0.00,11.25,10,3.35,5234,0.00,0.00,11.76,16,16.91,15.50,57,35.11,20.38,292.48,4.34,20.26,100.00,3.96,14.80
16286,0.00,0.00,11.25,10,3.35,5289,0.00,0.00,11.61,16,16.91,15.50,57,34.97,20.32,291.41,4.36,19.96,100.00,3.96,14.80
16362,0.00,0.00,11.25,10,3.29,5334,0.00,0.00,11.41,16,17.27,15.50,57,34.97,20.25,294.10,4.36,19.96,100.00,3.96,14.80
16437,0.00,0.00,11.25,10,3.24,5414,0.00,0.00,11.41,16,17.27,15.50,55,34.97,20.07,294.09,4.36,19.65,100.00,3.96,14.80
16513,0.00,0.00,11.25,10,3.24,5494,0.00,0.00,11.51,16,17.62,16.00,55,34.82,24.87,295.17,4.38,19.65,100.00,3.96,14.80
16588,0.00,0.00,11.25,10,3.26,5572,0.00,0.00,12.09,16,17.62,16.00,55,34.68,19.82,296.78,4.38,19.65,100.00,3.96,14.80
16663,0.00,0.00,11.25,10,3.28,5597,0.00,0.00,11.69,16,17.62,16.50,55,34.53,19.82,301.07,4.40,19.65,100.00,3.96,14.80
16738,0.00,0.00,11.25,10,3.27,5626,0.00,0.00,11.99,16,17.97,16.50,55,34.39,19.94,304.32,4.40,19.03,100.00,3.96,14.80
16814,0.00,0.00,11.25,10,3.25,5660,0.00,0.00,11.38,16,17.97,16.50,55,34.39,19.68,309.93,4.42,19.03,100.00,3.96,14.80
16890,0.00,0.00,11.25,10,3.18,5751,0.00,0.00,11.45,16,18.32,16.50,55,34.39,19.57,310.49,4.42,17.79,100.00,3.96,14.80
16965,0.00,0.00,11.25,10,3.13,5818,0.00,0.00,11.53,16,18.32,16.50,55,34.39,19.16,310.49,4.40,17.79,100.00,3.96,14.80
17040,0.00,0.00,11.25,10,3.12,5800,0.00,0.00,12.08,16,18.67,17.00,55,33.81,18.70,304.33,4.40,16.86,100.00,3.96,14.80
17115,0.00,0.00,11.25,10,3.08,5864,0.00,0.00,11.62,16,18.67,17.00,55,33.37,18.12,304.32,4.38,16.86,100.00,3.96,14.80
17192,0.00,0.00,11.25,10,3.03,5905,0.00,0.00,11.70,16,18.67,17.50,55,32.94,17.69,302.69,4.38,15.62,100.00,3.96,14.80
17267,0.00,0.00,11.25,10,2.98,5919,0.00,0.00,11.63,16,19.02,17.50,55,32.36,17.09,295.71,4.36,15.62,100.00,3.96,14.80
17343,0.00,0.00,11.37,10,2.93,5986,0.00,0.00,11.73,16,19.02,17.50,55,31.34,16.61,293.55,4.36,15.01,100.00,3.96,14.80
17419,0.00,0.00,11.25,10,2.89,6068,0.00,0.00,11.77,16,19.38,17.50,55,31.20,16.36,295.71,4.36,15.01,100.00,3.96,14.80
17495,0.00,0.00,11.25,10,2.90,6132,0.00,0.00,11.56,16,19.38,18.00,55,30.91,16.13,290.88,4.34,15.01,100.00,3.96,14.80
17569,0.00,0.00,11.25,10,2.92,6122,0.00,0.00,11.85,16,19.73,18.00,55,30.91,15.99,290.88,4.38,15.01,100.00,3.96,14.80
17646,0.00,0.00,11.25,10,2.92,6122,0.00,0.00,11.83,16,19.73,18.50,55,30.76,16.18,297.85,4.38,15.01,100.00,3.96,14.80
17721,0.00,0.00,11.25,10,2.93,6162,0.00,0.00,11.62,16,19.73,18.50,55,30.91,16.40,302.68,4.38,15.01,100.00,3.96,14.80
17796,0.00,0.00,11.37,10,2.90,6244,0.00,0.00,11.53,16,19.73,18.50,55,31.05,16.46,302.68,4.40,15.01,100.00,3.96,14.80
17872,0.00,0.00,11.37,10,2.87,6308,0.00,0.00,11.62,16,20.08,18.50,55,31.20,16.44,304.88,4.40,15.01,100.00,3.96,14.80
17947,0.00,0.00,11.25,10,2.87,6340,0.00,0.00,11.62,16,20.08,18.50,55,31.20,16.26,304.88,4.38,15.01,100.00,3.96,14.80
18023,0.00,0.00,11.25,10,2.85,6340,0.00,0.00,11.57,16,20.78,19.00,55,31.05,16.11,302.69,4.40,15.01,100.00,3.96,14.80
18098,0.00,0.00,11.37,10,2.83,6378,0.00,0.00,11.62,16,20.43,19.00,55,30.91,15.88,303.78,4.40,15.01,100.00,3.96,14.80
18174,0.00,0.00,11.37,10,2.81,6443,0.00,0.00,11.81,16,20.78,19.50,55,30.47,15.78,299.63,4.38,15.01,100.00,3.96,14.80
18249,0.00,0.00,11.37,10,2.79,6516,0.00,0.00,11.62,16,21.48,19.50,55,30.47,15.78,305.58,4.40,15.01,100.00,3.96,14.80
18325,0.00,0.00,11.37,10,2.79,6516,0.00,0.00,11.57,16,21.48,19.50,55,30.47,15.80,305.58,4.40,15.01,100.00,3.96,14.80
18401,0.00,0.00,11.37,10,2.77,6533,0.00,0.00,11.55,16,21.48,20.00,55,30.47,15.84,302.34,4.40,15.01,100.00,3.96,14.80
18476,0.00,0.00,11.37,10,2.78,6573,0.00,0.00,11.69,16,21.48,20.00,55,30.62,15.82,306.72,4.40,15.01,100.00,3.96,14.80
18551,0.00,0.00,11.37,10,2.74,6625,0.00,0.00,11.88,16,21.84,20.00,55,30.62,15.89,306.72,4.40,15.01,100.00,3.96,14.80
18626,0.00,0.00,11.37,10,2.73,6625,0.00,0.00,11.88,16,22.19,21.00,55,30.62,15.78,305.59,4.40,15.01,100.00,3.96,14.80
18702,0.00,0.00,11.37,10,2.72,6696,0.00,0.00,11.63,16,22.54,21.00,55,30.33,15.60,298.55,4.36,15.01,100.00,3.96,14.80
18778,0.00,0.00,11.37,10,2.65,6787,0.00,0.00,11.57,16,23.24,21.00,55,30.33,15.49,298.55,4.38,15.01,100.00,3.96,14.80
18853,0.00,0.00,11.37,10,2.64,6787,0.00,0.00,11.73,16,23.59,21.50,55,30.33,15.45,302.88,4.38,15.01,100.00,3.96,14.80
18929,0.00,0.00,11.37,10,2.65,6787,0.00,0.00,11.62,16,23.59,22.50,55,30.18,15.47,303.97,4.38,15.01,100.00,3.96,14.80
19004,0.00,0.00,11.37,10,2.66,6849,0.00,0.00,11.62,16,23.59,22.50,55,30.18,15.41,303.97,4.38,15.01,100.00,3.96,14.80
19080,0.00,0.00,11.37,10,2.62,6849,0.00,0.00,11.84,16,23.95,22.50,55,30.04,15.41,300.18,4.38,15.01,100.00,3.96,14.80
19156,0.00,0.00,11.37,10,2.64,6887,0.00,0.00,11.82,16,23.59,22.50,55,30.04,15.55,300.18,4.36,15.01,100.00,3.96,14.80
19232,0.00,0.00,11.37,10,2.58,6919,0.00,0.00,11.52,16,24.30,22.50,55,30.04,15.49,300.18,4.36,15.01,100.00,3.96,14.80
19307,0.00,0.00,11.37,10,2.58,6919,0.00,0.00,11.62,16,25.00,23.00,55,30.33,15.47,302.89,4.36,15.01,100.00,3.96,14.80
19382,0.00,0.00,11.37,10,2.56,7022,0.00,0.00,11.47,16,24.65,23.00,55,30.33,15.57,305.58,4.38,15.01,100.00,3.96,14.80
19458,0.00,0.00,11.37,10,2.52,7022,0.00,0.00,11.83,16,26.05,23.00,55,30.33,15.57,305.58,4.22,15.01,100.00,3.96,14.80
19533,0.00,0.00,11.71,10,2.48,6769,0.00,0.00,11.97,16,25.70,23.50,55,30.33,10.21,273.55,4.22,15.01,100.00,3.96,14.80
19608,0.00,0.00,18.60,10,2.41,7143,0.00,0.00,12.50,16,26.05,23.50,55,30.33,14.00,269.96,4.28,15.01,92.16,3.96,14.80
19685,0.00,0.00,18.60,10,1.85,7143,0.00,0.00,15.63,16,33.09,27.00,55,28.44,5.65,269.96,4.28,12.53,0.39,1.68,14.80
19760,0.00,0.00,22.51,10,0.77,6938,0.00,0.00,13.57,16,40.12,38.00,55,11.75,-5.76,63.12,2.90,12.53,0.39,0.66,14.80
19837,0.00,0.00,22.51,10,0.63,6938,0.00,0.00,13.41,16,38.36,38.00,55,11.75,-8.31,63.12,2.90,12.53,0.39,0.66,14.80
19912,0.00,0.00,20.33,10,0.51,7075,0.00,0.00,14.20,16,35.90,37.00,55,5.80,-8.99,67.60,2.86,12.53,0.00,0.66,14.80
19988,0.00,0.00,20.33,10,0.44,7075,0.00,0.00,13.48,16,32.73,37.00,55,5.80,-9.20,67.60,2.62,-10.06,0.39,0.66,14.80
20063,0.00,0.00,24.92,10,0.37,6944,0.00,0.00,13.52,16,29.92,31.50,55,5.37,-9.38,50.24,2.62,-10.06,0.00,0.66,14.80
20139,0.00,0.00,25.61,10,0.34,6787,0.00,0.00,13.54,16,26.76,31.50,55,5.37,-9.53,50.24,2.46,-10.06,0.00,0.66,14.80
20215,0.00,0.00,25.61,10,0.30,6787,0.00,0.00,13.55,16,22.54,26.50,55,5.08,-9.65,39.07,2.46,-10.06,0.00,0.66,14.80
20290,0.00,0.00,24.35,10,0.28,6678,0.00,0.00,13.57,16,19.38,20.50,55,4.93,-4.85,31.83,2.36,-10.06,0.00,0.66,14.80
20367,0.00,0.00,24.35,10,0.27,6678,0.00,0.00,13.60,16,14.80,20.50,55,4.93,-9.88,31.83,2.36,-10.06,0.00,0.66,14.80
20442,0.00,0.00,24.23,10,0.26,6567,0.00,0.00,13.61,16,11.99,14.50,55,4.79,-9.94,29.08,2.30,-10.06,0.00,0.66,14.80
20518,0.00,0.00,24.12,10,0.26,6465,0.00,0.00,13.63,16,11.99,14.50,55,4.79,-10.02,29.08,2.28,-10.06,0.00,0.66,14.80
20593,0.00,0.00,24.12,10,0.25,6465,0.00,0.00,13.64,16,11.99,11.50,55,4.64,-10.07,27.44,2.28,-10.06,0.00,0.66,14.80
20669,0.00,0.00,24.35,10,0.25,6383,0.00,0.00,13.70,16,11.99,11.50,55,4.50,-10.11,26.50,2.24,-10.06,0.00,0.66,14.80
20745,0.00,0.00,24.23,10,0.25,6234,0.00,0.00,13.72,16,11.99,11.50,55,4.50,-10.17,26.50,2.24,-10.06,0.00,0.66,14.80
20821,0.00,0.00,24.23,10,0.25,6234,0.00,0.00,13.76,16,11.99,11.50,55,4.50,-10.21,25.86,2.24,-10.06,0.00,0.66,14.80
20897,0.00,0.00,24.35,10,0.25,6117,0.00,0.00,13.80,16,11.99,11.50,55,4.50,-10.23,25.96,2.24,-10.06,0.00,0.66,14.80
20973,0.00,0.00,24.23,10,0.25,6048,0.00,0.00,13.86,16,11.99,11.50,55,4.50,-10.29,24.56,2.20,-10.06,0.00,0.66,14.80
21049,0.00,0.00,24.12,10,0.24,6066,0.00,0.00,13.89,16,11.99,11.50,55,4.50,-10.25,24.56,2.20,-10.06,0.00,0.66,14.80
21124,0.00,0.00,24.12,10,0.25,5938,0.00,0.00,13.95,16,11.99,11.50,55,4.50,-10.31,23.92,2.20,-9.13,0.39,0.66,14.80
21200,0.00,0.00,24.23,10,0.25,5796,0.00,0.00,13.99,16,11.99,11.50,55,4.50,-10.35,23.92,2.18,-9.13,0.00,0.66,14.80
21276,0.00,0.00,24.12,10,0.25,5734,0.00,0.00,14.02,16,11.99,11.50,55,4.35,-10.36,23.39,2.18,-9.13,0.00,0.66,14.80
21352,0.00,0.00,24.23,10,0.25,5601,0.00,0.00,14.05,16,11.99,11.50,57,4.35,-10.40,23.70,2.20,-7.89,0.39,0.66,14.80
21427,0.00,0.00,24.12,10,0.24,5539,0.00,0.00,14.07,16,11.99,11.50,57,4.35,-10.50,23.70,2.16,-7.89,0.00,0.66,14.80
21503,0.00,0.00,24.46,10,0.24,5527,0.00,0.00,14.92,16,11.99,11.50,57,4.21,-10.83,22.68,1.90,-7.27,0.39,0.66,14.80
21578,0.00,0.00,24.46,10,0.26,5399,0.00,0.00,14.13,16,11.99,11.50,57,3.63,-11.51,16.71,2.22,-7.27,0.00,0.66,14.80
21655,0.00,0.00,24.35,10,0.27,5346,0.00,0.00,14.14,16,11.99,11.50,57,3.63,-10.83,24.25,2.22,-6.65,0.39,0.66,14.80
21729,0.00,0.00,24.46,10,0.26,5219,0.00,0.00,14.19,16,11.99,11.50,57,3.92,-10.71,24.02,2.20,-6.65,0.00,0.66,14.80
21805,0.00,0.00,24.23,10,0.26,5147,0.00,0.00,14.23,16,11.99,11.50,57,3.92,-10.73,21.92,2.14,-6.34,0.00,0.66,14.80
21881,0.00,0.00,24.35,10,0.25,5098,0.00,0.00,14.27,16,11.99,11.50,57,4.06,-10.77,21.83,2.12,-6.34,0.00,0.66,14.80
21957,0.00,0.00,24.46,10,0.25,5049,0.00,0.00,14.30,16,11.99,11.50,57,3.92,-10.79,20.89,2.10,-5.41,0.00,0.66,14.80
22032,0.00,0.00,24.46,10,0.25,4909,0.00,0.00,14.34,16,11.99,11.50,57,3.92,-10.79,20.22,2.08,-5.41,0.00,0.66,14.80
22107,0.00,0.00,24.58,10,0.24,4801,0.00,0.00,14.38,16,11.99,11.50,57,3.92,-10.81,19.81,2.08,-5.10,0.00,0.66,14.80
22183,0.00,0.00,24.58,10,0.24,4738,0.00,0.00,14.40,16,11.99,11.50,57,3.92,-10.77,18.87,2.06,-5.10,0.00,0.66,14.80
22258,0.00,0.00,24.69,10,0.24,4670,0.00,0.00,14.43,16,11.99,11.50,57,3.92,-10.79,18.25,2.04,-4.80,0.00,0.66,14.80
22333,0.00,0.00,24.35,10,0.24,4570,0.00,0.00,14.45,16,11.99,11.50,57,3.92,-10.79,18.48,2.04,-4.49,0.00,0.66,14.80
22408,0.00,0.00,24.00,10,0.23,4504,0.00,0.00,14.46,16,11.99,11.50,57,3.92,-10.81,17.86,2.02,-4.49,0.00,0.66,14.80
22484,0.00,0.00,24.35,10,0.23,4467,0.00,0.00,14.50,16,11.99,11.50,57,3.92,-10.81,17.20,1.98,-4.49,0.00,0.66,14.80
22560,0.00,0.00,24.69,10,0.22,4394,0.00,0.00,14.53,16,11.99,11.50,57,3.77,-10.87,16.29,1.96,-4.49,0.39,0.66,14.80
22635,0.00,0.00,24.46,10,0.22,4244,0.00,0.00,14.59,16,11.99,11.50,57,3.77,-10.91,15.94,1.96,-4.18,0.00,0.66,14.80
22710,0.00,0.00,24.23,10,0.22,4199,0.00,0.00,14.63,16,11.99,11.50,57,3.77,-10.91,15.40,1.94,-4.18,0.00,0.66,14.80
22786,0.00,0.00,24.23,10,0.21,4112,0.00,0.00,14.67,16,11.99,11.50,59,3.77,-10.94,14.71,1.90,-4.18,0.00,0.66,14.80
22861,0.00,0.00,24.23,10,0.21,4069,0.00,0.00,14.70,16,11.99,11.50,59,3.77,-11.02,14.16,1.90,-4.18,0.00,0.66,14.80
22936,0.00,0.00,24.81,10,0.20,3981,0.00,0.00,14.70,16,11.99,11.50,59,3.63,-11.08,13.62,1.86,-4.18,0.00,0.66,14.80
23013,0.00,0.00,24.58,10,0.21,3920,0.00,0.00,14.70,16,11.99,11.50,59,3.63,-11.12,12.94,1.84,-4.18,0.00,0.66,14.80
23088,0.00,0.00,24.35,10,0.20,3875,0.00,0.00,14.70,16,11.99,11.50,59,3.48,-11.18,13.10,1.82,-4.18,0.00,0.66,14.80
23163,0.00,0.00,24.23,10,0.19,3746,0.00,0.00,14.70,16,11.99,11.50,59,3.48,-11.25,12.16,1.80,-4.18,0.39,0.66,14.80
23238,0.00,0.00,24.46,10,0.19,3651,0.00,0.00,14.70,16,11.99,11.50,59,3.34,-11.27,11.88,1.80,-4.18,0.00,0.66,14.80
23314,0.00,0.00,24.81,10,0.19,3616,0.00,0.00,14.70,16,11.99,11.50,59,3.34,-11.31,11.40,1.76,-4.18,0.00,0.66,14.80
23389,0.00,0.00,24.81,10,0.19,3549,0.00,0.00,14.70,16,11.99,11.50,59,3.34,-11.29,10.89,1.76,-4.18,0.00,0.66,14.80
23465,0.00,0.00,24.00,10,0.19,3478,0.00,0.00,14.70,16,11.99,11.50,59,3.34,-11.23,10.84,1.76,-4.18,0.00,0.66,14.80
23540,0.00,0.00,24.46,10,0.19,3392,0.00,0.00,14.70,16,11.99,11.50,59,3.48,-11.18,10.96,1.74,-4.18,0.00,0.66,14.80
23615,0.00,0.00,24.23,10,0.20,3282,0.00,0.00,14.70,16,11.99,11.50,59,3.48,-11.10,10.68,1.74,-4.18,0.39,0.66,14.80
23691,0.00,0.00,24.23,10,0.19,3200,0.00,0.00,14.70,16,11.99,11.50,59,3.63,-11.02,10.28,1.72,-4.18,0.00,0.66,14.80
23766,0.00,0.00,24.23,10,0.20,3148,0.00,0.00,14.70,16,11.99,11.50,59,3.77,-10.96,10.80,1.74,-4.18,0.00,0.66,14.80
23841,0.00,0.00,24.23,10,0.20,3062,0.00,0.00,14.70,16,11.99,11.50,59,3.77,-10.93,9.95,1.70,-4.18,0.00,0.66,14.80
23916,0.00,0.00,24.58,10,0.21,3004,0.00,0.00,14.70,16,11.99,11.50,59,3.77,-10.89,10.54,1.74,-4.18,0.00,0.66,14.80
23992,0.00,0.00,24.35,10,0.22,2947,0.00,0.00,14.70,16,11.99,11.50,59,3.77,-10.89,10.49,1.72,-4.18,0.00,0.66,14.80
24068,0.00,0.00,24.69,10,0.22,2943,0.00,0.00,13.89,16,11.99,11.50,59,3.77,-10.89,10.49,1.72,-4.18,0.39,0.66,14.80
24143,0.00,0.00,24.81,10,0.24,2747,0.00,0.00,14.70,16,11.99,11.50,59,3.77,-10.87,10.19,1.74,-4.18,0.00,0.66,14.80
24219,0.00,0.00,24.81,10,0.23,2676,0.00,0.00,14.70,16,11.99,11.50,61,3.77,-10.87,10.08,1.72,-3.87,0.00,0.66,14.80
24294,0.00,0.00,24.81,10,0.24,2603,0.00,0.00,14.70,16,11.99,11.50,61,3.77,-10.87,9.99,1.70,-3.87,0.00,0.66,14.80
24369,0.00,0.00,24.35,10,0.24,2522,0.00,0.00,14.70,16,11.99,11.50,61,3.77,-10.91,9.81,1.72,-3.56,0.39,0.66,14.80
24444,0.00,0.00,24.81,10,0.23,2446,0.00,0.00,14.70,16,11.99,11.50,61,3.77,-10.89,9.48,1.66,-2.94,0.39,0.66,14.80
24520,0.00,0.00,24.35,10,0.23,2372,0.00,0.00,14.70,16,11.99,11.50,61,3.77,-10.85,9.18,1.64,-2.94,0.39,0.66,14.80
24595,0.00,0.00,24.69,10,0.23,2241,0.00,0.00,14.70,16,11.99,11.50,61,3.92,-10.81,9.00,1.64,-2.63,0.39,0.66,14.80
24670,0.00,0.00,24.46,10,0.22,2150,0.00,0.00,14.70,16,11.99,11.50,61,3.92,-10.77,7.98,1.60,-2.63,0.00,0.66,14.80
24746,0.00,0.00,24.23,10,0.23,2083,0.00,0.00,14.70,16,11.99,11.50,61,3.92,-10.69,8.03,1.60,-2.01,0.39,0.66,14.80
24821,0.00,0.00,24.35,10,0.22,2008,0.00,0.00,14.70,16,11.99,11.50,61,4.06,-10.67,7.40,1.56,-1.39,0.00,0.66,14.80
24896,0.00,0.00,24.81,10,0.22,1935,0.00,0.00,14.70,16,11.99,11.50,61,4.06,-10.64,6.95,1.54,-1.39,0.39,0.66,14.80
24972,0.00,0.00,24.35,10,0.24,1854,0.00,0.00,14.70,16,11.99,11.50,61,4.06,-10.67,6.98,1.52,-1.39,0.00,0.66,14.80
25047,0.00,0.00,24.92,10,0.24,1746,0.00,0.00,14.70,16,11.99,11.50,61,4.06,-10.77,6.94,1.50,-1.39,0.00,0.66,14.80
25122,0.00,0.00,24.69,10,0.26,1598,0.00,0.00,14.70,16,11.99,11.50,61,3.92,-10.71,6.76,1.52,-1.39,0.00,0.66,14.80
25198,0.00,0.00,24.12,10,0.27,1486,0.00,0.00,14.70,16,11.64,20.00,61,3.92,-10.64,6.76,1.50,-1.39,0.00,0.66,14.80
25274,0.00,0.00,24.58,10,0.28,1408,0.00,0.00,14.70,16,11.29,19.00,61,4.21,-10.38,6.60,1.50,-1.39,0.00,0.66,14.80
25348,0.00,0.00,24.92,10,0.28,1308,0.00,0.00,14.70,16,10.59,19.00,61,4.35,-10.29,6.16,1.46,-1.39,0.39,0.66,14.80
25424,0.00,0.00,24.46,10,0.29,1240,0.00,0.00,14.70,16,10.59,18.50,61,4.50,-10.13,5.73,1.44,-1.39,0.00,0.66,14.80
25499,0.00,0.00,24.92,10,0.31,1192,0.00,0.00,12.62,16,9.88,18.50,63,4.64,-9.94,5.79,1.42,-1.08,0.00,0.66,14.80
25575,0.00,0.00,24.35,10,0.38,1032,0.00,0.00,12.23,16,9.88,17.50,63,4.79,-9.51,5.40,1.48,-1.08,0.00,0.66,14.80
25650,0.00,0.00,24.46,10,0.42,895,0.00,0.00,12.74,16,9.88,17.50,63,5.22,-9.11,5.79,1.44,-1.08,0.00,0.66,14.80
25726,0.00,0.00,24.81,10,0.58,747,0.00,0.00,11.16,16,9.88,17.50,63,5.66,-8.43,6.09,1.58,-1.08,0.00,0.66,14.80
25801,0.00,0.00,24.23,10,0.60,715,0.00,0.00,14.59,16,9.88,17.50,63,6.96,-7.43,7.39,1.56,-1.08,0.00,0.66,14.80
25875,0.00,0.00,24.69,10,0.45,786,0.00,0.00,18.56,16,9.88,15.00,63,7.40,-7.21,6.87,1.52,-1.08,0.00,0.66,14.80
25952,0.00,0.00,24.58,10,0.40,830,0.00,0.00,15.16,16,9.88,10.00,63,7.55,-7.10,6.15,1.46,-1.08,0.00,0.64,14.80
26026,0.00,0.00,17.80,10,0.37,862,0.00,0.00,15.64,16,9.88,4.00,63,7.55,-7.17,5.85,1.46,-1.08,0.00,0.64,14.80
26101,-1.56,0.00,12.29,8,0.35,961,0.00,0.00,14.69,16,10.23,1.50,63,7.55,-7.58,6.05,1.42,-1.08,0.00,0.64,14.80
26177,-3.91,0.00,11.83,8,0.33,1128,0.00,0.00,14.70,16,10.23,1.50,63,7.11,-7.85,5.56,1.42,-1.08,0.00,0.66,14.80
26252,-3.91,0.00,11.25,8,0.32,1135,0.00,0.00,14.70,16,10.23,2.00,63,6.67,-8.18,5.37,1.44,-1.08,0.00,0.66,14.80
26328,-3.91,0.00,11.71,8,0.31,1149,0.00,0.00,14.70,16,10.23,2.00,63,6.38,-8.47,5.56,1.44,-1.08,0.00,0.66,14.80
26403,-3.12,0.00,12.29,8,0.30,1170,0.00,0.00,14.70,16,10.23,2.00,63,6.09,-8.66,5.43,1.42,-1.08,0.00,0.66,14.80
26478,-2.34,0.00,13.21,8,0.30,1163,0.00,0.00,14.70,16,10.23,2.00,63,5.95,-8.76,5.37,1.44,-1.08,0.00,0.66,14.80
26553,-1.56,0.00,14.47,8,0.30,1144,0.00,0.00,14.70,16,10.23,2.00,63,5.95,-8.82,5.70,1.46,-1.08,0.00,0.66,14.80
26628,-1.56,0.00,14.81,8,0.31,1141,0.00,0.00,14.70,16,10.23,2.00,63,5.95,-8.88,5.79,1.46,-1.08,0.00,0.66,14.80
26704,-0.78,0.00,15.04,8,0.31,1140,0.00,0.00,14.70,16,10.23,2.00,63,5.80,-8.86,5.92,1.46,-1.08,0.00,0.66,14.80
26779,-0.78,0.00,15.16,8,0.30,1148,0.00,0.00,14.70,16,10.23,2.00,63,5.95,-8.82,5.79,1.44,-1.08,0.00,0.66,14.80
26854,-0.78,0.00,15.04,8,0.30,1147,0.00,0.00,14.70,16,10.23,2.00,63,5.80,-8.88,5.85,1.44,-1.08,0.00,0.66,14.80
26929,-0.78,0.00,15.16,8,0.30,1157,0.00,0.00,14.70,16,10.23,2.00,63,5.80,-8.93,5.66,1.44,-1.08,0.00,0.66,14.80
27006,-0.78,0.00,14.93,8,0.30,1136,0.00,0.00,14.70,16,10.23,2.00,63,5.80,-8.91,5.70,1.44,-1.08,0.00,0.66,14.80
27081,-0.78,0.00,14.81,8,0.31,1110,0.00,0.00,14.70,16,10.23,2.50,64,5.80,-8.89,5.66,1.46,-1.08,0.00,0.66,14.80
27156,-1.56,0.00,14.70,8,0.32,1111,0.00,0.00,14.70,16,10.23,3.50,64,5.80,-8.88,5.83,1.46,-1.08,0.00,0.66,14.80
27231,-1.56,0.00,14.59,8,0.30,1132,0.00,0.00,14.70,16,10.23,4.00,64,5.80,-8.88,5.73,1.44,-1.08,0.00,0.66,14.80
27306,-1.56,0.00,14.59,8,0.29,1136,0.00,0.00,14.70,16,10.23,2.50,64,5.80,-8.89,5.70,1.44,-1.08,0.00,0.66,14.80
27381,-1.56,0.00,14.47,8,0.28,1128,0.00,0.00,14.70,16,10.23,4.00,64,5.80,-8.97,5.54,1.42,-1.08,0.00,0.66,14.80
27457,-2.34,0.00,14.59,8,0.28,1133,0.00,0.00,14.70,16,10.23,4.00,64,5.66,-9.01,5.33,1.42,-1.08,0.00,0.66,14.80
27532,-2.34,0.00,14.24,8,0.28,1139,0.00,0.00,14.70,16,10.23,3.50,64,5.66,-9.05,5.27,1.42,-1.08,0.00,0.66,14.80
27608,-1.56,0.00,14.47,8,0.29,1116,0.00,0.00,14.70,16,10.23,4.00,64,5.66,-9.09,5.33,1.42,-1.08,0.00,0.66,14.80
27683,-2.34,0.00,14.36,8,0.29,1120,0.00,0.00,14.70,16,10.23,7.00,64,5.66,-9.09,5.37,1.42,-1.08,0.00,0.66,14.80
27757,-1.56,0.00,14.47,8,0.29,1134,0.00,0.00,14.70,16,10.23,7.00,64,5.66,-9.11,5.43,1.40,-1.08,0.00,0.66,14.80
27834,-1.56,0.00,14.59,8,0.27,1144,0.00,0.00,14.76,16,10.23,5.00,64,5.51,-9.13,5.18,1.40,-1.08,0.00,0.66,14.80
27908,-1.56,0.00,14.59,8,0.27,1154,0.00,0.00,14.76,16,10.23,4.50,64,5.51,-9.24,5.24,1.40,-1.08,0.00,0.66,14.80
27985,-1.56,0.00,14.70,8,0.27,1146,0.00,0.00,14.76,16,10.23,6.00,64,5.37,-9.34,5.01,1.40,-1.08,0.00,0.66,14.80
28060,-1.56,0.00,14.81,8,0.28,1138,0.00,0.00,14.70,16,10.23,7.00,64,5.37,-9.32,5.14,1.42,-1.08,0.00,0.66,14.80
28136,-0.78,0.00,14.70,8,0.27,1138,0.00,0.00,14.76,16,10.23,7.00,64,5.37,-9.34,5.24,1.40,-1.08,0.00,0.66,14.80
28211,-0.78,0.00,14.81,8,0.27,1146,0.00,0.00,14.76,16,10.23,7.00,64,5.37,-9.38,5.08,1.40,-1.08,0.00,0.66,14.80
28286,-0.78,0.00,14.81,8,0.26,1150,0.00,0.00,14.76,16,10.23,6.50,64,5.37,-9.40,5.11,1.40,-1.08,0.00,0.66,14.80
28362,-0.78,0.00,14.81,8,0.27,1138,0.00,0.00,14.70,16,10.23,8.00,64,5.22,-9.44,5.01,1.40,-1.08,0.00,0.66,14.80
28436,-0.78,0.00,14.81,8,0.27,1128,0.00,0.00,14.70,16,10.23,8.00,64,5.22,-9.46,5.05,1.40,-1.08,0.00,0.66,14.80
28512,-1.56,0.00,14.70,8,0.27,1136,0.00,0.00,14.70,16,10.23,8.50,64,5.22,-9.48,5.11,1.38,-1.08,0.00,0.66,14.80
28587,-1.56,0.00,14.70,8,0.26,1142,0.00,0.00,14.70,16,10.23,8.50,64,5.22,-9.48,4.99,1.40,-1.08,0.00,0.66,14.80
28662,-1.56,0.00,14.59,8,0.26,1143,0.00,0.00,14.76,16,10.23,8.00,64,5.22,-9.51,4.88,1.38,-1.08,0.00,0.66,14.80
28738,-1.56,0.00,14.36,8,0.25,1142,0.00,0.00,14.76,16,10.23,8.00,64,5.22,-9.57,4.82,1.38,-1.08,0.00,0.66,14.80
28813,-2.34,0.00,14.47,8,0.25,1150,0.00,0.00,14.76,16,10.23,8.00,64,5.08,-9.59,4.86,1.38,-1.08,0.00,0.66,14.80
28888,-2.34,0.00,14.24,8,0.25,1142,0.00,0.00,14.76,16,10.23,8.50,64,5.08,-9.63,4.73,1.38,-1.08,0.00,0.66,14.80
28964,-2.34,0.00,14.24,8,0.24,1135,0.00,0.00,14.76,16,10.23,8.50,64,5.08,-9.67,4.75,1.38,-1.08,0.00,0.66,14.80
29039,-2.34,0.00,14.24,8,0.25,1136,0.00,0.00,14.76,16,10.23,9.50,64,5.08,-9.67,4.57,1.36,-1.08,0.00,0.66,14.80
29115,-2.34,0.00,14.36,8,0.25,1133,0.00,0.00,14.76,16,10.23,10.00,64,5.08,-9.71,4.73,1.36,-1.08,0.00,0.66,14.80
29190,-2.34,0.00,14.36,8,0.25,1128,0.00,0.00,14.76,16,10.23,10.00,66,4.93,-9.73,4.69,1.38,-1.08,0.00,0.66,14.80
29265,-2.34,0.00,14.36,8,0.25,1115,0.00,0.00,14.76,16,10.23,11.50,66,4.93,-9.73,4.73,1.36,-1.08,0.00,0.66,14.80
29340,-2.34,0.00,14.47,8,0.24,1110,0.00,0.00,14.76,16,10.23,12.00,66,4.93,-9.73,4.50,1.36,-1.08,0.00,0.66,14.80
29416,-2.34,0.00,14.47,8,0.24,1126,0.00,0.00,14.76,16,10.23,10.00,66,4.93,-9.73,4.60,1.36,-1.08,0.00,0.66,14.80
29491,-2.34,0.00,14.47,8,0.24,1129,0.00,0.00,14.70,16,10.23,10.00,66,4.93,-9.75,4.50,1.36,-1.08,0.00,0.66,14.80
29566,-2.34,0.00,14.47,8,0.24,1094,0.00,0.00,14.76,16,10.23,12.00,66,4.93,-9.77,4.53,1.34,-1.08,0.00,0.66,14.80
29642,-2.34,0.00,14.47,8,0.24,1099,0.00,0.00,14.76,16,10.23,13.00,66,4.93,-4.81,4.44,1.36,-1.08,0.00,0.66,14.80
29717,-2.34,0.00,14.47,8,0.24,1106,0.00,0.00,14.76,16,10.23,12.50,66,4.93,-9.77,4.57,1.36,-1.08,0.00,0.66,14.80
29793,-2.34,0.00,14.59,8,0.25,1110,0.00,0.00,14.70,16,10.23,11.00,66,4.93,-9.77,4.57,1.36,-1.08,0.00,0.66,14.80
29868,-2.34,0.00,14.47,8,0.25,1092,0.00,0.00,14.70,16,10.23,13.00,66,4.93,-9.77,4.47,1.36,-1.08,0.00,0.66,14.80
29943,-2.34,0.00,14.47,8,0.24,1089,0.00,0.00,14.70,16,10.23,13.00,66,4.93,-9.77,4.44,1.36,-1.08,0.00,0.66,14.80
30019,-2.34,0.00,14.59,8,0.25,1096,0.00,0.00,14.70,16,10.23,11.50,66,4.93,-9.78,4.47,1.36,-1.08,0.00,0.66,14.80
30094,-2.34,0.00,14.59,8,0.25,1028,0.00,0.00,14.70,16,10.23,13.00,66,4.93,-9.77,4.44,1.36,-1.08,0.00,0.66,14.80
30170,-2.34,0.00,14.47,8,0.25,1096,0.00,0.00,14.70,16,10.23,11.50,66,4.93,-9.77,4.57,1.36,-1.08,0.00,0.66,14.80
30245,-2.34,0.00,14.47,8,0.24,1096,0.00,0.00,14.70,16,10.23,11.50,66,4.93,-9.82,4.36,1.34,-1.08,0.00,0.66,14.80
30320,-2.34,0.00,14.59,8,0.24,1098,0.00,0.00,14.70,16,10.23,11.00,66,4.93,-9.84,4.36,1.34,-1.08,0.00,0.66,14.80
30395,-2.34,0.00,14.36,8,0.24,1097,0.00,0.00,14.70,16,10.23,10.50,66,4.79,-9.86,4.39,1.34,-1.08,0.00,0.66,14.80
30471,-2.34,0.00,14.59,8,0.23,1099,0.00,0.00,14.70,16,10.23,10.50,66,4.79,-9.88,4.28,1.32,-1.08,0.00,0.66,14.80
30546,-2.34,0.00,14.36,8,0.24,1084,0.00,0.00,14.70,16,10.23,11.50,66,4.79,-9.86,4.22,1.34,-1.08,0.00,0.66,14.80
30622,-2.34,0.00,14.36,8,0.24,1086,0.00,0.00,14.70,16,10.23,11.50,66,4.79,-9.86,4.28,1.34,-1.08,0.00,0.66,14.80
30697,-2.34,0.00,14.36,8,0.24,1080,0.00,0.00,14.70,16,9.88,11.50,66,4.79,-9.88,4.33,1.34,-1.08,0.00,0.66,14.80
30772,-3.12,0.00,14.47,8,0.23,1083,0.00,0.00,14.70,16,9.88,11.00,66,4.79,-9.90,4.23,1.32,-1.08,0.00,0.66,14.80
30848,-2.34,0.00,14.36,8,0.24,1079,0.00,0.00,14.70,16,9.88,11.50,66,4.79,-9.86,4.17,1.34,-1.08,0.00,0.66,14.80
30922,-2.34,0.00,14.47,8,0.24,1059,0.00,0.00,14.70,16,9.88,13.00,66,4.79,-9.88,4.28,1.34,-1.08,0.00,0.66,14.80
30998,-2.34,0.00,14.59,8,0.24,1060,0.00,0.00,14.70,16,9.88,13.00,66,4.79,-9.92,4.28,1.34,-1.08,0.00,0.66,14.80
31073,-2.34,0.00,14.70,8,0.24,1075,0.00,0.00,14.70,16,9.88,12.50,66,4.79,-9.86,4.33,1.34,-1.08,0.00,0.66,14.80
31149,-2.34,0.00,14.70,8,0.24,1061,0.00,0.00,14.70,16,9.88,10.50,66,4.79,-9.88,4.33,1.34,-1.08,0.00,0.66,14.80
31224,-2.34,0.00,14.70,8,0.24,1064,0.00,0.00,14.70,16,9.88,12.00,66,4.79,-9.90,4.31,1.34,-1.08,0.00,0.66,14.80
31299,-1.56,0.00,14.70,8,0.24,1066,0.00,0.00,14.70,16,9.88,11.00,66,4.79,-9.86,4.17,1.32,-1.08,0.00,0.66,14.80
31375,-1.56,0.00,14.70,8,0.24,1066,0.00,0.00,14.70,16,9.88,11.00,66,4.79,-9.92,4.20,1.34,-1.08,0.00,0.66,14.80
31450,-2.34,0.00,14.70,8,0.24,1058,0.00,0.00,14.70,16,9.88,11.50,66,4.79,-9.94,4.20,1.34,-1.08,0.00,0.66,14.80
31525,-2.34,0.00,14.47,8,0.23,1064,0.00,0.00,14.70,16,9.88,11.00,66,4.79,-9.92,4.20,1.32,-1.08,0.00,0.66,14.80
31600,-2.34,0.00,14.59,8,0.24,1045,0.00,0.00,14.70,16,9.88,11.00,66,4.79,-9.96,4.11,1.34,-1.08,0.00,0.66,14.80
31675,-2.34,0.00,14.70,8,0.24,1046,0.00,0.00,14.70,16,9.88,13.00,66,4.79,-9.94,4.14,1.32,-1.08,0.00,0.66,14.80
31751,-2.34,0.00,14.59,8,0.25,1042,0.00,0.00,14.70,16,9.88,12.50,66,4.79,-9.92,4.28,1.34,-1.08,0.00,0.66,14.80
31826,-2.34,0.00,14.70,8,0.25,1042,0.00,0.00,14.70,16,9.88,12.50,68,4.79,-9.94,4.32,1.32,-1.08,0.00,0.66,14.80
31901,-2.34,0.00,14.59,8,0.25,1046,0.00,0.00,14.70,16,9.88,11.50,68,4.79,-9.94,4.26,1.34,-1.08,0.00,0.66,14.80
31976,-2.34,0.00,14.59,8,0.24,1058,0.00,0.00,14.70,16,9.88,10.50,68,4.79,-9.94,4.18,1.32,-1.08,0.00,0.66,14.80
32052,-2.34,0.00,14.70,8,0.24,1062,0.00,0.00,14.70,16,9.88,9.50,68,4.79,-9.96,4.10,1.32,-1.08,0.00,0.66,14.80
32127,-2.34,0.00,14.47,8,0.24,1044,0.00,0.00,14.70,16,9.88,11.00,68,4.79,-9.98,4.18,1.32,-1.08,0.00,0.66,14.80
32203,-2.34,0.00,14.59,8,0.24,1046,0.00,0.00,14.70,16,9.88,10.50,68,4.64,-9.96,4.10,1.32,-1.08,0.00,0.66,14.80
32278,-2.34,0.00,14.47,8,0.24,1042,0.00,0.00,14.70,16,9.88,11.50,68,4.64,-9.98,4.15,1.34,-1.08,0.00,0.66,14.80
32354,-3.12,0.00,14.47,8,0.24,1046,0.00,0.00,14.70,16,9.88,10.50,68,4.79,-10.00,4.15,1.32,-1.08,0.00,0.66,14.80
32429,-2.34,0.00,14.36,8,0.24,1052,0.00,0.00,14.70,16,9.88,10.00,68,4.64,-10.02,4.15,1.32,-1.08,0.00,0.66,14.80
32504,-3.12,0.00,14.47,8,0.23,1050,0.00,0.00,14.70,16,9.88,10.50,68,4.64,-10.04,4.18,1.32,-1.08,0.00,0.66,14.80
32579,-3.12,0.00,14.36,8,0.24,1042,0.00,0.00,14.70,16,9.88,11.50,68,4.64,-10.02,4.07,1.32,-1.08,0.00,0.66,14.80
32655,-3.12,0.00,14.24,8,0.25,1032,0.00,0.00,14.70,16,9.88,10.50,68,4.64,-10.00,4.13,1.32,-1.08,0.00,0.66,14.80
32730,-3.91,0.00,14.24,8,0.23,1027,0.00,0.00,14.70,16,9.88,11.50,68,4.64,-10.02,4.07,1.32,-1.08,0.00,0.66,14.80
32806,-3.91,0.00,14.24,8,0.24,1031,0.00,0.00,14.70,16,9.88,11.50,68,4.79,-9.98,4.13,1.32,-1.08,0.00,0.66,14.80
32881,-3.12,0.00,14.24,8,0.25,1017,0.00,0.00,14.70,16,9.88,13.00,68,4.64,-9.96,4.13,1.32,-1.08,0.00,0.66,14.80
32956,-3.12,0.00,14.36,8,0.25,1018,0.00,0.00,14.70,16,9.88,12.50,68,4.79,-9.96,4.18,1.32,-1.08,0.00,0.66,14.80
33032,-3.12,0.00,14.36,8,0.24,1019,0.00,0.00,14.70,16,9.88,12.00,68,4.79,-9.92,4.26,1.34,-1.08,0.00,0.66,14.80
33107,-3.12,0.00,14.36,8,0.25,1028,0.00,0.00,14.70,16,9.88,10.50,68,4.79,-9.94,4.18,1.32,-1.08,0.00,0.66,14.80
33182,-3.12,0.00,14.47,8,0.24,1024,0.00,0.00,14.70,16,9.88,10.50,68,4.79,-9.96,4.26,1.32,-1.08,0.00,0.66,14.80
33258,-3.12,0.00,14.47,8,0.25,1030,0.00,0.00,14.70,16,9.88,11.00,68,4.79,-9.94,4.21,1.32,-1.08,0.00,0.66,14.80
33333,-3.12,0.00,14.47,8,0.24,1030,0.00,0.00,14.70,16,9.88,10.50,68,4.79,-9.96,4.24,1.34,-1.08,0.00,0.66,14.80
33409,-3.91,0.00,14.47,8,0.25,1030,0.00,0.00,14.70,16,9.88,10.50,68,4.79,-9.98,4.10,1.34,-1.08,0.00,0.66,14.80
33484,-3.91,0.00,14.24,8,0.24,1023,0.00,0.00,14.70,16,9.88,10.50,68,4.79,-9.96,4.26,1.32,-1.08,0.00,0.66,14.80
33559,-3.91,0.00,14.36,8,0.24,1023,0.00,0.00,14.70,16,9.88,10.50,68,4.79,-9.96,4.15,1.32,-1.08,0.00,0.66,14.80
33635,-4.69,0.00,14.24,8,0.25,1035,0.00,0.00,14.70,16,9.88,10.00,68,4.79,-9.96,4.13,1.32,-1.08,0.00,0.66,14.80
33710,-4.69,0.00,14.36,8,0.24,1015,0.00,0.00,14.70,16,9.88,9.50,68,4.79,-9.96,4.18,1.32,-1.08,0.00,0.66,14.80
33785,-4.69,0.00,14.24,8,0.24,1016,0.00,0.00,14.70,16,9.88,11.00,68,4.79,-9.96,4.18,1.32,-1.08,0.00,0.66,14.80
33860,-4.69,0.00,14.24,8,0.24,1017,0.00,0.00,14.70,16,9.88,11.00,68,4.79,-9.94,4.10,1.32,-1.08,0.00,0.66,14.80
33936,-4.69,0.00,14.13,8,0.24,1019,0.00,0.00,14.70,16,9.88,10.50,68,4.79,-9.92,4.10,1.32,-1.08,0.00,0.66,14.80
34012,-4.69,0.00,14.36,8,0.24,1026,0.00,0.00,14.70,16,9.88,10.00,68,4.79,-9.96,4.13,1.32,-1.08,0.00,0.66,14.80
34087,-4.69,0.00,14.36,8,0.25,965,0.00,0.00,14.70,16,9.88,10.50,68,4.79,-9.94,4.07,1.32,-1.08,0.00,0.66,14.80
34162,-4.69,0.00,14.36,8,0.25,1018,0.00,0.00,14.70,16,9.88,9.50,68,4.79,-9.96,4.21,1.32,-1.08,0.00,0.66,14.80
34237,-4.69,0.00,14.47,8,0.25,1017,0.00,0.00,14.70,16,9.88,10.50,68,4.79,-9.96,4.07,1.32,-1.08,0.00,0.66,14.80
34313,-3.91,0.00,14.47,8,0.25,1000,0.00,0.00,14.70,16,9.88,12.00,68,4.79,-9.92,4.26,1.32,-1.08,0.00,0.66,14.80
34389,-3.91,0.00,14.47,8,0.24,996,0.00,0.00,14.70,16,9.88,12.50,68,4.79,-9.90,4.13,1.30,-1.08,0.00,0.66,14.80
34463,-3.91,0.00,14.59,8,0.24,1013,0.00,0.00,14.70,16,9.88,10.50,68,4.79,-9.90,4.10,1.32,-1.08,0.00,0.66,14.80
34538,-3.91,0.00,14.59,8,0.25,1016,0.00,0.00,14.70,16,9.88,10.00,68,4.79,-9.88,4.15,1.32,-1.08,0.00,0.66,14.80
34614,-3.91,0.00,14.59,8,0.26,995,0.00,0.00,14.70,16,9.88,10.00,68,4.79,-9.92,4.18,1.32,-1.08,0.00,0.66,14.80
34689,-3.91,0.00,14.70,8,0.25,1005,0.00,0.00,14.70,16,9.88,12.00,68,4.79,-9.86,4.29,1.32,-1.08,0.00,0.66,14.80
34764,-3.91,0.00,14.47,8,0.25,1008,0.00,0.00,14.70,16,9.88,11.00,68,4.79,-9.86,4.29,1.32,-1.08,0.00,0.66,14.80
34839,-3.91,0.00,14.59,8,0.25,1017,0.00,0.00,14.70,16,9.88,9.50,68,4.79,-9.86,4.18,1.32,-1.08,0.00,0.66,14.80
34916,-3.91,0.00,14.59,8,0.24,1020,0.00,0.00,14.70,16,9.88,9.00,68,4.79,-9.90,4.15,1.34,-1.08,0.00,0.66,14.80
34991,-3.91,0.00,14.59,8,0.24,1011,0.00,0.00,14.70,16,9.88,10.00,68,4.79,-9.90,4.18,1.32,-1.08,0.00,0.66,14.80
35065,-4.69,0.00,14.59,8,0.25,1005,0.00,0.00,14.70,16,9.88,10.50,68,4.79,-9.92,4.10,1.34,-1.08,0.00,0.66,14.80
35142,-3.91,0.00,14.47,8,0.24,1008,0.00,0.00,14.70,16,9.88,11.00,68,4.79,-9.86,4.24,1.32,-1.08,0.00,0.66,14.80
35217,-4.69,0.00,14.47,8,0.24,1005,0.00,0.00,14.70,16,9.88,10.00,68,4.79,-9.90,4.10,1.30,-1.08,0.00,0.66,14.80
35291,-4.69,0.00,14.47,8,0.25,1002,0.00,0.00,14.70,16,9.88,10.50,68,4.79,-9.86,4.21,1.32,-1.08,0.00,0.66,14.80
35367,-4.69,0.00,14.36,8,0.25,1004,0.00,0.00,14.70,16,9.88,10.50,70,4.79,-9.84,4.21,1.32,-1.08,0.00,0.66,14.80
35443,-4.69,0.00,14.47,8,0.25,1010,0.00,0.00,14.70,16,9.88,9.50,70,4.79,-9.88,4.24,1.32,-1.08,0.00,0.66,14.80
35519,-4.69,0.00,14.47,8,0.24,1013,0.00,0.00,14.70,16,9.88,9.50,70,4.79,-9.86,4.15,1.32,-1.08,0.00,0.66,14.80
35594,-3.91,0.00,14.59,8,0.25,1008,0.00,0.00,14.70,16,9.88,9.00,70,4.79,-9.88,4.13,1.32,-1.08,0.00,0.66,14.80
35669,-4.69,0.00,14.59,8,0.25,998,0.00,0.00,14.70,16,9.88,9.50,70,4.79,-9.88,4.13,1.32,-1.08,0.00,0.66,14.80
35744,-3.91,0.00,14.59,8,0.24,1002,0.00,0.00,14.70,16,9.88,10.50,70,4.79,-9.86,4.07,1.32,-1.08,0.00,0.66,14.80
35819,-4.69,0.00,14.59,8,0.25,1000,0.00,0.00,14.70,16,9.88,10.50,70,4.79,-9.86,4.02,1.34,-1.08,0.00,0.66,14.80
35895,-4.69,0.00,14.59,8,0.25,1010,0.00,0.00,14.70,16,9.88,9.50,70,4.79,-9.86,4.26,1.32,-1.08,0.00,0.66,14.80
35970,-3.91,0.00,14.47,8,0.25,1002,0.00,0.00,14.70,16,9.88,10.50,70,4.79,-9.86,4.18,1.32,-1.08,0.00,0.66,14.80
36046,-4.69,0.00,14.70,8,0.26,1004,0.00,0.00,14.70,16,9.88,10.00,70,4.79,-9.86,4.24,1.34,-1.08,0.00,0.66,14.80
36120,-4.69,0.00,14.59,8,0.25,1014,0.00,0.00,14.70,16,9.88,10.50,70,4.79,-9.84,4.26,1.34,-1.08,0.00,0.66,14.80
36196,-3.91,0.00,14.47,8,0.24,1009,0.00,0.00,15.57,16,9.88,8.50,70,4.79,-9.84,4.21,1.32,-1.08,0.00,0.66,14.80
36271,-4.69,0.00,14.59,8,0.23,1009,0.00,0.00,14.70,16,9.88,9.50,70,4.79,-9.88,3.83,1.28,-1.08,0.00,0.66,14.80
36347,-3.91,0.00,14.59,8,0.25,1013,0.00,0.00,14.70,16,9.88,9.00,70,4.79,-9.88,3.99,1.32,-1.08,0.00,0.66,14.80
36422,-3.91,0.00,14.59,8,0.25,981,0.00,0.00,14.70,16,9.88,12.50,70,4.79,-9.88,4.02,1.32,-1.08,0.00,0.66,14.80
36497,-4.69,0.00,14.70,8,0.25,978,0.00,0.00,14.70,16,9.88,12.50,70,4.79,-9.82,4.15,1.34,-1.08,0.00,0.66,14.80
36572,-4.69,0.00,14.59,8,0.26,993,0.00,0.00,14.70,16,9.88,10.50,70,4.93,-9.82,4.13,1.30,-1.08,0.00,0.66,14.80
36647,-4.69,0.00,14.47,8,0.24,1009,0.00,0.00,14.70,16,9.88,9.50,70,4.93,-9.82,4.15,1.30,-1.08,0.00,0.66,14.80
36722,-4.69,0.00,14.59,8,0.24,1012,0.00,0.00,14.70,16,9.88,9.00,70,4.93,-9.84,4.07,1.32,-1.08,0.00,0.66,14.80
36798,-3.91,0.00,14.59,8,0.25,1004,0.00,0.00,14.70,16,9.88,9.50,70,4.79,-9.84,4.04,1.32,-1.08,0.00,0.66,14.80
36874,-4.69,0.00,14.70,8,0.24,1006,0.00,0.00,14.70,16,9.88,9.50,70,4.79,-9.86,4.15,1.32,-1.08,0.00,0.66,14.80
36949,-3.91,0.00,14.70,8,0.25,1001,0.00,0.00,14.70,16,9.88,10.00,70,4.93,-9.84,4.13,1.32,-1.08,0.00,0.66,14.80
37024,-3.91,0.00,14.70,8,0.25,1000,0.00,0.00,14.70,16,9.88,10.00,70,4.79,-9.84,4.13,1.32,-1.08,0.00,0.66,14.80
37099,-3.91,0.00,14.70,8,0.25,992,0.00,0.00,14.70,16,9.88,10.50,70,4.93,-9.86,4.10,1.34,-1.08,0.00,0.66,14.80
37174,-3.91,0.00,14.81,8,0.25,1001,0.00,0.00,14.70,16,9.88,10.50,70,4.79,-9.82,4.18,1.32,-1.08,0.00,0.66,14.80
37250,-3.91,0.00,14.81,8,0.25,1003,0.00,0.00,14.70,16,9.88,9.50,70,4.93,-9.84,4.15,1.32,-1.08,0.00,0.66,14.80
37325,-3.91,0.00,14.81,8,0.24,1007,0.00,0.00,14.70,16,9.88,9.50,70,4.79,-9.84,4.10,1.30,-1.08,0.00,0.66,14.80
37401,-3.12,0.00,14.81,8,0.25,993,0.00,0.00,14.70,16,9.88,10.50,70,4.79,-9.82,4.07,1.30,-1.08,0.00,0.66,14.80
37476,-3.12,0.00,14.81,8,0.25,1002,0.00,0.00,14.70,16,9.88,9.50,70,4.93,-9.82,4.04,1.32,-1.08,0.00,0.66,14.80
37551,-3.12,0.00,14.81,8,0.25,1001,0.00,0.00,14.70,16,9.88,9.50,70,4.93,-9.82,4.13,1.34,-1.08,0.00,0.66,14.80
37627,-3.91,0.00,14.70,8,0.26,1007,0.00,0.00,14.70,16,9.88,8.50,70,4.93,-9.84,4.21,1.32,-1.08,0.00,0.66,14.80
37702,-3.91,0.00,14.70,8,0.25,1005,0.00,0.00,14.70,16,9.88,9.00,70,4.93,-9.86,4.29,1.32,-1.08,0.00,0.66,14.80
37777,-3.12,0.00,14.70,8,0.25,1010,0.00,0.00,14.70,16,9.88,9.50,70,4.79,-9.82,4.24,1.32,-1.08,0.00,0.66,14.80
37852,-3.91,0.00,14.70,8,0.24,1002,0.00,0.00,14.70,16,9.88,9.50,70,4.79,-9.86,4.10,1.32,-1.08,0.00,0.66,14.80
37927,-3.91,0.00,14.70,8,0.25,1005,0.00,0.00,15.44,16,9.88,9.50,70,4.79,-9.86,4.24,1.34,-1.08,0.00,0.66,14.80
38002,-3.12,0.00,14.59,8,0.24,1006,0.00,0.00,14.70,16,9.88,9.50,70,4.79,-9.86,3.91,1.30,-1.08,0.00,0.66,14.80
38078,-3.91,0.00,14.70,8,0.24,1015,0.00,0.00,14.70,16,9.88,8.00,70,4.79,-9.88,4.04,1.32,-1.08,0.00,0.66,14.80
38153,-3.12,0.00,14.70,8,0.25,1008,0.00,0.00,14.70,16,9.88,9.50,70,4.79,-9.86,4.04,1.34,-1.08,0.00,0.66,14.80
38229,-3.91,0.00,14.59,8,0.25,999,0.00,0.00,14.70,16,9.88,9.50,70,4.79,-9.84,4.13,1.32,-1.08,0.00,0.66,14.80
38304,-3.91,0.00,14.70,8,0.24,998,0.00,0.00,14.70,16,9.88,10.00,70,4.79,-9.86,4.15,1.32,-1.08,0.00,0.66,14.80
38380,-3.12,0.00,14.70,8,0.25,999,0.00,0.00,14.70,16,9.88,10.00,70,4.93,-9.84,4.18,1.32,-1.08,0.00,0.66,14.80
38454,-3.12,0.00,14.70,8,0.25,990,0.00,0.00,14.70,16,9.88,11.00,70,4.79,-9.84,4.13,1.32,-1.08,0.00,0.66,14.80
38530,-3.12,0.00,14.70,8,0.24,1002,0.00,0.00,14.70,16,9.88,9.50,70,4.93,-9.84,4.10,1.32,-1.08,0.00,0.66,14.80
38605,-3.12,0.00,14.81,8,0.23,1005,0.00,0.00,14.70,16,9.88,9.50,70,4.79,-9.84,4.10,1.30,-1.08,0.00,0.66,14.80
38681,-3.12,0.00,14.59,8,0.23,1004,0.00,0.00,13.54,16,9.88,8.50,70,4.79,-9.88,3.88,1.30,-1.08,0.00,0.66,14.80
38756,-3.91,0.00,14.70,8,0.25,1001,0.00,0.00,14.70,16,9.88,9.50,70,4.79,-9.86,4.15,1.32,-1.08,0.00,0.66,14.80
38831,-3.12,0.00,14.47,8,0.26,989,0.00,0.00,14.70,16,9.88,11.00,70,4.79,-9.82,4.26,1.34,-1.08,0.00,0.66,14.80
38907,-3.91,0.00,14.70,8,0.25,1006,0.00,0.00,14.70,16,9.88,9.50,70,4.93,-9.84,4.26,1.32,-1.08,0.00,0.66,14.80
38982,-3.12,0.00,14.59,8,0.24,1013,0.00,0.00,14.70,16,9.88,8.00,70,4.79,-9.84,4.07,1.32,-1.08,0.00,0.66,14.80
39058,-3.12,0.00,14.70,8,0.25,1006,0.00,0.00,14.70,16,9.88,9.50,70,4.79,-9.86,4.04,1.32,-1.08,0.00,0.66,14.80
39133,-3.12,0.00,14.81,8,0.25,1013,0.00,0.00,14.70,16,9.88,8.00,70,4.79,-9.88,4.18,1.32,-1.08,0.00,0.66,14.80
39208,-3.12,0.00,14.70,8,0.25,1005,0.00,0.00,14.70,16,9.88,8.50,70,4.79,-9.86,4.18,1.34,-1.08,0.00,0.66,14.80
39283,-3.12,0.00,14.59,8,0.24,1017,0.00,0.00,14.70,16,9.88,9.50,70,4.79,-9.90,3.99,1.30,-1.08,0.00,0.66,14.80
39359,-3.12,0.00,14.59,8,0.24,1020,0.00,0.00,14.70,16,9.88,8.00,70,4.79,-9.92,4.15,1.30,-1.08,0.00,0.66,14.80
39433,-3.91,0.00,14.36,8,0.25,1000,0.00,0.00,14.70,16,9.88,10.50,70,4.79,-9.88,4.15,1.32,-1.08,0.00,0.66,14.80
39509,-3.91,0.00,14.47,8,0.25,1007,0.00,0.00,14.70,16,9.88,9.50,70,4.79,-9.86,4.10,1.32,-1.08,0.00,0.66,14.80
39585,-3.91,0.00,14.36,8,0.25,1000,0.00,0.00,14.70,16,9.88,10.50,70,4.79,-9.86,4.13,1.32,-1.08,0.00,0.66,14.80
39660,-3.91,0.00,14.47,8,0.25,1001,0.00,0.00,14.70,16,9.88,10.50,70,4.79,-9.82,4.15,1.30,-1.08,0.00,0.66,14.80
39735,-3.91,0.00,14.47,8,0.24,1006,0.00,0.00,14.70,16,9.88,10.00,70,4.93,-9.86,4.21,1.32,-1.08,0.00,0.66,14.80
39810,-3.91,0.00,14.47,8,0.24,1011,0.00,0.00,14.70,16,9.88,9.50,70,4.79,-9.86,4.07,1.32,-1.08,0.00,0.66,14.80
39886,-3.91,0.00,14.59,8,0.24,1000,0.00,0.00,14.70,16,9.88,10.00,70,4.79,-9.88,4.18,1.32,-1.08,0.00,0.66,14.80
39961,-3.91,0.00,14.47,8,0.24,1006,0.00,0.00,14.70,16,9.88,9.50,70,4.79,-9.86,4.04,1.30,-1.08,0.00,0.66,14.80
40037,-3.91,0.00,14.36,8,0.25,998,0.00,0.00,14.70,16,9.88,10.50,70,4.79,-9.82,4.07,1.32,-1.08,0.00,0.66,14.80
40112,-4.69,0.00,14.36,8,0.25,984,0.00,0.00,14.70,16,9.88,10.50,70,4.79,-9.84,4.07,1.32,-1.08,0.00,0.66,14.80
40187,-3.91,0.00,14.47,8,0.25,1001,0.00,0.00,14.70,16,9.88,11.50,70,4.79,-9.82,4.15,1.34,-1.08,0.00,0.66,14.80
40263,-3.91,0.00,14.36,8,0.24,1002,0.00,0.00,14.70,16,9.88,9.50,70,4.93,-9.82,4.13,1.32,-1.08,0.00,0.66,14.80
40338,-3.91,0.00,14.47,8,0.24,1005,0.00,0.00,14.70,16,9.88,8.00,70,4.79,-9.84,4.04,1.32,-1.08,0.00,0.66,14.80
40414,-3.91,0.00,14.59,8,0.25,1008,0.00,0.00,14.70,16,9.88,9.00,70,4.93,-9.84,4.10,1.32,-1.08,0.00,0.66,14.80
40489,-3.91,0.00,14.59,8,0.25,1004,0.00,0.00,14.70,16,9.88,9.50,70,4.79,-9.86,4.32,1.34,-1.08,0.00,0.66,14.80
40564,-3.91,0.00,14.59,8,0.25,1000,0.00,0.00,14.70,16,9.88,10.00,70,4.79,-9.86,4.21,1.32,-1.08,0.00,0.66,14.80
40639,-3.91,0.00,14.70,8,0.25,1005,0.00,0.00,14.70,16,9.88,10.00,70,4.79,-9.82,4.21,1.32,-1.08,0.00,0.66,14.80
40715,-3.12,0.00,14.70,8,0.25,999,0.00,0.00,14.70,16,9.88,9.50,70,4.79,-9.84,4.18,1.32,-1.08,0.00,0.66,14.80
40790,-3.12,0.00,14.70,8,0.25,1006,0.00,0.00,14.70,16,9.88,10.00,70,4.79,-9.84,4.15,1.30,-1.08,0.00,0.66,14.80
40866,-3.12,0.00,14.70,8,0.25,1008,0.00,0.00,14.70,16,9.88,9.00,70,4.79,-9.82,4.13,1.32,-1.08,0.00,0.66,14.80
40940,-3.12,0.00,14.70,8,0.25,1009,0.00,0.00,14.70,16,9.88,8.50,70,4.79,-9.86,4.15,1.32,-1.08,0.00,0.66,14.80
41016,-3.12,0.00,14.70,8,0.25,998,0.00,0.00,14.70,16,9.88,10.00,70,4.79,-9.84,4.13,1.32,-1.08,0.00,0.66,14.80
41090,-3.12,0.00,14.81,8,0.25,995,0.00,0.00,14.70,16,9.88,10.50,70,4.79,-9.86,4.18,1.32,-1.08,0.00,0.66,14.80
41166,-3.91,0.00,14.59,8,0.25,1002,0.00,0.00,14.70,16,9.88,9.50,70,4.79,-9.86,4.15,1.34,-1.08,0.00,0.66,14.80
41242,-3.91,0.00,14.59,8,0.25,1004,0.00,0.00,14.70,16,9.88,9.50,70,4.79,-9.82,4.35,1.34,-1.08,0.00,0.66,14.80
41316,-3.91,0.00,14.59,8,0.25,998,0.00,0.00,14.70,16,9.88,9.50,70,4.93,-9.86,4.21,1.34,-1.08,0.00,0.66,14.80
41393,-3.91,0.00,14.59,8,0.24,1009,0.00,0.00,14.70,16,9.88,9.00,70,4.79,-9.86,4.07,1.30,-1.08,0.00,0.66,14.80
41468,-3.91,0.00,14.47,8,0.24,1009,0.00,0.00,14.70,16,9.88,9.00,70,4.79,-9.84,4.07,1.32,-1.08,0.00,0.66,14.80
41543,-3.91,0.00,14.59,8,0.25,1013,0.00,0.00,14.70,16,9.88,8.50,70,4.79,-9.86,4.21,1.34,-1.08,0.00,0.66,14.80
41619,-3.91,0.00,14.47,8,0.24,1008,0.00,0.00,14.70,16,9.88,9.50,70,4.79,-9.86,4.18,1.32,-1.08,0.00,0.66,14.80
41694,-3.91,0.00,14.59,8,0.25,1006,0.00,0.00,14.70,16,9.88,9.00,70,4.79,-9.86,4.10,1.32,-1.08,0.00,0.66,14.80
41769,-3.91,0.00,14.47,8,0.25,998,0.00,0.00,14.70,16,9.88,9.50,70,4.79,-9.88,4.21,1.32,-1.08,0.00,0.66,14.80
41845,-3.91,0.00,14.59,8,0.25,1006,0.00,0.00,14.70,16,9.88,9.50,70,4.79,-9.86,4.18,1.32,-1.08,0.00,0.66,14.80
41920,-3.91,0.00,14.59,8,0.25,1010,0.00,0.00,14.70,16,9.88,9.00,70,4.79,-9.88,4.10,1.34,-1.08,0.00,0.66,14.80
41995,-3.91,0.00,14.59,8,0.25,1018,0.00,0.00,14.70,16,9.88,8.00,70,4.79,-9.92,4.21,1.32,-1.08,0.00,0.66,14.80
42070,-3.12,0.00,14.59,8,0.25,1005,0.00,0.00,14.70,16,9.88,9.50,70,4.79,-9.88,4.15,1.32,-1.08,0.00,0.66,14.80
42146,-3.12,0.00,14.59,8,0.24,1006,0.00,0.00,14.70,16,9.88,9.50,70,4.79,-9.90,4.18,1.34,-1.08,0.00,0.66,14.80
42221,-3.12,0.00,14.81,8,0.25,1018,0.00,0.00,14.70,16,9.88,9.50,70,4.79,-9.88,4.10,1.34,-1.08,0.00,0.66,14.80
42296,-3.12,0.00,14.59,8,0.25,1015,0.00,0.00,14.70,16,9.88,8.00,70,4.79,-9.86,4.18,1.32,-1.08,0.00,0.66,14.80
42372,-3.91,0.00,14.70,8,0.24,1011,0.00,0.00,14.70,16,9.88,9.50,70,4.79,-9.92,4.10,1.30,-1.08,0.00,0.66,14.80
42446,-3.12,0.00,14.70,8,0.23,1018,0.00,0.00,15.32,16,9.88,8.50,70,4.79,-9.92,4.18,1.30,-1.08,0.00,0.66,14.80
42522,-3.12,0.00,14.70,8,0.24,1014,0.00,0.00,14.70,16,9.88,9.00,70,4.79,-9.92,3.88,1.30,-1.08,0.00,0.66,14.80
42597,-3.91,0.00,14.59,8,0.25,1015,0.00,0.00,14.70,16,9.88,9.00,70,4.79,-9.94,4.10,1.32,-1.08,0.00,0.66,14.80
42672,-3.12,0.00,14.59,8,0.25,1005,0.00,0.00,14.70,16,9.88,11.00,70,4.79,-9.90,4.15,1.32,-1.08,0.00,0.66,14.80
42748,-3.91,0.00,14.47,8,0.25,1000,0.00,0.00,14.70,16,9.88,10.00,70,4.79,-9.90,4.18,1.32,-1.08,0.00,0.66,14.80
42823,-3.91,0.00,14.59,8,0.25,1011,0.00,0.00,14.70,16,9.88,10.50,70,4.79,-9.88,4.15,1.32,-1.08,0.00,0.66,14.80
42899,-3.12,0.00,14.59,8,0.24,1012,0.00,0.00,14.70,16,9.88,9.00,70,4.79,-9.86,4.04,1.32,-1.08,0.00,0.66,14.80
42974,-3.91,0.00,14.59,8,0.24,1007,0.00,0.00,14.70,16,9.88,9.00,70,4.79,-9.92,4.15,1.32,-1.08,0.00,0.66,14.80
43049,-3.91,0.00,14.59,8,0.24,1015,0.00,0.00,14.70,16,9.88,8.50,70,4.79,-9.92,4.10,1.32,-1.08,0.00,0.66,14.80
43125,-3.91,0.00,14.59,8,0.24,1005,0.00,0.00,14.70,16,9.88,10.50,70,4.79,-9.92,4.07,1.32,-1.08,0.00,0.66,14.80
43199,-3.91,0.00,14.59,8,0.24,1000,0.00,0.00,14.70,16,9.88,10.00,70,4.79,-9.94,3.96,1.32,-1.08,0.00,0.66,14.80
43275,-3.91,0.00,14.59,8,0.24,1008,0.00,0.00,14.70,16,9.88,10.50,70,4.79,-9.92,4.13,1.32,-1.08,0.00,0.66,14.80
43350,-3.91,0.00,14.47,8,0.25,992,0.00,0.00,14.70,16,9.88,11.00,70,4.79,-9.92,4.10,1.32,-1.08,0.00,0.66,14.80
43426,-3.91,0.00,14.59,8,0.25,1000,0.00,0.00,14.70,16,9.88,10.00,70,4.79,-9.92,4.15,1.32,-1.08,0.00,0.66,14.80
43501,-3.91,0.00,14.47,8,0.24,1007,0.00,0.00,14.70,16,9.88,9.50,70,4.79,-9.86,4.18,1.32,-1.08,0.00,0.66,14.80
43576,-3.12,0.00,14.59,8,0.24,1013,0.00,0.00,14.70,16,9.88,8.50,70,4.79,-9.92,3.99,1.30,-1.08,0.00,0.66,14.80
43651,-3.91,0.00,14.59,8,0.24,1014,0.00,0.00,14.70,16,9.88,8.00,70,4.79,-9.94,4.04,1.30,-1.08,0.00,0.66,14.80
43727,-3.12,0.00,14.70,8,0.24,1007,0.00,0.00,14.70,16,9.88,8.50,70,4.79,-9.96,4.07,1.32,-1.08,0.00,0.66,14.80
43802,-3.91,0.00,14.59,8,0.24,996,0.00,0.00,14.70,16,9.88,9.50,70,4.79,-10.00,4.02,1.32,-1.08,0.00,0.66,14.80
43878,-3.91,0.00,14.59,8,0.23,1008,0.00,0.00,14.70,16,9.88,9.50,70,4.79,-9.96,3.96,1.30,-1.08,0.00,0.66,14.80
43953,-3.91,0.00,14.47,8,0.24,1015,0.00,0.00,14.70,16,9.88,9.50,70,4.79,-9.96,3.91,1.30,-1.08,0.00,0.66,14.80
44029,-3.91,0.00,14.59,8,0.23,1015,0.00,0.00,14.70,16,9.88,9.00,70,4.64,-10.02,3.82,1.30,-1.08,0.00,0.66,14.80
44103,-3.91,0.00,14.59,8,0.25,1002,0.00,0.00,14.70,16,9.88,10.00,70,4.64,-10.02,3.96,1.32,-1.08,0.00,0.66,14.80
44179,-3.12,0.00,14.59,8,0.24,990,0.00,0.00,14.70,16,9.88,10.50,70,4.64,-9.98,4.07,1.32,-1.08,0.00,0.66,14.80
44254,-3.12,0.00,14.70,8,0.24,1004,0.00,0.00,14.70,16,9.88,11.50,70,4.79,-9.96,4.02,1.32,-1.08,0.00,0.66,14.80
44330,-3.12,0.00,14.70,8,0.24,1006,0.00,0.00,14.70,16,9.88,9.50,70,4.79,-9.96,4.10,1.32,-1.08,0.00,0.66,14.80
44405,-3.12,0.00,14.70,8,0.24,987,0.00,0.00,14.70,16,9.88,11.50,70,4.64,-9.98,4.07,1.32,-1.08,0.00,0.66,14.80
44481,-3.12,0.00,14.70,8,0.24,994,0.00,0.00,14.70,16,9.88,10.50,70,4.79,-9.98,3.93,1.32,-1.08,0.00,0.66,14.80
44556,-3.12,0.00,14.81,8,0.25,996,0.00,0.00,14.70,16,9.88,10.50,70,4.64,-9.96,3.99,1.32,-1.08,0.00,0.66,14.80
44631,-3.12,0.00,14.70,8,0.24,1005,0.00,0.00,14.70,16,9.88,9.50,70,4.79,-10.02,4.13,1.30,-1.08,0.00,0.66,14.80
44706,-3.12,0.00,14.70,8,0.24,1002,0.00,0.00,14.70,16,9.88,10.50,70,4.64,-10.02,3.99,1.30,-1.08,0.00,0.66,14.80
44782,-3.12,0.00,14.59,8,0.25,990,0.00,0.00,14.70,16,9.88,9.50,70,4.64,-10.00,4.13,1.32,-1.08,0.00,0.66,14.80
44857,-3.91,0.00,14.70,8,0.24,999,0.00,0.00,14.70,16,9.88,9.50,70,4.64,-10.02,4.02,1.32,-1.08,0.00,0.66,14.80
44932,-3.12,0.00,14.59,8,0.24,1000,0.00,0.00,14.70,16,9.88,9.50,70,4.79,-9.96,4.13,1.32,-1.08,0.00,0.66,14.80
45008,-3.91,0.00,14.59,8,0.24,1004,0.00,0.00,14.70,16,9.88,9.50,70,4.64,-10.02,4.07,1.32,-1.08,0.00,0.66,14.80
45083,-3.91,0.00,14.47,8,0.24,996,0.00,0.00,14.70,16,9.88,10.00,70,4.64,-10.02,4.02,1.30,-1.08,0.00,0.66,14.80
45158,-3.91,0.00,14.47,8,0.24,991,0.00,0.00,14.70,16,9.88,10.50,70,4.64,-10.02,3.99,1.30,-1.08,0.00,0.66,14.80
45233,-4.69,0.00,14.36,8,0.24,992,0.00,0.00,14.70,16,9.88,10.50,70,4.64,-10.04,3.96,1.32,-1.08,0.00,0.66,14.80
45309,-3.91,0.00,14.36,8,0.24,994,0.00,0.00,14.70,16,9.88,10.50,70,4.64,-10.02,4.04,1.30,-1.08,0.00,0.66,14.80
45384,-4.69,0.00,14.24,8,0.25,978,0.00,0.00,14.70,16,9.88,11.50,70,4.64,-10.04,3.99,1.32,-1.08,0.00,0.66,14.80
45460,-4.69,0.00,14.36,8,0.24,982,0.00,0.00,14.70,16,9.88,11.00,70,4.79,-10.02,3.96,1.30,-1.08,0.00,0.66,14.80
45535,-4.69,0.00,14.24,8,0.23,980,0.00,0.00,14.70,16,9.88,11.00,70,4.64,-9.96,3.69,1.26,-1.08,0.00,0.66,14.80
45610,-4.69,0.00,14.36,8,0.23,989,0.00,0.00,14.70,16,9.88,10.00,70,4.79,-9.96,3.82,1.28,-1.08,0.00,0.66,14.80
45685,-4.69,0.00,14.36,8,0.23,988,0.00,0.00,14.70,16,9.88,10.50,70,4.79,-9.96,3.82,1.30,-1.08,0.00,0.66,14.80
45761,-4.69,0.00,14.24,8,0.24,981,0.00,0.00,14.70,16,9.88,10.00,70,4.79,-9.94,3.72,1.30,-1.08,0.00,0.66,14.80
45836,-4.69,0.00,14.47,8,0.24,984,0.00,0.00,14.70,16,9.88,10.50,70,4.79,-9.96,3.85,1.30,-1.08,0.00,0.66,14.80
45912,-3.91,0.00,14.47,8,0.24,970,0.00,0.00,14.70,16,9.88,11.50,70,4.79,-9.92,3.88,1.30,-1.08,0.00,0.66,14.80
45987,-3.91,0.00,14.59,8,0.24,964,0.00,0.00,14.70,16,9.88,12.00,70,4.79,-9.94,3.93,1.28,-1.08,0.00,0.66,14.80
46062,-3.91,0.00,14.59,8,0.25,969,0.00,0.00,14.70,16,9.88,11.50,70,4.79,-9.90,4.10,1.30,-1.08,0.00,0.66,14.80
46138,-3.91,0.00,14.70,8,0.24,973,0.00,0.00,14.70,16,9.88,10.50,70,4.79,-9.88,3.93,1.32,-1.08,0.00,0.66,14.80
46213,-3.91,0.00,14.70,8,0.24,976,0.00,0.00,15.32,16,9.88,10.50,70,4.79,-9.92,3.96,1.30,-1.08,0.00,0.66,14.80
46289,-3.91,0.00,14.70,8,0.23,982,0.00,0.00,14.70,16,9.88,10.50,70,4.79,-9.92,3.78,1.30,-1.08,0.00,0.66,14.80
46364,-3.91,0.00,14.70,8,0.24,977,0.00,0.00,14.70,16,9.88,9.50,70,4.79,-9.94,3.85,1.30,-1.08,0.00,0.66,14.80
46439,-3.91,0.00,14.81,8,0.24,980,0.00,0.00,14.70,16,9.88,9.50,70,4.79,-9.96,3.93,1.30,-1.08,0.00,0.66,14.80
46513,-3.91,0.00,14.70,8,0.24,976,0.00,0.00,14.70,16,9.88,10.00,70,4.79,-9.92,3.85,1.28,-1.08,0.00,0.66,14.80
46589,-3.91,0.00,14.70,8,0.24,980,0.00,0.00,14.70,16,9.88,9.50,70,4.79,-9.96,3.80,1.32,-1.08,0.00,0.66,14.80
46665,-3.91,0.00,14.81,8,0.25,978,0.00,0.00,14.70,16,9.88,9.50,70,4.79,-9.94,3.85,1.30,-1.08,0.00,0.66,14.80
46740,-3.91,0.00,14.81,8,0.25,968,0.00,0.00,14.70,16,9.88,9.50,70,4.79,-9.94,4.04,1.32,-1.08,0.00,0.66,14.80
46815,-3.91,0.00,14.81,8,0.23,978,0.00,0.00,14.70,16,9.88,10.50,70,4.79,-9.92,3.91,1.28,-1.08,0.00,0.66,14.80
46890,-3.91,0.00,14.70,8,0.23,982,0.00,0.00,14.70,16,9.88,9.00,70,4.79,-9.92,3.69,1.28,-1.08,0.00,0.66,14.80
46966,-3.91,0.00,14.59,8,0.24,959,0.00,0.00,14.70,16,9.88,11.50,70,4.79,-9.94,3.82,1.28,-1.08,0.00,0.66,14.80
47041,-3.91,0.00,14.59,8,0.23,959,0.00,0.00,14.70,16,9.88,11.50,70,4.79,-9.92,3.78,1.28,-1.08,0.00,0.66,14.80
47116,-4.69,0.00,14.47,8,0.25,957,0.00,0.00,14.70,16,9.88,11.50,70,4.79,-9.86,3.67,1.32,-1.08,0.00,0.66,14.80
47192,-5.47,0.00,14.36,8,0.25,1012,0.00,0.00,14.70,16,9.88,10.50,70,4.79,-9.86,3.96,1.30,-1.08,0.00,0.66,14.80
47267,-4.69,0.00,14.47,8,0.25,954,0.00,0.00,14.70,16,9.88,12.50,70,4.79,-9.82,3.91,1.32,-1.08,0.00,0.66,14.80
47343,-4.69,0.00,14.47,8,0.25,965,0.00,0.00,14.70,16,9.88,11.50,70,4.93,-9.84,4.02,1.32,-1.08,0.00,0.66,14.80
47418,-4.69,0.00,14.47,8,0.25,968,0.00,0.00,14.70,16,9.88,10.00,70,4.93,-9.84,4.04,1.32,-1.08,0.00,0.66,14.80
47493,-4.69,0.00,14.47,8,0.24,972,0.00,0.00,14.70,16,9.88,10.00,70,4.79,-9.82,3.78,1.30,-1.08,0.00,0.66,14.80
47568,-4.69,0.00,14.59,8,0.25,977,0.00,0.00,14.70,16,9.88,9.00,70,4.79,-9.86,4.04,1.30,-1.08,0.00,0.66,14.80
47643,-3.91,0.00,14.36,8,0.24,970,0.00,0.00,14.70,16,9.88,9.50,70,4.79,-9.86,3.88,1.30,-1.08,0.00,0.66,14.80
47719,-3.91,0.00,14.47,8,0.24,977,0.00,0.00,14.70,16,9.88,8.50,70,4.79,-9.86,3.96,1.30,-1.08,0.00,0.66,14.80
47794,-3.91,0.00,14.70,8,0.24,982,0.00,0.00,14.70,16,9.88,9.00,70,4.79,-9.86,3.93,1.30,-1.08,0.00,0.66,14.80
47869,-3.91,0.00,14.59,8,0.25,970,0.00,0.00,14.70,16,9.88,9.50,70,4.79,-9.86,3.96,1.32,-1.08,0.00,0.66,14.80
47945,-3.91,0.00,14.70,8,0.25,966,0.00,0.00,14.70,16,9.88,10.00,70,4.79,-9.86,4.02,1.32,-1.08,0.00,0.66,14.80
48020,-3.91,0.00,14.70,8,0.24,970,0.00,0.00,14.70,16,9.88,9.50,70,4.79,-9.86,4.04,1.30,-1.08,0.00,0.66,14.80
48095,-3.91,0.00,14.70,8,0.24,976,0.00,0.00,14.70,16,9.88,9.00,70,4.79,-9.90,3.96,1.30,-1.08,0.00,0.66,14.80
48171,-3.91,0.00,14.70,8,0.25,967,0.00,0.00,14.70,16,9.88,8.50,70,4.79,-9.92,4.02,1.30,-1.08,0.00,0.66,14.80
48246,-3.91,0.00,14.59,8,0.25,969,0.00,0.00,14.70,16,9.88,10.00,70,4.79,-9.86,4.07,1.32,-1.08,0.00,0.66,14.80
48320,-4.69,0.00,14.59,8,0.24,974,0.00,0.00,14.70,16,9.88,9.50,70,4.79,-9.92,4.07,1.32,-1.08,0.00,0.66,14.80
48396,-4.69,0.00,14.47,8,0.24,977,0.00,0.00,14.70,16,9.88,9.00,70,4.79,-9.92,3.91,1.30,-1.08,0.00,0.66,14.80
48472,-4.69,0.00,14.47,8,0.24,967,0.00,0.00,14.70,16,9.88,10.00,70,4.79,-9.92,3.83,1.30,-1.08,0.00,0.66,14.80
48547,-4.69,0.00,14.59,8,0.25,970,0.00,0.00,14.70,16,9.88,10.00,70,4.79,-9.92,4.02,1.30,-1.08,0.00,0.66,14.80
48622,-4.69,0.00,14.47,8,0.24,966,0.00,0.00,14.70,16,9.88,10.00,70,4.79,-9.86,3.96,1.30,-1.08,0.00,0.66,14.80
48698,-4.69,0.00,14.36,8,0.25,962,0.00,0.00,14.70,16,9.88,10.50,70,4.79,-9.86,3.93,1.30,-1.08,0.00,0.66,14.80
48773,-4.69,0.00,14.47,8,0.25,966,0.00,0.00,14.70,16,9.88,10.50,70,4.79,-9.84,3.96,1.30,-1.08,0.00,0.66,14.80
48848,-4.69,0.00,14.47,8,0.25,962,0.00,0.00,14.70,16,9.88,9.50,70,4.79,-9.84,3.99,1.30,-1.08,0.00,0.66,14.80
48924,-4.69,0.00,14.59,8,0.25,969,0.00,0.00,14.70,16,9.88,9.50,70,4.79,-9.86,3.99,1.32,-1.08,0.00,0.66,14.80
48999,-3.91,0.00,14.47,8,0.25,970,0.00,0.00,14.70,16,9.88,9.50,70,4.79,-9.82,3.96,1.32,-1.08,0.00,0.66,14.80
49074,-3.91,0.00,14.70,8,0.25,980,0.00,0.00,14.70,16,9.88,8.00,70,4.79,-9.88,4.02,1.30,-1.08,0.00,0.66,14.80
49149,-4.69,0.00,14.59,8,0.25,977,0.00,0.00,14.70,16,9.88,8.50,70,4.79,-9.90,3.88,1.28,-1.08,0.00,0.66,14.80
49225,-4.69,0.00,14.59,8,0.24,971,0.00,0.00,14.70,16,9.88,9.50,70,4.79,-9.90,3.93,1.30,-1.08,0.00,0.66,14.80
49300,-4.69,0.00,14.47,8,0.24,969,0.00,0.00,14.70,16,9.88,9.50,70,4.79,-9.92,3.85,1.32,-1.08,0.00,0.66,14.80
49375,-4.69,0.00,14.47,8,0.24,978,0.00,0.00,14.70,16,9.88,9.00,70,4.79,-9.92,3.93,1.30,-1.08,0.00,0.66,14.80
49451,-4.69,0.00,14.47,8,0.24,974,0.00,0.00,14.70,16,9.88,9.50,70,4.79,-9.92,3.96,1.30,-1.08,0.00,0.66,14.80
49527,-4.69,0.00,14.47,8,0.25,965,0.00,0.00,14.70,16,9.88,10.50,70,4.79,-9.92,3.82,1.32,-1.08,0.00,0.66,14.80
49602,-4.69,0.00,14.47,8,0.25,955,0.00,0.00,14.70,16,9.88,11.50,70,4.79,-9.86,4.04,1.32,-1.08,0.00,0.66,14.80
49677,-4.69,0.00,14.47,8,0.25,958,0.00,0.00,14.70,16,9.88,10.50,70,4.79,-9.90,3.96,1.30,-1.08,0.00,0.66,14.80
49753,-4.69,0.00,14.59,8,0.23,971,0.00,0.00,14.70,16,9.88,9.00,70,4.79,-9.88,4.02,1.28,-1.08,0.00,0.66,14.80
49828,-4.69,0.00,14.47,8,0.25,974,0.00,0.00,13.43,16,9.88,9.50,70,4.79,-9.88,3.88,1.30,-1.08,0.00,0.66,14.80
49904,-4.69,0.00,14.59,8,0.25,974,0.00,0.00,14.70,16,9.88,9.00,70,4.79,-9.92,3.99,1.30,-1.08,0.00,0.66,14.80
49979,-4.69,0.00,14.47,8,0.25,964,0.00,0.00,14.70,16,9.88,10.00,70,4.79,-9.86,3.93,1.32,-1.08,0.00,0.66,14.80
50054,-4.69,0.00,14.59,8,0.25,977,0.00,0.00,14.70,16,9.88,8.50,70,4.79,-9.90,4.02,1.32,-1.08,0.00,0.66,14.80
50129,-4.69,0.00,14.47,8,0.25,975,0.00,0.00,14.70,16,9.88,9.00,70,4.79,-9.92,4.07,1.30,-1.08,0.00,0.66,14.80
50204,-4.69,0.00,14.47,8,0.24,972,0.00,0.00,14.70,16,9.88,8.00,70,4.79,-9.94,3.91,1.30,-1.08,0.00,0.66,14.80
50280,-5.47,0.00,14.47,8,0.25,957,0.00,0.00,14.70,16,9.88,9.50,70,4.79,-9.94,3.93,1.30,-1.08,0.00,0.66,14.80
50355,-4.69,0.00,14.47,8,0.25,960,0.00,0.00,14.70,16,9.88,11.00,70,4.79,-9.90,3.96,1.30,-1.08,0.00,0.66,14.80
50431,-6.25,0.00,14.36,8,0.25,966,0.00,0.00,14.70,16,9.88,10.00,70,4.79,-9.90,3.96,1.30,-1.08,0.00,0.66,14.80
50505,-5.47,0.00,14.36,8,0.25,975,0.00,0.00,14.70,16,9.88,9.00,70,4.79,-9.90,4.04,1.32,-1.08,0.00,0.66,14.80
50581,-5.47,0.00,14.24,8,0.25,968,0.00,0.00,14.70,16,9.88,9.50,70,4.79,-9.92,3.99,1.32,-1.08,0.00,0.66,14.80
50656,-5.47,0.00,14.47,8,0.24,967,0.00,0.00,14.70,16,9.88,9.50,70,4.79,-9.92,3.99,1.30,-1.08,0.00,0.66,14.80
50731,-5.47,0.00,14.47,8,0.24,975,0.00,0.00,14.70,16,9.88,9.50,70,4.79,-9.92,3.93,1.30,-1.08,0.00,0.66,14.80
50807,-5.47,0.00,14.24,8,0.25,961,0.00,0.00,14.70,16,9.88,9.00,70,4.79,-9.94,3.96,1.30,-1.08,0.00,0.66,14.80
50883,-5.47,0.00,14.47,8,0.25,960,0.00,0.00,14.70,16,9.88,10.50,70,4.79,-9.92,3.96,1.30,-1.08,0.00,0.66,14.80
50958,-5.47,0.00,14.36,8,0.25,952,0.00,0.00,14.70,16,9.88,11.00,70,4.79,-9.86,3.99,1.30,-1.08,0.00,0.66,14.80
51033,-5.47,0.00,14.47,8,0.25,956,0.00,0.00,14.70,16,9.88,10.50,70,4.79,-9.86,3.85,1.30,-1.08,0.00,0.66,14.80
51109,-5.47,0.00,14.47,8,0.25,954,0.00,0.00,14.70,16,9.88,10.50,70,4.79,-9.84,3.88,1.32,-1.08,0.00,0.66,14.80
51184,-5.47,0.00,14.47,8,0.25,960,0.00,0.00,14.70,16,9.88,9.50,70,4.79,-9.86,3.99,1.32,-1.08,0.00,0.66,14.80
51259,-5.47,0.00,14.59,8,0.25,960,0.00,0.00,14.70,16,9.88,10.00,70,4.79,-9.84,3.96,1.32,-1.08,0.00,0.66,14.80
51334,-5.47,0.00,14.47,8,0.25,956,0.00,0.00,14.70,16,9.88,10.00,70,4.79,-9.82,3.99,1.32,-1.08,0.00,0.66,14.80
51409,-5.47,0.00,14.59,8,0.25,964,0.00,0.00,14.70,16,9.88,9.50,70,4.79,-9.86,3.96,1.30,-1.08,0.00,0.66,14.80
51485,-5.47,0.00,14.59,8,0.25,959,0.00,0.00,14.70,16,9.88,9.50,70,4.79,-9.84,4.04,1.30,-1.08,0.00,0.66,14.80
51561,-5.47,0.00,14.47,8,0.24,952,0.00,0.00,14.70,16,9.88,10.50,70,4.79,-9.84,3.99,1.28,-1.08,0.00,0.66,14.80
51636,-5.47,0.00,14.47,8,0.24,959,0.00,0.00,14.70,16,9.88,9.50,70,4.79,-9.86,3.82,1.30,-1.08,0.00,0.66,14.80
51712,-5.47,0.00,14.59,8,0.25,963,0.00,0.00,14.70,16,9.88,9.50,70,4.79,-9.86,3.91,1.30,-1.08,0.00,0.66,14.80
51786,-5.47,0.00,14.47,8,0.24,947,0.00,0.00,14.70,16,9.88,9.50,70,4.79,-9.86,3.96,1.32,-1.08,0.00,0.66,14.80
51863,-5.47,0.00,14.59,8,0.25,954,0.00,0.00,14.70,16,9.88,11.00,70,4.79,-9.86,4.02,1.32,-1.08,0.00,0.66,14.80
51938,-5.47,0.00,14.47,8,0.25,946,0.00,0.00,14.70,16,9.88,11.00,70,4.79,-9.84,3.93,1.32,-1.08,0.00,0.66,14.80
52013,-5.47,0.00,14.47,8,0.25,952,0.00,0.00,14.70,16,9.88,10.50,70,4.93,-9.84,3.96,1.32,-1.08,0.00,0.66,14.80
52087,-5.47,0.00,14.47,8,0.25,963,0.00,0.00,14.70,16,9.88,9.00,70,4.79,-9.86,3.99,1.32,-1.08,0.00,0.66,14.80
52164,-6.25,-0.78,14.59,8,0.25,973,0.00,0.00,14.70,16,9.88,8.00,70,4.79,-9.90,3.99,1.28,-1.08,0.00,0.66,14.80
52238,-5.47,-0.78,14.59,8,0.24,899,0.00,0.00,14.70,16,9.88,10.00,70,4.79,-9.86,3.85,1.28,-1.08,0.00,0.66,14.80
52314,-6.25,-0.78,14.36,8,0.24,967,0.00,0.00,14.70,16,9.88,9.50,70,4.79,-9.86,3.85,1.28,-1.08,0.00,0.66,14.80
52390,-6.25,-0.78,14.59,8,0.24,972,0.00,0.00,14.70,16,9.88,8.00,70,4.79,-9.88,3.80,1.30,-1.08,0.00,0.66,14.80
52465,-5.47,-0.78,14.47,8,0.25,955,0.00,0.00,14.70,16,9.88,10.00,70,4.79,-9.86,3.91,1.30,-1.08,0.00,0.66,14.80
52540,-6.25,-0.78,14.59,8,0.24,959,0.00,0.00,14.70,16,9.88,9.50,70,4.79,-9.86,3.99,1.30,-1.08,0.00,0.66,14.80
52615,-5.47,-0.78,14.47,8,0.24,957,0.00,0.00,14.70,16,9.88,9.50,70,4.79,-9.86,3.85,1.30,-1.08,0.00,0.66,14.80
52691,-5.47,-0.78,14.59,8,0.24,960,0.00,0.00,14.70,16,9.88,8.50,70,4.79,-9.86,3.93,1.30,-1.08,0.00,0.66,14.80
52766,-5.47,-0.78,14.81,8,0.24,959,0.00,0.00,14.70,16,9.88,9.50,70,4.79,-9.86,3.91,1.30,-1.08,0.00,0.66,14.80
52841,-5.47,-0.78,14.70,8,0.25,962,0.00,0.00,14.70,16,9.88,9.50,70,4.79,-9.86,3.93,1.30,-1.08,0.00,0.66,14.80
52917,-5.47,-0.78,14.70,8,0.25,954,0.00,0.00,14.70,16,9.88,10.00,70,4.79,-9.86,3.99,1.30,-1.08,0.00,0.66,14.80
52992,-5.47,-0.78,14.70,8,0.25,955,0.00,0.00,14.70,16,9.88,10.00,70,4.79,-9.86,3.99,1.30,-1.08,0.00,0.66,14.80
53067,-5.47,-0.78,14.70,8,0.24,956,0.00,0.00,14.70,16,9.88,10.00,70,4.79,-9.86,3.80,1.28,-1.08,0.00,0.66,14.80
53143,-5.47,-0.78,14.70,8,0.25,960,0.00,0.00,14.70,16,9.88,9.50,70,4.79,-9.88,3.96,1.30,-1.08,0.00,0.66,14.80
53218,-5.47,-0.78,14.59,8,0.25,901,0.00,0.00,14.70,16,9.88,9.50,70,4.79,-9.86,3.99,1.32,-1.08,0.00,0.66,14.80
53294,-5.47,-0.78,14.59,8,0.24,963,0.00,0.00,14.70,16,9.88,9.00,70,4.79,-9.90,3.96,1.32,-1.08,0.00,0.66,14.80
53369,-5.47,-0.78,14.59,8,0.24,967,0.00,0.00,14.70,16,9.88,9.50,70,4.79,-9.88,3.88,1.30,-1.08,0.00,0.66,14.80
53445,-5.47,-0.78,14.59,8,0.24,958,0.00,0.00,14.70,16,9.88,10.00,70,4.79,-9.90,3.80,1.30,-1.08,0.00,0.66,14.80
53520,-6.25,-0.78,14.59,8,0.25,968,0.00,0.00,14.70,16,9.88,9.50,70,4.79,-9.92,3.96,1.30,-1.08,0.00,0.66,14.80
53595,-5.47,-0.78,14.47,8,0.25,955,0.00,0.00,14.70,16,9.88,10.50,70,4.79,-9.88,3.88,1.28,-1.08,0.00,0.66,14.80
53671,-5.47,-0.78,14.59,8,0.25,960,0.00,0.00,14.70,16,9.88,9.50,70,4.79,-9.92,3.91,1.30,-1.08,0.00,0.66,14.80
53746,-5.47,-0.78,14.59,8,0.25,960,0.00,0.00,14.70,16,9.88,10.00,70,4.79,-9.86,3.96,1.30,-1.08,0.00,0.66,14.80
53821,-5.47,-0.78,14.59,8,0.25,952,0.00,0.00,14.70,16,9.88,9.50,70,4.79,-9.86,4.02,1.32,-1.08,0.00,0.66,14.80
53896,-5.47,-0.78,14.70,8,0.24,964,0.00,0.00,14.70,16,9.88,9.00,70,4.79,-9.86,3.91,1.32,-1.08,0.00,0.66,14.80
53972,-5.47,-0.78,14.70,8,0.25,959,0.00,0.00,14.70,16,9.88,9.50,70,4.79,-9.86,3.88,1.32,-1.08,0.00,0.66,14.80
54047,-5.47,-0.78,14.70,8,0.24,963,0.00,0.00,14.70,16,9.88,9.00,70,4.79,-9.86,3.96,1.30,-1.08,0.00,0.66,14.80
54123,-5.47,-0.78,14.59,8,0.24,955,0.00,0.00,14.70,16,9.88,10.00,70,4.79,-9.84,3.85,1.30,-1.08,0.00,0.66,14.80
54198,-5.47,-0.78,14.70,8,0.24,959,0.00,0.00,14.70,16,9.88,9.50,70,4.79,-9.86,3.78,1.28,-1.08,0.00,0.66,14.80
54273,-5.47,-0.78,14.59,8,0.24,939,0.00,0.00,14.70,16,9.88,9.00,70,4.79,-9.86,3.82,1.30,-1.08,0.00,0.66,14.80
54348,-5.47,-0.78,14.59,8,0.25,944,0.00,0.00,14.70,16,9.88,11.50,70,4.79,-9.82,3.99,1.30,-1.08,0.00,0.66,14.80
54424,-6.25,-0.78,14.59,8,0.25,942,0.00,0.00,14.70,16,9.88,11.00,70,4.79,-9.84,3.80,1.30,-1.08,0.00,0.66,14.80
54498,-5.47,-0.78,14.59,8,0.25,952,0.00,0.00,14.70,16,9.88,9.50,70,4.93,-9.82,3.99,1.30,-1.08,0.00,0.66,14.80
54574,-5.47,-0.78,14.70,8,0.25,951,0.00,0.00,14.70,16,9.88,10.00,70,4.79,-9.84,3.99,1.30,-1.08,0.00,0.66,14.80
54649,-5.47,-0.78,14.70,8,0.25,954,0.00,0.00,14.70,16,9.88,9.50,70,4.93,-9.84,3.93,1.30,-1.08,0.00,0.66,14.80
54724,-5.47,-0.78,14.70,8,0.24,901,0.00,0.00,14.70,16,9.88,9.50,70,4.79,-9.84,3.91,1.30,-1.08,0.00,0.66,14.80
54800,-5.47,-0.78,14.70,8,0.25,954,0.00,0.00,14.70,16,9.88,8.50,70,4.79,-9.86,3.82,1.32,-1.08,0.00,0.66,14.80
54876,-5.47,-0.78,14.81,8,0.25,952,0.00,0.00,14.70,16,9.88,9.50,70,4.79,-9.84,4.02,1.30,-1.08,0.00,0.66,14.80
54950,-5.47,-0.78,14.70,8,0.25,947,0.00,0.00,14.70,16,9.88,10.50,70,4.79,-9.86,3.91,1.30,-1.08,0.00,0.66,14.80
55026,-5.47,-0.78,14.81,8,0.25,955,0.00,0.00,14.70,16,9.88,9.50,70,4.79,-9.86,4.04,1.30,-1.08,0.00,0.66,14.80
55101,-4.69,-0.78,14.70,8,0.25,952,0.00,0.00,14.70,16,9.88,9.50,70,4.79,-9.82,3.99,1.30,-1.08,0.00,0.66,14.80
55177,-5.47,-0.78,14.81,8,0.25,961,0.00,0.00,14.70,16,9.88,8.50,70,4.79,-9.86,4.02,1.28,-1.08,0.00,0.66,14.80
55252,-5.47,-0.78,14.81,8,0.24,969,0.00,0.00,14.70,16,9.88,8.50,70,4.79,-9.84,3.85,1.30,-1.08,0.00,0.66,14.80
55327,-5.47,-0.78,14.70,8,0.25,967,0.00,0.00,14.70,16,9.88,8.00,70,4.79,-9.86,3.85,1.30,-1.08,0.00,0.66,14.80
55403,-5.47,-0.78,14.81,8,0.24,964,0.00,0.00,14.70,16,9.88,8.00,70,4.79,-9.92,3.93,1.30,-1.08,0.00,0.66,14.80
55477,-4.69,-0.78,14.59,8,0.24,956,0.00,0.00,14.70,16,9.88,9.50,70,4.79,-9.86,3.91,1.30,-1.08,0.00,0.66,14.80
55553,-5.47,-0.78,14.81,8,0.24,956,0.00,0.00,14.70,16,9.88,9.50,70,4.79,-9.86,3.83,1.30,-1.08,0.00,0.66,14.80
55628,-5.47,-0.78,14.59,8,0.24,949,0.00,0.00,14.70,16,9.88,10.50,70,4.79,-9.86,3.82,1.30,-1.08,0.00,0.66,14.80
55703,-5.47,-0.78,14.59,8,0.25,948,0.00,0.00,14.70,16,9.88,10.50,70,4.79,-9.84,3.80,1.30,-1.08,0.00,0.66,14.80
55779,-5.47,-0.78,14.47,8,0.24,950,0.00,0.00,14.70,16,9.88,10.00,70,4.79,-9.84,3.91,1.28,-1.08,0.00,0.66,14.80
55854,-5.47,-0.78,14.47,8,0.24,960,0.00,0.00,14.70,16,9.88,10.00,70,4.79,-9.82,3.80,1.28,-1.08,0.00,0.66,14.80
55930,-5.47,-0.78,14.47,8,0.24,956,0.00,0.00,14.70,16,9.88,9.50,70,4.79,-9.86,3.93,1.28,-1.08,0.00,0.66,14.80
56005,-5.47,-0.78,14.59,8,0.24,955,0.00,0.00,14.70,16,9.88,9.50,70,4.79,-9.86,3.88,1.30,-1.08,0.00,0.66,14.80
56080,-5.47,-0.78,14.59,8,0.24,947,0.00,0.00,14.70,16,9.88,10.50,70,4.79,-9.84,3.85,1.30,-1.08,0.00,0.66,14.80
56156,-5.47,-0.78,14.70,8,0.24,955,0.00,0.00,14.70,16,9.88,9.50,70,4.79,-9.86,3.82,1.30,-1.08,0.00,0.66,14.80
56230,-4.69,-0.78,14.70,8,0.24,955,0.00,0.00,14.70,16,9.88,9.50,70,4.79,-9.84,3.93,1.30,-1.08,0.00,0.66,14.80
56305,-5.47,-0.78,14.81,8,0.24,942,0.00,0.00,14.70,16,9.88,9.50,70,4.79,-9.86,3.78,1.30,-1.08,0.00,0.66,14.80
