Time (msec),A/F Correction #1 (%),A/F Learning #1 (%),A/F Sensor #1 (AFR),CL/OL Fueling* (status),Coolant Temperature (F),Engine Load*  (g/rev),Engine Speed (rpm),Ethanol Content (%),Ethanol Content Global Fuel Compensation (%),Feedback Knock Correction* (degrees),Fine Learning Knock Correction* (degrees),Fueling Final Base* (estimated AFR),IAM* (raw ecu value),Ignition Base Timing* (degrees),Ignition Total Timing (degrees),Intake Air Temperature (F),Manifold Absolute Pressure (psi),Manifold Relative Sea Level Pressure (Direct)* (psi relative sea level),Mass Airflow (g/s),Mass Airflow Sensor Voltage (V),Primary Wastegate Duty Cycle (%),Target Boost* (psi relative sea level),Throttle Sensor Voltage (V),Turbo Dynamics Integral Cumulative* (absolute %),Turbo Dynamics Proportional* (absolute %),AEM UEGO Wideband [9600 baud] (AFR Gasoline)
0,-3.12,0.00,15.16,7,180,0.58,1917,64.4,39.9,0.00,0.00,14.65,16,34.14,34.00,77,8.85,-5.80,18.02,2.06,0.00,-2.01,0.98,0.00,0.00,99.90
96,-0.78,0.00,15.27,7,180,0.61,1875,64.4,39.9,0.00,0.00,14.17,16,33.79,33.50,77,9.14,-5.55,18.49,2.08,0.00,-2.01,1.00,0.00,0.00,99.90
191,1.56,0.00,15.96,7,180,0.64,1863,64.4,39.3,0.00,0.00,14.64,16,33.44,33.00,77,9.43,-5.12,19.20,2.10,0.00,-2.01,1.00,0.00,0.00,99.90
287,2.34,0.00,15.85,7,180,0.67,1839,64.4,38.5,0.00,0.00,14.63,16,33.09,33.00,77,10.01,-4.76,20.25,2.12,0.00,-2.01,1.02,0.00,0.00,99.90
383,1.56,0.00,15.39,7,180,0.69,1828,64.4,37.8,0.00,0.00,14.63,16,32.73,33.00,77,10.16,-4.47,20.54,2.12,0.00,-2.01,1.04,0.00,0.00,99.90
479,4.69,0.00,15.50,7,180,0.73,1850,64.4,37.8,0.00,0.00,14.03,16,32.38,32.50,77,10.59,-4.14,21.19,2.16,0.00,-2.01,1.06,0.00,0.00,99.90
575,4.69,0.00,15.62,7,180,0.75,1759,64.4,37.3,0.00,0.00,14.62,16,32.38,32.00,77,10.88,-3.69,21.86,2.18,0.00,-2.01,1.06,0.00,0.00,99.90
671,5.47,0.00,15.50,7,180,0.76,1770,64.4,36.2,0.00,0.00,14.63,16,32.38,32.00,77,11.46,-3.31,22.22,2.18,0.00,-2.01,1.08,0.00,0.00,99.90
767,4.69,0.00,15.16,7,180,0.75,1794,64.4,35.7,0.00,0.00,14.63,16,32.73,32.00,77,11.46,-3.17,22.61,2.18,0.00,-2.01,1.08,0.00,0.00,99.90
862,7.03,0.00,15.27,7,180,0.77,1796,64.4,35.7,0.00,0.00,14.64,16,32.38,32.00,77,11.75,-3.06,22.70,2.18,0.00,-2.01,1.08,0.00,0.00,99.90
959,8.59,0.00,15.39,7,180,0.77,1789,64.4,35.4,0.00,0.00,14.64,16,32.38,32.00,77,11.75,-2.96,22.70,2.18,0.00,-2.01,1.08,0.00,0.00,99.90
1054,7.81,0.00,15.27,7,180,0.76,1796,64.4,35.3,0.00,0.00,14.65,16,32.38,32.00,77,11.75,-2.88,23.11,2.18,0.00,-2.01,1.10,0.00,0.00,99.90
1150,8.59,0.00,15.16,7,180,0.77,1805,64.4,35.3,0.00,0.00,14.65,16,32.38,32.00,77,11.90,-2.80,23.52,2.18,0.00,-2.01,1.10,0.00,0.00,99.90
1247,7.81,0.00,14.93,7,180,0.79,1810,64.4,35.0,0.00,0.00,14.21,16,32.03,32.00,77,12.04,-2.69,23.41,2.20,0.00,-2.01,1.10,0.00,0.00,99.90
1342,8.59,0.00,14.81,7,180,0.81,1792,64.4,34.7,0.00,0.00,14.65,16,31.68,32.00,77,12.19,-2.57,24.05,2.20,0.00,-2.01,1.10,0.00,0.00,99.90
1438,7.81,0.00,14.81,7,180,0.83,1770,64.4,34.4,0.00,0.00,14.32,16,31.33,31.50,77,12.19,-2.40,24.16,2.20,0.00,-2.01,1.12,0.00,0.00,99.90
1534,8.59,0.00,14.81,7,180,0.85,1728,64.4,34.4,0.00,0.00,14.87,16,30.62,30.50,77,12.48,-2.20,24.05,2.20,0.00,-2.01,1.12,0.00,0.00,99.90
1630,7.81,0.00,14.59,7,180,0.86,1688,64.4,33.8,0.00,0.00,14.64,16,29.92,30.50,77,12.62,-1.97,23.74,2.18,0.00,-2.01,1.12,0.00,0.00,99.90
1726,7.03,0.00,14.70,7,180,0.85,1658,64.4,33.4,0.00,0.00,14.65,16,29.22,29.50,77,13.06,-1.70,23.21,2.18,0.00,-2.01,1.14,0.00,0.00,99.90
1821,6.25,0.00,14.36,7,180,0.85,1570,64.4,33.5,0.00,0.00,14.90,16,29.92,29.50,77,13.20,-1.41,22.70,2.16,0.00,-2.01,1.14,0.00,0.00,99.90
1918,7.03,0.00,14.47,7,180,0.83,1604,64.4,33.5,0.00,0.00,14.66,16,30.98,29.50,77,13.20,-1.41,22.61,2.20,0.00,-2.01,1.14,0.00,0.00,99.90
2013,7.81,0.00,14.70,7,180,0.83,1769,64.4,33.5,0.00,0.00,14.67,16,31.68,31.00,77,13.06,-1.66,24.16,2.24,0.00,-2.01,1.16,0.00,0.00,99.90
2110,8.59,0.00,14.81,7,180,0.85,1817,64.4,33.5,0.00,0.00,14.67,16,31.68,31.50,75,12.91,-1.76,25.34,2.26,0.00,-1.70,1.16,0.00,0.00,99.90
2205,8.59,0.00,14.93,7,180,0.84,1870,64.5,33.5,0.00,0.00,14.67,16,32.38,32.00,75,12.91,-1.76,26.40,2.28,0.00,-1.70,1.16,0.00,0.00,99.90
2301,9.38,0.00,14.93,7,180,0.82,1960,64.4,33.5,0.00,0.00,14.68,16,33.44,32.50,75,12.91,-1.80,26.86,2.28,0.00,-1.70,1.18,0.00,0.00,99.90
2397,10.16,0.00,15.16,7,180,0.83,2098,64.4,33.5,0.00,0.00,14.68,16,34.49,34.00,75,12.77,-1.93,28.86,2.32,0.00,-1.70,1.20,0.00,0.00,99.90
2493,10.16,0.00,15.04,7,180,0.85,2133,64.4,33.4,0.00,0.00,14.67,16,34.14,34.00,75,12.77,-1.93,29.80,2.34,0.00,-1.70,1.22,0.00,0.00,99.90
2589,10.16,0.00,14.59,7,180,0.86,2214,64.4,33.4,0.00,0.00,14.34,16,34.84,34.00,75,12.91,-1.86,31.95,2.38,0.00,-1.70,1.22,0.00,0.00,99.90
2709,8.59,0.00,14.36,7,180,0.89,2300,64.4,33.4,0.00,0.00,14.33,16,35.20,34.50,75,12.77,-1.86,33.94,2.40,0.00,-1.70,1.22,0.00,0.00,99.90
2781,8.59,0.00,14.13,7,180,0.91,2420,64.4,33.4,0.00,0.00,14.42,16,35.55,35.50,75,12.77,-1.90,36.46,2.44,0.00,-1.70,1.24,0.00,0.00,99.90
2877,6.25,0.00,13.90,7,180,0.92,2448,64.4,33.4,0.00,0.00,14.37,16,35.90,35.50,75,12.77,-1.90,37.54,2.46,0.00,-1.70,1.24,0.00,0.00,99.90
2973,4.69,0.00,13.90,7,180,0.93,2492,64.4,33.4,0.00,0.00,14.67,16,36.25,35.50,75,12.91,-1.86,39.45,2.50,0.00,-1.70,1.24,0.00,0.00,99.90
3069,4.69,0.00,14.13,7,180,0.92,2630,64.4,33.4,0.00,0.00,14.68,16,36.95,36.00,75,12.77,-1.93,40.12,2.50,0.00,-1.70,1.24,0.00,0.00,99.90
3165,4.69,0.00,14.24,7,180,0.93,2751,64.4,33.4,0.00,0.00,14.68,16,37.30,36.50,75,12.77,-1.97,42.16,2.54,0.00,-1.70,1.24,0.00,0.00,99.90
3261,3.12,0.00,14.13,7,180,0.93,2794,64.4,33.5,0.00,0.00,14.68,16,37.66,37.00,75,12.77,-1.95,42.95,2.56,0.00,-1.70,1.26,0.00,0.00,99.90
3358,3.91,0.00,14.36,7,180,0.92,2845,64.4,33.5,0.00,0.00,14.69,16,38.01,37.00,75,12.77,-1.99,43.81,2.56,0.00,-1.70,1.26,0.00,0.00,99.90
3453,1.56,0.00,14.01,7,180,0.91,2964,64.4,33.5,0.00,0.00,14.69,16,38.71,38.00,75,12.62,-2.03,46.06,2.58,0.00,-1.70,1.26,0.00,0.00,99.90
3549,0.78,0.00,14.13,7,180,0.92,3018,64.4,33.6,0.00,0.00,14.69,16,38.71,38.00,75,12.62,-2.05,46.41,2.60,0.00,-1.70,1.26,0.00,0.00,99.90
3645,0.00,0.00,14.13,7,180,0.90,3099,64.4,33.5,0.00,0.00,14.69,16,39.77,38.50,75,12.77,-1.95,47.61,2.60,0.00,-2.01,1.26,0.00,0.00,99.90
3741,-2.34,0.00,13.90,7,180,0.89,3187,64.4,33.5,0.00,0.00,14.69,16,40.47,39.00,75,12.62,-2.01,47.78,2.60,0.00,-2.01,1.26,0.00,0.00,99.90
3838,-2.34,0.00,14.24,7,180,0.89,3305,64.4,33.6,0.00,0.00,14.70,16,40.47,40.00,75,12.62,-2.09,48.82,2.62,0.00,-2.01,1.26,0.00,0.00,99.90
3933,-3.12,0.00,14.24,7,180,0.88,3321,64.4,33.7,0.00,0.00,14.70,16,41.17,40.50,75,12.62,-2.09,49.16,2.64,0.00,-2.01,1.26,0.00,0.00,99.90
4030,-3.12,0.00,14.47,7,180,0.90,3453,64.4,33.7,0.00,0.00,14.70,16,41.52,41.00,75,12.48,-2.17,50.71,2.66,0.00,-2.01,1.26,0.00,0.00,99.90
4125,-3.91,0.00,14.47,7,180,0.88,3488,64.4,33.9,0.00,0.00,14.70,16,41.88,41.50,75,12.48,-2.36,50.89,2.66,0.00,-2.01,1.26,0.00,0.00,99.90
4222,-3.91,0.00,14.47,7,180,0.88,3586,64.4,34.3,0.00,0.00,14.66,16,41.88,41.50,75,12.19,-2.46,52.42,2.68,0.00,-2.01,1.26,0.00,0.00,99.90
4317,0.00,0.00,14.81,7,180,0.85,3634,64.4,34.7,0.00,0.00,14.62,16,41.88,41.50,75,12.19,-2.61,53.28,2.70,0.78,-2.01,1.26,0.00,0.00,99.90
4414,0.00,0.00,14.81,7,180,0.88,3682,64.4,34.7,0.00,0.00,14.56,16,42.23,41.50,75,11.90,-2.75,54.99,2.72,0.78,-1.70,1.26,0.00,0.00,99.90
4510,0.00,0.00,14.47,7,180,0.89,3797,64.4,35.0,0.00,0.00,14.49,16,42.23,42.00,75,11.90,-2.78,56.35,2.74,2.75,-1.70,1.26,0.00,0.00,14.50
4606,0.00,0.00,14.36,7,180,0.88,3842,64.4,35.2,0.00,0.00,14.45,16,42.58,42.00,75,11.75,-2.88,57.38,2.74,4.31,-1.39,1.22,0.00,0.00,14.60
4702,0.00,0.00,14.01,7,180,0.83,3941,64.4,36.2,0.00,0.00,15.42,16,43.28,42.50,73,11.61,-3.23,56.18,2.46,3.14,-2.32,0.78,0.00,0.00,14.40
4798,0.00,0.00,12.75,7,180,0.39,4000,64.4,36.2,0.00,0.00,16.11,16,44.69,43.50,73,6.38,-8.01,41.06,1.76,3.14,-3.56,0.64,0.00,0.00,13.10
4894,0.00,0.00,11.48,7,180,0.21,3750,64.4,42.5,0.00,0.00,15.17,16,35.90,40.00,73,5.08,-10.04,9.27,1.58,0.00,-3.56,0.64,0.00,0.00,11.90
4990,0.00,0.00,11.48,7,180,0.12,3718,64.4,43.1,0.00,0.00,14.70,16,26.41,34.00,73,3.63,-10.98,7.81,1.56,0.00,-3.56,0.64,0.00,0.00,11.30
5086,0.00,0.00,11.94,7,180,0.12,3521,64.4,43.1,0.00,0.00,14.70,16,20.08,21.00,73,3.63,-11.16,7.16,1.54,0.00,-3.25,0.64,0.00,0.00,11.30
5182,0.00,0.00,12.52,7,180,0.13,3374,64.4,43.1,0.00,0.00,14.70,16,20.08,20.00,73,3.63,-11.04,6.98,1.54,0.00,-3.25,0.64,0.00,0.00,11.70
5279,0.00,0.00,15.16,7,180,0.14,3113,64.4,43.1,0.00,0.00,14.70,16,20.08,20.00,73,3.77,-10.93,7.01,1.54,0.00,-2.63,0.64,0.00,0.00,12.40
5375,0.00,0.00,17.69,7,180,0.16,2963,64.4,43.1,0.00,0.00,14.70,16,20.08,20.00,73,3.77,-10.89,7.13,1.56,0.00,-2.32,0.64,0.00,0.00,13.30
5476,0.00,0.00,22.51,7,180,0.18,2729,64.5,43.1,0.00,0.00,14.70,16,20.08,20.00,73,3.77,-10.89,7.73,1.58,0.00,-2.01,0.64,0.00,0.00,16.20
5567,0.00,0.00,23.77,7,180,0.18,2608,64.4,43.1,0.00,0.00,14.70,16,15.51,20.00,73,3.92,-10.87,7.94,1.56,0.00,-2.01,0.64,0.00,0.00,23.10
5664,0.00,0.00,24.00,7,180,0.19,2392,64.4,43.1,0.00,0.00,14.70,16,15.51,15.50,73,3.77,-10.87,7.32,1.56,0.00,-2.01,0.68,0.00,0.00,32.00
5759,0.00,0.00,24.23,7,180,0.21,2274,64.4,43.1,0.00,0.00,13.55,16,15.51,15.00,73,3.92,-10.75,7.23,1.60,0.00,-2.01,0.78,0.00,0.00,44.80
5855,0.00,0.00,24.23,7,180,0.27,2182,64.4,43.1,0.00,0.00,13.61,16,20.78,15.00,73,4.50,-10.19,9.31,1.80,0.00,-2.01,0.82,0.00,0.00,70.20
5952,0.00,0.00,24.23,7,180,0.33,2399,64.4,43.1,0.00,0.00,14.67,16,28.52,22.00,73,4.79,-9.77,11.52,1.86,0.00,-2.01,0.84,0.00,0.00,96.00
6048,0.00,0.00,24.00,7,180,0.40,2395,64.4,42.9,0.00,0.00,13.36,16,36.25,28.50,73,5.51,-9.17,14.66,2.00,0.00,-2.01,0.90,0.00,0.00,61.60
6143,0.00,0.00,15.96,7,178,0.45,2298,64.4,42.0,0.00,0.00,14.65,16,38.71,38.00,73,6.24,-8.28,16.71,2.04,0.00,-2.01,0.94,0.00,0.00,18.60
6239,-2.34,0.00,14.81,8,178,0.50,2351,64.4,42.0,0.00,0.00,14.05,16,38.71,38.50,73,7.11,-7.60,17.79,2.08,0.00,-2.01,0.94,0.00,0.00,15.40
6335,-1.56,0.00,14.59,8,178,0.54,2355,64.4,41.2,0.00,0.00,13.86,16,38.36,38.50,73,7.69,-6.90,20.63,2.20,0.00,-2.01,1.02,0.00,0.00,14.80
6431,0.00,0.00,14.81,8,180,0.65,2366,64.5,40.1,0.00,0.00,14.63,16,38.36,38.00,73,9.00,-5.84,23.11,2.24,0.00,-2.01,1.04,0.00,0.00,14.80
6527,3.12,0.00,15.50,8,178,0.67,2407,64.4,40.1,0.00,0.00,14.63,16,38.36,38.00,73,9.43,-5.16,26.19,2.28,0.00,-2.01,1.08,0.00,0.00,15.60
6623,5.47,0.00,15.62,8,178,0.72,2389,64.4,38.8,0.00,0.00,14.04,16,38.01,38.00,73,9.72,-4.60,26.98,2.34,0.00,-2.01,1.12,0.00,0.00,15.90
6719,7.03,0.00,15.62,8,178,0.77,2426,64.4,37.5,0.00,0.00,14.21,16,38.01,38.00,73,10.88,-3.79,31.41,2.36,0.00,-1.70,1.14,0.00,0.00,16.30
6815,5.47,0.00,15.16,8,178,0.86,2439,64.2,36.1,0.00,0.00,14.36,16,36.60,37.50,73,11.17,-3.33,32.31,2.40,0.00,-1.70,1.18,0.00,0.00,15.90
6911,5.47,0.00,14.81,8,178,0.90,2472,64.1,36.1,0.00,0.00,14.61,16,36.25,36.00,73,11.75,-2.96,36.05,2.42,0.00,-1.70,1.18,0.00,0.00,15.30
7006,4.69,0.00,14.70,8,178,0.87,2468,64.0,34.9,0.00,0.00,14.62,16,36.95,36.00,73,11.90,-2.75,35.88,2.42,0.00,-1.70,1.20,0.00,0.00,14.80
7102,4.69,0.00,14.70,8,178,0.88,2527,64.0,34.5,0.00,0.00,14.63,16,36.60,36.50,73,12.04,-2.65,37.15,2.44,0.00,-1.70,1.20,0.00,0.00,14.70
7199,4.69,0.00,14.59,8,178,0.90,2548,64.0,34.1,0.00,0.00,14.30,16,36.60,36.50,73,12.19,-2.48,37.55,2.46,0.00,-1.70,1.20,0.00,0.00,14.60
7294,3.12,0.00,14.24,8,178,0.90,2568,63.9,34.1,0.00,0.00,14.64,16,36.60,36.50,73,12.33,-2.34,38.49,2.48,0.00,-1.70,1.22,0.00,0.00,14.50
7390,3.12,0.00,14.47,8,178,0.90,2602,63.9,33.7,0.00,0.00,14.64,16,36.95,36.50,73,12.48,-2.26,38.90,2.48,0.00,-1.70,1.22,0.00,0.00,14.40
7486,3.91,0.00,14.59,8,178,0.91,2573,63.9,33.5,0.00,0.00,14.81,16,36.95,36.50,73,12.62,-2.13,39.98,2.50,0.00,-1.70,1.24,0.00,0.00,14.70
7582,1.56,0.00,14.24,8,178,0.92,2668,63.9,33.2,0.00,0.00,14.65,16,36.60,36.50,73,12.62,-2.09,40.79,2.50,0.00,-1.70,1.24,0.00,0.00,14.60
7678,2.34,0.00,14.47,8,178,0.93,2685,63.9,33.2,0.00,0.00,14.66,16,36.95,36.50,73,12.77,-1.99,41.06,2.52,0.00,-1.70,1.24,0.00,0.00,14.60
7775,2.34,0.00,14.59,8,180,0.92,2733,63.9,33.0,0.00,0.00,14.66,16,37.30,36.50,73,12.77,-1.93,42.02,2.54,0.00,-1.70,1.24,0.00,0.00,14.60
7870,3.12,0.00,14.47,8,180,0.93,2743,63.9,32.9,0.00,0.00,14.66,16,36.95,36.50,73,12.77,-1.86,42.29,2.54,0.00,-1.70,1.24,0.00,0.00,14.50
7967,2.34,0.00,14.47,8,180,0.94,2793,63.9,32.9,0.00,0.00,14.66,16,37.30,36.50,73,12.91,-1.84,43.64,2.56,0.00,-1.70,1.24,0.00,0.00,14.80
8062,1.56,0.00,14.59,8,180,0.97,2802,64.2,32.9,0.00,0.00,14.66,16,36.95,36.50,73,12.91,-1.76,43.99,2.56,0.00,-1.70,1.24,0.00,0.00,14.50
8158,1.56,0.00,14.47,8,180,0.96,2857,64.2,33.2,0.00,0.00,14.66,16,36.95,36.50,73,12.91,-1.76,45.36,2.58,0.00,-1.70,1.24,0.00,0.00,14.50
8254,2.34,0.00,14.47,8,180,0.96,2860,64.3,33.3,0.00,0.00,14.67,16,36.95,36.50,73,13.06,-1.68,45.88,2.58,0.00,-1.70,1.26,0.00,0.00,14.70
8350,1.56,0.00,14.47,8,180,0.96,2893,64.4,33.3,0.00,0.00,14.67,16,37.30,36.50,73,13.06,-1.66,45.88,2.58,0.00,-1.70,1.26,0.00,0.00,14.50
8447,0.78,0.00,14.36,8,180,0.95,2916,64.4,33.4,0.00,0.00,14.52,16,37.66,36.50,73,13.06,-1.64,46.57,2.60,0.00,-1.70,1.26,0.00,0.00,14.60
8542,0.00,0.00,14.59,8,180,0.95,2975,64.4,33.4,0.00,0.00,14.68,16,37.66,37.00,73,13.20,-1.57,47.78,2.60,0.00,-1.70,1.26,0.00,0.00,14.30
8638,0.00,0.00,14.36,8,180,0.96,2981,64.4,33.5,0.00,0.00,14.68,16,37.66,37.00,73,13.20,-1.59,48.13,2.62,0.00,-1.70,1.26,0.00,0.00,14.60
8734,-0.78,0.00,14.59,8,180,0.97,2978,64.4,33.5,0.00,0.00,14.69,16,37.66,37.00,73,13.20,-1.55,48.65,2.62,0.00,-1.70,1.26,0.00,0.00,14.30
8830,-1.56,0.00,14.24,8,180,0.95,3041,64.4,33.5,0.00,0.00,14.39,16,38.36,37.50,72,13.20,-1.51,48.82,2.62,0.00,-1.70,1.26,0.00,0.00,14.30
8927,-1.56,0.00,14.36,8,180,0.96,3057,64.4,33.5,0.00,0.00,14.69,16,38.36,38.00,72,13.20,-1.47,48.82,2.62,0.00,-1.70,1.26,0.00,0.00,14.30
9023,-0.78,0.00,14.47,8,180,0.96,3108,64.4,33.5,0.00,0.00,14.69,16,38.36,38.00,72,13.20,-1.49,49.85,2.64,0.00,-1.70,1.26,0.00,0.00,14.60
9119,-2.34,0.00,14.36,8,180,0.96,3140,64.4,33.5,0.00,0.00,14.83,16,38.71,38.00,72,13.20,-1.45,49.68,2.64,0.00,-1.70,1.26,0.00,0.00,14.40
9215,-3.12,0.00,14.36,8,180,0.95,3184,64.4,33.5,0.00,0.00,14.69,16,38.71,38.00,72,13.20,-1.47,50.37,2.64,0.00,-1.70,1.28,0.00,0.00,14.60
9311,-1.56,0.00,14.70,8,180,0.95,3202,64.4,33.5,0.00,0.00,14.84,16,38.71,38.00,72,13.20,-1.45,50.73,2.66,0.00,-1.70,1.28,0.00,0.00,14.60
9407,-3.12,0.00,14.59,8,180,0.94,3224,64.4,33.5,0.00,0.00,14.69,16,39.06,38.50,72,13.20,-1.47,51.06,2.66,0.00,-2.01,1.28,0.00,0.00,14.60
9502,-3.12,0.00,14.36,8,180,0.93,3276,64.4,33.5,0.00,0.00,14.70,16,39.77,38.50,72,13.20,-1.49,51.39,2.64,0.00,-2.01,1.28,0.00,0.00,14.40
9598,-3.12,0.00,14.59,8,180,0.91,3311,64.4,33.5,0.00,0.00,14.84,16,39.41,39.00,72,13.20,-1.51,51.23,2.66,0.00,-2.01,1.28,0.00,0.00,14.40
9694,-3.12,0.00,14.70,8,180,0.94,3312,64.4,33.5,0.00,0.00,14.70,16,39.77,39.00,72,13.20,-1.55,51.56,2.66,0.00,-2.01,1.28,0.00,0.00,14.60
9790,-2.34,0.00,14.70,8,180,0.93,3377,64.4,33.5,0.00,0.00,14.70,16,40.12,39.00,72,13.20,-1.53,52.42,2.68,0.00,-2.01,1.28,0.00,0.00,14.70
9887,-3.12,0.00,14.59,8,180,0.93,3372,64.4,33.5,0.00,0.00,14.70,16,40.12,39.50,72,13.20,-1.55,52.26,2.68,0.00,-2.01,1.28,0.00,0.00,14.60
9983,-3.12,0.00,14.47,8,180,0.92,3436,64.4,33.5,0.00,0.00,14.70,16,40.47,39.50,72,13.06,-1.62,53.11,2.68,0.00,-2.01,1.28,0.00,0.00,14.40
10079,-3.12,0.00,14.59,8,180,0.93,3461,64.4,33.5,0.00,0.00,14.91,16,40.12,40.00,72,13.06,-1.64,53.11,2.68,0.00,-2.01,1.28,0.00,0.00,14.50
10175,-3.12,0.00,14.70,8,180,0.92,3451,64.5,33.5,0.00,0.00,14.70,16,40.82,39.50,72,13.06,-1.60,53.61,2.70,0.00,-2.01,1.28,0.00,0.00,14.70
10271,-2.34,0.00,14.81,8,180,0.92,3518,64.5,33.5,0.00,0.00,14.70,16,40.47,40.00,72,13.06,-1.68,54.30,2.70,0.00,-2.01,1.28,0.00,0.00,14.70
10367,-2.34,0.00,14.81,8,180,0.94,3538,64.4,33.5,0.00,0.00,14.70,16,40.47,40.00,72,12.91,-1.70,54.47,2.70,0.00,-2.01,1.28,0.00,0.00,14.70
10462,-2.34,0.00,14.70,8,180,0.93,3575,64.4,33.5,0.00,0.00,14.70,16,40.82,40.00,72,12.91,-1.80,54.99,2.72,0.00,-2.01,1.28,0.00,0.00,14.70
10559,-3.12,0.00,14.47,8,180,0.97,3580,64.4,33.5,0.00,0.00,14.69,16,40.82,40.00,72,12.91,-1.86,56.01,2.72,0.00,-2.01,1.28,0.00,0.00,14.50
10654,0.00,0.00,14.59,10,180,0.94,3623,64.4,33.4,0.00,0.00,14.67,16,40.82,40.00,72,12.91,-1.90,56.52,2.72,0.39,-2.01,1.28,0.00,0.00,14.60
10750,0.00,0.00,14.47,10,180,0.93,3639,64.4,33.4,0.00,0.00,14.64,16,41.17,40.00,72,12.91,-1.93,57.20,2.74,0.78,-2.01,1.28,0.00,0.00,14.50
10846,0.00,0.00,14.59,10,180,0.93,3676,64.4,33.4,0.00,0.00,14.61,16,41.17,40.00,72,12.77,-1.93,57.73,2.76,1.57,-1.70,1.28,0.00,0.00,14.70
10942,0.00,0.00,14.59,10,180,0.95,3707,64.4,33.4,0.00,0.00,14.72,16,40.82,40.50,72,12.77,-1.95,57.89,2.76,1.57,-1.70,1.28,0.00,0.00,14.80
11039,0.00,0.00,14.59,10,180,0.91,3765,64.4,33.5,0.00,0.00,14.57,16,41.17,40.50,72,12.77,-1.97,57.89,2.76,1.96,-1.70,1.28,0.00,0.00,14.50
11135,0.00,0.00,14.59,10,180,0.94,3782,64.4,33.5,0.00,0.00,14.30,16,41.17,41.00,72,12.77,-1.99,58.75,2.76,3.14,-1.39,1.28,0.00,0.00,14.60
11230,0.00,0.00,14.36,10,180,0.94,3801,64.4,33.5,0.00,0.00,14.36,16,41.17,40.50,72,12.62,-2.05,60.77,2.78,3.14,-1.39,1.28,0.00,0.00,14.50
11327,0.00,0.00,14.47,10,180,0.96,3820,64.4,33.5,0.00,0.00,14.61,16,41.17,40.50,72,12.62,-2.09,60.40,2.80,3.53,-1.39,1.28,0.00,0.00,14.50
11422,0.00,0.00,14.47,10,180,0.95,3828,64.4,33.7,0.00,0.00,14.74,16,41.52,40.50,72,12.62,-2.05,61.87,2.80,3.92,-1.39,1.28,0.00,0.00,14.70
11518,0.00,0.00,14.24,10,180,0.93,3908,64.4,33.7,0.00,0.00,14.45,16,41.88,41.00,72,12.62,-2.07,61.51,2.78,4.71,-1.39,1.24,0.00,0.00,14.40
11614,0.00,0.00,14.24,10,180,0.87,3916,64.4,33.7,0.00,0.00,15.43,16,42.93,41.50,72,11.90,-2.67,54.97,2.68,4.71,-3.25,0.84,0.00,0.00,14.50
11711,0.00,0.00,11.71,10,180,0.40,3912,64.4,36.9,0.00,0.00,16.34,16,44.69,44.00,72,8.56,-7.43,19.48,1.66,0.78,-3.25,0.64,0.00,0.00,13.10
11806,0.00,0.00,11.25,10,180,0.17,3776,64.4,42.8,0.00,0.00,15.20,16,35.90,42.50,72,4.79,-9.80,9.72,1.56,0.00,-3.56,0.64,0.00,0.00,11.60
11903,0.00,0.00,11.48,10,180,0.12,3788,64.4,43.1,0.00,0.00,14.70,16,26.41,30.50,72,3.77,-10.91,7.09,1.56,0.00,-3.56,0.64,0.00,0.00,10.90
12000,0.00,0.00,11.48,10,180,0.12,3689,64.5,43.1,0.00,0.00,14.70,16,20.08,24.50,72,3.63,-11.08,7.36,1.56,0.00,-3.56,0.64,0.00,0.00,11.30
12095,0.00,0.00,12.86,10,180,0.13,3442,64.5,43.1,0.00,0.00,14.70,16,20.08,20.00,72,3.63,-11.06,7.28,1.54,0.00,-3.25,0.64,0.00,0.00,11.60
12191,0.00,0.00,14.47,10,180,0.14,3299,64.4,43.1,0.00,0.00,14.70,16,20.08,20.00,72,3.77,-10.96,7.16,1.54,0.00,-2.94,0.64,0.00,0.00,12.00
12287,0.00,0.00,21.13,10,180,0.15,3041,64.4,43.1,0.00,0.00,14.70,16,20.08,20.00,72,3.77,-10.87,7.28,1.58,0.00,-2.32,0.64,0.00,0.00,13.20
12383,0.00,0.00,22.74,10,180,0.17,2927,64.4,43.1,0.00,0.00,14.70,16,20.08,20.00,72,3.77,-10.85,7.61,1.58,0.00,-2.32,0.64,0.00,0.00,15.80
12480,0.00,0.00,22.97,10,180,0.18,2695,64.4,43.1,0.00,0.00,14.70,16,20.08,20.00,72,3.92,-10.81,8.03,1.60,0.00,-2.01,0.64,0.00,0.00,24.20
12575,0.00,0.00,22.97,10,180,0.18,2575,64.4,43.1,0.00,0.00,14.70,16,15.51,19.00,72,3.92,-10.85,7.89,1.56,0.00,-2.01,0.64,0.00,0.00,33.20
12672,0.00,0.00,23.31,10,180,0.19,2478,64.4,43.1,0.00,0.00,14.70,16,15.16,15.50,72,3.92,-10.83,7.28,1.54,0.00,-2.01,0.68,0.00,0.00,55.30
12767,0.00,0.00,23.31,10,180,0.19,2327,64.4,43.1,0.00,0.00,14.70,16,15.16,15.00,72,3.92,-10.75,7.17,1.56,0.00,-2.01,0.68,0.00,0.00,68.70
12863,0.00,0.00,23.08,10,180,0.20,2312,64.4,43.1,0.00,0.00,14.70,16,16.91,15.00,72,4.06,-10.65,7.53,1.64,0.00,-2.01,0.72,0.00,0.00,86.20
12959,0.00,0.00,23.31,10,180,0.22,2460,64.4,43.1,0.00,0.00,14.69,16,23.95,18.00,72,4.21,-10.46,8.44,1.70,0.00,-2.01,0.74,0.00,0.00,96.00
13055,0.00,0.00,23.08,10,180,0.24,2644,64.4,43.1,0.00,0.00,14.69,16,28.16,24.50,72,4.21,-10.48,9.90,1.74,0.00,-2.01,0.74,0.00,0.00,96.00
13152,0.00,0.00,22.85,10,180,0.28,2634,64.4,43.1,0.00,0.00,13.65,16,31.68,29.00,72,4.35,-10.38,11.11,1.84,0.00,-2.01,0.82,0.00,0.00,69.70
13247,0.00,0.00,22.16,10,180,0.33,2620,64.4,43.1,0.00,0.00,14.67,16,38.71,32.50,72,4.93,-9.82,12.17,1.90,0.00,-2.01,0.82,0.00,0.00,24.70
13344,0.00,0.00,15.27,10,180,0.34,2696,64.4,42.9,0.00,0.00,14.67,16,44.34,42.50,72,5.22,-9.38,14.72,1.94,0.00,-2.01,0.84,0.00,0.00,18.00
13439,-1.56,0.00,14.81,8,180,0.39,2678,64.4,42.9,0.00,0.00,13.53,16,42.23,43.50,72,5.80,-9.01,15.41,1.98,0.00,-2.01,0.94,0.00,0.00,15.70
13535,0.00,0.00,14.93,8,180,0.49,2650,64.4,42.4,0.00,0.00,14.19,16,42.58,42.50,72,6.38,-8.22,19.82,2.16,0.00,-2.01,0.96,0.00,0.00,15.50
13631,0.78,0.00,15.16,8,180,0.51,2656,64.4,41.3,0.00,0.00,14.65,16,42.23,42.00,72,7.11,-7.31,21.86,2.16,0.00,-2.01,1.00,0.00,0.00,15.50
13728,1.56,0.00,15.16,8,180,0.57,2645,64.4,41.3,0.00,0.00,14.64,16,41.52,41.50,72,7.98,-6.71,24.68,2.24,0.00,-2.01,1.02,0.00,0.00,15.60
13824,4.69,0.00,15.50,8,180,0.58,2651,64.4,40.5,0.00,0.00,14.64,16,41.52,41.50,72,8.42,-6.13,25.45,2.24,0.00,-2.01,1.02,0.00,0.00,15.40
13920,7.81,0.00,15.62,8,180,0.59,2671,64.4,40.0,0.00,0.00,14.65,16,41.17,41.50,72,8.85,-5.92,25.87,2.26,0.00,-2.01,1.00,0.00,0.00,15.80
14016,6.25,0.00,15.39,8,180,0.59,2671,64.4,39.8,0.00,0.00,14.65,16,41.52,41.50,72,8.85,-5.76,26.30,2.26,0.00,-2.01,1.02,0.00,0.00,15.80
14111,7.03,0.00,15.04,8,180,0.65,2672,64.4,39.8,0.00,0.00,12.62,16,41.52,41.50,72,9.00,-5.67,26.40,2.68,0.00,-2.01,1.54,0.00,0.00,15.40
14208,-0.78,0.00,13.44,8,180,1.24,2687,64.4,39.5,0.00,0.00,14.70,16,33.09,37.00,72,11.17,-1.20,44.51,2.72,0.00,-2.01,2.50,0.00,0.00,15.20
14304,0.00,0.00,13.55,10,180,1.16,2696,64.4,33.7,0.00,0.00,12.46,16,33.79,32.50,72,14.80,0.06,52.59,2.70,54.51,2.63,3.66,0.00,8.65,13.40
14400,0.00,0.00,14.47,10,180,1.16,2723,64.4,34.8,0.00,0.00,12.29,16,33.79,33.00,72,15.09,0.44,52.42,2.70,43.14,2.94,3.96,3.29,7.52,14.50
14495,0.00,0.00,11.60,10,180,1.18,2710,64.4,34.8,0.00,0.00,12.13,16,33.79,33.00,72,15.53,0.73,52.59,2.72,43.14,2.94,3.96,3.29,5.95,12.50
14592,0.00,0.00,11.60,10,180,1.21,2755,64.4,35.7,0.00,0.00,12.30,16,33.44,33.00,72,15.67,1.02,55.33,2.74,43.14,2.94,3.96,3.29,5.95,12.40
14687,0.00,0.00,11.71,10,180,1.24,2751,64.4,36.5,0.00,0.00,12.17,16,33.44,33.00,72,16.11,1.33,55.51,2.76,43.14,2.94,3.96,3.29,4.45,12.20
14783,0.00,0.00,11.71,10,180,1.22,2776,64.4,37.5,0.00,0.00,12.31,16,33.44,33.00,72,16.25,1.66,57.60,2.76,43.14,3.25,3.96,3.29,4.07,12.10
14880,0.00,0.00,11.48,10,180,1.29,2818,64.5,37.5,0.00,0.00,12.31,16,33.09,33.00,72,16.40,1.95,59.19,2.76,43.14,3.25,3.96,3.29,3.77,12.00
14975,0.00,0.00,11.37,10,180,1.34,2859,64.5,38.3,0.00,0.00,12.21,16,33.09,33.00,72,16.83,2.19,61.52,2.84,43.14,3.56,3.96,3.29,3.77,11.90
15072,0.00,0.00,11.37,10,180,1.33,2857,64.4,39.3,0.00,0.00,12.13,16,33.44,32.50,72,17.12,2.51,62.80,2.84,43.14,3.56,3.96,3.29,2.20,11.80
15168,0.00,0.00,11.48,10,180,1.36,2872,64.4,39.3,0.00,0.00,12.22,16,33.44,33.00,72,17.41,2.77,64.84,2.88,43.14,4.18,3.96,3.29,3.10,12.10
15264,0.00,0.00,11.37,10,180,1.40,2898,64.4,40.2,0.00,0.00,12.32,16,33.44,33.00,72,17.56,3.04,66.32,2.90,43.14,4.18,3.96,3.29,3.10,11.90
15360,0.00,0.00,11.25,10,180,1.43,2944,64.4,41.0,0.00,0.00,12.32,16,33.44,33.00,72,17.99,3.33,68.84,2.94,43.14,4.49,3.96,3.29,2.95,11.80
15456,0.00,0.00,11.37,10,180,1.45,2962,64.4,41.8,0.00,0.00,12.32,16,33.44,33.00,72,18.14,3.56,70.15,2.88,43.14,4.49,3.96,3.29,1.60,11.80
15552,0.00,0.00,11.14,10,181,1.49,2980,64.4,41.8,0.00,0.00,12.32,16,33.44,33.00,72,18.57,3.81,73.70,2.92,43.14,5.10,3.96,3.29,2.57,11.60
15649,0.00,0.00,11.14,10,181,1.52,3012,64.4,42.2,0.00,0.00,12.33,16,33.44,33.00,72,18.72,4.12,75.40,3.00,43.14,5.10,3.96,3.29,2.57,11.40
15745,0.00,0.00,11.14,10,181,1.55,3035,64.4,40.4,0.00,0.00,12.15,16,33.44,33.00,72,19.01,4.33,78.25,3.00,43.14,5.41,3.96,3.29,2.57,11.40
15840,0.00,0.00,11.25,10,181,1.56,3041,64.4,37.9,0.00,0.00,12.45,16,33.44,32.50,72,19.30,4.64,80.62,3.04,43.14,5.72,3.96,3.29,2.05,11.30
15936,0.00,0.00,11.14,10,181,1.60,3089,64.4,37.9,0.00,0.00,12.22,16,33.09,33.00,72,19.59,4.89,82.14,3.04,43.14,6.34,3.96,3.29,3.17,11.50
16032,0.00,0.00,11.25,10,181,1.64,3124,64.4,36.0,0.00,0.00,12.33,16,33.09,32.50,72,19.88,5.16,83.87,3.02,43.14,6.34,3.96,3.29,3.17,11.40
16128,0.00,0.00,11.25,10,181,1.69,3122,64.4,33.7,0.00,0.00,12.18,16,33.09,32.50,72,20.17,5.45,86.02,3.10,43.14,6.65,3.96,3.29,2.80,11.40
16223,0.00,0.00,11.25,10,181,1.71,3174,64.4,33.7,0.00,0.00,12.21,16,33.09,32.50,72,20.46,5.74,88.73,3.14,43.14,6.96,3.96,3.29,2.57,11.70
16320,0.00,0.00,11.25,10,181,1.77,3186,64.4,31.6,0.00,0.00,12.41,16,32.03,32.00,72,20.60,6.03,90.61,3.18,43.14,6.96,3.96,3.29,2.12,11.60
16416,0.00,0.00,11.25,10,181,1.76,3226,64.4,30.9,0.00,0.00,12.33,16,31.68,31.50,72,21.04,6.32,94.17,3.20,43.14,7.27,3.96,3.29,2.12,12.10
16513,0.00,0.00,11.25,10,181,1.81,3258,64.4,30.2,0.00,0.00,12.33,16,30.98,31.50,72,21.18,6.63,95.54,3.14,43.14,7.89,3.96,3.29,2.88,12.10
16609,0.00,0.00,11.25,10,181,1.80,3285,64.4,30.2,0.00,0.00,12.33,16,30.98,30.50,72,21.62,6.98,100.73,3.22,43.14,8.51,3.96,3.29,3.55,11.90
16705,0.00,0.00,11.25,10,181,1.86,3327,64.4,29.5,0.00,0.00,12.30,16,30.62,30.50,72,21.91,7.37,101.48,3.26,43.14,8.51,3.96,3.29,3.55,11.90
16801,0.00,0.00,11.25,10,181,1.88,3356,64.4,28.7,0.00,0.00,11.94,16,30.27,30.00,72,22.49,7.72,105.81,3.30,43.14,8.51,3.96,3.29,1.67,12.00
16897,0.00,0.00,11.37,10,181,1.93,3394,64.4,27.7,0.00,0.00,11.84,16,29.92,29.50,72,22.64,8.14,107.89,3.32,43.14,9.13,3.96,3.29,1.82,12.20
16992,0.00,0.00,11.25,10,181,1.97,3423,64.4,27.7,0.00,0.00,11.94,16,28.87,29.00,72,23.36,8.60,112.41,3.38,43.14,9.75,3.96,3.29,2.12,12.10
17088,0.00,0.00,11.25,10,181,2.01,3464,64.4,26.7,0.00,0.00,11.71,16,28.52,28.50,72,23.51,9.03,115.70,3.36,43.14,9.75,3.96,3.29,2.12,12.10
17185,0.00,0.00,11.25,10,181,2.08,3516,64.4,25.3,0.00,0.00,11.69,16,27.81,28.00,72,24.23,9.53,122.39,3.48,43.14,10.36,3.96,3.29,1.67,12.20
17281,0.00,0.00,11.25,10,181,2.18,3524,64.4,26.2,0.00,0.00,11.59,16,27.46,27.00,70,24.67,10.13,125.90,3.46,43.14,10.67,3.96,3.29,0.67,11.90
17377,0.00,0.00,11.25,10,181,2.25,3546,64.4,26.2,0.00,0.00,11.56,16,26.76,26.50,70,25.54,10.85,130.08,3.48,43.14,11.29,3.96,3.29,0.22,12.00
17474,0.00,0.00,11.25,10,181,2.34,3604,64.4,28.8,0.00,0.00,11.26,16,25.70,26.00,70,26.12,11.58,139.83,3.54,43.14,11.29,3.96,3.29,0.22,12.00
17570,0.00,0.00,11.25,10,181,2.42,3628,64.4,29.7,0.00,0.00,11.55,16,24.65,25.50,70,27.28,12.51,143.72,3.58,43.14,12.84,3.96,3.29,0.80,11.80
17666,0.00,0.00,11.14,10,181,2.50,3687,64.4,29.0,0.00,0.00,11.61,16,23.59,24.00,70,27.86,13.40,154.44,3.66,43.14,13.77,3.96,3.29,0.35,11.50
17762,0.00,0.00,11.14,10,181,2.64,3722,64.4,29.0,0.00,0.00,11.64,16,22.54,23.50,70,28.58,14.37,159.42,3.72,43.14,13.77,3.96,3.29,0.27,11.50
17858,0.00,0.00,11.14,10,181,2.71,3772,64.4,22.4,0.00,0.00,11.18,16,21.84,21.00,70,29.89,15.37,170.52,3.78,43.14,15.01,3.96,3.29,0.27,11.60
17954,0.00,0.00,11.25,10,181,2.80,3836,64.4,18.7,0.00,0.00,11.63,16,20.78,20.50,70,30.62,16.34,178.41,3.80,43.14,16.86,3.96,3.29,0.85,12.20
18050,0.00,0.00,11.25,10,181,2.88,3882,64.4,18.7,0.00,0.00,11.18,16,20.78,20.00,70,31.92,17.15,185.32,3.86,43.14,18.10,3.96,3.29,0.88,12.40
18146,0.00,0.00,11.25,10,181,2.94,3912,64.4,18.8,0.00,0.00,11.45,16,20.08,19.50,70,32.36,17.89,190.74,3.90,43.14,18.10,3.96,3.29,0.88,12.20
18241,0.00,0.00,11.25,10,181,3.01,3996,64.4,27.3,0.00,0.00,11.66,16,20.08,19.50,70,33.23,18.49,199.50,3.92,43.14,20.26,3.96,3.29,5.42,11.70
18338,0.00,0.00,11.25,10,181,3.08,4019,64.4,33.9,0.00,0.00,11.54,16,19.73,19.50,70,33.52,19.07,204.57,3.94,43.14,20.57,3.96,3.29,3.85,11.40
18434,0.00,0.00,11.14,10,181,3.12,4089,64.4,33.9,0.00,0.00,11.56,16,19.73,19.00,70,34.10,19.45,210.86,3.98,43.14,20.57,3.96,3.29,1.67,11.00
18531,0.00,0.00,11.14,10,181,3.12,4144,64.4,36.8,0.00,0.00,11.44,16,19.73,19.50,70,34.39,19.84,215.35,4.00,43.14,20.57,3.96,3.29,1.67,11.00
18626,0.00,0.00,11.14,10,181,3.19,4223,64.4,37.3,0.00,0.00,11.57,16,20.08,19.00,70,34.82,20.11,224.82,4.02,43.14,20.57,3.96,3.29,0.67,10.60
18722,0.00,0.00,11.25,10,181,3.18,4232,64.4,37.6,0.00,0.00,11.46,16,20.08,19.00,70,34.82,20.30,227.89,4.08,43.14,20.57,3.96,3.29,0.40,10.50
18818,0.00,0.00,11.14,10,181,3.31,4276,64.4,37.6,0.00,0.00,11.57,16,19.73,19.50,70,34.97,20.21,233.04,4.06,43.14,20.57,3.96,3.29,0.25,11.00
18914,0.00,0.00,11.14,10,181,3.19,4373,64.4,37.8,0.00,0.00,11.25,16,20.08,19.50,70,35.11,20.48,238.84,4.10,43.14,20.57,3.96,3.29,0.25,10.80
19010,0.00,0.00,11.14,10,181,3.30,4373,64.4,38.1,0.00,0.00,11.83,16,20.08,19.50,70,35.26,20.55,240.70,4.14,43.53,20.57,3.96,3.27,-0.03,10.90
19105,0.00,0.00,11.14,10,181,3.26,4454,64.4,38.3,0.00,0.00,11.29,16,20.08,19.50,70,35.40,20.81,248.16,4.16,43.53,20.57,3.96,3.04,-0.28,11.10
19202,0.00,0.00,11.25,10,181,3.27,4478,64.4,38.3,0.00,0.00,11.95,16,20.08,19.50,70,35.40,20.73,249.60,4.16,43.53,20.57,3.96,3.04,-0.48,10.80
19298,0.00,0.00,11.25,10,181,3.27,4590,64.4,38.5,0.00,0.00,11.67,16,20.08,19.50,70,35.55,20.94,252.97,4.18,43.53,20.57,3.96,2.66,-0.48,10.80
19394,0.00,0.00,11.25,10,181,3.29,4650,64.4,38.6,0.00,0.00,11.90,16,20.08,19.50,70,35.55,20.96,252.00,4.22,43.14,20.57,3.96,2.20,-0.58,10.60
19490,0.00,0.00,11.25,10,181,3.24,4682,64.4,38.6,0.00,0.00,11.35,16,20.08,19.50,70,35.69,20.98,259.35,4.22,42.75,20.57,3.96,2.20,-0.62,10.80
19587,0.00,0.00,11.25,10,181,3.27,4705,64.4,38.7,0.00,0.00,11.60,16,20.08,19.50,70,35.69,21.08,260.36,4.24,42.75,20.57,3.96,1.70,-0.62,10.90
19682,0.00,0.00,11.25,10,181,3.25,4759,64.4,38.7,0.00,0.00,11.68,16,20.08,19.50,70,35.69,20.92,263.85,4.26,42.35,20.57,3.96,1.22,-0.60,10.80
19779,0.00,0.00,11.25,10,181,3.24,4817,64.4,38.7,0.00,0.00,11.66,16,20.08,19.50,70,35.69,21.06,266.85,4.26,41.57,20.57,3.96,0.72,-0.62,11.20
19875,0.00,0.00,11.25,10,183,3.24,4921,64.4,38.7,0.00,0.00,11.61,16,20.43,19.50,70,35.55,20.88,271.34,4.28,41.57,20.57,3.96,0.72,-0.50,10.80
19972,0.00,0.00,11.25,10,183,3.27,4977,64.4,38.6,0.00,0.00,11.71,16,20.43,19.50,70,35.55,20.88,275.90,4.28,41.57,20.57,3.96,0.32,-0.50,11.00
20068,0.00,0.00,11.25,10,183,3.29,4980,64.4,38.2,0.00,0.00,11.82,16,20.43,19.50,70,35.40,20.65,276.93,4.30,41.57,20.57,3.96,0.18,-0.18,10.90
20164,0.00,0.00,11.25,10,183,3.26,5050,64.4,38.1,0.00,0.00,11.61,16,20.43,20.00,70,35.40,20.73,282.20,4.32,41.57,20.57,3.96,0.12,-0.08,11.40
20259,0.00,0.00,11.25,10,183,3.34,5130,64.4,38.1,0.00,0.00,11.84,16,20.43,19.50,70,35.40,20.52,284.34,4.34,41.57,20.57,3.96,0.12,-0.08,10.90
20355,0.00,0.00,11.25,10,183,3.27,5201,64.4,38.1,0.00,0.00,11.53,16,20.43,20.00,70,35.40,20.63,287.54,4.34,41.57,20.57,3.96,0.06,-0.08,11.30
20451,0.00,0.00,11.25,10,183,3.34,5222,64.4,38.0,0.00,0.00,11.90,16,20.43,19.50,70,35.55,20.57,289.66,4.36,41.57,20.57,3.96,0.06,0.00,10.90
20549,0.00,0.00,11.25,10,183,3.24,5296,64.4,38.0,0.00,0.00,11.48,16,20.78,20.00,70,35.40,20.69,291.79,4.34,41.57,20.57,3.96,0.06,0.05,11.20
20644,0.00,0.00,11.25,10,183,3.33,5330,64.4,38.0,0.00,0.00,11.75,16,20.43,20.00,70,35.26,20.55,291.80,4.36,41.57,20.57,3.96,0.06,0.05,10.90
20740,0.00,0.00,11.25,10,183,3.31,5372,64.4,38.1,0.00,0.00,11.40,16,20.78,20.00,70,35.40,20.69,292.32,4.36,41.57,20.57,3.96,0.04,-0.03,11.30
20837,0.00,0.00,11.25,10,183,3.30,5482,64.4,38.1,0.00,0.00,12.07,16,20.78,20.00,70,35.26,20.57,295.51,4.40,41.57,20.57,3.96,0.04,-0.05,11.00
20932,0.00,0.00,11.25,10,183,3.28,5502,64.4,38.1,0.00,0.00,11.36,16,20.78,20.00,70,35.11,20.54,298.19,4.40,41.57,20.57,3.96,-0.01,-0.05,11.00
21028,0.00,0.00,11.25,10,183,3.25,5560,64.4,38.0,0.00,0.00,11.81,16,20.78,20.00,70,35.26,20.54,300.34,4.42,41.57,20.57,3.96,-0.01,0.05,11.00
21125,0.00,0.00,11.25,10,183,3.26,5575,64.4,38.0,0.00,0.00,11.38,16,20.78,20.00,70,35.26,20.50,309.74,4.44,41.57,20.57,3.96,-0.01,0.25,11.00
21221,0.00,0.00,11.25,10,183,3.24,5630,64.4,37.8,0.00,0.00,11.79,16,20.78,20.00,70,35.26,20.54,307.50,4.42,41.96,20.57,3.96,0.14,0.25,10.90
21318,0.00,0.00,11.25,10,183,3.26,5729,64.4,37.9,0.00,0.00,11.57,16,21.13,20.00,68,35.26,20.44,309.18,4.44,41.96,20.57,3.96,0.24,0.17,11.10
21413,0.00,0.00,11.25,10,183,3.22,5738,64.4,37.9,0.00,0.00,11.61,16,21.13,20.50,68,35.26,20.52,308.61,4.48,41.96,20.57,3.96,0.24,0.17,11.00
21510,0.00,0.00,11.25,10,183,3.26,5782,64.4,38.0,0.00,0.00,11.76,16,21.13,20.50,68,35.26,20.52,316.99,4.48,41.96,20.57,3.96,0.24,0.02,11.30
21608,0.00,0.00,11.25,10,183,3.21,5882,64.4,38.0,0.00,0.00,11.50,16,21.13,20.50,68,35.40,20.69,319.79,4.46,41.96,20.57,3.96,0.24,0.20,10.90
21703,0.00,0.00,11.25,10,183,3.19,5914,64.4,37.8,0.00,0.00,11.93,16,21.13,21.00,68,35.26,20.34,312.52,4.50,42.35,20.57,3.96,0.36,0.20,11.40
21800,0.00,0.00,11.25,10,181,3.22,5990,64.4,38.0,0.00,0.00,11.47,16,21.48,21.00,68,35.26,20.57,318.65,4.50,41.96,20.57,3.96,0.36,0.02,11.30
21897,0.00,0.00,11.25,10,181,3.24,5990,64.4,38.0,0.00,0.00,11.68,16,21.48,20.50,68,35.40,20.54,325.03,4.50,41.96,20.57,3.96,0.36,0.02,11.50
21993,0.00,0.00,11.25,10,181,3.19,6053,64.4,38.2,0.00,0.00,11.61,16,21.84,21.00,68,35.11,20.67,320.94,4.52,41.96,20.57,3.96,0.28,-0.10,11.20
22089,0.00,0.00,11.25,10,181,3.20,6127,64.4,38.2,0.00,0.00,12.07,16,21.84,21.00,68,35.11,20.50,324.44,4.52,41.96,20.57,3.96,0.28,-0.10,11.50
22185,0.00,0.00,11.25,10,181,3.18,6162,64.4,37.9,0.00,0.00,11.74,16,22.19,21.00,68,35.26,20.54,329.11,4.50,42.35,20.57,3.96,0.38,0.17,11.30
22282,0.00,0.00,11.25,10,181,3.17,6198,64.4,37.9,0.00,0.00,11.85,16,22.19,21.00,68,35.11,20.50,325.61,4.54,42.35,20.57,3.96,0.38,0.17,11.50
22378,0.00,0.00,11.25,10,181,3.15,6244,64.4,37.7,0.00,0.00,11.45,16,22.54,21.50,68,35.26,20.63,329.70,4.54,41.96,20.57,3.96,0.56,0.30,11.50
22476,0.00,0.00,11.25,10,181,3.16,6276,64.4,37.7,0.00,0.00,11.93,16,22.54,21.50,68,35.26,20.46,331.44,4.52,41.96,20.57,3.96,0.56,0.15,11.60
22572,0.00,0.00,11.25,10,181,3.11,6297,64.4,37.9,0.00,0.00,11.40,16,23.24,22.00,68,35.26,20.65,334.38,4.54,41.96,20.57,3.96,0.65,0.15,11.30
22668,0.00,0.00,11.25,10,181,3.07,6374,64.4,37.9,0.00,0.00,11.88,16,22.89,22.00,68,35.11,20.34,330.87,4.52,41.96,20.57,3.96,0.65,0.22,11.50
22764,0.00,0.00,11.25,10,180,3.05,6429,64.4,37.8,0.00,0.00,11.62,16,23.95,22.50,68,35.26,20.50,336.13,4.56,42.35,20.57,3.96,0.78,0.22,11.40
22860,0.00,0.00,11.25,10,180,3.06,6522,64.4,37.8,0.00,0.00,11.68,16,23.59,22.50,68,35.11,20.42,332.04,4.54,42.35,20.57,3.96,0.78,0.22,11.30
22956,0.00,0.00,11.25,10,180,3.08,6522,64.4,37.9,0.00,0.00,11.62,16,25.35,23.50,68,35.26,20.48,332.04,4.54,42.35,20.57,3.96,0.88,0.17,11.80
23052,0.00,0.00,11.25,10,180,3.02,6602,64.4,37.9,0.00,0.00,11.62,16,25.00,23.50,68,35.26,20.50,336.13,4.54,42.35,20.57,3.96,0.88,0.17,11.30
23149,0.00,0.00,11.25,10,178,3.01,6654,64.4,37.9,0.00,0.00,11.52,16,25.70,25.00,68,35.11,20.57,332.62,4.52,42.35,20.57,3.96,0.88,0.10,11.50
23245,0.00,0.00,11.37,10,178,2.96,6702,64.4,37.9,0.00,0.00,11.55,16,26.41,25.00,68,35.26,20.44,332.62,4.54,42.35,20.57,3.96,0.88,0.10,11.30
23341,0.00,0.00,11.37,10,178,2.92,6696,64.4,37.8,0.00,0.00,11.53,16,26.76,26.00,70,35.26,20.32,333.79,4.52,42.75,20.57,3.96,1.05,0.27,11.40
23437,0.00,0.00,11.37,10,178,2.92,6812,64.4,37.8,0.00,0.00,11.62,16,27.46,27.00,70,34.97,20.46,331.45,4.52,42.75,20.57,3.96,1.05,0.27,11.30
23533,0.00,0.00,11.37,10,176,2.92,6812,64.4,37.8,0.00,0.00,11.53,16,27.46,26.50,70,35.11,20.32,333.79,4.52,42.75,20.57,3.96,1.05,0.10,11.60
23629,0.00,0.00,11.37,10,176,2.87,6849,64.4,37.9,0.00,0.00,11.46,16,28.16,27.00,70,35.26,20.57,337.88,4.56,41.96,20.57,3.96,1.05,0.10,11.60
23726,0.00,0.00,11.37,10,176,2.90,6855,64.4,37.9,0.00,0.00,11.54,16,28.16,27.00,70,35.26,20.48,334.95,4.54,41.96,20.57,3.96,1.05,0.10,11.50
23822,0.00,0.00,11.37,10,176,2.87,6919,64.4,37.9,0.00,0.00,11.51,16,29.92,28.00,70,35.26,20.59,334.95,4.54,42.35,20.57,3.96,1.15,0.17,11.30
23918,0.00,0.00,11.37,10,176,2.85,7029,64.4,37.9,0.00,0.00,11.70,16,28.87,28.00,70,35.11,20.32,332.04,4.48,42.35,20.57,2.08,1.15,0.17,13.30
24015,0.00,0.00,11.37,10,174,1.41,6812,64.4,30.8,0.00,0.00,15.71,16,43.98,28.50,70,35.11,8.02,325.61,4.48,42.35,-1.70,0.66,0.00,0.00,17.90
24111,0.00,0.00,12.63,10,174,0.04,7055,64.4,30.8,0.00,0.00,13.11,16,44.34,45.00,70,9.29,-5.57,10.85,1.74,0.00,-1.70,0.66,0.00,0.00,14.10
24207,0.00,0.00,14.36,10,174,0.07,7055,64.4,30.8,0.00,0.00,13.19,16,41.52,45.00,70,9.29,-8.53,10.85,1.90,0.00,-1.70,0.66,0.00,0.00,14.40
24304,0.00,0.00,14.36,10,172,0.16,6738,64.4,30.8,0.00,0.00,13.24,16,37.30,40.00,70,5.80,-9.17,14.29,1.90,0.00,-2.63,0.66,0.00,0.00,17.50
24401,0.00,0.00,24.23,10,172,0.16,6297,64.4,42.9,0.00,0.00,13.25,16,32.73,34.00,70,5.08,-9.55,18.95,2.08,0.00,-2.63,0.64,0.00,0.00,32.90
24497,0.00,0.00,23.89,10,172,0.21,6332,64.4,42.9,0.00,0.00,13.25,16,26.41,34.00,70,4.79,-9.80,19.96,2.08,0.00,-2.63,0.64,0.00,0.00,75.30
24592,0.00,0.00,24.35,10,172,0.21,5948,64.4,43.1,0.00,0.00,13.25,16,20.08,28.00,70,4.64,-10.06,19.96,2.10,0.00,-4.80,0.64,0.00,0.00,93.10
24689,0.00,0.00,24.12,10,171,0.22,5609,64.4,43.1,0.00,0.00,13.25,16,20.08,21.50,70,4.50,-10.27,19.42,2.08,0.00,-4.80,0.66,0.00,0.00,96.00
24785,0.00,0.00,24.35,10,171,0.22,5140,64.4,43.1,0.00,0.00,13.46,16,20.08,20.00,70,4.21,-10.44,19.34,2.06,0.00,-4.80,0.64,0.00,0.00,96.00
24881,0.00,0.00,24.23,10,171,0.22,4898,64.4,43.1,0.00,0.00,13.76,16,20.08,20.00,70,4.21,-10.50,18.33,2.02,0.00,-4.80,0.64,0.00,0.00,96.00
24977,0.00,0.00,24.46,10,171,0.20,4750,64.4,43.1,0.00,0.00,14.11,16,20.08,20.00,70,4.21,-10.52,17.34,1.96,0.00,-4.49,0.64,0.00,0.00,99.90
25073,0.00,0.00,24.35,10,169,0.20,4383,64.4,43.1,0.00,0.00,14.41,16,20.08,20.00,70,4.06,-10.62,14.78,1.86,0.00,-4.49,0.64,0.00,0.00,99.90
25169,0.00,0.00,24.69,10,169,0.18,4259,64.4,43.1,0.00,0.00,14.68,16,20.08,20.00,70,4.06,-10.67,13.76,1.84,0.00,-3.87,0.64,0.00,0.00,99.90
25265,0.00,0.00,24.58,10,169,0.17,3964,64.4,43.1,0.00,0.00,14.70,16,20.08,20.00,70,3.92,-10.83,11.61,1.74,0.00,-3.56,0.64,0.00,0.00,99.90
25361,0.00,0.00,24.46,10,169,0.16,3794,64.5,43.1,0.00,0.00,14.70,16,20.08,20.00,70,3.77,-10.98,10.80,1.70,0.00,-3.56,0.64,0.00,0.00,99.90
25457,0.00,0.00,24.12,10,169,0.18,3528,64.5,43.1,0.00,0.00,14.70,16,20.08,20.00,70,3.19,-11.56,5.73,1.72,0.00,-3.56,0.64,0.00,0.00,99.90
25554,0.00,0.00,24.23,10,167,0.16,3432,64.4,43.1,0.00,0.00,14.70,16,20.08,20.00,70,4.06,-10.73,11.38,1.62,0.00,-2.94,0.64,0.00,0.00,99.90
25650,0.00,0.00,24.12,10,167,0.15,3294,64.4,43.1,0.00,0.00,14.70,16,20.08,20.00,70,3.77,-10.89,7.90,1.58,0.00,-2.94,0.64,0.00,0.00,99.90
25745,0.00,0.00,24.35,10,167,0.15,3234,64.4,43.1,0.00,0.00,14.70,16,20.08,20.00,70,3.77,-10.94,7.78,1.58,0.00,-2.94,0.64,0.00,0.00,99.90
25841,0.00,0.00,24.69,10,167,0.15,3130,64.4,43.1,0.00,0.00,14.70,16,20.08,20.00,70,3.77,-10.91,7.69,1.58,0.00,-2.63,0.64,0.00,0.00,99.90
25937,0.00,0.00,24.12,10,167,0.18,2902,64.4,43.1,0.00,0.00,14.70,16,20.08,20.00,72,3.77,-10.89,7.94,1.62,0.00,-2.32,0.64,0.00,0.00,99.90
26033,0.00,0.00,25.04,10,167,0.19,2799,64.4,43.1,0.00,0.00,14.70,16,20.08,20.00,72,3.92,-10.87,8.23,1.62,0.00,-2.01,0.64,0.00,0.00,99.90
26129,0.00,0.00,24.12,10,167,0.18,2588,64.4,43.1,0.00,0.00,14.70,16,16.21,19.00,72,3.92,-10.83,8.06,1.58,0.00,-2.01,0.64,0.00,0.00,99.90
26226,0.00,0.00,24.46,10,167,0.20,2482,64.4,43.1,0.00,0.00,14.70,16,15.51,15.50,72,3.92,-10.77,7.65,1.58,0.00,-2.01,0.64,0.00,0.00,99.90
26322,0.00,0.00,24.58,10,167,0.21,2298,64.4,43.1,0.00,0.00,14.70,16,15.16,15.00,72,4.06,-10.54,8.06,1.58,0.00,-2.01,0.64,0.00,0.00,99.90
26419,0.00,0.00,24.12,10,167,0.22,2214,64.4,43.1,0.00,0.00,14.70,16,14.80,15.00,72,4.21,-10.27,7.73,1.58,0.00,-2.01,0.64,0.00,0.00,96.00
26515,0.00,0.00,24.69,10,167,0.23,2023,64.4,43.1,0.00,0.00,14.70,16,14.45,14.50,72,4.50,-10.11,7.57,1.56,0.00,-2.01,0.64,0.00,0.00,96.00
26610,0.00,0.00,24.92,10,167,0.25,1929,64.4,43.1,0.00,0.00,14.70,16,14.10,14.00,72,4.64,-9.96,7.40,1.56,0.00,-2.01,0.64,0.00,0.00,99.90
26707,0.00,0.00,24.35,10,167,0.26,1749,64.4,43.1,0.00,0.00,14.70,16,14.10,14.00,72,4.79,-9.94,7.40,1.56,0.00,-2.32,0.64,0.00,0.00,99.90
26802,0.00,0.00,24.58,10,167,0.29,1668,64.4,43.1,0.00,0.00,14.70,16,14.10,14.00,72,4.79,-9.86,7.20,1.56,0.00,-2.32,0.64,0.00,0.00,99.90
26898,0.00,0.00,24.12,10,167,0.32,1504,64.4,43.1,0.00,0.00,13.80,16,14.10,22.00,72,5.08,-9.57,7.61,1.58,0.00,-2.63,0.64,0.00,0.00,99.90
26994,0.00,0.00,24.58,10,165,0.33,1417,64.4,42.8,0.00,0.00,14.70,16,14.10,22.00,72,5.37,-9.20,7.73,1.56,0.00,-2.94,0.64,0.00,0.00,99.90
27090,0.00,0.00,24.46,10,165,0.30,1315,64.4,42.8,0.00,0.00,15.38,16,14.10,22.00,72,5.95,-8.80,7.06,1.52,0.00,-2.94,0.64,0.00,0.00,99.90
27186,0.00,0.00,24.35,10,165,0.28,1388,64.4,42.5,0.00,0.00,14.74,16,14.10,20.50,72,5.95,-8.86,6.68,1.50,0.00,-2.94,0.64,0.00,0.00,99.90
27283,0.00,0.00,22.28,10,165,0.27,1472,64.4,42.6,0.00,0.00,14.74,16,14.10,10.00,72,5.51,-9.11,6.38,1.52,0.00,-2.63,0.64,0.00,0.00,96.00
27378,-0.78,0.00,12.17,8,165,0.27,1548,64.4,42.9,0.00,0.00,14.74,16,14.10,6.00,72,5.37,-9.30,6.80,1.52,0.00,-2.63,0.64,0.00,0.00,22.60
27474,-1.56,0.00,12.29,8,165,0.26,1548,64.4,42.9,0.00,0.00,14.74,16,14.10,6.50,72,5.22,-9.44,6.80,1.52,0.00,-2.63,0.64,0.00,0.00,16.10
27569,-0.78,0.00,13.90,8,165,0.25,1556,64.4,43.0,0.00,0.00,14.74,16,14.10,6.50,72,5.22,-9.55,6.49,1.50,0.00,-2.63,0.64,0.00,0.00,14.50
27666,0.00,0.00,14.24,8,165,0.24,1546,64.4,43.1,0.00,0.00,14.74,16,14.10,8.00,72,5.08,-9.65,6.49,1.48,0.00,-2.63,0.64,0.00,0.00,14.40
27762,0.00,0.00,14.59,8,165,0.24,1545,64.4,43.1,0.00,0.00,14.74,16,14.10,9.50,72,4.93,-9.77,6.20,1.46,0.00,-2.63,0.64,0.00,0.00,14.60
27858,0.78,0.00,14.81,8,165,0.23,1539,64.4,43.1,0.00,0.00,14.74,16,14.10,10.50,72,4.93,-9.86,6.05,1.46,0.00,-2.63,0.64,0.00,0.00,15.10
27954,0.78,0.00,14.81,8,165,0.25,1543,64.4,43.1,0.00,0.00,14.74,16,14.10,10.50,72,4.79,-10.00,5.56,1.42,0.00,-2.63,0.64,0.00,0.00,15.10
28049,0.78,0.00,14.70,8,165,0.21,1541,64.4,43.1,0.00,0.00,14.74,16,14.10,11.00,72,4.64,-10.11,5.50,1.42,0.00,-2.63,0.64,0.00,0.00,15.20
28146,0.78,0.00,14.70,8,165,0.21,1534,64.4,43.1,0.00,0.00,14.74,16,14.10,12.00,72,4.50,-10.23,5.24,1.40,0.00,-2.63,0.64,0.00,0.00,15.10
28242,0.78,0.00,14.81,8,165,0.20,1520,64.4,43.1,0.00,0.00,14.74,16,14.10,14.00,72,4.35,-10.38,5.21,1.38,0.00,-2.63,0.64,0.00,0.00,15.00
28337,0.78,0.00,14.81,8,165,0.20,1505,64.4,43.1,0.00,0.00,14.74,16,14.10,15.50,72,4.21,-10.48,4.92,1.36,0.00,-2.63,0.64,0.00,0.00,14.90
28433,0.78,0.00,14.81,8,165,0.18,1492,64.4,43.1,0.00,0.00,14.77,16,14.10,16.50,72,4.06,-10.60,4.60,1.30,0.00,-2.63,0.64,0.00,0.00,14.90
28529,0.78,0.00,14.81,8,165,0.17,1524,64.4,43.1,0.00,0.00,14.77,16,14.10,18.00,72,3.77,-10.87,3.86,1.28,0.00,-2.63,0.64,0.00,0.00,14.90
28625,0.78,0.00,14.93,8,165,0.15,1438,64.4,43.1,0.00,0.00,14.77,16,14.10,20.50,72,3.77,-10.94,3.83,1.28,0.00,-2.63,0.64,0.00,0.00,14.90
28722,1.56,0.00,14.93,8,165,0.16,1460,64.4,43.1,0.00,0.00,14.77,16,14.10,21.00,72,3.63,-11.00,3.67,1.28,0.00,-2.63,0.64,0.00,0.00,14.80
28818,0.78,0.00,14.81,8,165,0.17,1382,64.4,43.1,0.00,0.00,14.74,16,14.10,22.00,72,3.63,-11.02,3.69,1.30,0.00,-2.94,0.64,0.00,0.00,14.70
28913,0.78,0.00,14.81,8,165,0.18,1346,64.4,43.1,0.00,0.00,14.74,16,14.10,22.00,72,3.63,-11.04,3.80,1.30,0.00,-2.94,0.64,0.00,0.00,14.70
29009,0.78,0.00,14.47,8,165,0.16,1316,64.4,43.1,0.00,0.00,14.74,16,14.10,22.00,72,3.63,-11.04,3.75,1.26,0.00,-2.94,0.64,0.00,0.00,14.60
29105,0.00,0.00,14.47,8,165,0.17,1310,64.4,43.1,0.00,0.00,14.74,16,14.10,22.00,72,3.63,-11.04,3.59,1.26,0.00,-2.94,0.64,0.00,0.00,14.60
29201,0.00,0.00,14.01,10,165,0.16,1286,64.4,43.1,0.00,0.00,14.74,16,14.10,22.00,72,3.63,-11.06,3.52,1.24,0.00,-2.94,0.64,0.00,0.00,14.40
29297,0.00,0.00,14.36,10,165,0.17,1274,64.4,43.1,0.00,0.00,14.74,16,14.10,22.00,72,3.63,-11.10,3.45,1.24,0.00,-2.94,0.64,0.00,0.00,14.40
29393,0.00,0.00,14.13,10,165,0.17,1243,64.4,43.1,0.00,0.00,14.74,16,14.10,22.00,72,3.63,-11.10,3.49,1.26,0.00,-2.94,0.64,0.00,0.00,14.30
29489,0.00,0.00,14.24,10,167,0.18,1220,64.4,43.1,0.00,0.00,14.74,16,14.10,22.00,72,3.63,-11.08,3.50,1.26,0.00,-2.94,0.64,0.00,0.00,14.20
29584,0.00,0.00,13.55,10,167,0.18,1198,64.4,43.1,0.00,0.00,14.74,16,14.10,22.00,73,3.63,-11.00,3.62,1.26,0.00,-2.94,0.64,0.00,0.00,14.10
29680,0.00,0.00,13.78,10,167,0.18,1188,64.4,43.1,0.00,0.00,14.74,16,14.10,22.00,73,3.63,-10.96,3.56,1.26,0.00,-2.94,0.64,0.00,0.00,14.10
29777,0.00,0.00,13.90,10,167,0.18,1154,64.4,43.1,0.00,0.00,14.74,16,14.10,22.00,73,3.77,-10.89,3.55,1.24,0.00,-2.94,0.64,0.00,0.00,14.00
29872,0.00,0.00,13.78,8,167,0.17,1148,64.4,43.1,0.00,0.00,14.74,16,14.10,22.00,73,3.92,-10.81,3.45,1.24,0.00,-2.94,0.64,0.00,0.00,14.00
29968,0.00,0.00,13.78,8,167,0.18,1124,64.4,43.1,0.00,0.00,14.74,16,14.10,22.00,73,3.92,-10.77,3.38,1.26,0.00,-2.94,0.64,0.00,0.00,13.90
30064,-0.78,0.00,14.01,8,167,0.19,1109,64.4,43.1,0.00,0.00,14.74,16,14.10,22.00,73,3.92,-10.71,3.40,1.24,0.00,-2.94,0.64,0.00,0.00,13.80
30160,-0.78,0.00,13.44,8,167,0.19,1108,64.4,43.1,0.00,0.00,14.70,16,14.10,22.00,73,4.06,-10.69,3.47,1.26,0.00,-2.94,0.64,0.00,0.00,13.80
30256,-1.56,0.00,13.55,8,167,0.22,1094,64.4,43.1,0.00,0.00,14.70,16,14.10,22.00,73,4.06,-10.67,3.45,1.26,0.00,-2.94,0.64,0.00,0.00,13.70
30351,-1.56,0.00,13.55,8,167,0.19,1096,64.4,43.1,0.00,0.00,14.74,16,14.10,22.00,73,4.06,-10.64,3.42,1.26,0.00,-2.94,0.64,0.00,0.00,13.70
30448,-2.34,0.00,13.32,8,167,0.18,1096,64.4,43.1,0.00,0.00,14.70,16,14.10,22.00,73,4.06,-10.64,3.36,1.26,0.00,-2.94,0.64,0.00,0.00,13.60
30543,-2.34,0.00,13.32,8,167,0.18,1093,64.4,43.1,0.00,0.00,14.74,16,14.10,22.00,73,4.06,-10.65,3.36,1.24,0.00,-2.94,0.64,0.00,0.00,13.60
30640,-3.12,0.00,13.44,8,167,0.18,1077,64.4,43.1,0.00,0.00,14.74,16,14.10,22.00,73,4.06,-10.65,3.25,1.24,0.00,-2.94,0.64,0.00,0.00,13.50
30735,-2.34,0.00,13.78,8,167,0.17,1075,64.4,43.1,0.00,0.00,14.74,16,14.10,22.00,73,4.06,-10.65,3.19,1.22,0.00,-2.94,0.64,0.00,0.00,13.50
30831,-2.34,0.00,14.01,8,167,0.18,1070,64.4,43.1,0.00,0.00,14.70,16,14.10,21.50,73,4.06,-10.67,3.12,1.24,0.00,-2.94,0.64,0.00,0.00,13.50
30927,-2.34,0.00,14.13,8,167,0.16,1063,64.4,43.1,0.00,0.00,14.70,16,14.10,22.00,73,4.06,-10.67,3.21,1.24,0.00,-2.94,0.64,0.00,0.00,13.50
31023,-3.12,0.00,14.01,8,167,0.19,1038,64.4,43.1,0.00,0.00,14.70,16,14.10,22.00,73,4.06,-10.65,3.28,1.22,0.00,-2.94,0.64,0.00,0.00,13.40
31119,-3.12,0.00,14.01,8,167,0.18,1045,64.4,43.1,0.00,0.00,14.70,16,14.10,21.50,73,4.06,-10.62,3.19,1.24,0.00,-2.94,0.64,0.00,0.00,13.40
31214,-3.12,0.00,14.13,8,167,0.22,1044,64.4,43.1,0.00,0.00,14.70,16,14.10,22.00,73,4.06,-10.60,3.28,1.24,0.00,-2.94,0.64,0.00,0.00,13.50
31311,-3.12,0.00,14.36,8,167,0.19,1041,64.4,43.1,0.00,0.00,14.70,16,14.10,20.50,73,4.06,-10.60,3.25,1.26,0.00,-2.94,0.64,0.00,0.00,13.50
31407,-2.34,0.00,14.13,8,167,0.19,1039,64.4,43.1,0.00,0.00,14.70,16,14.10,20.00,73,4.06,-10.60,3.33,1.24,0.00,-2.94,0.64,0.00,0.00,13.60
31502,-3.12,0.00,14.47,8,167,0.20,1026,64.4,43.1,0.00,0.00,14.70,16,14.10,21.00,73,4.06,-10.58,3.42,1.26,0.00,-2.94,0.64,0.00,0.00,13.70
31599,-2.34,0.00,14.70,8,167,0.20,1033,64.4,43.1,0.00,0.00,14.70,16,14.10,20.00,73,4.06,-10.58,3.40,1.26,0.00,-2.94,0.64,0.00,0.00,13.60
31694,-2.34,0.00,14.70,8,167,0.20,1040,64.4,43.1,0.00,0.00,14.70,16,14.10,18.50,73,4.21,-10.56,3.45,1.24,0.00,-2.94,0.64,0.00,0.00,13.70
31791,-2.34,0.00,14.81,8,167,0.20,1035,64.4,43.1,0.00,0.00,14.70,16,14.10,18.50,73,4.21,-10.52,3.47,1.26,0.00,-2.94,0.64,0.00,0.00,13.90
31886,-2.34,0.00,14.81,8,167,0.20,1037,64.4,43.1,0.00,0.00,14.70,16,14.10,17.50,73,4.21,-10.50,3.45,1.26,0.00,-2.94,0.64,0.00,0.00,13.80
31982,-2.34,0.00,14.81,8,167,0.20,1033,64.4,43.1,0.00,0.00,14.70,16,14.10,17.50,73,4.21,-10.50,3.49,1.26,0.00,-2.94,0.64,0.00,0.00,13.90
32078,-2.34,0.00,14.81,8,167,0.20,1026,64.4,43.1,0.00,0.00,14.70,16,14.10,17.50,73,4.21,-10.50,3.45,1.28,0.00,-2.94,0.64,0.00,0.00,14.10
32174,-2.34,0.00,14.59,8,167,0.21,1027,64.4,43.1,0.00,0.00,14.70,16,14.10,17.50,73,4.21,-10.48,3.47,1.26,0.00,-2.94,0.64,0.00,0.00,14.10
32269,-2.34,0.00,14.36,8,167,0.21,1040,64.4,43.1,0.00,0.00,14.70,16,14.10,15.50,73,4.21,-10.42,3.65,1.28,0.00,-2.94,0.64,0.00,0.00,14.10
32366,-3.12,0.00,14.59,8,167,0.20,1039,64.4,43.1,0.00,0.00,14.70,16,14.10,15.50,73,4.21,-10.40,3.62,1.26,0.00,-2.94,0.64,0.00,0.00,14.10
32462,-3.12,0.00,14.36,8,167,0.20,1050,64.4,43.1,0.00,0.00,14.70,16,14.10,15.00,73,4.35,-10.40,3.49,1.26,0.00,-2.94,0.64,0.00,0.00,14.00
32558,-3.12,0.00,14.47,8,167,0.20,1044,64.4,43.1,0.00,0.00,14.70,16,14.10,14.50,73,4.21,-10.42,3.49,1.28,0.00,-2.94,0.64,0.00,0.00,14.00
32653,-3.12,0.00,14.01,8,167,0.21,1042,64.4,43.1,0.00,0.00,14.70,16,14.10,14.00,73,4.21,-10.46,3.58,1.26,0.00,-2.94,0.64,0.00,0.00,14.00
32750,-3.12,0.00,14.13,8,167,0.21,1042,64.4,43.1,0.00,0.00,14.70,16,9.88,14.50,73,4.21,-10.44,3.58,1.26,0.00,-2.94,0.64,0.00,0.00,13.90
32846,-2.34,0.00,14.47,8,167,0.21,1039,64.4,43.1,0.00,0.00,14.70,16,9.88,10.50,73,4.35,-10.40,3.49,1.28,0.00,-2.94,0.64,0.00,0.00,13.90
32941,-2.34,0.00,14.47,8,167,0.20,1023,64.4,43.1,0.00,0.00,14.70,16,9.88,12.00,73,4.35,-10.40,3.49,1.24,0.00,-2.94,0.64,0.00,0.00,13.90
33037,-2.34,0.00,14.59,8,167,0.21,1010,64.4,43.1,0.00,0.00,14.70,16,9.88,13.00,73,4.35,-10.38,3.45,1.26,0.00,-2.94,0.64,0.00,0.00,13.90
33133,-2.34,0.00,14.59,8,167,0.22,1004,64.4,43.1,0.00,0.00,14.70,16,9.88,13.50,73,4.35,-10.35,3.52,1.28,0.00,-2.94,0.64,0.00,0.00,14.00
33229,-3.12,0.00,14.24,8,167,0.22,1009,64.4,43.1,0.00,0.00,14.69,16,9.88,13.00,73,4.35,-10.31,3.70,1.28,0.00,-2.94,0.64,0.00,0.00,14.00
33325,-3.12,0.00,14.47,8,167,0.22,1012,64.4,43.1,0.00,0.00,14.69,16,9.88,11.50,73,4.50,-10.23,3.78,1.30,0.00,-2.94,0.64,0.00,0.00,14.00
33421,-2.34,0.00,14.70,8,167,0.23,1006,64.4,43.1,0.00,0.00,14.69,16,9.88,12.50,73,4.50,-10.15,3.88,1.32,0.00,-2.94,0.64,0.00,0.00,14.10
33516,-2.34,0.00,14.47,8,167,0.23,1013,64.4,43.1,0.00,0.00,14.69,16,9.88,11.00,73,4.50,-10.11,3.93,1.28,0.00,-2.94,0.64,0.00,0.00,14.10
33613,-2.34,0.00,14.59,8,167,0.23,1009,64.4,43.1,0.00,0.00,14.69,16,9.88,11.50,73,4.50,-10.11,3.93,1.30,0.00,-2.94,0.64,0.00,0.00,14.20
33709,-3.12,0.00,14.47,8,167,0.24,1012,64.4,43.1,0.00,0.00,14.69,16,9.88,11.00,73,4.64,-10.07,4.02,1.32,0.00,-2.94,0.64,0.00,0.00,14.10
33805,-4.69,0.00,14.01,8,167,0.23,1026,64.4,43.1,0.00,0.00,14.69,16,9.88,9.50,73,4.64,-10.06,4.02,1.30,0.00,-2.94,0.64,0.00,0.00,14.10
33901,-4.69,0.00,14.36,8,167,0.24,966,64.4,43.1,0.00,0.00,14.69,16,9.88,9.50,73,4.64,-10.02,4.13,1.32,0.00,-2.94,0.64,0.00,0.00,14.20
33996,-3.91,0.00,14.36,8,167,0.23,1029,64.4,43.1,0.00,0.00,14.69,16,9.88,9.00,73,4.64,-10.02,4.04,1.32,0.00,-2.94,0.64,0.00,0.00,14.10
34093,-3.91,0.00,14.13,8,167,0.23,1038,64.4,43.1,0.00,0.00,14.69,16,9.88,8.00,73,4.79,-10.02,3.96,1.30,0.00,-2.94,0.64,0.00,0.00,14.00
34188,-3.91,0.00,14.24,8,167,0.24,1016,64.4,43.1,0.00,0.00,14.69,16,9.88,10.50,73,4.64,-10.00,4.07,1.32,0.00,-2.94,0.64,0.00,0.00,14.10
34284,-5.47,0.00,14.13,8,167,0.24,1031,64.4,43.1,0.00,0.00,14.69,16,9.88,9.00,73,4.79,-9.98,4.13,1.32,0.00,-2.94,0.64,0.00,0.00,14.00
34380,-4.69,0.00,14.24,8,167,0.23,1032,64.4,43.1,0.00,0.00,14.69,16,9.88,9.00,73,4.79,-9.96,4.02,1.30,0.00,-2.94,0.64,0.00,0.00,14.10
34476,-3.91,0.00,14.59,8,167,0.25,1028,64.4,43.1,0.00,0.00,14.69,16,9.88,9.50,75,4.79,-9.92,4.04,1.34,0.00,-2.94,0.64,0.00,0.00,14.10
34571,-3.91,0.00,14.70,8,167,0.24,1023,64.4,43.1,0.00,0.00,14.69,16,9.88,10.00,75,4.79,-9.90,4.24,1.32,0.00,-2.94,0.64,0.00,0.00,14.10
34668,-3.12,0.00,14.59,8,167,0.24,1036,64.4,43.1,0.00,0.00,14.70,16,9.88,8.00,75,4.79,-9.92,4.24,1.32,0.00,-2.94,0.64,0.00,0.00,14.20
34764,-3.91,0.00,14.70,8,169,0.23,1044,64.4,43.1,0.00,0.00,14.70,16,9.88,8.00,75,4.79,-9.94,4.13,1.32,0.00,-2.94,0.64,0.00,0.00,14.30
34859,-3.91,0.00,14.59,8,169,0.24,1055,64.4,43.1,0.00,0.00,14.69,16,9.88,7.00,75,4.79,-9.94,4.13,1.32,0.00,-2.94,0.64,0.00,0.00,14.30
34956,-3.91,0.00,14.59,8,169,0.24,1052,64.4,43.1,0.00,0.00,14.69,16,9.88,7.50,75,4.79,-9.94,4.21,1.34,0.00,-2.94,0.64,0.00,0.00,14.50
35051,-3.12,0.00,14.81,8,169,0.24,1045,64.4,43.1,0.00,0.00,14.69,16,9.88,8.50,75,4.79,-9.92,4.21,1.32,0.00,-2.94,0.64,0.00,0.00,14.50
35147,-3.12,0.00,14.70,8,169,0.24,1046,64.4,43.1,0.00,0.00,14.69,16,9.88,8.00,75,4.79,-9.92,4.21,1.34,0.00,-2.94,0.64,0.00,0.00,14.50
35243,-3.12,0.00,14.81,8,169,0.24,1041,64.4,43.1,0.00,0.00,14.70,16,9.88,9.00,75,4.79,-9.94,4.24,1.32,0.00,-2.94,0.64,0.00,0.00,14.60
35338,-3.12,0.00,14.70,8,169,0.23,1056,64.4,43.1,0.00,0.00,14.70,16,9.88,8.00,75,4.79,-9.94,3.99,1.32,0.00,-2.94,0.64,0.00,0.00,14.60
35434,-3.12,0.00,14.70,8,169,0.24,1062,64.4,43.1,0.00,0.00,14.70,16,9.88,7.00,75,4.79,-9.96,4.13,1.32,0.00,-2.94,0.64,0.00,0.00,14.70
35531,-3.12,0.00,14.93,8,169,0.23,1056,64.4,43.1,0.00,0.00,14.70,16,9.88,8.00,75,4.79,-9.96,4.21,1.30,0.00,-2.94,0.64,0.00,0.00,14.70
35627,-2.34,0.00,14.93,8,169,0.24,1052,64.4,43.1,0.00,0.00,14.70,16,9.88,8.50,75,4.79,-9.96,4.13,1.34,0.00,-2.94,0.64,0.00,0.00,14.70
35723,-2.34,0.00,14.93,8,169,0.24,1042,64.4,43.1,0.00,0.00,14.70,16,9.88,10.00,75,4.79,-9.96,4.21,1.32,0.00,-2.94,0.64,0.00,0.00,14.60
35819,-2.34,0.00,14.81,8,169,0.24,1057,64.4,43.1,0.00,0.00,14.70,16,9.88,8.00,75,4.79,-9.96,4.13,1.32,0.00,-2.94,0.64,0.00,0.00,14.60
35914,-2.34,0.00,14.70,8,169,0.24,1062,64.4,43.1,0.00,0.00,14.70,16,9.88,8.00,75,4.79,-9.98,4.26,1.34,0.00,-2.94,0.64,0.00,0.00,14.60
36011,-2.34,0.00,14.81,8,169,0.24,1054,64.4,43.1,0.00,0.00,14.70,16,9.88,9.00,75,4.79,-9.98,4.21,1.32,0.00,-2.94,0.64,0.00,0.00,14.60
36106,-2.34,0.00,14.81,8,169,0.24,1059,64.4,43.1,0.00,0.00,14.70,16,9.88,8.00,75,4.79,-9.96,4.18,1.34,0.00,-2.94,0.64,0.00,0.00,14.60
36202,-2.34,0.00,14.70,8,169,0.24,1063,64.4,43.1,0.00,0.00,14.70,16,9.88,8.00,75,4.64,-10.02,4.26,1.32,0.00,-2.94,0.64,0.00,0.00,14.60
36299,-2.34,0.00,14.93,8,169,0.23,1053,64.4,43.1,0.00,0.00,14.70,16,9.88,9.50,75,4.79,-9.96,4.24,1.32,0.00,-2.94,0.64,0.00,0.00,14.60
36395,-2.34,0.00,14.70,8,169,0.23,1063,64.4,43.1,0.00,0.00,14.70,16,9.88,9.00,75,4.79,-9.98,4.10,1.32,0.00,-2.94,0.64,0.00,0.00,14.60
36491,-2.34,0.00,14.70,8,169,0.24,1044,64.4,43.1,0.00,0.00,14.70,16,9.88,10.50,75,4.64,-10.02,4.15,1.34,0.00,-2.94,0.64,0.00,0.00,14.70
36586,-2.34,0.00,14.47,8,169,0.24,1055,64.4,43.1,0.00,0.00,14.70,16,9.88,9.50,75,4.64,-10.02,4.21,1.32,0.00,-2.94,0.64,0.00,0.00,14.60
36683,-3.91,0.00,14.36,8,169,0.24,1062,64.4,43.1,0.00,0.00,14.70,16,9.88,8.00,75,4.64,-10.02,4.15,1.32,0.00,-2.94,0.64,0.00,0.00,14.50
36779,-3.91,0.00,14.59,8,169,0.23,1064,64.4,43.1,0.00,0.00,14.70,16,9.88,8.50,75,4.64,-10.02,4.07,1.32,0.00,-2.94,0.64,0.00,0.00,14.50
36875,-3.12,0.00,14.47,8,169,0.24,1063,64.4,43.1,0.00,0.00,14.70,16,9.88,8.50,75,4.64,-10.02,4.13,1.32,0.00,-2.94,0.64,0.00,0.00,14.50
36970,-2.34,0.00,14.59,8,169,0.23,1056,64.4,43.1,0.00,0.00,14.70,16,9.88,9.50,75,4.64,-10.04,4.15,1.34,0.00,-2.94,0.64,0.00,0.00,14.50
37067,-2.34,0.00,14.70,8,169,0.24,1060,64.4,43.1,0.00,0.00,14.70,16,9.88,9.00,75,4.64,-10.04,4.24,1.32,0.00,-2.94,0.64,0.00,0.00,14.50
37162,-3.12,0.00,14.47,8,169,0.24,1065,64.4,43.1,0.00,0.00,14.70,16,9.88,8.50,75,4.64,-10.06,4.21,1.34,0.00,-2.94,0.64,0.00,0.00,14.40
37259,-3.12,0.00,14.70,8,169,0.23,1052,64.4,43.1,0.00,0.00,14.70,16,9.88,10.00,75,4.64,-10.06,4.15,1.32,0.00,-2.94,0.64,0.00,0.00,14.40
37355,-3.12,0.00,14.59,8,169,0.23,1059,64.4,43.1,0.00,0.00,14.70,16,9.88,9.50,75,4.64,-10.06,4.15,1.32,0.00,-2.94,0.64,0.00,0.00,14.50
37450,-2.34,0.00,14.59,8,169,0.23,1064,64.4,43.1,0.00,0.00,14.70,16,9.88,9.00,75,4.64,-10.06,4.13,1.30,0.00,-2.94,0.64,0.00,0.00,14.50
37546,-2.34,0.00,14.70,8,169,0.23,1057,64.4,43.1,0.00,0.00,14.70,16,9.88,9.50,75,4.64,-10.06,4.10,1.32,0.00,-2.94,0.64,0.00,0.00,14.50
37642,-3.12,0.00,14.47,8,169,0.23,1056,64.4,43.1,0.00,0.00,14.70,16,9.88,9.50,75,4.64,-10.06,4.10,1.30,0.00,-2.94,0.64,0.00,0.00,14.50
37738,-3.12,0.00,14.70,8,169,0.23,1038,64.4,43.1,0.00,0.00,14.70,16,9.88,11.50,75,4.64,-10.07,4.07,1.32,0.00,-2.94,0.64,0.00,0.00,14.50
37834,-3.12,0.00,14.59,8,169,0.24,1045,64.4,43.1,0.00,0.00,14.70,16,9.88,10.00,75,4.64,-10.06,4.13,1.32,0.00,-2.94,0.64,0.00,0.00,14.50
37929,-3.91,0.00,14.36,8,169,0.24,1055,64.4,43.1,0.00,0.00,14.70,16,9.88,9.50,75,4.64,-10.06,4.21,1.32,0.00,-2.94,0.64,0.00,0.00,14.50
38026,-3.91,0.00,14.70,8,169,0.23,1058,64.4,43.1,0.00,0.00,14.70,16,9.88,9.50,75,4.64,-10.04,4.13,1.34,0.00,-2.94,0.64,0.00,0.00,14.50
38122,-3.12,0.00,14.59,8,171,0.24,1052,64.4,43.1,0.00,0.00,14.70,16,9.88,9.50,75,4.64,-10.04,4.15,1.30,0.00,-2.94,0.64,0.00,0.00,14.50
38218,-2.34,0.00,14.70,8,171,0.23,1049,64.4,43.1,0.00,0.00,14.70,16,9.88,10.00,75,4.64,-10.06,4.15,1.32,0.00,-2.94,0.64,0.00,0.00,14.40
38314,-2.34,0.00,14.81,8,171,0.23,1060,64.4,43.1,0.00,0.00,14.70,16,9.88,9.50,75,4.64,-10.06,3.99,1.30,0.00,-2.94,0.64,0.00,0.00,14.50
38409,-2.34,0.00,14.59,8,171,0.23,1064,64.4,43.1,0.00,0.00,14.70,16,9.88,8.50,75,4.64,-10.07,4.02,1.32,0.00,-2.94,0.64,0.00,0.00,14.50
38506,-3.12,0.00,14.70,8,171,0.23,1057,64.4,43.1,0.00,0.00,14.70,16,9.88,9.50,75,4.64,-10.11,4.07,1.30,0.00,-2.94,0.64,0.00,0.00,14.50
38602,-3.12,0.00,14.70,8,171,0.23,1058,64.4,43.1,0.00,0.00,14.70,16,9.88,9.00,75,4.64,-10.09,4.10,1.30,0.00,-2.94,0.64,0.00,0.00,14.50
38697,-3.12,0.00,14.36,8,171,0.23,1057,64.4,43.1,0.00,0.00,14.70,16,9.88,9.50,75,4.64,-10.11,3.99,1.30,0.00,-2.94,0.64,0.00,0.00,14.50
38794,-3.12,0.00,14.70,8,171,0.23,1052,64.4,43.1,0.00,0.00,14.70,16,9.88,10.00,75,4.64,-10.11,3.99,1.30,0.00,-2.94,0.64,0.00,0.00,14.50
38889,-3.12,0.00,14.70,8,171,0.23,1042,64.4,43.1,0.00,0.00,14.70,16,9.88,10.50,75,4.64,-10.11,4.07,1.32,0.00,-2.94,0.64,0.00,0.00,14.50
38986,-2.34,0.00,14.70,8,171,0.23,1052,64.4,43.1,0.00,0.00,14.70,16,9.88,9.50,75,4.64,-10.11,4.02,1.30,0.00,-2.94,0.64,0.00,0.00,14.50
39081,-3.12,0.00,14.59,8,171,0.24,1036,64.4,43.1,0.00,0.00,14.70,16,9.88,11.00,75,4.64,-10.11,4.13,1.32,0.00,-2.94,0.64,0.00,0.00,14.50
39177,-3.12,0.00,14.59,8,171,0.23,1045,64.4,43.1,0.00,0.00,14.70,16,9.88,10.00,75,4.64,-10.09,4.04,1.30,0.00,-2.94,0.64,0.00,0.00,14.40
39273,-3.12,0.00,14.81,8,171,0.22,1064,64.4,43.1,0.00,0.00,14.70,16,9.88,9.50,75,4.64,-10.11,3.96,1.32,0.00,-2.94,0.64,0.00,0.00,14.50
39369,-3.12,0.00,14.70,8,171,0.22,1062,64.4,43.1,0.00,0.00,14.70,16,9.88,8.00,75,4.64,-10.11,3.99,1.30,0.00,-2.94,0.64,0.00,0.00,14.50
39465,-2.34,0.00,14.59,8,171,0.23,1056,64.4,43.1,0.00,0.00,14.70,16,9.88,9.50,75,4.64,-10.11,3.96,1.30,0.00,-2.94,0.64,0.00,0.00,14.50
39560,-3.12,0.00,14.70,8,171,0.23,1045,64.4,43.1,0.00,0.00,14.70,16,9.88,10.50,75,4.50,-10.13,3.99,1.32,0.00,-2.94,0.64,0.00,0.00,14.50
39657,-3.12,0.00,14.59,8,171,0.23,1050,64.4,43.1,0.00,0.00,14.70,16,9.88,9.50,75,4.50,-10.13,3.96,1.30,0.00,-2.94,0.64,0.00,0.00,14.50
39752,-3.12,0.00,14.47,8,171,0.23,1043,64.4,43.1,0.00,0.00,14.70,16,9.88,10.50,75,4.64,-10.13,4.02,1.32,0.00,-2.94,0.64,0.00,0.00,14.50
39848,-3.12,0.00,14.70,8,171,0.23,1046,64.4,43.1,0.00,0.00,14.70,16,9.88,10.00,75,4.50,-10.11,4.02,1.30,0.00,-2.94,0.64,0.00,0.00,14.60
39945,-3.12,0.00,14.70,8,171,0.23,1058,64.4,43.1,0.00,0.00,14.70,16,9.88,8.50,75,4.64,-10.11,3.99,1.32,0.00,-2.94,0.64,0.00,0.00,14.50
40041,-2.34,0.00,14.81,8,171,0.23,1048,64.4,43.1,0.00,0.00,14.70,16,9.88,9.50,75,4.50,-10.11,4.02,1.30,0.00,-2.94,0.64,0.00,0.00,14.50
40136,-2.34,0.00,14.81,8,171,0.23,1052,64.4,43.1,0.00,0.00,14.70,16,9.88,9.50,75,4.50,-10.13,4.02,1.32,0.00,-2.94,0.64,0.00,0.00,14.60
40233,-3.12,-0.78,14.47,8,171,0.23,1055,64.4,43.1,0.00,0.00,14.70,16,9.88,9.00,75,4.50,-10.15,4.04,1.32,0.00,-2.94,0.64,0.00,0.00,14.50
40328,-3.12,-0.78,14.70,8,171,0.23,1042,64.4,43.1,0.00,0.00,14.70,16,9.88,10.50,75,4.50,-10.13,3.99,1.28,0.00,-2.94,0.64,0.00,0.00,14.50
40424,-3.12,-0.78,14.81,8,171,0.22,1050,64.4,43.1,0.00,0.00,14.70,16,9.88,9.50,75,4.50,-10.13,3.85,1.32,0.00,-2.94,0.64,0.00,0.00,14.50
40520,-2.34,-0.78,14.70,8,171,0.23,1047,64.4,43.1,0.00,0.00,14.70,16,9.88,10.50,75,4.50,-10.13,4.07,1.30,0.00,-2.94,0.64,0.00,0.00,14.50
40616,-2.34,-0.78,14.81,8,171,0.23,1029,64.4,43.1,0.00,0.00,14.70,16,9.88,11.50,75,4.50,-10.11,4.02,1.32,0.00,-2.94,0.64,0.00,0.00,14.50
40712,-2.34,-0.78,14.59,8,171,0.23,1040,64.4,43.1,0.00,0.00,14.70,16,9.88,10.00,75,4.50,-10.13,4.07,1.32,0.00,-2.94,0.64,0.00,0.00,14.50
40808,-3.12,-0.78,14.59,8,171,0.23,1038,64.4,43.1,0.00,0.00,14.70,16,9.88,10.50,75,4.50,-10.13,4.04,1.30,0.00,-2.94,0.64,0.00,0.00,14.50
40904,-3.12,-0.78,14.59,8,171,0.23,1051,64.4,43.1,0.00,0.00,14.70,16,9.88,9.00,75,4.50,-10.13,4.04,1.32,0.00,-2.94,0.64,0.00,0.00,14.50
40999,-3.12,-0.78,14.47,8,172,0.23,1044,64.4,43.1,0.00,0.00,14.70,16,9.88,9.50,75,4.50,-10.13,3.96,1.30,0.00,-2.94,0.64,0.00,0.00,14.50
41095,-2.34,-0.78,14.81,8,172,0.23,1046,64.4,43.1,0.00,0.00,14.70,16,9.88,9.50,75,4.50,-10.13,3.96,1.30,0.00,-2.94,0.64,0.00,0.00,14.50
41191,-2.34,-0.78,14.70,8,172,0.23,1049,64.4,43.1,0.00,0.00,14.70,16,9.88,9.00,75,4.50,-10.15,3.96,1.30,0.00,-2.94,0.64,0.00,0.00,14.50
41287,-2.34,-0.78,14.70,8,172,0.23,1035,64.4,43.1,0.00,0.00,14.70,16,9.88,10.50,75,4.50,-10.15,3.99,1.30,0.00,-2.94,0.64,0.00,0.00,14.50
41383,-2.34,-0.78,14.70,8,172,0.23,1033,64.4,43.1,0.00,0.00,14.70,16,9.88,10.50,75,4.50,-10.15,3.96,1.30,0.00,-2.94,0.64,0.00,0.00,14.50
41479,-3.12,-0.78,14.47,8,172,0.23,1044,64.4,43.1,0.00,0.00,14.70,16,9.88,9.50,75,4.50,-10.15,3.99,1.30,0.00,-2.94,0.64,0.00,0.00,14.50
41575,-3.12,-0.78,14.59,8,172,0.23,1043,64.4,43.1,0.00,0.00,14.70,16,9.88,9.50,75,4.50,-10.15,3.96,1.32,0.00,-2.94,0.64,0.00,0.00,14.50
41670,-2.34,-0.78,14.81,8,172,0.23,1042,64.4,43.1,0.00,0.00,14.70,16,9.88,9.50,75,4.50,-10.11,3.96,1.30,0.00,-2.94,0.64,0.00,0.00,14.60
