<rom>
  <romid>
    <xmlid>EZ1G107M</xmlid>
    <internalidaddress>2004</internalidaddress>
    <internalidstring>EZ1G107M</internalidstring>
    <ecuid>5C52184007</ecuid>
    <year>09</year>
    <market>ADM</market>
    <make>Subaru</make>
    <model>Forester</model>
    <submodel>2.5</submodel>
    <transmission>MT</transmission>
    <memmodel>SH7058</memmodel>
    <flashmethod>subarucan</flashmethod>
    <checksummodule>subarudbw</checksummodule>
  </romid>
  <include>32BITBASE</include>
  <table name="Manifold Pressure Sensor Scaling_" address="cff94" />
  <table name="Manifold Pressure Sensor Limits (CEL)" address="cff64" />
  <table name="Manifold Pressure Sensor CEL Delays" address="c367a" />
  <table name="Primary Open Loop Fueling A_" address="c86b0">
    <table name="X" address="c865c" />
    <table name="Y" address="c8688" elements="10" />
  </table>
  <table name="Primary Open Loop Fueling B_" address="c8774">
    <table name="X" address="c8720" />
    <table name="Y" address="c874c" elements="10" />
  </table>
  <table name="Minimum Active Primary Open Loop Enrichment" address="c5a04" />
  <table name="Front Oxygen Sensor Scaling" address="d04b8">
    <table name="Y" address="d0484" />
  </table>
  <table name="Front Oxygen Sensor Rich Limit" address="1f3b4" />
  <table name="Front Oxygen Sensor Compensation (Atm. Pressure)" address="c2500">
    <table name="Y" address="c24f0" />
  </table>
  <table name="CL Fueling Target Compensation A (Load)" address="c8f78">
    <table name="X" address="c8f00" />
    <table name="Y" address="c8f2c" elements="19" />
  </table>
  <table name="CL Fueling Target Compensation B (Load)" address="c93b0">
    <table name="X" address="c9338" />
    <table name="Y" address="c9364" elements="19" />
  </table>
  <table name="CL Fueling Target Compensation C (Load)" address="c97e8">
    <table name="X" address="c9770" />
    <table name="Y" address="c979c" elements="19" />
  </table>
  <table name="CL Fueling Target Compensation D (Load)" address="c9c20">
    <table name="X" address="c9ba8" />
    <table name="Y" address="c9bd4" elements="19" />
  </table>
  <table name="CL Fueling Target Compensation (ECT)" address="c8ea0">
    <table name="X" address="c5d1c" />
    <table name="Y" address="c8e94" />
  </table>
  <table name="CL Fueling Target Compensation (ECT) Disable" address="c58b4" />
  <table name="CL to OL Delay A (Atm. Pressure)" address="c7530">
    <table name="Y" address="c7514" />
  </table>
  <table name="CL to OL Delay B (Atm. Pressure)" address="c755c">
    <table name="Y" address="c7540" />
  </table>
  <table name="CL to OL Transition with Delay (Accelerator)" address="c6320">
    <table name="Y" address="c62e0" />
  </table>
  <table name="CL to OL Transition with Delay Throttle Hysteresis" address="c5a08" />
  <table name="CL to OL Transition with Delay (Base Pulse Width)" address="c74f4">
    <table name="Y" address="c74b4" />
  </table>
  <table name="CL to OL Transition with Delay BPW Hysteresis" address="c5a0c" />
  <table name="CL Delay Minimum (ECT)" address="c5a10" />
  <table name="CL Delay Maximum Engine Speed A" address="c5a1c" />
  <table name="CL Delay Maximum Engine Speed B" address="c5a18" />
  <table name="CL Delay Engine Speed B Counter Threshold" address="c55cc" />
  <table name="CL Delay Maximum (Throttle) A" address="c5a14" />
  <table name="CL Delay Throttle A Counter Threshold" address="c55ca" />
  <table name="CL Delay Maximum (Throttle) B (ECT)" address="c6330">
    <table name="Y" address="c5d1c" />
  </table>
  <table name="Injector Latency_" address="c8cbc">
    <table name="X" address="c8c9c" />
    <table name="Y" address="c8cb0" />
  </table>
  <table name="Injector Flow Scaling" address="c5770" />
  <table name="Per Injector Pulse Width Compensation A" address="c886c">
    <table name="X" address="c8830" elements="8" />
    <table name="Y" address="c8850" elements="7" />
  </table>
  <table name="Per Injector Pulse Width Compensation B" address="c88e0">
    <table name="X" address="c88a4" elements="8" />
    <table name="Y" address="c88c4" elements="7" />
  </table>
  <table name="Per Injector Pulse Width Compensation C" address="c8954">
    <table name="X" address="c8918" elements="8" />
    <table name="Y" address="c8938" elements="7" />
  </table>
  <table name="Per Injector Pulse Width Compensation D" address="c89c8">
    <table name="X" address="c898c" elements="8" />
    <table name="Y" address="c89ac" elements="7" />
  </table>
  <table name="Cranking Fuel Injector Pulse Width A (ECT)" address="c6650">
    <table name="Y" address="c5d1c" />
  </table>
  <table name="Cranking Fuel Injector Pulse Width B (ECT)" address="c6670">
    <table name="Y" address="c5d1c" />
  </table>
  <table name="Cranking Fuel Injector Pulse Width C (ECT)" address="c6690">
    <table name="Y" address="c5d1c" />
  </table>
  <table name="Cranking Fuel Injector Pulse Width D (ECT)" address="c66b0">
    <table name="Y" address="c5d1c" />
  </table>
  <table name="Cranking Fuel Injector Pulse Width E (ECT)" address="c66d0">
    <table name="Y" address="c5d1c" />
  </table>
  <table name="Cranking Fuel Injector Pulse Width F (ECT)" address="c66f0">
    <table name="Y" address="c5d1c" />
  </table>
  <table name="Cranking Fuel Injector Pulse Width G (ECT)" address="c6710">
    <table name="Y" address="c5d1c" />
  </table>
  <table name="Cranking Fuel Injector Pulse Width H (ECT)" address="c6730">
    <table name="Y" address="c5d1c" />
  </table>
  <table name="Cranking Fuel Injector Pulse Width I (ECT)" address="c6750">
    <table name="Y" address="c5d1c" />
  </table>
  <table name="Cranking Fuel IPW Compensation A (RPM)" address="c817c">
    <table name="X" address="c814c" />
    <table name="Y" address="c8160" />
  </table>
  <table name="Cranking Fuel IPW Compensation B (RPM)" address="c8240">
    <table name="X" address="c8208" />
    <table name="Y" address="c821c" elements="9" />
  </table>
  <table name="Cranking Fuel IPW Compensation (MAP)" address="c5f14">
    <table name="Y" address="c5eec" />
  </table>
  <table name="Cranking Fuel IPW Compensation (Accelerator)" address="c5f38">
    <table name="Y" address="c5f20" />
  </table>
  <table name="Cranking Fuel IPW Compensation (IAT)" address="c5f54">
    <table name="Y" address="c5f40" />
  </table>
  <table name="Throttle Tip-in Enrichment A" address="c7b1c">
    <table name="Y" address="c7ad4" />
  </table>
  <table name="Throttle Tip-in Enrichment B" address="c7b88">
    <table name="Y" address="c7b40" />
  </table>
  <table name="Minimum Tip-in Enrichment Activation" address="c5bc4" />
  <table name="Minimum Tip-in Enrichment Activation (Throttle)" address="c5bc0" />
  <table name="Tip-in Enrichment Compensation (RPM)" address="c64d4">
    <table name="Y" address="c64b0" />
  </table>
  <table name="Tip-in Enrichment Compensation (MRP)" address="c6504">
    <table name="Y" address="c64e0" />
  </table>
  <table name="Tip-in Enrichment Compensation A (ECT)" address="c650d">
    <table name="Y" address="c5d1c" />
  </table>
  <table name="Tip-in Enrichment Compensation B (ECT)" address="c7bac">
    <table name="Y" address="c5d1c" />
  </table>
  <table name="Tip-in Enrichment Compensation C (ECT)" address="c7bcc">
    <table name="Y" address="c5d1c" />
  </table>
  <table name="Tip-in Enrichment Compensation D (ECT)" address="c7c0c">
    <table name="Y" address="c5d5c" />
  </table>
  <table name="Tip-in Enrichment Compensation D (ECT) Activation" address="c5bc8" />
  <table name="Tip-in Enrichment Disable Applied Counter Threshold A (ECT)" address="c651d">
    <table name="Y" address="c5d1c" />
  </table>
  <table name="Tip-in Enrichment Disable Applied Counter Threshold B (ECT)" address="c652d">
    <table name="Y" address="c5d1c" />
  </table>
  <table name="Tip-in Enrichment Applied Counter Reset" address="c558c" />
  <table name="Tip-in Enrichment Disable Throttle Cumulative Threshold A (ECT)" address="c7c2c">
    <table name="Y" address="c5d1c" />
  </table>
  <table name="Tip-in Enrichment Disable Throttle Cumulative Threshold B (ECT)" address="c7c4c">
    <table name="Y" address="c5d1c" />
  </table>
  <table name="Tip-in Throttle Cumulative Reset" address="c558d" />
  <table name="A/F Learning #1 Limits" address="c5958" />
  <table name="A/F Learning #1 Airflow Ranges" address="c5978" />
  <table name="MAF Limit (Maximum)" address="c2024" />
  <table name="MAF Sensor Scaling" address="d03c4">
    <table name="Y" address="d0304" elements="48" />
  </table>
  <table name="MAF Compensation (IAT)" address="c2970">
    <table name="X" address="c293c" />
    <table name="Y" address="c2950" />
  </table>
  <table name="Engine Load Limit (Maximum)" address="1e51c" />
  <table name="Engine Load Compensation A (MP)" address="c29f4">
    <table name="X" address="c2998" />
    <table name="Y" address="c29c4" />
  </table>
  <table name="Engine Load Compensation B (MP)" address="c2ad4">
    <table name="X" address="c2a78" />
    <table name="Y" address="c2aa4" />
  </table>
  <table name="Base Timing A" address="ccbc0">
    <table name="X" address="ccb3c" elements="14" />
    <table name="Y" address="ccb74" elements="19" />
  </table>
  <table name="Base Timing B" address="ccd50">
    <table name="X" address="ccccc" elements="14" />
    <table name="Y" address="ccd04" elements="19" />
  </table>
  <table name="Base Timing C" address="ccee0">
    <table name="X" address="cce5c" elements="14" />
    <table name="Y" address="cce94" elements="19" />
  </table>
  <table name="Base Timing D" address="cd070">
    <table name="X" address="ccfec" elements="14" />
    <table name="Y" address="cd024" elements="19" />
  </table>
  <table name="Base Timing Idle (In-Gear)(Above Speed Threshold)_" address="ccb14">
    <table name="X" address="ccadc" />
    <table name="Y" address="ccb04" />
  </table>
  <table name="Base Timing Idle (In-Gear)(Below Speed Threshold)" address="cb332">
    <table name="Y" address="cb130" />
  </table>
  <table name="Base Timing Idle (Neutral)" address="cb390">
    <table name="Y" address="cb36c" />
  </table>
  <table name="Base Timing Idle Vehicle Speed Threshold" address="caee0" />
  <table name="Knock Correction Advance Max A" address="cc840">
    <table name="X" address="cc7bc" elements="14" />
    <table name="Y" address="cc7f4" elements="19" />
  </table>
  <table name="Knock Correction Advance Max B" address="cc9d0">
    <table name="X" address="cc94c" elements="14" />
    <table name="Y" address="cc984" elements="19" />
  </table>
  <table name="Timing Compensation (IAT)" address="cb4cc">
    <table name="Y" address="cb48c" />
  </table>
  <table name="Timing Compensation (IAT) Activation" address="cd1cc">
    <table name="X" address="cd17c" elements="16" />
    <table name="Y" address="cd1bc" elements="4" />
  </table>
  <table name="Timing Compensation A (ECT)" address="cb449">
    <table name="Y" address="cb0b0" />
  </table>
  <table name="Timing Compensation B (ECT)" address="cb459">
    <table name="Y" address="cb0b0" />
  </table>
  <table name="Timing Compensation C (ECT)" address="cb469">
    <table name="Y" address="cb0b0" />
  </table>
  <table name="Timing Compensation D (ECT)" address="cb479">
    <table name="Y" address="cb0b0" />
  </table>
  <table name="Timing Compensation Per Cylinder A" address="cc5b8">
    <table name="X" address="cc56c" />
    <table name="Y" address="cc5a4" elements="5" />
  </table>
  <table name="Timing Compensation Per Cylinder B" address="cc64c">
    <table name="X" address="cc600" />
    <table name="Y" address="cc638" elements="5" />
  </table>
  <table name="Timing Compensation Per Cylinder C" address="cc6e0">
    <table name="X" address="cc694" />
    <table name="Y" address="cc6cc" elements="5" />
  </table>
  <table name="Timing Compensation Per Cylinder D" address="cc774">
    <table name="X" address="cc728" />
    <table name="Y" address="cc760" elements="5" />
  </table>
  <table name="Timing Comp Minimum Load (Per Cylinder)" address="cad00" />
  <table name="Timing Comp Maximum RPM (Per Cylinder)" address="cacfc" />
  <table name="Timing Comp Minimum Coolant Temp (Per Cylinder)" address="cad04" />
  <table name="Feedback Correction Range (RPM)" address="cad0c" />
  <table name="Feedback Correction Minimum Load_" address="cbab8">
    <table name="Y" address="cbaa8" />
  </table>
  <table name="Feedback Correction Retard Value_" address="cc0d8">
    <table name="Y" address="cc0a4" />
  </table>
  <table name="Feedback Correction Retard Limit" address="cad20" />
  <table name="Feedback Correction Negative Advance Value" address="cad24" />
  <table name="Feedback Correction Negative Advance Delay_" address="cbaf4">
    <table name="Y" address="cbac0" />
  </table>
  <table name="Fine Correction Range (RPM)" address="cadd8" />
  <table name="Fine Correction Range (Load)" address="cade8" />
  <table name="Fine Correction Rows (RPM)_" address="cad80" />
  <table name="Fine Correction Columns (Load)_" address="cada0" />
  <table name="Fine Correction Retard Value_" address="cc140">
    <table name="Y" address="cc10c" />
  </table>
  <table name="Fine Correction Retard Limit" address="cadcc" />
  <table name="Fine Correction Advance Value" address="cadc8" />
  <table name="Fine Correction Advance Limit" address="cadc4" />
  <table name="Fine Correction Advance Delay" address="cac82" />
  <table name="Rough Correction Range (RPM)" address="cad3c" />
  <table name="Rough Correction Range (Load)" address="cad4c" />
  <table name="Rough Correction Minimum KC Advance Map Value" address="cad5c" />
  <table name="Rough Correction Learning Delay (Increasing)_" address="cbb38">
    <table name="Y" address="cbb10" />
  </table>
  <table name="Advance Multiplier (Initial)" address="cad60" />
  <table name="Advance Multiplier Step Value" address="cad64" />
  <table name="Requested Torque A (Accelerator Pedal)" address="ddf2c">
    <table name="X" address="dde98" elements="17" />
    <table name="Y" address="ddedc" elements="20" />
  </table>
  <table name="Requested Torque B (Accelerator Pedal)" address="de268">
    <table name="X" address="de1d4" elements="17" />
    <table name="Y" address="de218" elements="20" />
  </table>
  <table name="Requested Torque C (Accelerator Pedal)" address="de5a4">
    <table name="X" address="de510" elements="17" />
    <table name="Y" address="de554" elements="20" />
  </table>
  <table name="Requested Torque D (Accelerator Pedal)" address="de8e0">
    <table name="X" address="de84c" elements="17" />
    <table name="Y" address="de890" elements="20" />
  </table>
  <table name="Requested Torque E (Accelerator Pedal)" address="dec1c">
    <table name="X" address="deb88" elements="17" />
    <table name="Y" address="debcc" elements="20" />
  </table>
  <table name="Requested Torque F (Accelerator Pedal)" address="def58">
    <table name="X" address="deec4" elements="17" />
    <table name="Y" address="def08" elements="20" />
  </table>
  <table name="Target Throttle Plate Position A (Requested Torque)" address="dcd9c">
    <table name="X" address="dccdc" elements="28" />
    <table name="Y" address="dcd4c" elements="20" />
  </table>
  <table name="Target Throttle Plate Position B (Requested Torque)" address="dd2bc">
    <table name="X" address="dd1fc" elements="28" />
    <table name="Y" address="dd26c" elements="20" />
  </table>
  <table name="Target Throttle Plate Position Maximum (Requested Torque)" address="dd7dc">
    <table name="X" address="dd71c" elements="28" />
    <table name="Y" address="dd78c" elements="20" />
  </table>
  <table name="Rev Limit (Fuel Cut)" address="c5c4c" />
  <table name="Rev Limit Fuel Resume (MP)" address="c5c54" />
  <table name="Speed Limiting Enable (Fuel Cut)" address="c5c9c" />
  <table name="Speed Limiting Disable (Fuel Cut)" address="c5ca4" />
  <table name="Speed Limiting A (Throttle)" address="dc648" />
  <table name="Speed Limiting B (Throttle)" address="dc660" />
  <table name="Intake Temp Sensor Scaling" address="d011c">
    <table name="Y" address="d00a4" />
  </table>
  <table name="Coolant Temp Sensor Scaling" address="d0034">
    <table name="Y" address="cffc4" />
  </table>
  <table name="Radiator Fan Modes A (ECT)" address="d075c" />
  <table name="Radiator Fan Modes B (ECT)" address="d076c" />
  <table name="Radiator Fan Modes (Veh. Speed)" address="d077c" />
  <table name="Gear Determination Thresholds A" address="c2178" />
  <table name="Gear Determination Thresholds B" address="c218c" />
  <table name="Gear Determination Thresholds C" address="c21a0" />
  <table name="Idle Speed Target A" address="ce524">
    <table name="Y" address="cdef8" />
  </table>
  <table name="Idle Speed Target B" address="ce564">
    <table name="Y" address="cdef8" />
  </table>
  <table name="Idle Speed Target C" address="ce5a4">
    <table name="Y" address="cdef8" />
  </table>
  <table name="Idle Speed Target D" address="ce604">
    <table name="Y" address="cdef8" />
  </table>
  <table name="Idle Speed Target E" address="ce644">
    <table name="Y" address="cdef8" />
  </table>
  <table name="Force Pass Readiness Monitors_" address="75dac" />
  <table name="(P0000) PASS CODE (NO DTC DETECTED)" address="6b1fd" />
  <table name="(P0000) PASS CODE (NO DTC DETECTED)_" address="6b1fe" />
  <table name="(P0026) OSV SOLENOID VALVE CIRCUIT RANGE/PERF B1" address="6b24f" />
  <table name="(P0028) OSV SOLENOID VALVE CIRCUIT RANGE/PERF B2" address="6b24c" />
  <table name="(P0030) FRONT O2 SENSOR RANGE/PERF" address="6b222" />
  <table name="(P0031) FRONT O2 SENSOR LOW INPUT" address="6b20c" />
  <table name="(P0032) FRONT O2 SENSOR HIGH INPUT" address="6b20a" />
  <table name="(P0037) REAR O2 SENSOR LOW INPUT" address="6b20b" />
  <table name="(P0038) REAR O2 SENSOR HIGH INPUT" address="6b209" />
  <table name="(P0076) INTAKE VALVE CIRCUIT LOW (BANK 1)" address="6b251" />
  <table name="(P0077) INTAKE VALVE CONTROL HIGH (BANK 1)" address="6b250" />
  <table name="(P0082) INTAKE VALVE CONTROL LOW (BANK 2)" address="6b24e" />
  <table name="(P0083) INTAKE VALVE CONTROL HIGH (BANK 2)" address="6b24d" />
  <table name="(P0102) MAF SENSOR LOW INPUT" address="6b1bd" />
  <table name="(P0103) MAF SENSOR HIGH INPUT" address="6b1be" />
  <table name="(P0107) MAP SENSOR LOW INPUT" address="6b20d" />
  <table name="(P0108) MAP SENSOR HIGH INPUT" address="6b20e" />
  <table name="(P0112) IAT SENSOR LOW INPUT" address="6b206" />
  <table name="(P0113) IAT SENSOR HIGH INPUT" address="6b207" />
  <table name="(P0117) COOLANT TEMP SENSOR LOW INPUT" address="6b1c6" />
  <table name="(P0118) COOLANT TEMP SENSOR HIGH INPUT" address="6b1c7" />
  <table name="(P0122) TPS A LOW INPUT" address="6b1c4" />
  <table name="(P0123) TPS A HIGH INPUT" address="6b1c5" />
  <table name="(P0125) INSUFFICIENT COOLANT TEMP (FUELING)" address="6b1c9" />
  <table name="(P0131) FRONT O2 SENSOR LOW INPUT" address="6b200" />
  <table name="(P0132) FRONT O2 SENSOR HIGH INPUT" address="6b202" />
  <table name="(P0133) FRONT O2 SENSOR SLOW RESPONSE" address="6b1ea" />
  <table name="(P0134) FRONT O2 SENSOR NO ACTIVITY" address="6b220" />
  <table name="(P0140) REAR O2 SENSOR NO ACTIVITY" address="6b26c" />
  <table name="(P0171) SYSTEM TOO LEAN" address="6b1f4" />
  <table name="(P0172) SYSTEM TOO RICH" address="6b1f5" />
  <table name="(P0197) OIL TEMP SENSOR LOW" address="6b248" />
  <table name="(P0198) OIL TEMP SENSOR HIGH" address="6b253" />
  <table name="(P0222) TPS B LOW INPUT" address="6b22a" />
  <table name="(P0223) TPS B HIGH INPUT" address="6b22b" />
  <table name="(P0301) MISFIRE CYLINDER 1" address="6b1f6" />
  <table name="(P0302) MISFIRE CYLINDER 2" address="6b1f7" />
  <table name="(P0303) MISFIRE CYLINDER 3" address="6b1f8" />
  <table name="(P0304) MISFIRE CYLINDER 4" address="6b1f9" />
  <table name="(P0327) KNOCK SENSOR 1 LOW INPUT" address="6b1c2" />
  <table name="(P0328) KNOCK SENSOR 1 HIGH INPUT" address="6b1c3" />
  <table name="(P0335) CRANKSHAFT POS. SENSOR A MALFUNCTION" address="6b1b8" />
  <table name="(P0340) CAMSHAFT POS. SENSOR A MALFUNCTION" address="6b1bb" />
  <table name="(P0400) EGR FLOW" address="6b1f3" />
  <table name="(P0420) CAT EFFICIENCY BELOW THRESHOLD" address="6b1f0" />
  <table name="(P0458) EVAP PURGE VALVE CIRCUIT LOW" address="6b1e5" />
  <table name="(P0459) EVAP PURGE VALVE CIRCUIT HIGH" address="6b1e6" />
  <table name="(P0462) FUEL LEVEL SENSOR LOW INPUT" address="6b1ca" />
  <table name="(P0463) FUEL LEVEL SENSOR HIGH INPUT" address="6b1cb" />
  <table name="(P0500) VEHICLE SPEED SENSOR A" address="6b1bf" />
  <table name="(P0512) STARTER REQUEST CIRCUIT" address="6b1ce" />
  <table name="(P0600) SERIAL COMMUNICATION LINK" address="6b23a" />
  <table name="(P0604) CONTROL MODULE RAM ERROR" address="6b1bc" />
  <table name="(P0605) CONTROL MODULE ROM ERROR" address="6b23f" />
  <table name="(P0607) CONTROL MODULE PERFORMANCE" address="6b232" />
  <table name="(P0638) THROTTLE ACTUATOR RANGE/PERF" address="6b231" />
  <table name="(P0700) TRANSMISSION CONTROL SYSTEM" address="6b24b" />
  <table name="(P0851) NEUTRAL SWITCH INPUT LOW" address="6b1d2" />
  <table name="(P0852) NEUTRAL SWITCH INPUT HIGH" address="6b1d6" />
  <table name="(P1160) ABNORMAL RETURN SPRING" address="6b22c" />
  <table name="(P1492) EGR SOLENOID SIGNAL 1 MALFUNCTION (LOW)" address="6b1d7" />
  <table name="(P1493) EGR SOLENOID SIGNAL 1 MALFUNCTION (HIGH)" address="6b1d8" />
  <table name="(P1494) EGR SOLENOID SIGNAL 2 MALFUNCTION (LOW)" address="6b1d9" />
  <table name="(P1495) EGR SOLENOID SIGNAL 2 MALFUNCTION (HIGH)" address="6b1da" />
  <table name="(P1496) EGR SIGNAL 3 CIRCUIT LOW" address="6b1db" />
  <table name="(P1497) EGR SOLENOID SIGNAL 3 MALFUNCTION (HIGH)" address="6b1dc" />
  <table name="(P1498) EGR SIGNAL 4 CIRCUIT LOW" address="6b1dd" />
  <table name="(P1499) EGR SIGNAL 4 CIRCUIT HIGH" address="6b1de" />
  <table name="(P1519) IMRC STUCK CLOSED" address="6b27e" />
  <table name="(P1520) IMRC CIRCUIT MALFUNCTION" address="6b27d" />
  <table name="(P1560) BACK-UP VOLTAGE MALFUNCTION" address="6b215" />
  <table name="(P1616) SBDS INTERACTIVE CODES" address="6b27c" />
  <table name="(P2101) THROTTLE ACTUATOR CIRCUIT RANGE/PERF" address="6b22f" />
  <table name="(P2102) THROTTLE ACTUATOR CIRCUIT LOW" address="6b22d" />
  <table name="(P2103) THROTTLE ACTUATOR CIRCUIT HIGH" address="6b22e" />
  <table name="(P2109) TPS A MINIMUM STOP PERF" address="6b229" />
  <table name="(P2122) TPS D CIRCUIT LOW INPUT" address="6b236" />
  <table name="(P2123) TPS D CIRCUIT HIGH INPUT" address="6b237" />
  <table name="(P2127) TPS E CIRCUIT LOW INPUT" address="6b234" />
  <table name="(P2128) TPS E CIRCUIT HIGH INPUT" address="6b235" />
  <table name="(P2135) TPS A/B VOLTAGE" address="6b238" />
  <table name="(P2138) TPS D/E VOLTAGE" address="6b233" />
  <table name="(P2228) BARO. PRESSURE CIRCUIT LOW INPUT" address="6b25b" />
  <table name="(P2229) BARO. PRESSURE CIRCUIT HIGH INPUT" address="6b25a" />
</rom>