<rom>
  <romid>
    <xmlid>A2TB001C</xmlid>
    <internalidaddress>2000</internalidaddress>
    <internalidstring>A2TB001C</internalidstring>
    <ecuid>5212525107</ecuid>
    <year>08</year>
    <market>USDM</market>
    <make>Subaru</make>
    <model>Legacy(Outback)</model>
    <submodel>GT(XT)</submodel>
    <transmission>AT</transmission>
    <memmodel>SH7058</memmodel>
    <flashmethod>subarucan</flashmethod>
    <checksummodule>subarudbw</checksummodule>
  </romid>
  <include>32BITBASE</include>
  <table name="Target Boost_" address="c13e4">
    <table name="X" address="c137c" />
    <table name="Y" address="c13a8" />
  </table>
  <table name="Target Boost Compensation (ECT)" address="c0a1c">
    <table name="Y" address="c078c" />
  </table>
  <table name="Target Boost Compensation (1st Gear)" address="c0784" />
  <table name="Target Boost Compensation (1st Gear) Speed Disable" address="c0780" />
  <table name="Target Boost Compensation (IAT)_" address="c0b94">
    <table name="Y" address="c0b7c" />
  </table>
  <table name="Target Boost Compensation (Atm. Pressure)" address="c0a54">
    <table name="Y" address="c0a3c" elements="6" />
  </table>
  <table name="Boost Limit (Fuel Cut)" address="cb0b0">
    <table name="Y" address="cb098" />
  </table>
  <table name="Boost Control Disable (IAM)" address="c0774" />
  <table name="Boost Control Disable (Fine Correction)" address="c0770" />
  <table name="Boost Control Disable Delay (Fine Correction)" address="c070d" />
  <table name="Initial Wastegate Duty_" address="c1040">
    <table name="X" address="c0fd4" elements="15" />
    <table name="Y" address="c1010" />
  </table>
  <table name="Max Wastegate Duty_" address="c0c98">
    <table name="X" address="c0c2c" elements="15" />
    <table name="Y" address="c0c68" elements="12" />
  </table>
  <table name="Max Wastegate Duty Limit Post-Compensation" address="1843c" />
  <table name="Initial/Max Wastegate Duty Compensation (IAT)" address="c080c">
    <table name="Y" address="c07cc" />
  </table>
  <table name="Initial/Max Wastegate Duty Compensation (ECT)" address="c090c">
    <table name="Y" address="c078c" />
  </table>
  <table name="Initial/Max Wastegate Duty Compensation (Atm. Pressure)" address="c0bd4">
    <table name="X" address="c0bac" />
    <table name="Y" address="c0bc4" />
  </table>
  <table name="Turbo Dynamics Proportional" address="c0a80">
    <table name="Y" address="c0a5c" />
  </table>
  <table name="Turbo Dynamics Integral Positive" address="c0af0">
    <table name="Y" address="c0acc" />
  </table>
  <table name="Turbo Dynamics Integral Negative" address="c0ab8">
    <table name="Y" address="c0a94" />
  </table>
  <table name="TD Proportional Compensation (IAT)" address="c096c">
    <table name="Y" address="c092c" elements="16" />
  </table>
  <table name="TD Integral Positive Compensation (IAT)" address="c0a0c">
    <table name="Y" address="c09cc" elements="16" />
  </table>
  <table name="TD Integral Negative Compensation (IAT)" address="c09bc">
    <table name="Y" address="c097c" elements="16" />
  </table>
  <table name="TD Activation Thresholds (RPM)" address="c0758" />
  <table name="TD Activation Thresholds (Target Boost)_" address="c0734" />
  <table name="TD Integral Cumulative Range (WGDC Correction)" address="c0768" />
  <table name="TD Integral Negative Activation (Boost Error)" address="c0744" />
  <table name="TD Integral Positive Activation (Boost Error)" address="c074c" />
  <table name="TD Integral Positive Activation (Wastegate Duty)" address="c0754" />
  <table name="Manifold Pressure Sensor Scaling" address="c028c" />
  <table name="Manifold Pressure Sensor Limits (CEL)" address="d1ff8" />
  <table name="Manifold Pressure Sensor CEL Delays" address="c4821" />
  <table name="Primary Open Loop Fueling" address="cbd80">
    <table name="X" address="cbcfc" />
    <table name="Y" address="cbd38" />
  </table>
  <table name="Primary Open Loop Fueling (Failsafe)" address="cbf14">
    <table name="X" address="cbe90" />
    <table name="Y" address="cbecc" />
  </table>
  <table name="Primary Open Loop Fuel Map Switch (IAM)" address="c9720" />
  <table name="Minimum Active Primary Open Loop Enrichment" address="c9724" />
  <table name="Minimum Primary Open Loop Enrichment (Throttle)" address="c9f18">
    <table name="Y" address="c9f00" />
  </table>
  <table name="Minimum Primary Open Loop Enrichment (Accelerator)" address="c9f38">
    <table name="Y" address="c9f20" />
  </table>
  <table name="Primary Open Loop Fueling Compensation (ECT)" address="caac4">
    <table name="Y" address="c9aa0" />
  </table>
  <table name="Primary Open Loop Fueling Compensation (Timing Compensation)" address="c9ea8">
    <table name="Y" address="c9e90" />
  </table>
  <table name="Front Oxygen Sensor Scaling" address="d257c">
    <table name="Y" address="d2548" />
  </table>
  <table name="Front Oxygen Sensor Rich Limit" address="29c54" />
  <table name="Front Oxygen Sensor Compensation (Atm. Pressure)" address="c3e84">
    <table name="Y" address="c3e74" />
  </table>
  <table name="CL Fueling Target Compensation A (Load)" address="ccc50">
    <table name="X" address="ccbf8" />
    <table name="Y" address="ccc24" elements="11" />
  </table>
  <table name="CL Fueling Target Compensation B (Load)" address="ccd98">
    <table name="X" address="ccd44" />
    <table name="Y" address="ccd70" elements="10" />
  </table>
  <table name="CL Fueling Target Compensation Imm. Cruise (ECT)" address="cca54">
    <table name="X" address="c9aa0" />
    <table name="Y" address="cca48" />
  </table>
  <table name="CL Fueling Target Compensation Imm. Non-Cruise (ECT)" address="ccb2c">
    <table name="X" address="c9aa0" />
    <table name="Y" address="ccb20" />
  </table>
  <table name="CL to OL Delay" address="c92cc">
    <table name="Y" elements="2" />
  </table>
  <table name="CL to OL Delay/Switch SI-DRIVE Intelligent" address="c92ca" />
  <table name="CL to OL Transition with Delay (Throttle)" address="c9ef0">
    <table name="Y" address="c9eb0" />
  </table>
  <table name="CL to OL Transition with Delay Throttle Hysteresis" address="c9728" />
  <table name="CL to OL Transition with Delay (Base Pulse Width)" address="ca9f0">
    <table name="Y" address="ca9b0" />
  </table>
  <table name="CL to OL Transition with Delay BPW Hysteresis" address="c972c" />
  <table name="CL to OL Transition Counter Step Value (MAF)" address="caa38">
    <table name="Y" address="caa10" />
  </table>
  <table name="CL Delay Maximum (Vehicle Speed)" address="c97a8" />
  <table name="CL Delay Minimum (ECT)" address="c9730" />
  <table name="CL Delay Maximum (Engine Load)" address="c97b8" />
  <table name="CL Delay Engine Load Counter Threshold" address="c92c8" />
  <table name="CL Delay Maximum Engine Speed (Per Gear)" address="c975c" />
  <table name="CL Delay Maximum Engine Speed (Neutral)" address="c9784" />
  <table name="CL Delay Throttle Atm. Pressure Thresholds" address="c978c" />
  <table name="CL Delay Maximum (Throttle) (Low Atm. Pressure)" address="c9794" />
  <table name="CL Delay Maximum (Throttle) (High Atm. Pressure)" address="c979c" />
  <table name="Injector Latency" address="ca1c8">
    <table name="Y" address="ca1b4" />
  </table>
  <table name="Injector Flow Scaling" address="c9480" />
  <table name="Per Injector Pulse Width Compensation A" address="cc0ac">
    <table name="X" address="cc024" />
    <table name="Y" address="cc068" elements="17" />
  </table>
  <table name="Per Injector Pulse Width Compensation B" address="cc258">
    <table name="X" address="cc1d0" />
    <table name="Y" address="cc214" elements="17" />
  </table>
  <table name="Per Injector Pulse Width Compensation C" address="cc404">
    <table name="X" address="cc37c" />
    <table name="Y" address="cc3c0" elements="17" />
  </table>
  <table name="Per Injector Pulse Width Compensation D" address="cc5b0">
    <table name="X" address="cc528" />
    <table name="Y" address="cc56c" elements="17" />
  </table>
  <table name="Cranking Fuel Injector Pulse Width A (ECT)" address="ca0f2">
    <table name="Y" address="c9aa0" />
  </table>
  <table name="Cranking Fuel Injector Pulse Width B (ECT)" address="ca112">
    <table name="Y" address="c9aa0" />
  </table>
  <table name="Cranking Fuel Injector Pulse Width C (ECT)" address="ca132">
    <table name="Y" address="c9aa0" />
  </table>
  <table name="Cranking Fuel Injector Pulse Width D (ECT)" address="ca152">
    <table name="Y" address="c9aa0" />
  </table>
  <table name="Cranking Fuel Injector Pulse Width E (ECT)" address="ca172">
    <table name="Y" address="c9aa0" />
  </table>
  <table name="Cranking Fuel Injector Pulse Width F (ECT)" address="ca192">
    <table name="Y" address="c9aa0" />
  </table>
  <table name="Cranking Fuel IPW Compensation Imm. Cruise (RPM)" address="cb2cc">
    <table name="X" address="cb29c" />
    <table name="Y" address="cb2b0" />
  </table>
  <table name="Cranking Fuel IPW Compensation Imm. Non-Cruise (RPM)" address="cb374">
    <table name="X" address="cb344" />
    <table name="Y" address="cb358" />
  </table>
  <table name="Cranking Fuel IPW Compensation (Accelerator)" address="c9bd4">
    <table name="Y" address="c9bbc" />
  </table>
  <table name="Throttle Tip-in Enrichment" address="cb004">
    <table name="Y" address="cafbc" />
  </table>
  <table name="Minimum Tip-in Enrichment Activation" address="c999c" />
  <table name="Minimum Tip-in Enrichment Activation (Throttle)" address="c9994" />
  <table name="Tip-in Enrichment Compensation (Boost Error)" address="ca068">
    <table name="Y" address="ca044" />
  </table>
  <table name="Tip-in Enrichment Compensation (ECT)" address="cb028">
    <table name="Y" address="c9aa0" />
  </table>
  <table name="Tip-in Enrichment Disable Applied Counter Threshold" address="c9280" />
  <table name="Tip-in Enrichment Applied Counter Reset" address="c9281" />
  <table name="Tip-in Enrichment Disable Throttle Cumulative Threshold" address="c9998" />
  <table name="Tip-in Throttle Cumulative Reset" address="c9282" />
  <table name="Min Primary Base Enrichment 1 Cruise" address="cb520">
    <table name="X" address="c9aa0" />
    <table name="Y" address="cb4fc" elements="9" />
  </table>
  <table name="Min Primary Base Enrichment 1 Non-Cruise" address="cb47c">
    <table name="X" address="c9aa0" />
    <table name="Y" address="cb45c" />
  </table>
  <table name="Min Primary Base Enrichment 1 (Non-Primary OL)" address="cb5e4">
    <table name="X" address="cb5b0" />
    <table name="Y" address="cb5d8" />
  </table>
  <table name="Min Primary Base Enrich 2 Initial Start 1A" address="ca252">
    <table name="Y" address="c9aa0" />
  </table>
  <table name="Min Primary Base Enrich 2 Initial Start 1B" address="ca272">
    <table name="Y" address="c9aa0" />
  </table>
  <table name="Min Primary Base Enrich 2 Initial Start 2A" address="ca292">
    <table name="Y" address="c9aa0" />
  </table>
  <table name="Min Primary Base Enrich 2 Initial Start 2B" address="ca2b2">
    <table name="Y" address="c9aa0" />
  </table>
  <table name="Min Primary Base Enrich 2 Decay Step 1" address="ca2d2">
    <table name="Y" address="c9aa0" />
  </table>
  <table name="Min Primary Base Enrich 2 Decay Step 2" address="ca2f2">
    <table name="Y" address="c9aa0" />
  </table>
  <table name="Min Primary Base Enrich 3 Initial Start 1A" address="ca1d2">
    <table name="Y" address="c9aa0" />
  </table>
  <table name="Min Primary Base Enrich 3 Initial Start 1B" address="ca1f2">
    <table name="Y" address="c9aa0" />
  </table>
  <table name="Min Primary Base Enrich 3 Initial Start 2A" address="ca212">
    <table name="Y" address="c9aa0" />
  </table>
  <table name="Min Primary Base Enrich 3 Initial Start 2B" address="ca232">
    <table name="Y" address="c9aa0" />
  </table>
  <table name="Min Primary Base Enrich 3 Decay Delay A" address="c9bea">
    <table name="Y" address="c9aa0" />
  </table>
  <table name="Min Primary Base Enrich 3 Decay Delay B" address="c9bfa">
    <table name="Y" address="c9aa0" />
  </table>
  <table name="Min Primary Base Enrich 3 Decay Multiplier" address="c9484" />
  <table name="A/F Learning #1 Limits" address="c9638" />
  <table name="A/F Learning #1 Airflow Ranges" address="c9648" />
  <table name="MAF Limit (Maximum)" address="c39b8" />
  <table name="MAF Sensor Scaling" address="d2470">
    <table name="Y" address="d2398" />
  </table>
  <table name="MAF Compensation (IAT)" address="c414c">
    <table name="X" address="c4118" />
    <table name="Y" address="c412c" />
  </table>
  <table name="Engine Load Limit (Maximum)" address="283ec" />
  <table name="Engine Load Compensation (MP)" address="c41d8">
    <table name="X" address="c4174" />
    <table name="Y" address="c41a0" elements="14" />
  </table>
  <table name="Base Timing Primary Cruise" address="cf45c">
    <table name="X" address="cf3d8" />
    <table name="Y" address="cf414" />
  </table>
  <table name="Base Timing Reference Cruise (AVCS related)" address="cf784">
    <table name="X" address="cf700" />
    <table name="Y" address="cf73c" />
  </table>
  <table name="Base Timing Primary Non-Cruise" address="cf5f0">
    <table name="X" address="cf56c" />
    <table name="Y" address="cf5a8" />
  </table>
  <table name="Base Timing Reference Non-Cruise (AVCS related)" address="cf918">
    <table name="X" address="cf894" />
    <table name="Y" address="cf8d0" />
  </table>
  <table name="Base Timing Idle A (In-Gear)" address="ce201">
    <table name="Y" address="ce00c" />
  </table>
  <table name="Base Timing Idle B (In-Gear)" address="ce211">
    <table name="Y" address="ce00c" />
  </table>
  <table name="Base Timing Idle A (Neutral)" address="ce221">
    <table name="Y" address="ce00c" />
  </table>
  <table name="Base Timing Idle B (Neutral)" address="ce231">
    <table name="Y" address="ce00c" />
  </table>
  <table name="Base Timing Idle Minimum" address="ce1f8">
    <table name="Y" address="ce1d4" />
  </table>
  <table name="Base Timing Idle Minimum Vehicle Speed Enable" address="cde78" />
  <table name="Knock Correction Advance Max Cruise" address="cf290">
    <table name="X" address="cf20c" elements="15" />
    <table name="Y" address="cf248" />
  </table>
  <table name="Knock Correction Advance Max Non-Cruise" address="cf0fc">
    <table name="X" address="cf078" elements="15" />
    <table name="Y" address="cf0b4" />
  </table>
  <table name="Timing Compensation A (IAT)" address="ce2b4">
    <table name="Y" address="ce274" />
  </table>
  <table name="Timing Compensation A (IAT) Activation" address="cfa68">
    <table name="X" address="cfa28" />
    <table name="Y" address="cfa48" />
  </table>
  <table name="Timing Compensation B (IAT)" address="ce7a0">
    <table name="Y" address="ce760" />
  </table>
  <table name="Timing Compensation B (IAT) IAM Activation" address="cdffc" />
  <table name="Timing Compensation B (IAT) Max Additive" address="cdfe0" />
  <table name="Timing Compensation (ECT)" address="ce261">
    <table name="Y" address="ce00c" />
  </table>
  <table name="Timing Compensation (MRP)" address="cfcc0">
    <table name="X" address="cfca0" />
    <table name="Y" address="cfcb4" />
  </table>
  <table name="Timing Compensation Per Cylinder A" address="cec9c">
    <table name="X" address="cec50" />
    <table name="Y" address="cec88" elements="5" />
  </table>
  <table name="Timing Compensation Per Cylinder B" address="ced30">
    <table name="X" address="cece4" />
    <table name="Y" address="ced1c" elements="5" />
  </table>
  <table name="Timing Compensation Per Cylinder C" address="cedc4">
    <table name="X" address="ced78" />
    <table name="Y" address="cedb0" elements="5" />
  </table>
  <table name="Timing Compensation Per Cylinder D" address="cee5c">
    <table name="X" address="cee0c" />
    <table name="Y" address="cee44" elements="6" />
  </table>
  <table name="Timing Comp Minimum Load (Per Cylinder)" address="cdbe0" />
  <table name="Timing Comp Maximum RPM (Per Cylinder)" address="cdbdc" />
  <table name="Timing Comp Minimum Coolant Temp (Per Cylinder)" address="cdbe4" />
  <table name="Feedback Correction Range (RPM)" address="cdbf0" />
  <table name="Feedback Correction Minimum Load" address="cdbe8" />
  <table name="Feedback Correction Retard Value" address="cdc10" />
  <table name="Feedback Correction Retard Limit" address="cdc0c" />
  <table name="Feedback Correction Negative Advance Value" address="cdc14" />
  <table name="Feedback Correction Negative Advance Delay" address="cdba8" />
  <table name="Extended Feedback Correction High RPM Compensation" address="cdc1c" />
  <table name="Fine Correction Minimum (RPM)" address="cdc2c" />
  <table name="Fine Correction Maximum (RPM)" address="cdd7c" />
  <table name="Fine Correction Range (Load)" address="cdd84" />
  <table name="Fine Correction Rows (RPM)" address="cdd48" />
  <table name="Fine Correction Columns (Load)" address="cdd38" />
  <table name="Fine Correction Retard Value" address="cdd78" />
  <table name="Fine Correction Retard Limit" address="cdd74" />
  <table name="Fine Correction Advance Value" address="cdd70" />
  <table name="Fine Correction Advance Limit" address="cdd6c" />
  <table name="Fine Correction Advance Delay" address="cdbb8" />
  <table name="Rough Correction Range (RPM)" address="cdce8" />
  <table name="Rough Correction Range (Load)" address="cdcf8" />
  <table name="Rough Correction Minimum KC Advance Map Value" address="cdd08" />
  <table name="Rough Correction Learning Delay (Increasing)" address="ce0b4">
    <table name="Y" address="ce08c" />
  </table>
  <table name="Advance Multiplier (Initial)" address="cdd0c" />
  <table name="Advance Multiplier Step Value" address="cdd10" />
  <table name="Intake Cam Advance Angle Cruise (AVCS)" address="d4458">
    <table name="X" address="d43dc" elements="15" />
    <table name="Y" address="d4418" elements="16" />
  </table>
  <table name="Intake Cam Advance Angle Non-Cruise (AVCS)" address="d46b4">
    <table name="X" address="d4638" elements="15" />
    <table name="Y" address="d4674" elements="16" />
  </table>
  <table name="Requested Torque A (Accelerator Pedal) SI-DRIVE Sport" address="dc644">
    <table name="X" address="dc5c4" />
    <table name="Y" address="dc600" />
  </table>
  <table name="Requested Torque B (Accelerator Pedal) SI-DRIVE Sport" address="dcdc4">
    <table name="X" address="dcd44" />
    <table name="Y" address="dcd80" />
  </table>
  <table name="Requested Torque A (Accelerator Pedal) SI-DRIVE Sport Sharp" address="dc8c4">
    <table name="X" address="dc844" />
    <table name="Y" address="dc880" />
  </table>
  <table name="Requested Torque B (Accelerator Pedal) SI-DRIVE Sport Sharp" address="dd044">
    <table name="X" address="dcfc4" />
    <table name="Y" address="dd000" />
  </table>
  <table name="Requested Torque A (Accelerator Pedal) SI-DRIVE Intelligent" address="dcb44">
    <table name="X" address="dcac4" />
    <table name="Y" address="dcb00" />
  </table>
  <table name="Requested Torque B (Accelerator Pedal) SI-DRIVE Intelligent" address="dd2c4">
    <table name="X" address="dd244" />
    <table name="Y" address="dd280" />
  </table>
  <table name="Target Throttle Plate Position Cruise (Requested Torque)" address="dbec4">
    <table name="X" address="dbe44" elements="16" />
    <table name="Y" address="dbe84" />
  </table>
  <table name="Target Throttle Plate Position Non-Cruise (Requested Torque)" address="dc144">
    <table name="X" address="dc0c4" elements="16" />
    <table name="Y" address="dc104" />
  </table>
  <table name="Target Throttle Plate Position Maximum (Requested Torque)" address="dc3c4">
    <table name="X" address="dc344" elements="16" />
    <table name="Y" address="dc384" />
  </table>
  <table name="Rev Limit (Fuel Cut)" address="c99f0" />
  <table name="Rev Limit Fuel Resume (Boost)" address="c99f8" />
  <table name="Speed Limiting Enable (Fuel Cut)" address="c9a3c" />
  <table name="Speed Limiting Disable (Fuel Cut)" address="c9a48" />
  <table name="Speed Limiting A (Throttle) SI-DRIVE Sport/Sport Sharp" address="db844" />
  <table name="Speed Limiting B (Throttle) SI-DRIVE Sport/Sport Sharp" address="db85c" />
  <table name="Speed Limiting (Throttle) SI-DRIVE Intelligent" address="db850" />
  <table name="Fuel Temp Sensor Scaling" address="d2320">
    <table name="Y" address="d22a8" />
  </table>
  <table name="Intake Temp Sensor Scaling" address="a7df0">
    <table name="Y" address="a7d78" />
  </table>
  <table name="Coolant Temp Sensor Scaling" address="a7d08">
    <table name="Y" address="a7c98" />
  </table>
  <table name="Radiator Fan Modes A (ECT)" address="d2d00" />
  <table name="Radiator Fan Modes B (ECT)" address="d2d10" />
  <table name="Radiator Fan Modes (Veh. Speed)" address="d2d20" />
  <table name="Idle Speed Target A" address="d0890">
    <table name="Y" address="d039c" />
  </table>
  <table name="Idle Speed Target B" address="d08d0">
    <table name="Y" address="d039c" />
  </table>
  <table name="Idle Speed Target C" address="d0910">
    <table name="Y" address="d039c" />
  </table>
  <table name="Force Pass Readiness Monitors" address="a02ea" />
  <table name="(P0000) PASS CODE (NO DTC DETECTED)" address="9404d" />
  <table name="(P0000) PASS CODE (NO DTC DETECTED)_" address="9404e" />
  <table name="(P0011) CAMSHAFT POS. - TIMING OVER-ADVANCED 1" address="94031" />
  <table name="(P0016) CRANKSHAFT/CAMSHAFT CORRELATION 1A" address="940cd" />
  <table name="(P0018) CRANKSHAFT/CAMSHAFT CORRELATION 2A" address="940cc" />
  <table name="(P0021) CAMSHAFT POS. - TIMING OVER-ADVANCED 2" address="94032" />
  <table name="(P0030) FRONT O2 SENSOR RANGE/PERF" address="9407b" />
  <table name="(P0031) FRONT O2 SENSOR LOW INPUT" address="9405c" />
  <table name="(P0032) FRONT O2 SENSOR HIGH INPUT" address="9405a" />
  <table name="(P0037) REAR O2 SENSOR LOW INPUT" address="9405b" />
  <table name="(P0038) REAR O2 SENSOR HIGH INPUT" address="94059" />
  <table name="(P0068) MAP SENSOR RANGE/PERF" address="94075" />
  <table name="(P0101) MAF SENSOR RANGE/PERF" address="94077" />
  <table name="(P0102) MAF SENSOR LOW INPUT" address="94009" />
  <table name="(P0103) MAF SENSOR HIGH INPUT" address="9400a" />
  <table name="(P0107) MAP SENSOR LOW INPUT" address="9405d" />
  <table name="(P0108) MAP SENSOR HIGH INPUT" address="9405e" />
  <table name="(P0111) IAT SENSOR RANGE/PERF" address="94058" />
  <table name="(P0112) IAT SENSOR LOW INPUT" address="94056" />
  <table name="(P0113) IAT SENSOR HIGH INPUT" address="94057" />
  <table name="(P0117) COOLANT TEMP SENSOR LOW INPUT" address="94012" />
  <table name="(P0118) COOLANT TEMP SENSOR HIGH INPUT" address="94013" />
  <table name="(P0122) TPS A LOW INPUT" address="94010" />
  <table name="(P0123) TPS A HIGH INPUT" address="94011" />
  <table name="(P0125) INSUFFICIENT COOLANT TEMP (FUELING)" address="94015" />
  <table name="(P0126) INSUFFICIENT COOLANT TEMP (OPERATION)" address="940b4" />
  <table name="(P0128) THERMOSTAT MALFUNCTION" address="94063" />
  <table name="(P0131) FRONT O2 SENSOR LOW INPUT" address="94050" />
  <table name="(P0132) FRONT O2 SENSOR HIGH INPUT" address="94052" />
  <table name="(P0133) FRONT O2 SENSOR SLOW RESPONSE" address="9403a" />
  <table name="(P0134) FRONT O2 SENSOR NO ACTIVITY" address="94079" />
  <table name="(P0137) REAR O2 SENSOR LOW VOLTAGE" address="9404f" />
  <table name="(P0138) REAR O2 SENSOR HIGH VOLTAGE" address="94054" />
  <table name="(P0139) REAR O2 SENSOR SLOW RESPONSE" address="9403b" />
  <table name="(P0140) REAR O2 SENSOR NO ACTIVITY" address="940c7" />
  <table name="(P0171) SYSTEM TOO LEAN" address="94044" />
  <table name="(P0172) SYSTEM TOO RICH" address="94045" />
  <table name="(P0181) FUEL TEMP SENSOR A RANGE/PERF" address="94022" />
  <table name="(P0182) FUEL TEMP SENSOR A LOW INPUT" address="94020" />
  <table name="(P0183) FUEL TEMP SENSOR A HIGH INPUT" address="94021" />
  <table name="(P0222) TPS B LOW INPUT" address="94083" />
  <table name="(P0223) TPS B HIGH INPUT" address="94084" />
  <table name="(P0230) FUEL PUMP PRIMARY CIRCUIT" address="94074" />
  <table name="(P0244) WASTEGATE SOLENOID A RANGE/PERF" address="9406a" />
  <table name="(P0245) WASTEGATE SOLENOID A LOW" address="94068" />
  <table name="(P0246) WASTEGATE SOLENOID A HIGH" address="94069" />
  <table name="(P0301) MISFIRE CYLINDER 1" address="94046" />
  <table name="(P0302) MISFIRE CYLINDER 2" address="94047" />
  <table name="(P0303) MISFIRE CYLINDER 3" address="94048" />
  <table name="(P0304) MISFIRE CYLINDER 4" address="94049" />
  <table name="(P0327) KNOCK SENSOR 1 LOW INPUT" address="9400e" />
  <table name="(P0328) KNOCK SENSOR 1 HIGH INPUT" address="9400f" />
  <table name="(P0335) CRANKSHAFT POS. SENSOR A MALFUNCTION" address="94004" />
  <table name="(P0336) CRANKSHAFT POS. SENSOR A RANGE/PERF" address="94005" />
  <table name="(P0340) CAMSHAFT POS. SENSOR A MALFUNCTION" address="94097" />
  <table name="(P0345) CAMSHAFT POS. SENSOR A BANK 2" address="94096" />
  <table name="(P0410) SECONDARY AIR PUMP SYSTEM" address="940c1" />
  <table name="(P0411) SECONDARY AIR PUMP INCORRECT FLOW" address="940c0" />
  <table name="(P0413) SECONDARY AIR PUMP A OPEN" address="940c5" />
  <table name="(P0414) SECONDARY AIR PUMP A SHORTED" address="940ca" />
  <table name="(P0416) SECONDARY AIR PUMP B OPEN" address="940d4" />
  <table name="(P0417) SECONDARY AIR PUMP B SHORTED" address="940d3" />
  <table name="(P0418) SECONDARY AIR PUMP RELAY A" address="940c6" />
  <table name="(P0420) CAT EFFICIENCY BELOW THRESHOLD" address="94040" />
  <table name="(P0441) EVAP INCORRECT PURGE FLOW" address="940d8" />
  <table name="(P0442) EVAP LEAK DETECTED (SMALL)" address="94041" />
  <table name="(P0447) EVAP VENT CONTROL CIRCUIT OPEN" address="94038" />
  <table name="(P0448) EVAP VENT CONTROL CIRCUIT SHORTED" address="94039" />
  <table name="(P0451) EVAP PRESSURE SENSOR RANGE/PERF" address="9401e" />
  <table name="(P0452) EVAP PRESSURE SENSOR LOW INPUT" address="9401c" />
  <table name="(P0453) EVAP PRESSURE SENSOR HIGH INPUT" address="9401d" />
  <table name="(P0456) EVAP LEAK DETECTED (VERY SMALL)" address="94042" />
  <table name="(P0457) EVAP LEAK DETECTED (FUEL CAP)" address="9404c" />
  <table name="(P0458) EVAP PURGE VALVE CIRCUIT LOW" address="94035" />
  <table name="(P0459) EVAP PURGE VALVE CIRCUIT HIGH" address="94036" />
  <table name="(P0461) FUEL LEVEL SENSOR RANGE/PERF" address="94018" />
  <table name="(P0462) FUEL LEVEL SENSOR LOW INPUT" address="94016" />
  <table name="(P0463) FUEL LEVEL SENSOR HIGH INPUT" address="94017" />
  <table name="(P0464) FUEL LEVEL SENSOR INTERMITTENT" address="94014" />
  <table name="(P0500) VEHICLE SPEED SENSOR A" address="9400b" />
  <table name="(P0506) IDLE CONTROL RPM LOWER THAN EXPECTED" address="9402c" />
  <table name="(P0507) IDLE CONTROL RPM HIGH THAN EXPECTED" address="9402d" />
  <table name="(P0512) STARTER REQUEST CIRCUIT" address="9401b" />
  <table name="(P0519) IDLE CONTROL MALFUNCTION (FAIL-SAFE)" address="94076" />
  <table name="(P0600) SERIAL COMMUNICATION LINK" address="94093" />
  <table name="(P0604) CONTROL MODULE RAM ERROR" address="94008" />
  <table name="(P0605) CONTROL MODULE ROM ERROR" address="94098" />
  <table name="(P0607) CONTROL MODULE PERFORMANCE" address="9408b" />
  <table name="(P0638) THROTTLE ACTUATOR RANGE/PERF" address="9408a" />
  <table name="(P0700) TRANSMISSION CONTROL SYSTEM" address="940a4" />
  <table name="(P0851) NEUTRAL SWITCH INPUT LOW" address="9401f" />
  <table name="(P0852) NEUTRAL SWITCH INPUT HIGH" address="94023" />
  <table name="(P1152) FRONT O2 SENSOR RANGE/PERF LOW B1 S1" address="9403c" />
  <table name="(P1153) FRONT O2 SENSOR RANGE/PERF HIGH B1 S1" address="9403d" />
  <table name="(P1160) ABNORMAL RETURN SPRING" address="94085" />
  <table name="(P1400) FUEL TANK PRESSURE SOL. LOW" address="94033" />
  <table name="(P1410) SECONDARY AIR PUMP VALVE STUCK OPEN" address="940ce" />
  <table name="(P1418) SECONDARY AIR PUMP CIRCUIT SHORTED" address="940cb" />
  <table name="(P1420) FUEL TANK PRESSURE SOL. HIGH INPUT" address="94034" />
  <table name="(P1443) VENT CONTROL SOLENOID FUNCTION PROBLEM" address="94037" />
  <table name="(P1491) PCV (BLOWBY) FUNCTION PROBLEM" address="94064" />
  <table name="(P1560) BACK-UP VOLTAGE MALFUNCTION" address="94065" />
  <table name="(P1602) CONTROL MODULE PROGRAMMING ERROR" address="940c9" />
  <table name="(P2004) TGV - INTAKE MANIFOLD RUNNER 1 STUCK OPEN" address="940af" />
  <table name="(P2005) TGV - INTAKE MANIFOLD RUNNER 2 STUCK OPEN" address="940b1" />
  <table name="(P2006) TGV - INTAKE MANIFOLD RUNNER 1 STUCK CLOSED" address="940b0" />
  <table name="(P2007) TGV - INTAKE MANIFOLD RUNNER 2 STUCK CLOSED" address="940b2" />
  <table name="(P2008) TGV - INTAKE MANIFOLD RUNNER 1 CIRCUIT OPEN" address="940bd" />
  <table name="(P2009) TGV - INTAKE MANIFOLD RUNNER 1 CIRCUIT LOW" address="940bb" />
  <table name="(P2011) TGV - INTAKE MANIFOLD RUNNER 2 CIRCUIT OPEN" address="940be" />
  <table name="(P2012) TGV - INTAKE MANIFOLD RUNNER 2 CIRCUIT LOW" address="940bc" />
  <table name="(P2016) TGV - INTAKE MANIFOLD RUNNER 1 POS. SENSOR LOW" address="940b7" />
  <table name="(P2017) TGV - INTAKE MANIFOLD RUNNER 1 POS. SENSOR HIGH" address="940b8" />
  <table name="(P2021) TGV - INTAKE MANIFOLD RUNNER 2 POS. SENSOR LOW" address="940b9" />
  <table name="(P2022) TGV - INTAKE MANIFOLD RUNNER 2 POS. SENSOR HIGH" address="940ba" />
  <table name="(P2088) OCV SOLENOID A1 CIRCUIT OPEN" address="940a0" />
  <table name="(P2089) OCV SOLENOID A1 CIRCUIT SHORT" address="9409f" />
  <table name="(P2092) OCV SOLENOID A2 CIRCUIT OPEN" address="9409e" />
  <table name="(P2093) OCV SOLENOID A2 CIRCUIT SHORT" address="9409d" />
  <table name="(P2096) POST CATALYST TOO LEAN B1" address="94089" />
  <table name="(P2097) POST CATALYST TOO RICH B1" address="94092" />
  <table name="(P2101) THROTTLE ACTUATOR CIRCUIT RANGE/PERF" address="94088" />
  <table name="(P2102) THROTTLE ACTUATOR CIRCUIT LOW" address="94086" />
  <table name="(P2103) THROTTLE ACTUATOR CIRCUIT HIGH" address="94087" />
  <table name="(P2109) TPS A MINIMUM STOP PERF" address="94082" />
  <table name="(P2122) TPS D CIRCUIT LOW INPUT" address="9408f" />
  <table name="(P2123) TPS D CIRCUIT HIGH INPUT" address="94090" />
  <table name="(P2127) TPS E CIRCUIT LOW INPUT" address="9408d" />
  <table name="(P2128) TPS E CIRCUIT HIGH INPUT" address="9408e" />
  <table name="(P2135) TPS A/B VOLTAGE" address="94091" />
  <table name="(P2138) TPS D/E VOLTAGE" address="9408c" />
  <table name="(P2419) EVAP SWITCHING VALVE LOW" address="940d9" />
  <table name="(P2420) EVAP SWITCHING VALVE HIGH" address="940da" />
  <table name="(P2431) SECONDARY AIR PUMP CIRCUIT RANGE/PERF" address="940c2" />
  <table name="(P2432) SECONDARY AIR PUMP CIRCUIT LOW" address="940c4" />
  <table name="(P2433) SECONDARY AIR PUMP CIRCUIT HIGH" address="940c3" />
  <table name="(P2440) SECONDARY AIR PUMP VALVE 1 STUCK OPEN" address="940d2" />
  <table name="(P2441) SECONDARY AIR PUMP VALVE 1 STUCK CLOSED" address="940d1" />
  <table name="(P2442) SECONDARY AIR PUMP VALVE 2 STUCK OPEN" address="940d0" />
  <table name="(P2443) SECONDARY AIR PUMP 2 STUCK CLOSED" address="940cf" />
  <table name="(P2444) SECONDARY AIR PUMP 1 STUCK ON B1" address="940bf" />
</rom>