<rom>
  <romid>
    <xmlid>A2UI000Z</xmlid>
    <internalidaddress>2000</internalidaddress>
    <internalidstring>A2UI000Z</internalidstring>
    <ecuid>4B5258A007</ecuid>
    <year>08</year>
    <market>ADM</market>
    <make>Subaru</make>
    <model>Liberty</model>
    <submodel>GT</submodel>
    <transmission>MT</transmission>
    <memmodel>SH7058</memmodel>
    <flashmethod>subarucan</flashmethod>
    <checksummodule>subarudbw</checksummodule>
  </romid>
  <include>32BITBASE</include>
  <table name="Target Boost_" address="c163c">
    <table name="X" address="c15d4" />
    <table name="Y" address="c1600" />
  </table>
  <table name="Target Boost Compensation (ECT)" address="c0ad0">
    <table name="Y" address="c0830" />
  </table>
  <table name="Target Boost Compensation (1st Gear)" address="c0828" />
  <table name="Target Boost Compensation (1st Gear) Speed Disable" address="c0824" />
  <table name="Target Boost Compensation (IAT)_" address="c0c38">
    <table name="Y" address="c0c20" />
  </table>
  <table name="Target Boost Compensation (Atm. Pressure)" address="c0af8">
    <table name="Y" address="c0ae0" elements="6" />
  </table>
  <table name="Boost Limit (Fuel Cut)" address="c9620">
    <table name="Y" address="c9608" />
  </table>
  <table name="Boost Control Disable (IAM)" address="c0818" />
  <table name="Boost Control Disable (Fine Correction)" address="c0814" />
  <table name="Boost Control Disable Delay (Fine Correction)" address="c07b1" />
  <table name="Initial Wastegate Duty_" address="c12b8">
    <table name="X" address="c124c" elements="15" />
    <table name="Y" address="c1288" />
  </table>
  <table name="Max Wastegate Duty_" address="c0f10">
    <table name="X" address="c0ea4" elements="15" />
    <table name="Y" address="c0ee0" elements="12" />
  </table>
  <table name="Max Wastegate Duty Limit Post-Compensation" address="18070" />
  <table name="Initial/Max Wastegate Duty Compensation (IAT)" address="c0900">
    <table name="Y" address="c08c0" />
  </table>
  <table name="Initial/Max Wastegate Duty Compensation (ECT)" address="c09c0">
    <table name="Y" address="c0830" />
  </table>
  <table name="Initial/Max Wastegate Duty Compensation (Atm. Pressure)" address="c0cb8">
    <table name="X" address="c0c90" />
    <table name="Y" address="c0ca8" />
  </table>
  <table name="Turbo Dynamics Proportional" address="c0b24">
    <table name="Y" address="c0b00" />
  </table>
  <table name="Turbo Dynamics Integral Positive" address="c0b94">
    <table name="Y" address="c0b70" />
  </table>
  <table name="Turbo Dynamics Integral Negative" address="c0b5c">
    <table name="Y" address="c0b38" />
  </table>
  <table name="TD Proportional Compensation (IAT)" address="c0a10">
    <table name="Y" address="c09d0" elements="16" />
  </table>
  <table name="TD Integral Positive Compensation (IAT)" address="c0ab0">
    <table name="Y" address="c0a70" elements="16" />
  </table>
  <table name="TD Integral Negative Compensation (IAT)" address="c0a60">
    <table name="Y" address="c0a20" elements="16" />
  </table>
  <table name="TD Activation Thresholds (RPM)" address="c0804" />
  <table name="TD Activation Thresholds (Target Boost)_" address="c07e0" />
  <table name="TD Integral Cumulative Range (WGDC Correction)" address="c080c" />
  <table name="TD Integral Negative Activation (Boost Error)" address="c07ec" />
  <table name="TD Integral Positive Activation (Boost Error)" address="c07f4" />
  <table name="TD Integral Positive Activation (Wastegate Duty)" address="c07f8" />
  <table name="Manifold Pressure Sensor Scaling" address="c028c" />
  <table name="Manifold Pressure Sensor Limits (CEL)" address="d041c" />
  <table name="Manifold Pressure Sensor CEL Delays" address="c3c16" />
  <table name="Primary Open Loop Fueling" address="ca2b8">
    <table name="X" address="ca234" />
    <table name="Y" address="ca270" />
  </table>
  <table name="Primary Open Loop Fueling (Failsafe)" address="ca44c">
    <table name="X" address="ca3c8" />
    <table name="Y" address="ca404" />
  </table>
  <table name="Primary Open Loop Fuel Map Switch (IAM)" address="c7cac" />
  <table name="Minimum Active Primary Open Loop Enrichment" address="c7cb0" />
  <table name="Minimum Primary Open Loop Enrichment (Throttle)" address="c8488">
    <table name="Y" address="c8470" />
  </table>
  <table name="Minimum Primary Open Loop Enrichment (Accelerator)" address="c84a8">
    <table name="Y" address="c8490" />
  </table>
  <table name="Primary Open Loop Fueling Compensation (ECT)" address="c9034">
    <table name="Y" address="c8010" />
  </table>
  <table name="Primary Open Loop Fueling Compensation (Timing Compensation)" address="c8418">
    <table name="Y" address="c8400" />
  </table>
  <table name="Front Oxygen Sensor Scaling" address="d09a0">
    <table name="Y" address="d096c" />
  </table>
  <table name="Front Oxygen Sensor Rich Limit" address="27138" />
  <table name="Front Oxygen Sensor Compensation (Atm. Pressure)" address="c3298">
    <table name="Y" address="c3288" />
  </table>
  <table name="CL Fueling Target Compensation A (Load)" address="cb3e8">
    <table name="X" address="cb390" />
    <table name="Y" address="cb3bc" elements="11" />
  </table>
  <table name="CL Fueling Target Compensation B (Load)" address="cb534">
    <table name="X" address="cb4dc" />
    <table name="Y" address="cb508" />
  </table>
  <table name="CL Fueling Target Compensation Imm. Cruise (ECT)" address="caff8">
    <table name="X" address="c8010" />
    <table name="Y" address="cafec" />
  </table>
  <table name="CL Fueling Target Compensation Imm. Non-Cruise (ECT)" address="cb0d0">
    <table name="X" address="c8010" />
    <table name="Y" address="cb0c4" />
  </table>
  <table name="CL to OL Delay_" address="c7886" />
  <table name="CL to OL Delay/Switch SI-DRIVE Intelligent" address="c7880" />
  <table name="CL to OL Transition with Delay (Throttle)" address="c8460">
    <table name="Y" address="c8420" />
  </table>
  <table name="CL to OL Transition with Delay Throttle Hysteresis" address="c7cb4" />
  <table name="CL to OL Transition with Delay (Base Pulse Width)" address="c8f60">
    <table name="Y" address="c8f20" />
  </table>
  <table name="CL to OL Transition with Delay BPW Hysteresis" address="c7cb8" />
  <table name="CL to OL Transition Counter Step Value (MAF)" address="c8fa8">
    <table name="Y" address="c8f80" />
  </table>
  <table name="CL Delay Maximum (Throttle)" address="c7d30" />
  <table name="CL Delay Maximum (Vehicle Speed)" address="c7d34" />
  <table name="CL Delay Minimum (ECT)" address="c7cbc" />
  <table name="CL Delay Maximum (Engine Load)" address="c7d44" />
  <table name="CL Delay Engine Load Counter Threshold" address="c787e" />
  <table name="CL Delay Maximum Engine Speed (Per Gear)" address="c7cc0" />
  <table name="CL Delay Maximum Engine Speed (Neutral)" address="c7d10" />
  <table name="Injector Latency" address="c8738">
    <table name="Y" address="c8724" />
  </table>
  <table name="Injector Flow Scaling" address="c7a0c" />
  <table name="Per Injector Pulse Width Compensation A" address="ca5e4">
    <table name="X" address="ca55c" />
    <table name="Y" address="ca5a0" elements="17" />
  </table>
  <table name="Per Injector Pulse Width Compensation B" address="ca790">
    <table name="X" address="ca708" />
    <table name="Y" address="ca74c" elements="17" />
  </table>
  <table name="Per Injector Pulse Width Compensation C" address="ca93c">
    <table name="X" address="ca8b4" />
    <table name="Y" address="ca8f8" elements="17" />
  </table>
  <table name="Per Injector Pulse Width Compensation D" address="caae8">
    <table name="X" address="caa60" />
    <table name="Y" address="caaa4" elements="17" />
  </table>
  <table name="Cranking Fuel Injector Pulse Width A (ECT)" address="c8662">
    <table name="Y" address="c8010" />
  </table>
  <table name="Cranking Fuel Injector Pulse Width B (ECT)" address="c8682">
    <table name="Y" address="c8010" />
  </table>
  <table name="Cranking Fuel Injector Pulse Width C (ECT)" address="c86a2">
    <table name="Y" address="c8010" />
  </table>
  <table name="Cranking Fuel Injector Pulse Width D (ECT)" address="c86c2">
    <table name="Y" address="c8010" />
  </table>
  <table name="Cranking Fuel Injector Pulse Width E (ECT)" address="c86e2">
    <table name="Y" address="c8010" />
  </table>
  <table name="Cranking Fuel Injector Pulse Width F (ECT)" address="c8702">
    <table name="Y" address="c8010" />
  </table>
  <table name="Cranking Fuel IPW Compensation Imm. Cruise (RPM)" address="c9858">
    <table name="X" address="c9828" />
    <table name="Y" address="c983c" />
  </table>
  <table name="Cranking Fuel IPW Compensation Imm. Non-Cruise (RPM)" address="c9900">
    <table name="X" address="c98d0" />
    <table name="Y" address="c98e4" />
  </table>
  <table name="Cranking Fuel IPW Compensation (Accelerator)" address="c8144">
    <table name="Y" address="c812c" />
  </table>
  <table name="Throttle Tip-in Enrichment" address="c9574">
    <table name="Y" address="c952c" />
  </table>
  <table name="Minimum Tip-in Enrichment Activation" address="c7ee8" />
  <table name="Minimum Tip-in Enrichment Activation (Throttle)" address="c7ee0" />
  <table name="Tip-in Enrichment Compensation (Boost Error)" address="c85b8">
    <table name="Y" address="c8594" />
  </table>
  <table name="Tip-in Enrichment Compensation (ECT)" address="c9598">
    <table name="Y" address="c8010" />
  </table>
  <table name="Tip-in Enrichment Disable Applied Counter Threshold" address="c7836" />
  <table name="Tip-in Enrichment Applied Counter Reset" address="c7837" />
  <table name="Tip-in Enrichment Disable Throttle Cumulative Threshold" address="c7ee4" />
  <table name="Tip-in Throttle Cumulative Reset" address="c7838" />
  <table name="Min Primary Base Enrichment 1 Cruise" address="c9a58">
    <table name="X" address="c8010" />
    <table name="Y" address="c9a34" elements="9" />
  </table>
  <table name="Min Primary Base Enrichment 1 Non-Cruise" address="c99b4">
    <table name="X" address="c8010" />
    <table name="Y" address="c9994" />
  </table>
  <table name="Min Primary Base Enrichment 1 (Non-Primary OL)" address="c9b1c">
    <table name="X" address="c9ae8" />
    <table name="Y" address="c9b10" />
  </table>
  <table name="Min Primary Base Enrich 2 Initial Start 1A" address="c87c2">
    <table name="Y" address="c8010" />
  </table>
  <table name="Min Primary Base Enrich 2 Initial Start 1B" address="c87e2">
    <table name="Y" address="c8010" />
  </table>
  <table name="Min Primary Base Enrich 2 Initial Start 2A" address="c8802">
    <table name="Y" address="c8010" />
  </table>
  <table name="Min Primary Base Enrich 2 Initial Start 2B" address="c8822">
    <table name="Y" address="c8010" />
  </table>
  <table name="Min Primary Base Enrich 2 Decay Step 1" address="c8842">
    <table name="Y" address="c8010" />
  </table>
  <table name="Min Primary Base Enrich 2 Decay Step 2" address="c8862">
    <table name="Y" address="c8010" />
  </table>
  <table name="Min Primary Base Enrich 3 Initial Start 1A" address="c8742">
    <table name="Y" address="c8010" />
  </table>
  <table name="Min Primary Base Enrich 3 Initial Start 1B" address="c8762">
    <table name="Y" address="c8010" />
  </table>
  <table name="Min Primary Base Enrich 3 Initial Start 2A" address="c8782">
    <table name="Y" address="c8010" />
  </table>
  <table name="Min Primary Base Enrich 3 Initial Start 2B" address="c87a2">
    <table name="Y" address="c8010" />
  </table>
  <table name="Min Primary Base Enrich 3 Decay Delay A" address="c815a">
    <table name="Y" address="c8010" />
  </table>
  <table name="Min Primary Base Enrich 3 Decay Delay B" address="c816a">
    <table name="Y" address="c8010" />
  </table>
  <table name="Min Primary Base Enrich 3 Decay Multiplier" address="c7a10" />
  <table name="A/F Learning #1 Limits" address="c7bc4" />
  <table name="A/F Learning #1 Airflow Ranges" address="c7bd4" />
  <table name="MAF Limit (Maximum)" address="c2db4" />
  <table name="MAF Sensor Scaling" address="d0894">
    <table name="Y" address="d07bc" />
  </table>
  <table name="MAF Compensation (IAT)" address="c3560">
    <table name="X" address="c352c" />
    <table name="Y" address="c3540" />
  </table>
  <table name="Engine Load Limit (Maximum)" address="258d0" />
  <table name="Engine Load Compensation (MP)" address="c35ec">
    <table name="X" address="c3588" />
    <table name="Y" address="c35b4" elements="14" />
  </table>
  <table name="Base Timing Primary Cruise" address="cd17c">
    <table name="X" address="cd0f8" />
    <table name="Y" address="cd134" />
  </table>
  <table name="Base Timing Reference Cruise (AVCS related)" address="cd4a4">
    <table name="X" address="cd420" />
    <table name="Y" address="cd45c" />
  </table>
  <table name="Base Timing Primary Non-Cruise" address="cd310">
    <table name="X" address="cd28c" />
    <table name="Y" address="cd2c8" />
  </table>
  <table name="Base Timing Reference Non-Cruise (AVCS related)" address="cd638">
    <table name="X" address="cd5b4" />
    <table name="Y" address="cd5f0" />
  </table>
  <table name="Base Timing Idle A (In-Gear)" address="cc64d">
    <table name="Y" address="cc48c" />
  </table>
  <table name="Base Timing Idle B (In-Gear)" address="cc65d">
    <table name="Y" address="cc48c" />
  </table>
  <table name="Base Timing Idle A (Neutral)" address="cc66d">
    <table name="Y" address="cc48c" />
  </table>
  <table name="Base Timing Idle B (Neutral)" address="cc67d">
    <table name="Y" address="cc48c" />
  </table>
  <table name="Base Timing Idle Minimum" address="cc644">
    <table name="Y" address="cc620" />
  </table>
  <table name="Base Timing Idle Minimum Vehicle Speed Enable" address="cc140" />
  <table name="Knock Correction Advance Max Cruise" address="ce008">
    <table name="X" address="cdf84" elements="15" />
    <table name="Y" address="cdfc0" />
  </table>
  <table name="Knock Correction Advance Max Non-Cruise" address="cde74">
    <table name="X" address="cddf0" elements="15" />
    <table name="Y" address="cde2c" />
  </table>
  <table name="Timing Compensation A (IAT)" address="cc700">
    <table name="Y" address="cc6c0" />
  </table>
  <table name="Timing Compensation A (IAT) Activation" address="cd788">
    <table name="X" address="cd748" />
    <table name="Y" address="cd768" />
  </table>
  <table name="Timing Compensation B (IAT)" address="cca3c">
    <table name="Y" address="cc9fc" />
  </table>
  <table name="Timing Compensation B (IAT) IAM Activation" address="cc2a4" />
  <table name="Timing Compensation B (IAT) Max Additive" address="cc288" />
  <table name="Timing Compensation (ECT)" address="cc6ad">
    <table name="Y" address="cc48c" />
  </table>
  <table name="Timing Compensation (MRP)" address="cd9b8">
    <table name="X" address="cd998" />
    <table name="Y" address="cd9ac" />
  </table>
  <table name="Timing Compensation Per Cylinder A" address="cda14">
    <table name="X" address="cd9c8" />
    <table name="Y" address="cda00" elements="5" />
  </table>
  <table name="Timing Compensation Per Cylinder B" address="cdaa8">
    <table name="X" address="cda5c" />
    <table name="Y" address="cda94" elements="5" />
  </table>
  <table name="Timing Compensation Per Cylinder C" address="cdb3c">
    <table name="X" address="cdaf0" />
    <table name="Y" address="cdb28" elements="5" />
  </table>
  <table name="Timing Compensation Per Cylinder D" address="cdbd4">
    <table name="X" address="cdb84" />
    <table name="Y" address="cdbbc" elements="6" />
  </table>
  <table name="Timing Comp Minimum Load (Per Cylinder)" address="cc2ac" />
  <table name="Timing Comp Maximum RPM (Per Cylinder)" address="cc2a8" />
  <table name="Timing Comp Minimum Coolant Temp (Per Cylinder)" address="cc2b0" />
  <table name="Feedback Correction Range (RPM)" address="cc2bc" />
  <table name="Feedback Correction Minimum Load" address="cc2b4" />
  <table name="Feedback Correction Retard Value" address="cc2dc" />
  <table name="Feedback Correction Retard Limit" address="cc2d8" />
  <table name="Feedback Correction Negative Advance Value" address="cc2e0" />
  <table name="Feedback Correction Negative Advance Delay" address="cc048" />
  <table name="Extended Feedback Correction High RPM Compensation" address="cc2e8" />
  <table name="Fine Correction Minimum (RPM)" address="cc2f8" />
  <table name="Fine Correction Maximum (RPM)" address="cc448" />
  <table name="Fine Correction Range (Load)" address="cc450" />
  <table name="Fine Correction Rows (RPM)" address="cc414" />
  <table name="Fine Correction Columns (Load)" address="cc404" />
  <table name="Fine Correction Retard Value" address="cc444" />
  <table name="Fine Correction Retard Limit" address="cc440" />
  <table name="Fine Correction Advance Value" address="cc43c" />
  <table name="Fine Correction Advance Limit" address="cc438" />
  <table name="Fine Correction Advance Delay" address="cc058" />
  <table name="Rough Correction Range (RPM)" address="cc3b4" />
  <table name="Rough Correction Range (Load)" address="cc3c4" />
  <table name="Rough Correction Minimum KC Advance Map Value" address="cc3d4" />
  <table name="Rough Correction Learning Delay (Increasing)" address="cca74">
    <table name="Y" address="cca4c" />
  </table>
  <table name="Advance Multiplier (Initial)" address="cc3d8" />
  <table name="Advance Multiplier Step Value" address="cc3dc" />
  <table name="Intake Cam Advance Angle Cruise (AVCS)" address="d2484">
    <table name="X" address="d2408" elements="15" />
    <table name="Y" address="d2444" elements="16" />
  </table>
  <table name="Intake Cam Advance Angle Non-Cruise (AVCS)" address="d26e0">
    <table name="X" address="d2664" elements="15" />
    <table name="Y" address="d26a0" elements="16" />
  </table>
  <table name="Requested Torque (Accelerator Pedal) SI-DRIVE Sport" address="dc5e4">
    <table name="X" address="dc564" />
    <table name="Y" address="dc5a0" />
  </table>
  <table name="Requested Torque (Accelerator Pedal) SI-DRIVE Sport Sharp" address="dc864">
    <table name="X" address="dc7e4" />
    <table name="Y" address="dc820" />
  </table>
  <table name="Requested Torque (Accelerator Pedal) SI-DRIVE Intelligent" address="dcae4">
    <table name="X" address="dca64" />
    <table name="Y" address="dcaa0" />
  </table>
  <table name="Target Throttle Plate Position Cruise (Requested Torque)" address="dbe64">
    <table name="X" address="dbde4" elements="16" />
    <table name="Y" address="dbe24" />
  </table>
  <table name="Target Throttle Plate Position Non-Cruise (Requested Torque)" address="dc0e4">
    <table name="X" address="dc064" elements="16" />
    <table name="Y" address="dc0a4" />
  </table>
  <table name="Target Throttle Plate Position Maximum (Requested Torque)" address="dc364">
    <table name="X" address="dc2e4" elements="16" />
    <table name="Y" address="dc324" />
  </table>
  <table name="Rev Limit (Fuel Cut)" address="c7f3c" />
  <table name="Rev Limit Fuel Resume (Boost)" address="c7f44" />
  <table name="Speed Limiting Enable (Fuel Cut)" address="c7f8c" />
  <table name="Speed Limiting Disable (Fuel Cut)" address="c7f98" />
  <table name="Speed Limiting A (Throttle) SI-DRIVE Sport/Sport Sharp" address="db844" />
  <table name="Speed Limiting B (Throttle) SI-DRIVE Sport/Sport Sharp" address="db85c" />
  <table name="Speed Limiting (Throttle) SI-DRIVE Intelligent" address="db850" />
  <table name="Intake Temp Sensor Scaling" address="8e7d0">
    <table name="Y" address="8e758" />
  </table>
  <table name="Coolant Temp Sensor Scaling" address="8e6e8">
    <table name="Y" address="8e678" />
  </table>
  <table name="Radiator Fan Modes A (ECT)" address="d1124" />
  <table name="Radiator Fan Modes B (ECT)" address="d1134" />
  <table name="Radiator Fan Modes (Veh. Speed)" address="d1144" />
  <table name="Gear Determination Thresholds A" address="c2f9c" />
  <table name="Gear Determination Thresholds B" address="c2fb0" />
  <table name="Gear Determination Thresholds C" address="c2fc4" />
  <table name="Idle Speed Target A" address="cecc4">
    <table name="Y" address="ce7f0" />
  </table>
  <table name="Idle Speed Target B" address="ced04">
    <table name="Y" address="ce7f0" />
  </table>
  <table name="Idle Speed Target C" address="ced44">
    <table name="Y" address="ce7f0" />
  </table>
  <table name="Force Pass Readiness Monitors" address="8726e" />
  <table name="(P0000) PASS CODE (NO DTC DETECTED)" address="7b405" />
  <table name="(P0000) PASS CODE (NO DTC DETECTED)_" address="7b406" />
  <table name="(P0011) CAMSHAFT POS. - TIMING OVER-ADVANCED 1" address="7b3e9" />
  <table name="(P0016) CRANKSHAFT/CAMSHAFT CORRELATION 1A" address="7b485" />
  <table name="(P0018) CRANKSHAFT/CAMSHAFT CORRELATION 2A" address="7b484" />
  <table name="(P0021) CAMSHAFT POS. - TIMING OVER-ADVANCED 2" address="7b3ea" />
  <table name="(P0030) FRONT O2 SENSOR RANGE/PERF" address="7b433" />
  <table name="(P0031) FRONT O2 SENSOR LOW INPUT" address="7b414" />
  <table name="(P0032) FRONT O2 SENSOR HIGH INPUT" address="7b412" />
  <table name="(P0037) REAR O2 SENSOR LOW INPUT" address="7b413" />
  <table name="(P0038) REAR O2 SENSOR HIGH INPUT" address="7b411" />
  <table name="(P0102) MAF SENSOR LOW INPUT" address="7b3c1" />
  <table name="(P0103) MAF SENSOR HIGH INPUT" address="7b3c2" />
  <table name="(P0107) MAP SENSOR LOW INPUT" address="7b415" />
  <table name="(P0108) MAP SENSOR HIGH INPUT" address="7b416" />
  <table name="(P0112) IAT SENSOR LOW INPUT" address="7b40e" />
  <table name="(P0113) IAT SENSOR HIGH INPUT" address="7b40f" />
  <table name="(P0117) COOLANT TEMP SENSOR LOW INPUT" address="7b3ca" />
  <table name="(P0118) COOLANT TEMP SENSOR HIGH INPUT" address="7b3cb" />
  <table name="(P0122) TPS A LOW INPUT" address="7b3c8" />
  <table name="(P0123) TPS A HIGH INPUT" address="7b3c9" />
  <table name="(P0125) INSUFFICIENT COOLANT TEMP (FUELING)" address="7b3cd" />
  <table name="(P0131) FRONT O2 SENSOR LOW INPUT" address="7b408" />
  <table name="(P0132) FRONT O2 SENSOR HIGH INPUT" address="7b40a" />
  <table name="(P0133) FRONT O2 SENSOR SLOW RESPONSE" address="7b3f2" />
  <table name="(P0134) FRONT O2 SENSOR NO ACTIVITY" address="7b431" />
  <table name="(P0140) REAR O2 SENSOR NO ACTIVITY" address="7b47f" />
  <table name="(P0171) SYSTEM TOO LEAN" address="7b3fc" />
  <table name="(P0172) SYSTEM TOO RICH" address="7b3fd" />
  <table name="(P0222) TPS B LOW INPUT" address="7b43b" />
  <table name="(P0223) TPS B HIGH INPUT" address="7b43c" />
  <table name="(P0230) FUEL PUMP PRIMARY CIRCUIT" address="7b42c" />
  <table name="(P0244) WASTEGATE SOLENOID A RANGE/PERF" address="7b422" />
  <table name="(P0245) WASTEGATE SOLENOID A LOW" address="7b420" />
  <table name="(P0246) WASTEGATE SOLENOID A HIGH" address="7b421" />
  <table name="(P0301) MISFIRE CYLINDER 1" address="7b3fe" />
  <table name="(P0302) MISFIRE CYLINDER 2" address="7b3ff" />
  <table name="(P0303) MISFIRE CYLINDER 3" address="7b400" />
  <table name="(P0304) MISFIRE CYLINDER 4" address="7b401" />
  <table name="(P0327) KNOCK SENSOR 1 LOW INPUT" address="7b3c6" />
  <table name="(P0328) KNOCK SENSOR 1 HIGH INPUT" address="7b3c7" />
  <table name="(P0335) CRANKSHAFT POS. SENSOR A MALFUNCTION" address="7b3bc" />
  <table name="(P0340) CAMSHAFT POS. SENSOR A MALFUNCTION" address="7b44f" />
  <table name="(P0345) CAMSHAFT POS. SENSOR A BANK 2" address="7b44e" />
  <table name="(P0410) SECONDARY AIR PUMP SYSTEM" address="7b479" />
  <table name="(P0413) SECONDARY AIR PUMP A OPEN" address="7b47d" />
  <table name="(P0414) SECONDARY AIR PUMP A SHORTED" address="7b482" />
  <table name="(P0418) SECONDARY AIR PUMP RELAY A" address="7b47e" />
  <table name="(P0420) CAT EFFICIENCY BELOW THRESHOLD" address="7b3f8" />
  <table name="(P0458) EVAP PURGE VALVE CIRCUIT LOW" address="7b3ed" />
  <table name="(P0459) EVAP PURGE VALVE CIRCUIT HIGH" address="7b3ee" />
  <table name="(P0462) FUEL LEVEL SENSOR LOW INPUT" address="7b3ce" />
  <table name="(P0463) FUEL LEVEL SENSOR HIGH INPUT" address="7b3cf" />
  <table name="(P0500) VEHICLE SPEED SENSOR A" address="7b3c3" />
  <table name="(P0512) STARTER REQUEST CIRCUIT" address="7b3d3" />
  <table name="(P0519) IDLE CONTROL MALFUNCTION (FAIL-SAFE)" address="7b42e" />
  <table name="(P0600) SERIAL COMMUNICATION LINK" address="7b44b" />
  <table name="(P0604) CONTROL MODULE RAM ERROR" address="7b3c0" />
  <table name="(P0605) CONTROL MODULE ROM ERROR" address="7b450" />
  <table name="(P0607) CONTROL MODULE PERFORMANCE" address="7b443" />
  <table name="(P0638) THROTTLE ACTUATOR RANGE/PERF" address="7b442" />
  <table name="(P0691) RADIATOR FAN CIRCUIT LOW" address="7b3e6" />
  <table name="(P0692) RADIATOR FAN CIRCUIT HIGH" address="7b3e7" />
  <table name="(P0700) TRANSMISSION CONTROL SYSTEM" address="7b45c" />
  <table name="(P0851) NEUTRAL SWITCH INPUT LOW" address="7b3d7" />
  <table name="(P0852) NEUTRAL SWITCH INPUT HIGH" address="7b3db" />
  <table name="(P1160) ABNORMAL RETURN SPRING" address="7b43d" />
  <table name="(P1410) SECONDARY AIR PUMP VALVE STUCK OPEN" address="7b486" />
  <table name="(P1418) SECONDARY AIR PUMP CIRCUIT SHORTED" address="7b483" />
  <table name="(P1518) STARTER SWITCH LOW INPUT" address="7b3d2" />
  <table name="(P1560) BACK-UP VOLTAGE MALFUNCTION" address="7b41d" />
  <table name="(P2004) TGV - INTAKE MANIFOLD RUNNER 1 STUCK OPEN" address="7b467" />
  <table name="(P2005) TGV - INTAKE MANIFOLD RUNNER 2 STUCK OPEN" address="7b469" />
  <table name="(P2006) TGV - INTAKE MANIFOLD RUNNER 1 STUCK CLOSED" address="7b468" />
  <table name="(P2007) TGV - INTAKE MANIFOLD RUNNER 2 STUCK CLOSED" address="7b46a" />
  <table name="(P2008) TGV - INTAKE MANIFOLD RUNNER 1 CIRCUIT OPEN" address="7b475" />
  <table name="(P2009) TGV - INTAKE MANIFOLD RUNNER 1 CIRCUIT LOW" address="7b473" />
  <table name="(P2011) TGV - INTAKE MANIFOLD RUNNER 2 CIRCUIT OPEN" address="7b476" />
  <table name="(P2012) TGV - INTAKE MANIFOLD RUNNER 2 CIRCUIT LOW" address="7b474" />
  <table name="(P2016) TGV - INTAKE MANIFOLD RUNNER 1 POS. SENSOR LOW" address="7b46f" />
  <table name="(P2017) TGV - INTAKE MANIFOLD RUNNER 1 POS. SENSOR HIGH" address="7b470" />
  <table name="(P2021) TGV - INTAKE MANIFOLD RUNNER 2 POS. SENSOR LOW" address="7b471" />
  <table name="(P2022) TGV - INTAKE MANIFOLD RUNNER 2 POS. SENSOR HIGH" address="7b472" />
  <table name="(P2088) OCV SOLENOID A1 CIRCUIT OPEN" address="7b458" />
  <table name="(P2089) OCV SOLENOID A1 CIRCUIT SHORT" address="7b457" />
  <table name="(P2092) OCV SOLENOID A2 CIRCUIT OPEN" address="7b456" />
  <table name="(P2093) OCV SOLENOID A2 CIRCUIT SHORT" address="7b455" />
  <table name="(P2101) THROTTLE ACTUATOR CIRCUIT RANGE/PERF" address="7b440" />
  <table name="(P2102) THROTTLE ACTUATOR CIRCUIT LOW" address="7b43e" />
  <table name="(P2103) THROTTLE ACTUATOR CIRCUIT HIGH" address="7b43f" />
  <table name="(P2109) TPS A MINIMUM STOP PERF" address="7b43a" />
  <table name="(P2122) TPS D CIRCUIT LOW INPUT" address="7b447" />
  <table name="(P2123) TPS D CIRCUIT HIGH INPUT" address="7b448" />
  <table name="(P2127) TPS E CIRCUIT LOW INPUT" address="7b445" />
  <table name="(P2128) TPS E CIRCUIT HIGH INPUT" address="7b446" />
  <table name="(P2135) TPS A/B VOLTAGE" address="7b449" />
  <table name="(P2138) TPS D/E VOLTAGE" address="7b444" />
  <table name="(P2419) EVAP SWITCHING VALVE LOW" address="7b48e" />
  <table name="(P2420) EVAP SWITCHING VALVE HIGH" address="7b48f" />
  <table name="(P2432) SECONDARY AIR PUMP CIRCUIT LOW" address="7b47c" />
  <table name="(P2433) SECONDARY AIR PUMP CIRCUIT HIGH" address="7b47b" />
  <table name="(P2440) SECONDARY AIR PUMP VALVE 1 STUCK OPEN" address="7b48a" />
  <table name="(P2441) SECONDARY AIR PUMP VALVE 1 STUCK CLOSED" address="7b489" />
  <table name="(P2444) SECONDARY AIR PUMP 1 STUCK ON B1" address="7b477" />
  <table name="(P2503) CHARGING SYSTEM VOLTAGE LOW" address="7b466" />
  <table name="(P2504) CHARGING SYSTEM VOLTAGE HIGH" address="7b465" />
</rom>