<rom>
  <romid>
    <xmlid>A2WD010Y</xmlid>
    <internalidaddress>2000</internalidaddress>
    <internalidstring>A2WD010Y</internalidstring>
    <ecuid>4F54507016</ecuid>
    <year>06</year>
    <market>ADM</market>
    <make>Subaru</make>
    <model>Liberty</model>
    <submodel>GT</submodel>
    <transmission>AT</transmission>
    <memmodel>SH7055</memmodel>
    <flashmethod>sti04</flashmethod>
    <checksummodule>subarudbw</checksummodule>
  </romid>
  <include>A2WD010G</include>
</rom>