<rom>
  <romid>
    <xmlid>A2ZJC00G</xmlid>
    <internalidaddress>2000</internalidaddress>
    <internalidstring>A2ZJC00G</internalidstring>
    <ecuid>2F54505106</ecuid>
    <year>04</year>
    <market>ADM</market>
    <make>Subaru</make>
    <model>Liberty</model>
    <submodel>GT</submodel>
    <transmission>AT</transmission>
    <memmodel>SH7055</memmodel>
    <flashmethod>sti04</flashmethod>
    <checksummodule>subarudbw</checksummodule>
  </romid>
  <include>32BITBASE</include>
  <table name="Target Boost A" address="5ea84">
    <table name="X" address="5ea34" />
    <table name="Y" address="5ea54" />
  </table>
  <table name="Target Boost B" address="5eb94">
    <table name="X" address="5eb44" />
    <table name="Y" address="5eb64" />
  </table>
  <table name="Target Boost Compensation (ECT)" address="5e2d4">
    <table name="Y" address="5e1d4" />
  </table>
  <table name="Target Boost Compensation (1st Gear)" address="5e1d0" />
  <table name="Target Boost Compensation (1st Gear) Speed Disable" address="5e1c8" />
  <table name="Target Boost Compensation (Atm. Pressure) Multiplier" address="5e3d4">
    <table name="Y" address="5e3c4" />
  </table>
  <table name="Target Boost Compensation (Atm. Pressure) Multiplier Offset" address="5e304">
    <table name="Y" address="5e2f4" />
  </table>
  <table name="Boost Limit (Fuel Cut)" address="62e94">
    <table name="Y" address="62e7c" />
  </table>
  <table name="Boost Control Disable (IAM)" address="5e1b0" />
  <table name="Boost Control Disable (Fine Correction)" address="5e1ac" />
  <table name="Boost Control Disable Delay (Fine Correction)" address="5e155" />
  <table name="Initial Wastegate Duty A" address="5e4c4">
    <table name="X" address="5e474" />
    <table name="Y" address="5e494" />
  </table>
  <table name="Initial Wastegate Duty B" address="5e5d4">
    <table name="X" address="5e584" />
    <table name="Y" address="5e5a4" />
  </table>
  <table name="Max Wastegate Duty" address="5e8f4">
    <table name="X" address="5e8b4" />
    <table name="Y" address="5e8d4" />
  </table>
  <table name="Max Wastegate Duty Limit Post-Compensation" address="14834" />
  <table name="Initial/Max Wastegate Duty Compensation (IAT)" address="5e254">
    <table name="Y" address="5e214" />
  </table>
  <table name="Initial/Max Wastegate Duty Compensation (ECT)" address="5e2b4">
    <table name="Y" address="5e1d4" />
  </table>
  <table name="Initial/Max Wastegate Duty Compensation (Atm. Pressure)" address="5e41c">
    <table name="X" address="5e3f4" />
    <table name="Y" address="5e40c" />
  </table>
  <table name="Turbo Dynamics Proportional" address="5e340">
    <table name="Y" address="5e31c" />
  </table>
  <table name="Turbo Dynamics Integral Positive" address="5e3b0">
    <table name="Y" address="5e38c" />
  </table>
  <table name="Turbo Dynamics Integral Negative" address="5e378">
    <table name="Y" address="5e354" />
  </table>
  <table name="TD Activation Thresholds (RPM)" address="5e18c" />
  <table name="TD Activation Thresholds (Target Boost)" address="5e160" />
  <table name="TD Integral Cumulative Range (WGDC Correction)" address="5e19c" />
  <table name="TD Integral Negative Activation (Boost Error)" address="5e170" />
  <table name="TD Integral Positive Activation (Boost Error)" address="5e178" />
  <table name="TD Integral Positive Activation (Wastegate Duty)" address="5e180" />
  <table name="Manifold Pressure Sensor Scaling" address="5dc38" />
  <table name="Manifold Pressure Sensor Limits (CEL)" address="680fc" />
  <table name="Manifold Pressure Sensor CEL Delays" address="61a51" />
  <table name="Primary Open Loop Fueling A" address="6332c">
    <table name="X" address="632a4" elements="16" />
    <table name="Y" address="632e4" />
  </table>
  <table name="Primary Open Loop Fueling B" address="634d4">
    <table name="X" address="6344c" elements="16" />
    <table name="Y" address="6348c" />
  </table>
  <table name="Primary Open Loop Fueling A (Failsafe)" address="6367c">
    <table name="X" address="635f4" elements="16" />
    <table name="Y" address="63634" />
  </table>
  <table name="Primary Open Loop Fueling B (Failsafe)" address="63824">
    <table name="X" address="6379c" elements="16" />
    <table name="Y" address="637dc" />
  </table>
  <table name="Primary Open Loop Fuel Map Switch (IAM)" address="62118" />
  <table name="Minimum Active Primary Open Loop Enrichment" address="6207c" />
  <table name="Minimum Primary Open Loop Enrichment (Throttle)" address="62620">
    <table name="Y" address="62608" />
  </table>
  <table name="Primary Open Loop Fueling Compensation (ECT)" address="62d34">
    <table name="Y" address="62394" />
  </table>
  <table name="Primary Open Loop Fueling Compensation (Timing Compensation)_" address="62640">
    <table name="Y" address="62628" />
  </table>
  <table name="Front Oxygen Sensor Scaling" address="686f8">
    <table name="Y" address="686c4" />
  </table>
  <table name="Front Oxygen Sensor Rich Limit" address="20fe4" />
  <table name="Front Oxygen Sensor Compensation (Atm. Pressure)" address="61074">
    <table name="Y" address="61064" />
  </table>
  <table name="CL Fueling Target Compensation (Load)" address="63e80">
    <table name="X" address="63e38" elements="8" />
    <table name="Y" address="63e58" />
  </table>
  <table name="CL Fueling Target Compensation (ECT)_" address="62ada">
    <table name="Y" address="62394" />
  </table>
  <table name="CL to OL Delay" address="61df4">
    <table name="Y" elements="6" />
  </table>
  <table name="CL to OL Transition with Delay (Throttle)" address="625f8">
    <table name="Y" address="625b8" />
  </table>
  <table name="CL to OL Transition with Delay Throttle Hysteresis" address="62080" />
  <table name="CL to OL Transition with Delay (Base Pulse Width)" address="62d14">
    <table name="Y" address="62cd4" />
  </table>
  <table name="CL to OL Transition with Delay BPW Hysteresis" address="62084" />
  <table name="CL Delay Maximum (Vehicle Speed)" address="620f8" />
  <table name="CL Delay Minimum (ECT)" address="62088" />
  <table name="CL Delay Maximum Engine Speed (Per Gear)" address="6208c" />
  <table name="CL Delay Maximum Engine Speed (Neutral)" address="620dc" />
  <table name="CL Delay Throttle Atm. Pressure Thresholds" address="62108" />
  <table name="CL Delay Maximum (Throttle) (Low Atm. Pressure)" address="620ec" />
  <table name="CL Delay Maximum (Throttle) (High Atm. Pressure)" address="620e4" />
  <table name="Injector Latency" address="681d0">
    <table name="Y" address="681bc" />
  </table>
  <table name="Injector Flow Scaling" address="61f18" />
  <table name="Per Injector Primary Fuel Offset Compensation A" address="63980">
    <table name="X" address="63944" />
    <table name="Y" address="63964" elements="7" />
  </table>
  <table name="Per Injector Primary Fuel Offset Compensation B" address="639f4">
    <table name="X" address="639b8" />
    <table name="Y" address="639d8" elements="7" />
  </table>
  <table name="Per Injector Primary Fuel Offset Compensation C" address="63a68">
    <table name="X" address="63a2c" />
    <table name="Y" address="63a4c" elements="7" />
  </table>
  <table name="Per Injector Primary Fuel Offset Compensation D" address="63adc">
    <table name="X" address="63aa0" />
    <table name="Y" address="63ac0" elements="7" />
  </table>
  <table name="Cranking Fuel Injector Pulse Width A (ECT)" address="627f6">
    <table name="Y" address="62394" />
  </table>
  <table name="Cranking Fuel Injector Pulse Width B (ECT)" address="62816">
    <table name="Y" address="62394" />
  </table>
  <table name="Cranking Fuel Injector Pulse Width C (ECT)" address="62836">
    <table name="Y" address="62394" />
  </table>
  <table name="Cranking Fuel Injector Pulse Width D (ECT)" address="62856">
    <table name="Y" address="62394" />
  </table>
  <table name="Cranking Fuel IPW Compensation (RPM)" address="63130">
    <table name="X" address="63100" />
    <table name="Y" address="63114" />
  </table>
  <table name="Cranking Fuel IPW Compensation (Accelerator)" address="6242c">
    <table name="Y" address="62414" />
  </table>
  <table name="Throttle Tip-in Enrichment" address="62e38">
    <table name="Y" address="62df4" elements="17" />
  </table>
  <table name="Minimum Tip-in Enrichment Activation" address="621c8" />
  <table name="Minimum Tip-in Enrichment Activation (Throttle)" address="621c4" />
  <table name="Tip-in Enrichment Compensation (Boost Error)" address="626b4">
    <table name="Y" address="62690" />
  </table>
  <table name="Tip-in Enrichment Compensation (ECT)" address="62e5a">
    <table name="Y" address="62394" />
  </table>
  <table name="Tip-in Enrichment Disable Applied Counter Threshold" address="61dc6" />
  <table name="Tip-in Enrichment Applied Counter Reset" address="61dc7" />
  <table name="Tip-in Enrichment Disable Throttle Cumulative Threshold" address="621cc" />
  <table name="Tip-in Throttle Cumulative Reset" address="61dc8" />
  <table name="Min Primary Base Enrichment 1" address="62482">
    <table name="Y" address="62394" />
  </table>
  <table name="Min Primary Base Enrichment 1 (Non-Primary OL)" address="63284">
    <table name="X" address="63250" />
    <table name="Y" address="63278" />
  </table>
  <table name="Min Primary Base Enrich 2 Initial Start 1A" address="628f6">
    <table name="Y" address="62394" />
  </table>
  <table name="Min Primary Base Enrich 2 Initial Start 1B" address="62936">
    <table name="Y" address="62394" />
  </table>
  <table name="Min Primary Base Enrich 2 Initial Start 2A" address="62916">
    <table name="Y" address="62394" />
  </table>
  <table name="Min Primary Base Enrich 2 Initial Start 2B" address="62956">
    <table name="Y" address="62394" />
  </table>
  <table name="Min Primary Base Enrich 2 Decay Step 1" address="62976">
    <table name="Y" address="62394" />
  </table>
  <table name="Min Primary Base Enrich 2 Decay Step 2" address="62996">
    <table name="Y" address="62394" />
  </table>
  <table name="Min Primary Base Enrich 3 Initial Start 1A" address="62876">
    <table name="Y" address="62394" />
  </table>
  <table name="Min Primary Base Enrich 3 Initial Start 1B" address="62896">
    <table name="Y" address="62394" />
  </table>
  <table name="Min Primary Base Enrich 3 Initial Start 2A" address="628b6">
    <table name="Y" address="62394" />
  </table>
  <table name="Min Primary Base Enrich 3 Initial Start 2B" address="628d6">
    <table name="Y" address="62394" />
  </table>
  <table name="Min Primary Base Enrich 3 Decay Delay A" address="62442">
    <table name="Y" address="62394" />
  </table>
  <table name="Min Primary Base Enrich 3 Decay Delay B" address="62452">
    <table name="Y" address="62394" />
  </table>
  <table name="Min Primary Base Enrich 3 Decay Multiplier" address="61f1c" />
  <table name="A/F Learning #1 Limits" address="62028" />
  <table name="A/F Learning #1 Airflow Ranges" address="62034" />
  <table name="MAF Limit (Maximum)" address="60c38" />
  <table name="MAF Sensor Scaling" address="684fc">
    <table name="Y" address="68424" />
  </table>
  <table name="MAF Compensation (IAT)" address="61534">
    <table name="X" address="61500" />
    <table name="Y" address="61514" />
  </table>
  <table name="Engine Load Limit (Maximum)" address="1f658" />
  <table name="Engine Load Compensation (MP)" address="6147c">
    <table name="X" address="61420" />
    <table name="Y" address="6144c" elements="12" />
  </table>
  <table name="Base Timing A" address="6502c">
    <table name="X" address="64fa0" elements="17" />
    <table name="Y" address="64fe4" />
  </table>
  <table name="Base Timing B" address="651ec">
    <table name="X" address="65160" elements="17" />
    <table name="Y" address="651a4" />
  </table>
  <table name="Base Timing Idle (Below Speed Threshold)" address="643f4" />
  <table name="Base Timing Idle (Above Speed Threshold)" address="647cc">
    <table name="Y" address="647a8" />
  </table>
  <table name="Base Timing Idle Vehicle Speed Threshold" address="643c8" />
  <table name="Knock Correction Advance Max A" address="6544c">
    <table name="X" address="653c0" elements="17" />
    <table name="Y" address="65404" />
  </table>
  <table name="Knock Correction Advance Max B" address="6560c">
    <table name="X" address="65580" elements="17" />
    <table name="Y" address="655c4" />
  </table>
  <table name="Timing Compensation (IAT)" address="64838">
    <table name="Y" address="647f8" />
  </table>
  <table name="Timing Comp Min Load (IAT)" address="643f8" />
  <table name="Timing Compensation (ECT)" address="647e5">
    <table name="Y" address="64650" />
  </table>
  <table name="Timing Compensation (MRP)" address="65774">
    <table name="X" address="65754" />
    <table name="Y" address="65768" />
  </table>
  <table name="Timing Compensation Per Cylinder A__" address="64b80">
    <table name="Y" address="64b48" />
  </table>
  <table name="Timing Compensation Per Cylinder B__" address="64bc8">
    <table name="Y" address="64b90" />
  </table>
  <table name="Timing Compensation Per Cylinder C__" address="64c10">
    <table name="Y" address="64bd8" />
  </table>
  <table name="Timing Compensation Per Cylinder D__" address="64c58">
    <table name="Y" address="64c20" />
  </table>
  <table name="Timing Comp Minimum Load (Per Cylinder)" address="644d4" />
  <table name="Timing Comp Maximum RPM (Per Cylinder)" address="644d0" />
  <table name="Timing Comp Minimum Coolant Temp (Per Cylinder)" address="644d8" />
  <table name="Feedback Correction Range (RPM)" address="64508" />
  <table name="Feedback Correction Minimum Load" address="64518" />
  <table name="Feedback Correction Retard Value" address="644ec" />
  <table name="Feedback Correction Retard Limit" address="644e8" />
  <table name="Feedback Correction Negative Advance Value" address="644f0" />
  <table name="Feedback Correction Negative Advance Delay" address="642ea" />
  <table name="Extended Feedback Correction High RPM Compensation" address="64520" />
  <table name="Fine Correction Range (RPM)" address="645f0" />
  <table name="Fine Correction Range (Load)" address="64600" />
  <table name="Fine Correction Rows (RPM)" address="64620" />
  <table name="Fine Correction Columns (Load)" address="64610" />
  <table name="Fine Correction Retard Value" address="64638" />
  <table name="Fine Correction Retard Limit" address="645e8" />
  <table name="Fine Correction Advance Value" address="645ec" />
  <table name="Fine Correction Advance Limit" address="645e4" />
  <table name="Fine Correction Advance Delay" address="642f8" />
  <table name="Rough Correction Range (RPM)" address="64598" />
  <table name="Rough Correction Range (Load)" address="645a8" />
  <table name="Rough Correction Minimum KC Advance Map Value" address="645b8" />
  <table name="Rough Correction Learning Delay (Increasing)" address="64c90">
    <table name="Y" address="64c68" />
  </table>
  <table name="Advance Multiplier (Initial)" address="64594" />
  <table name="Advance Multiplier Step Value" address="645bc" />
  <table name="Intake Cam Advance Angle A (AVCS)" address="69bd4">
    <table name="X" address="69b54" />
    <table name="Y" address="69b8c" />
  </table>
  <table name="Intake Cam Advance Angle B (AVCS)" address="69e4c">
    <table name="X" address="69dcc" />
    <table name="Y" address="69e04" />
  </table>
  <table name="Exhaust Cam Retard Angle A (AVCS)" address="6a4fc">
    <table name="X" address="6a47c" />
    <table name="Y" address="6a4b4" />
  </table>
  <table name="Exhaust Cam Retard Angle B (AVCS)" address="6a774">
    <table name="X" address="6a6f4" />
    <table name="Y" address="6a72c" />
  </table>
  <table name="Requested Torque (Accelerator Pedal)" address="67258">
    <table name="X" address="671c4" elements="20" />
    <table name="Y" address="67214" />
  </table>
  <table name="Target Throttle Plate Position A (Requested Torque)" address="66d00">
    <table name="X" address="66c7c" />
    <table name="Y" address="66cc0" />
  </table>
  <table name="Target Throttle Plate Position B (Requested Torque)" address="66fa4">
    <table name="X" address="66f20" />
    <table name="Y" address="66f64" />
  </table>
  <table name="Rev Limit (Fuel Cut)" address="62290" />
  <table name="Rev Limit Fuel Resume (Boost)" address="62298" />
  <table name="Speed Limiting Enable (Fuel Cut)" address="62210" />
  <table name="Speed Limiting Disable (Fuel Cut)" address="62218" />
  <table name="Speed Limiting (Throttle)" address="60ed8" />
  <table name="Intake Temp Sensor Scaling" address="5d9ec">
    <table name="Y" address="5d974" />
  </table>
  <table name="Coolant Temp Sensor Scaling" address="5d904">
    <table name="Y" address="5d894" />
  </table>
  <table name="Atmospheric Pressure Sensor Scaling" address="5dbdc" />
  <table name="Radiator Fan Modes (ECT)" address="68e50" />
  <table name="Radiator Fan Modes (Veh. Speed)" address="68e60" />
  <table name="Idle Speed Target A" address="6634a">
    <table name="Y" address="65e1c" />
  </table>
  <table name="Idle Speed Target B" address="6638a">
    <table name="Y" address="65e1c" />
  </table>
  <table name="Idle Speed Target C" address="663ca">
    <table name="Y" address="65e1c" />
  </table>
  <table name="Force Pass Readiness Monitors" address="5102e" />
  <table name="(P0031) FRONT O2 SENSOR LOW INPUT" address="4de26" />
  <table name="(P0032) FRONT O2 SENSOR HIGH INPUT" address="4de24" />
  <table name="(P0037) REAR O2 SENSOR LOW INPUT" address="4de25" />
  <table name="(P0038) REAR O2 SENSOR HIGH INPUT" address="4de23" />
  <table name="(P0102) MAF SENSOR LOW INPUT" address="4ddd5" />
  <table name="(P0103) MAF SENSOR HIGH INPUT" address="4ddd6" />
  <table name="(P0107) MAP SENSOR LOW INPUT" address="4de29" />
  <table name="(P0108) MAP SENSOR HIGH INPUT" address="4de2a" />
  <table name="(P0112) IAT SENSOR LOW INPUT" address="4de20" />
  <table name="(P0113) IAT SENSOR HIGH INPUT" address="4de21" />
  <table name="(P0117) COOLANT TEMP SENSOR LOW INPUT" address="4dddd" />
  <table name="(P0118) COOLANT TEMP SENSOR HIGH INPUT" address="4ddde" />
  <table name="(P0122) TPS A LOW INPUT" address="4ddda" />
  <table name="(P0123) TPS A HIGH INPUT" address="4dddb" />
  <table name="(P0131) FRONT O2 SENSOR LOW INPUT" address="4de1d" />
  <table name="(P0132) FRONT O2 SENSOR HIGH INPUT" address="4de1e" />
  <table name="(P0134) FRONT O2 SENSOR NO ACTIVITY" address="4de4c" />
  <table name="(P0137) REAR O2 SENSOR LOW VOLTAGE" address="4de1c" />
  <table name="(P0138) REAR O2 SENSOR HIGH VOLTAGE" address="4de1f" />
  <table name="(P0171) SYSTEM TOO LEAN" address="4de12" />
  <table name="(P0172) SYSTEM TOO RICH" address="4de13" />
  <table name="(P0222) TPS B LOW INPUT" address="4de50" />
  <table name="(P0223) TPS B HIGH INPUT" address="4de51" />
  <table name="(P0230) FUEL PUMP PRIMARY CIRCUIT" address="4de47" />
  <table name="(P0245) WASTEGATE SOLENOID A LOW" address="4de30" />
  <table name="(P0246) WASTEGATE SOLENOID A HIGH" address="4de31" />
  <table name="(P0261) FUEL INJECTOR #1 CIRCUIT LOW" address="4de37" />
  <table name="(P0264) FUEL INJECTOR #2 CIRCUIT LOW" address="4de38" />
  <table name="(P0267) FUEL INJECTOR #3 CIRCUIT LOW" address="4de39" />
  <table name="(P0270) FUEL INJECTOR #4 CIRCUIT LOW" address="4de3a" />
  <table name="(P0327) KNOCK SENSOR 1 LOW INPUT" address="4ddd8" />
  <table name="(P0328) KNOCK SENSOR 1 HIGH INPUT" address="4ddd9" />
  <table name="(P0335) CRANKSHAFT POS. SENSOR A MALFUNCTION" address="4ddd0" />
  <table name="(P0340) CAMSHAFT POS. SENSOR A MALFUNCTION_" address="4de64" />
  <table name="(P0345) CAMSHAFT POS. SENSOR A BANK 2" address="4de63" />
  <table name="(P0350) IGNITION COIL PRIMARY/SECONDARY" address="4dde4" />
  <table name="(P0365) CAMSHAFT POS. SENSOR B BANK 1_" address="4de62" />
  <table name="(P0390) CAMSHAFT POS. SENSOR B BANK 2_" address="4de61" />
  <table name="(P0458) EVAP PURGE VALVE CIRCUIT LOW" address="4de04" />
  <table name="(P0459) EVAP PURGE VALVE CIRCUIT HIGH" address="4de05" />
  <table name="(P0500) VEHICLE SPEED SENSOR A" address="4ddd7" />
  <table name="(P0512) STARTER REQUEST CIRCUIT" address="4dde6" />
  <table name="(P0519) IDLE CONTROL MALFUNCTION (FAIL-SAFE)" address="4de4a" />
  <table name="(P0562) SYSTEM VOLTAGE LOW" address="4de2e" />
  <table name="(P0563) SYSTEM VOLTAGE HIGH" address="4de2f" />
  <table name="(P0600) SERIAL COMMUNICATION LINK" address="4de60" />
  <table name="(P0604) CONTROL MODULE RAM ERROR" address="4ddd4" />
  <table name="(P0605) CONTROL MODULE ROM ERROR" address="4de65" />
  <table name="(P0607) CONTROL MODULE PERFORMANCE" address="4de58" />
  <table name="(P0638) THROTTLE ACTUATOR RANGE/PERF" address="4de57" />
  <table name="(P0700) TRANSMISSION CONTROL SYSTEM" address="4de6e" />
  <table name="(P0851) NEUTRAL SWITCH INPUT LOW" address="4ddea" />
  <table name="(P0852) NEUTRAL SWITCH INPUT HIGH" address="4ddee" />
  <table name="(P1110) ATMOS. PRESSURE SENSOR LOW INPUT" address="4de27" />
  <table name="(P1111) ATMOS. PRESSURE SENSOR HIGH INPUT" address="4de28" />
  <table name="(P1160) ABNORMAL RETURN SPRING" address="4de52" />
  <table name="(P1518) STARTER SWITCH LOW INPUT" address="4dde5" />
  <table name="(P1560) BACK-UP VOLTAGE MALFUNCTION" address="4de2d" />
  <table name="(P2088) OCV SOLENOID A1 CIRCUIT OPEN" address="4de6d" />
  <table name="(P2089) OCV SOLENOID A1 CIRCUIT SHORT" address="4de6c" />
  <table name="(P2090) OCV SOLENOID B1 CIRCUIT OPEN" address="4de69" />
  <table name="(P2091) OCV SOLENOID B1 CIRCUIT SHORT" address="4de68" />
  <table name="(P2092) OCV SOLENOID A2 CIRCUIT OPEN" address="4de6b" />
  <table name="(P2093) OCV SOLENOID A2 CIRCUIT SHORT" address="4de6a" />
  <table name="(P2094) OCV SOLENOID B2 CIRCUIT OPEN" address="4de67" />
  <table name="(P2095) OCV SOLENOID B2 CIRCUIT SHORT" address="4de66" />
  <table name="(P2101) THROTTLE ACTUATOR CIRCUIT RANGE/PERF" address="4de55" />
  <table name="(P2102) THROTTLE ACTUATOR CIRCUIT LOW" address="4de53" />
  <table name="(P2103) THROTTLE ACTUATOR CIRCUIT HIGH" address="4de54" />
  <table name="(P2109) TPS A MINIMUM STOP PERF" address="4de4f" />
  <table name="(P2122) TPS D CIRCUIT LOW INPUT" address="4de5c" />
  <table name="(P2123) TPS D CIRCUIT HIGH INPUT" address="4de5d" />
  <table name="(P2127) TPS E CIRCUIT LOW INPUT" address="4de5a" />
  <table name="(P2128) TPS E CIRCUIT HIGH INPUT" address="4de5b" />
  <table name="(P2135) TPS A/B VOLTAGE" address="4de5e" />
  <table name="(P2138) TPS D/E VOLTAGE" address="4de59" />
</rom>