Time,Air/Fuel Correction #1 (%),Battery Voltage (V),Engine Load (g/cyl),Air/Fuel Learning #1 (%),Advance Multiplier,Vehicle Speed (KPH),Neutral Position Switch Signal (On/Off),Primary Wastegate Duty Cycle (%),Intake Air Temperature (B C),Manifold Absolute Pressure (Bar),Air Flow Sensor Voltage (V),Mass Air Flow (g/s),Knock Correction (B BTDC),Engine Speed (RPM),Ignition Timing (B BTDC),Throttle Opening Angle (%),Coolant Temperature (B C),Air/Fuel Sensor #1 (AFR),Air/Fuel Correction #3 (%),Knock Signal #1 (On/Off),Fuel Injector #1 Pulse Width (%),
0, -6.25, 13.92, 0.65, -4.69, 16, 0, 1, 0, 37, 0.39, 1.48, 6.07, 0, 1119, 8, 0, 59, 14.47, 0, 0, 2.39,
250, -6.25, 13.92, 0.65, -4.69, 16, 0, 1, 0, 37, 0.39, 1.48, 6.04, 0, 1121, 9.5, 0, 59, 14.36, 0, 0, 2.15,
485, -5.47, 14, 0.66, -4.69, 16, 0, 1, 0, 37, 0.39, 1.48, 6.04, 0, 1099, 12.5, 0, 59, 14.36, 0, 0, 2.34,
720, -5.47, 13.92, 0.65, -4.69, 16, 0, 1, 0, 37, 0.39, 1.48, 6.11, 0, 1114, 9.5, 0, 59, 14.59, 0, 0, 2.38,
970, -5.47, 13.92, 0.65, -4.69, 16, 0, 1, 0, 37, 0.39, 1.48, 6.04, 0, 1110, 10, 0, 59, 14.47, 0, 0, 2.37,
1204, -5.47, 13.84, 0.65, -4.69, 16, 0, 1, 0, 37, 0.39, 1.46, 6.04, 0, 1111, 10, 0, 59, 14.59, 0, 0, 2.37,
1438, -5.47, 13.92, 0.66, -4.69, 16, 0, 1, 0, 37, 0.39, 1.48, 6.04, 0, 1109, 9.5, 0, 59, 14.47, 0, 0, 2.37,
1688, -5.47, 13.92, 0.65, -4.69, 16, 0, 1, 0, 37, 0.39, 1.46, 5.91, 0, 1108, 9.5, 0, 59, 14.59, 0, 0, 2.13,
1923, -5.47, 13.92, 0.65, -4.69, 16, 0, 1, 0, 37, 0.39, 1.48, 5.94, 0, 1105, 9.5, 0, 59, 14.47, 0, 0, 2.36,
2173, -5.47, 13.84, 0.66, -4.69, 16, 0, 1, 0, 37, 0.39, 1.48, 6.04, 0, 1087, 11.5, 0, 59, 14.59, 0, 0, 2.32,
2407, -5.47, 13.84, 0.65, -4.69, 16, 0, 1, 0, 37, 0.39, 1.48, 5.91, 0, 1094, 10.5, 0, 60, 14.59, 0, 0, 2.33,
2641, -5.47, 13.84, 0.65, -4.69, 16, 0, 1, 0, 37, 0.4, 1.48, 5.98, 0, 1088, 11, 0, 60, 14.59, 0, 0, 2.32,
2891, -4.69, 13.92, 0.65, -4.69, 16, 0, 1, 0, 37, 0.39, 1.46, 5.98, 0, 1094, 10.5, 0, 60, 14.7, 0, 0, 2.33,
3126, -5.47, 13.92, 0.65, -4.69, 16, 0, 1, 0, 37, 0.39, 1.48, 6, 0, 1096, 10, 0, 60, 14.59, 0, 0, 2.34,
3361, -5.47, 13.92, 0.67, -4.69, 16, 0, 1, 0, 37, 0.39, 1.48, 6, 0, 1102, 9.5, 0, 60, 14.59, 0, 0, 2.35,
3611, -4.69, 14, 0.65, -4.69, 16, 0, 1, 0, 37, 0.4, 1.48, 6, 0, 1097, 9.5, 0, 60, 14.47, 0, 0, 2.34,
3845, -5.47, 13.92, 0.67, -4.69, 16, 0, 1, 0, 37, 0.4, 1.48, 6.04, 0, 1088, 10.5, 0, 60, 14.59, 0, 0, 2.32,
4079, -4.69, 13.92, 0.65, -4.69, 16, 0, 1, 0, 37, 0.4, 1.48, 5.98, 0, 1113, 8, 0, 60, 14.59, 0, 0, 2.37,
4329, -5.47, 13.92, 0.65, -4.69, 16, 0, 1, 0, 37, 0.39, 1.48, 5.94, 0, 1088, 10.5, 0, 60, 14.7, 0, 0, 2.32,
4564, -5.47, 13.84, 0.65, -4.69, 16, 0, 1, 0, 37, 0.4, 1.46, 5.98, 0, 1084, 11, 0, 60, 14.47, 0, 0, 2.31,
4798, -4.69, 13.84, 0.64, -4.69, 16, 0, 1, 0, 37, 0.39, 1.48, 5.94, 0, 1108, 8.5, 0, 60, 14.59, 0, 0, 2.36,
5048, -4.69, 13.92, 0.65, -4.69, 16, 0, 1, 0, 37, 0.4, 1.48, 5.98, 0, 1101, 9.5, 0, 60, 14.47, 0, 0, 2.35,
5283, -4.69, 13.92, 0.67, -4.69, 16, 0, 1, 0, 37, 0.39, 1.48, 5.94, 0, 1089, 10.5, 0, 60, 14.7, 0, 0, 2.32,
5533, -4.69, 13.92, 0.65, -4.69, 16, 0, 1, 0, 37, 0.4, 1.46, 5.98, 0, 1106, 8.5, 0, 60, 14.47, 0, 0, 2.36,
5767, -4.69, 13.84, 0.65, -4.69, 16, 0, 1, 0, 37, 0.39, 1.48, 5.91, 0, 1093, 10, 0, 60, 14.59, 0, 0, 2.33,
6002, -5.47, 13.84, 0.65, -4.69, 16, 0, 1, 0, 37, 0.4, 1.48, 5.98, 0, 1090, 10.5, 0, 60, 14.36, 0, 0, 2.32,
6252, -4.69, 13.84, 0.65, -4.69, 16, 0, 1, 0, 37, 0.4, 1.48, 5.91, 0, 1086, 10.5, 0, 60, 14.7, 0, 0, 2.32,
6486, -3.91, 13.92, 0.66, -4.69, 16, 0, 1, 0, 37, 0.4, 1.48, 5.98, 0, 1103, 9, 0, 60, 14.59, 0, 0, 2.35,
6720, -4.69, 13.92, 0.66, -4.69, 16, 0, 1, 0, 37, 0.4, 1.48, 5.98, 0, 1090, 10.5, 0, 60, 14.47, 0, 0, 2.33,
6970, -4.69, 13.92, 0.65, -4.69, 16, 0, 1, 0, 37, 0.39, 1.48, 5.91, 0, 1093, 10.5, 0, 60, 14.36, 0, 0, 2.33,
7205, -5.47, 13.92, 0.65, -4.69, 16, 0, 1, 0, 37, 0.4, 1.46, 5.98, 0, 1084, 11, 0, 60, 14.36, 0, 0, 2.31,
7439, -4.69, 14, 0.65, -4.69, 16, 0, 1, 0, 37, 0.39, 1.48, 5.98, 0, 1101, 9.5, 0, 60, 14.59, 0, 0, 2.35,
7689, -3.91, 13.92, 0.66, -4.69, 16, 0, 1, 0, 37, 0.39, 1.48, 5.98, 0, 1097, 10, 0, 60, 14.47, 0, 0, 2.34,
7924, -4.69, 13.84, 0.65, -4.69, 16, 0, 1, 0, 37, 0.39, 1.48, 5.98, 0, 1107, 9.5, 0, 60, 14.59, 0, 0, 2.36,
8174, -5.47, 13.84, 0.64, -4.69, 16, 0, 1, 0, 37, 0.39, 1.46, 5.94, 0, 1103, 9.5, 0, 60, 14.36, 0, 0, 2.35,
8408, -4.69, 13.84, 0.64, -4.69, 16, 0, 1, 0, 37, 0.39, 1.48, 5.91, 0, 1108, 9.5, 0, 60, 14.47, 0, 0, 2.36,
8642, -4.69, 13.92, 0.64, -4.69, 16, 0, 1, 0, 37, 0.39, 1.46, 5.91, 0, 1106, 11.5, 0, 60, 14.59, 0, 0, 2.36,
8892, -4.69, 13.92, 0.65, -4.69, 16, 0, 1, 0, 37, 0.39, 1.46, 5.94, 0, 1105, 9.5, 0, 60, 14.59, 0, 0, 2.36,
9127, -4.69, 13.92, 0.64, -4.69, 16, 0, 1, 0, 37, 0.39, 1.46, 5.91, 0, 1105, 9.5, 0, 60, 14.36, 0, 0, 2.36,
9361, -4.69, 13.84, 0.63, -4.69, 16, 0, 1, 0, 37, 0.39, 1.46, 5.91, 0, 1104, 9.5, 0, 60, 14.59, 0, 0, 2.36,
9613, -5.47, 13.84, 0.65, -4.69, 16, 0, 1, 0, 37, 0.39, 1.46, 5.91, 0, 1094, 10.5, 0, 60, 14.47, 0, 0, 2.33,
9847, -4.69, 13.92, 0.66, -4.69, 16, 0, 1, 0, 37, 0.39, 1.48, 5.91, 0, 1076, 11.5, 0, 60, 14.59, 0, 0, 2.3,
10082, -4.69, 13.92, 0.65, -4.69, 16, 0, 1, 0, 37, 0.39, 1.46, 5.91, 0, 1110, 8, 0, 60, 14.59, 0, 0, 2.37,
10332, -5.47, 13.92, 0.65, -4.69, 16, 0, 1, 0, 37, 0.39, 1.46, 5.91, 0, 1098, 9.5, 0, 60, 14.36, 0, 0, 2.34,
10566, -4.69, 13.92, 0.64, -4.69, 16, 0, 1, 0, 37, 0.39, 1.46, 5.91, 0, 1100, 9.5, 0, 60, 14.36, 0, 0, 2.35,
10800, -5.47, 13.92, 0.65, -4.69, 16, 0, 1, 0, 37, 0.39, 1.46, 5.94, 0, 1074, 12, 0, 61, 14.36, 0, 0, 2.29,
11050, -4.69, 13.92, 0.64, -4.69, 16, 0, 1, 0, 37, 0.39, 1.48, 5.91, 0, 1099, 9.5, 0, 61, 14.59, 0, 0, 2.34,
11285, -3.91, 13.92, 0.65, -4.69, 16, 0, 1, 0, 37, 0.39, 1.46, 5.87, 0, 1070, 12, 0, 61, 14.59, 0, 0, 2.28,
11534, -4.69, 13.84, 0.66, -4.69, 16, 0, 1, 0, 37, 0.39, 1.48, 5.94, 0, 1081, 11, 0, 61, 14.59, 0, 0, 2.31,
11769, -4.69, 13.84, 0.65, -4.69, 16, 0, 1, 0, 37, 0.39, 1.46, 5.87, 0, 1093, 10, 0, 61, 14.47, 0, 0, 2.33,
12003, -5.47, 13.84, 0.64, -4.69, 16, 0, 1, 0, 37, 0.39, 1.48, 5.91, 0, 1096, 9.5, 0, 61, 14.47, 0, 0, 2.34,
12253, -4.69, 13.92, 0.64, -4.69, 16, 0, 1, 0, 37, 0.39, 1.48, 5.85, 0, 1091, 10.5, 0, 61, 14.36, 0, 0, 2.33,
12488, -3.91, 13.92, 0.65, -4.69, 16, 0, 1, 0, 37, 0.39, 1.46, 5.91, 0, 1086, 10.5, 0, 61, 14.7, 0, 0, 2.32,
12723, -3.91, 13.92, 0.66, -4.69, 16, 0, 1, 0, 37, 0.39, 1.48, 5.91, 0, 1089, 10.5, 0, 61, 14.47, 0, 0, 2.32,
12972, -4.69, 13.84, 0.65, -4.69, 16, 0, 1, 0, 37, 0.39, 1.46, 5.87, 0, 1102, 9, 0, 61, 14.47, 0, 0, 2.35,
13207, -4.69, 13.92, 0.64, -4.69, 16, 0, 1, 0, 37, 0.39, 1.48, 5.91, 0, 1096, 10, 0, 61, 14.36, 0, 0, 2.34,
13441, -4.69, 13.92, 0.64, -4.69, 16, 0, 1, 0, 37, 0.39, 1.46, 5.91, 0, 1110, 8.5, 0, 61, 14.7, 0, 0, 2.37,
13691, -4.69, 13.92, 0.64, -4.69, 16, 0, 1, 0, 37, 0.39, 1.46, 5.91, 0, 1108, 9, 0, 61, 14.59, 0, 0, 2.36,
13926, -4.69, 13.92, 0.65, -4.69, 16, 0, 1, 0, 37, 0.39, 1.46, 5.87, 0, 1106, 9.5, 0, 61, 14.36, 0, 0, 2.36,
14176, -5.47, 13.92, 0.65, -4.69, 16, 0, 1, 0, 37, 0.39, 1.48, 5.91, 0, 1092, 10.5, 0, 61, 14.24, 0, 0, 2.33,
14410, -5.47, 13.92, 0.66, -4.69, 16, 0, 1, 0, 37, 0.39, 1.46, 5.91, 0, 1090, 10.5, 0, 61, 14.36, 0, 0, 2.33,
14644, -5.47, 13.92, 0.65, -4.69, 16, 0, 1, 0, 37, 0.39, 1.46, 5.98, 0, 1097, 9.5, 0, 61, 14.47, 0, 0, 2.34,
14894, -4.69, 13.92, 0.66, -4.69, 16, 0, 1, 0, 37, 0.39, 1.48, 5.91, 0, 1083, 10.5, 0, 61, 14.59, 0, 0, 2.31,
15129, -4.69, 13.84, 0.65, -4.69, 16, 0, 1, 0, 37, 0.39, 1.46, 5.85, 0, 1098, 7.5, 0, 61, 14.59, 0, 0, 2.11,
15364, -4.69, 13.84, 0.65, -4.69, 16, 0, 1, 0, 37, 0.39, 1.46, 5.91, 0, 1091, 10, 0, 61, 14.47, 0, 0, 2.33,
15614, -4.69, 13.92, 0.64, -4.69, 16, 0, 1, 0, 37, 0.39, 1.46, 5.87, 0, 1095, 9.5, 0, 61, 14.59, 0, 0, 2.34,
15848, -4.69, 13.92, 0.64, -4.69, 16, 0, 1, 0, 37, 0.39, 1.46, 5.91, 0, 1094, 9.5, 0, 61, 14.47, 0, 0, 2.33,
16082, -4.69, 13.92, 0.63, -4.69, 16, 0, 1, 0, 37, 0.39, 1.46, 5.85, 0, 1108, 8, 0, 61, 14.59, 0, 0, 2.13,
16332, -4.69, 13.84, 0.64, -4.69, 16, 0, 1, 0, 37, 0.39, 1.46, 5.85, 0, 1084, 11, 0, 61, 14.47, 0, 0, 2.31,
16567, -4.69, 13.92, 0.65, -4.69, 16, 0, 1, 0, 37, 0.39, 1.48, 5.91, 0, 1090, 10.5, 0, 61, 14.59, 0, 0, 2.32,
16801, -4.69, 13.92, 0.63, -4.69, 16, 0, 1, 0, 38, 0.39, 1.46, 5.85, 0, 1093, 10, 0, 61, 14.47, 0, 0, 2.1,
17051, -5.47, 13.92, 0.63, -4.69, 16, 0, 1, 0, 37, 0.39, 1.46, 5.91, 0, 1105, 8.5, 0, 61, 14.47, 0, 0, 2.36,
17286, -4.69, 13.92, 0.66, -4.69, 16, 0, 1, 0, 38, 0.39, 1.46, 5.78, 0, 1075, 11.5, 0, 61, 14.36, 0, 0, 2.29,
17535, -4.69, 13.92, 0.64, -4.69, 16, 0, 1, 0, 37, 0.39, 1.46, 5.85, 0, 1093, 9.5, 0, 61, 14.7, 0, 0, 2.33,
17770, -4.69, 13.92, 0.64, -4.69, 16, 0, 1, 0, 38, 0.39, 1.46, 5.91, 0, 1096, 9.5, 0, 61, 14.47, 0, 0, 2.34,
18004, -4.69, 13.92, 0.64, -4.69, 16, 0, 1, 0, 38, 0.39, 1.46, 5.91, 0, 1094, 10, 0, 62, 14.47, 0, 0, 2.33,
18254, -4.69, 13.92, 0.64, -4.69, 16, 0, 1, 0, 38, 0.39, 1.46, 5.85, 0, 1085, 10.5, 0, 62, 14.36, 0, 0, 2.31,
18489, -5.47, 13.84, 0.65, -4.69, 16, 0, 1, 0, 38, 0.39, 1.46, 5.85, 0, 1107, 8.5, 0, 62, 14.47, 0, 0, 2.13,
18724, -4.69, 13.84, 0.64, -4.69, 16, 0, 1, 0, 38, 0.39, 1.46, 5.85, 0, 1100, 9.5, 0, 62, 14.59, 0, 0, 2.35,
18974, -4.69, 13.84, 0.64, -4.69, 16, 0, 1, 0, 38, 0.39, 1.46, 5.85, 0, 1083, 11, 0, 62, 14.47, 0, 0, 2.31,
19208, -4.69, 13.92, 0.63, -4.69, 16, 0, 1, 0, 38, 0.39, 1.46, 5.85, 0, 1090, 10.5, 0, 62, 14.47, 0, 0, 2.32,
19442, -5.47, 13.92, 0.65, -4.69, 16, 0, 1, 0, 38, 0.39, 1.46, 5.85, 0, 1081, 11, 0, 62, 14.47, 0, 0, 2.31,
19693, -5.47, 13.92, 0.64, -4.69, 16, 0, 1, 0, 38, 0.39, 1.46, 5.81, 0, 1084, 10.5, 0, 62, 14.59, 0, 0, 2.31,
19927, -4.69, 13.92, 0.64, -4.69, 16, 0, 1, 0, 38, 0.39, 1.46, 5.78, 0, 1076, 11.5, 0, 62, 14.59, 0, 0, 2.3,
20161, -4.69, 13.92, 0.64, -4.69, 16, 0, 1, 0, 38, 0.39, 1.46, 5.78, 0, 1101, 9, 0, 62, 14.59, 0, 0, 2.11,
20411, -4.69, 13.92, 0.63, -4.69, 16, 0, 1, 0, 38, 0.39, 1.46, 5.81, 0, 1088, 10.5, 0, 62, 14.59, 0, 0, 2.09,
20646, -4.69, 13.92, 0.64, -4.69, 16, 0, 1, 0, 38, 0.39, 1.46, 5.87, 0, 1079, 11, 0, 62, 14.59, 0, 0, 2.3,
20896, -4.69, 13.92, 0.63, -4.69, 16, 0, 1, 0, 38, 0.39, 1.46, 5.85, 0, 1099, 9.5, 0, 62, 14.59, 0, 0, 2.34,
21130, -4.69, 13.84, 0.64, -4.69, 16, 0, 1, 0, 38, 0.39, 1.46, 5.81, 0, 1088, 10.5, 0, 62, 14.47, 0, 0, 2.09,
21365, -4.69, 13.92, 0.63, -4.69, 16, 0, 1, 0, 38, 0.39, 1.46, 5.78, 0, 1106, 8.5, 0, 62, 14.36, 0, 0, 2.12,
21615, -4.69, 13.92, 0.63, -4.69, 16, 0, 1, 0, 38, 0.39, 1.46, 5.78, 0, 1104, 8.5, 0, 62, 14.47, 0, 0, 2.35,
21849, -4.69, 13.92, 0.65, -4.69, 16, 0, 1, 0, 38, 0.39, 1.46, 5.85, 0, 1102, 8.5, 0, 62, 14.47, 0, 0, 2.35,
22083, -4.69, 13.84, 0.64, -4.69, 16, 0, 1, 0, 38, 0.39, 1.46, 5.81, 0, 1096, 9.5, 0, 62, 14.59, 0, 0, 2.34,
22334, -4.69, 13.84, 0.64, -4.69, 16, 0, 1, 0, 38, 0.39, 1.46, 5.78, 0, 1080, 10.5, 0, 62, 14.36, 0, 0, 2.31,
22568, -4.69, 13.84, 0.63, -4.69, 16, 0, 1, 0, 38, 0.39, 1.46, 5.78, 0, 1085, 10.5, 0, 62, 14.59, 0, 0, 2.31,
22803, -4.69, 13.92, 0.64, -4.69, 16, 0, 1, 0, 38, 0.39, 1.46, 5.85, 0, 1085, 10.5, 0, 62, 14.36, 0, 0, 2.31,
23053, -5.47, 13.92, 0.63, -4.69, 16, 0, 1, 0, 38, 0.39, 1.46, 5.78, 0, 1088, 9.5, 0, 62, 14.47, 0, 0, 2.09,
23287, -4.69, 13.92, 0.64, -4.69, 16, 0, 1, 0, 38, 0.39, 1.46, 5.81, 0, 1074, 10, 0, 62, 14.47, 0, 0, 2.29,
23537, -4.69, 14, 0.64, -4.69, 16, 0, 1, 0, 38, 0.39, 1.46, 5.74, 0, 1089, 9.5, 0, 62, 14.59, 0, 0, 2.09,
23771, -5.47, 14, 0.64, -4.69, 16, 0, 1, 0, 38, 0.39, 1.46, 5.78, 0, 1084, 10, 0, 62, 14.36, 0, 0, 2.08,
24006, -4.69, 13.92, 0.63, -4.69, 16, 0, 1, 0, 38, 0.39, 1.46, 5.78, 0, 1080, 10, 0, 62, 14.7, 0, 0, 2.07,
24256, -3.91, 13.84, 0.63, -4.69, 16, 0, 1, 0, 38, 0.39, 1.46, 5.81, 0, 1095, 8.5, 0, 62, 14.59, 0, 0, 2.34,
24490, -4.69, 13.84, 0.65, -4.69, 16, 0, 1, 0, 38, 0.39, 1.46, 5.78, 0, 1089, 9.5, 0, 62, 14.59, 0, 0, 2.32,
24725, -4.69, 13.84, 0.63, -4.69, 16, 0, 1, 0, 38, 0.39, 1.46, 5.74, 0, 1084, 10, 0, 62, 14.47, 0, 0, 2.31,
24975, -4.69, 13.92, 0.63, -4.69, 16, 0, 1, 0, 38, 0.39, 1.46, 5.78, 0, 1096, 9, 0, 62, 14.59, 0, 0, 2.1,
25209, -4.69, 13.92, 0.64, -4.69, 16, 0, 1, 0, 38, 0.39, 1.46, 5.74, 0, 1085, 10, 0, 62, 14.47, 0, 0, 2.31,
25443, -4.69, 13.92, 0.64, -4.69, 16, 0, 1, 0, 38, 0.39, 1.46, 5.81, 0, 1075, 10.5, 0, 62, 14.59, 0, 0, 2.29,
25693, -3.91, 13.84, 0.63, -4.69, 16, 0, 1, 0, 38, 0.39, 1.46, 5.72, 0, 1109, 7.5, 0, 62, 14.47, 0, 0, 2.13,
25928, -3.91, 13.84, 0.64, -4.69, 16, 0, 1, 0, 38, 0.39, 1.46, 5.78, 0, 1069, 11.5, 0, 62, 14.7, 0, 0, 2.28,
26178, -4.69, 13.84, 0.63, -4.69, 16, 0, 1, 0, 38, 0.39, 1.46, 5.72, 0, 1087, 9.5, 0, 63, 14.36, 0, 0, 2.09,
26412, -5.47, 13.92, 0.63, -4.69, 16, 0, 1, 0, 38, 0.39, 1.46, 5.78, 0, 1092, 9.5, 0, 63, 14.47, 0, 0, 2.1,
26647, -4.69, 13.92, 0.65, -4.69, 16, 0, 1, 0, 38, 0.39, 1.46, 5.72, 0, 1078, 10.5, 0, 63, 14.47, 0, 0, 2.07,
26897, -4.69, 13.92, 0.63, -4.69, 16, 0, 1, 0, 38, 0.39, 1.46, 5.72, 0, 1084, 10, 0, 63, 14.59, 0, 0, 2.08,
27131, -4.69, 14, 0.65, -4.69, 16, 0, 1, 0, 38, 0.39, 1.46, 5.72, 0, 1079, 10, 0, 63, 14.59, 0, 0, 2.07,
27365, -4.69, 13.92, 0.64, -4.69, 16, 0, 1, 0, 38, 0.39, 1.44, 5.72, 0, 1086, 9.5, 0, 63, 14.59, 0, 0, 2.09,
27615, -4.69, 13.92, 0.63, -4.69, 16, 0, 1, 0, 38, 0.39, 1.46, 5.72, 0, 1090, 9, 0, 63, 14.47, 0, 0, 2.09,
27850, -4.69, 13.84, 0.64, -4.69, 16, 0, 1, 0, 38, 0.39, 1.46, 5.78, 0, 1096, 8.5, 0, 63, 14.47, 0, 0, 2.1,
28084, -4.69, 13.84, 0.62, -4.69, 16, 0, 1, 0, 38, 0.39, 1.44, 5.68, 0, 1106, 7.5, 0, 63, 14.36, 0, 0, 2.12,
28335, -4.69, 13.84, 0.64, -4.69, 16, 0, 1, 0, 38, 0.39, 1.46, 5.78, 0, 1070, 11.5, 0, 63, 14.47, 0, 0, 2.28,
28569, -4.69, 13.84, 0.63, -4.69, 16, 0, 1, 0, 38, 0.38, 1.44, 5.72, 0, 1082, 9.5, 0, 63, 14.47, 0, 0, 2.08,
28803, -4.69, 13.92, 0.63, -4.69, 16, 0, 1, 0, 38, 0.39, 1.46, 5.68, 0, 1075, 10.5, 0, 63, 14.47, 0, 0, 2.06,
29053, -5.47, 13.92, 0.64, -4.69, 16, 0, 1, 0, 38, 0.38, 1.46, 5.65, 0, 1091, 9.5, 0, 63, 14.36, 0, 0, 2.09,
29288, -4.69, 13.84, 0.63, -4.69, 16, 0, 1, 0, 38, 0.39, 1.44, 5.68, 0, 1068, 10, 0, 63, 14.59, 0, 0, 2.28,
29538, -4.69, 13.92, 0.63, -4.69, 16, 0, 1, 0, 38, 0.39, 1.44, 5.65, 0, 1078, 9.5, 0, 63, 14.7, 0, 0, 2.07,
29772, -4.69, 13.92, 0.63, -4.69, 16, 0, 1, 0, 38, 0.39, 1.46, 5.72, 0, 1069, 10.5, 0, 63, 14.59, 0, 0, 2.05,
30006, -4.69, 13.92, 0.64, -4.69, 16, 0, 1, 0, 38, 0.38, 1.44, 5.65, 0, 1086, 9, 0, 63, 14.47, 0, 0, 2.09,
30256, -5.47, 13.92, 0.63, -4.69, 16, 0, 1, 0, 38, 0.39, 1.44, 5.65, 0, 1076, 9.5, 0, 63, 14.24, 0, 0, 2.07,
30491, -4.69, 13.92, 0.63, -4.69, 16, 0, 1, 0, 38, 0.38, 1.46, 5.65, 0, 1071, 10, 0, 63, 14.47, 0, 0, 2.06,
30726, -4.69, 13.92, 1.2, -4.69, 16, 0, 1, 0, 38, 0.4, 1.58, 6.95, 0, 1081, 10, 7.84, 63, 14.7, 0, 0, 3,
30976, -5.47, 13.92, 0.84, -4.69, 16, 0, 1, 0, 38, 0.5, 1.42, 7.02, 0, 1532, 20.5, 0, 63, 14.13, 0, 0, 4.25,
31210, -14.84, 13.92, 0.33, -3.91, 16, 0, 1, 0, 38, 0.28, 1.26, 3.19, 0, 1712, 16.5, 0, 63, 11.83, 0, 0, 1.83,
31460, -18.75, 13.84, 0.43, -3.91, 16, 0, 1, 0, 38, 0.23, 1.38, 4.53, 0, 1416, 9, 0, 63, 11.94, 0, 0, 1.81,
31694, -19.53, 13.84, 0.49, -3.91, 16, 0, 1, 0, 38, 0.24, 1.38, 4.66, 0, 1201, 18.5, 0, 63, 12.52, 0, 0, 1.79,
31929, -19.53, 13.92, 0.55, -3.91, 16, 0, 1, 0, 38, 0.26, 1.38, 4.75, 0, 1066, 17.5, 0, 63, 13.44, 0, 0, 1.59,
32179, -20.31, 13.92, 0.6, -3.91, 16, 0, 1, 0, 38, 0.29, 1.38, 4.66, 0, 973, 17.5, 0.39, 63, 13.78, 0, 0, 1.66,
32413, -24.22, 13.92, 1.51, -4.69, 16, 0, 1, 0, 38, 0.57, 2, 15.59, 0, 986, 19.5, 9.8, 63, 12.86, 0, 0, 3.78,
32648, -22.66, 13.92, 0.66, -4.69, 16, 0, 1, 0, 38, 0.46, 1.26, 3.55, 0, 1464, 16.5, 0, 63, 14.24, 0, 0, 2.5,
32898, -22.66, 13.92, 0.39, -3.91, 16, 0, 1, 0, 38, 0.27, 1.26, 3.43, 0, 1354, 3, 0, 63, 14.47, 0, 0, 1.73,
33132, -21.88, 14, 0.49, -3.91, 16, 0, 1, 0, 38, 0.26, 1.36, 4.37, 0, 1070, 17.5, 0, 63, 14.7, 0, 0, 1.6,
33366, -21.09, 13.92, 0.58, -3.91, 16, 0, 1, 0, 38, 0.28, 1.36, 4.4, 0, 990, 17.5, 0, 64, 15.04, 0, 0, 1.69,
33616, -21.09, 13.92, 0.65, -3.91, 16, 0, 1, 0, 38, 0.32, 1.38, 4.69, 0, 898, 17.5, 0, 64, 14.93, 0, 0, 1.53,
33851, -21.09, 13.84, 0.72, -4.69, 16, 0, 1, 0, 38, 0.38, 1.42, 5.36, 0, 903, 17.5, 0, 64, 14.7, 0, 0, 1.73,
34101, -21.88, 13.76, 0.81, -4.69, 16, 0, 1, 0, 38, 0.42, 1.48, 5.94, 0, 906, 16.5, 0, 64, 14.47, 0, 0, 1.93,
34336, -19.53, 13.92, 0.88, -4.69, 16, 0, 1, 0, 38, 0.46, 1.5, 6.51, 0, 916, 14.5, 0, 64, 15.04, 0, 0, 1.95,
34570, -14.84, 13.92, 0.86, -4.69, 16, 0, 1, 0, 38, 0.48, 1.52, 6.77, 0, 964, 9, 0, 64, 16.42, 0, 0, 2.26,
34820, -12.5, 13.92, 0.86, -4.69, 16, 0, 1, 0, 38, 0.49, 1.56, 7.14, 0, 1002, 5, 0, 64, 16.77, 0, 0, 2.35,
35054, -10.16, 13.84, 0.89, -4.69, 16, 0, 1, 0, 38, 0.49, 1.58, 7.54, 0, 1012, 5.5, 0, 64, 16.88, 0, 0, 2.59,
35289, -9.38, 13.84, 0.86, -4.69, 16, 0, 1, 0, 38, 0.5, 1.58, 7.62, 0, 1056, 2.5, 0, 64, 16.19, 0, 0, 2.7,
35539, -8.59, 13.84, 0.87, -4.69, 16, 0, 1, 0, 38, 0.49, 1.58, 7.7, 0, 1054, 4, 0, 64, 15.96, 0, 0, 2.7,
35773, -7.03, 13.92, 0.85, -4.69, 16, 0, 1, 0, 38, 0.49, 1.6, 7.78, 0, 1091, 2.5, 0, 64, 15.85, 0, 0, 2.79,
36007, -5.47, 13.92, 0.84, -4.69, 16, 0, 1, 0, 38, 0.49, 1.6, 7.86, 0, 1116, 2.5, 0, 64, 15.85, 0, 0, 2.86,
36257, -5.47, 13.92, 0.82, -4.69, 16, 0, 1, 0, 38, 0.48, 1.6, 7.7, 0, 1135, 2.5, 0, 64, 15.39, 0, 0, 2.91,
36492, -5.47, 13.92, 0.79, -4.69, 16, 0, 1, 0, 38, 0.47, 1.58, 7.62, 0, 1151, 2.5, 0, 64, 15.16, 0, 0, 2.7,
36742, -3.91, 13.92, 0.78, -4.69, 16, 0, 1, 0, 38, 0.46, 1.58, 7.54, 0, 1172, 3, 0, 64, 15.16, 0, 0, 2.75,
36976, -3.91, 13.92, 0.77, -4.69, 16, 0, 1, 0, 38, 0.45, 1.56, 7.29, 0, 1166, 4.5, 0, 64, 15.04, 0, 0, 2.74,
37211, -3.91, 13.84, 0.73, -4.69, 16, 0, 1, 0, 38, 0.45, 1.56, 7.37, 0, 1184, 4.5, 0, 64, 14.81, 0, 0, 2.78,
37461, -3.91, 13.84, 0.73, -4.69, 16, 0, 1, 0, 38, 0.43, 1.56, 7.21, 0, 1196, 5, 0, 64, 14.7, 0, 0, 2.81,
37695, -3.91, 13.84, 0.7, -4.69, 16, 0, 1, 0, 38, 0.43, 1.54, 7.21, 0, 1217, 4, 0, 64, 14.81, 0, 0, 2.6,
37929, -3.91, 13.92, 0.69, -4.69, 16, 0, 1, 0, 38, 0.41, 1.54, 6.92, 0, 1190, 8, 0, 64, 14.81, 0, 0, 2.54,
38179, -3.12, 13.92, 0.68, -4.69, 16, 0, 1, 0, 38, 0.4, 1.54, 6.84, 0, 1203, 8, 0, 64, 14.7, 0, 0, 2.57,
38414, -3.91, 13.92, 0.66, -4.69, 16, 0, 1, 0, 38, 0.4, 1.52, 6.77, 0, 1197, 9, 0, 64, 14.47, 0, 0, 2.55,
38664, -4.69, 13.84, 0.64, -4.69, 16, 0, 1, 0, 39, 0.39, 1.52, 6.51, 0, 1193, 10, 0, 64, 14.13, 0, 0, 2.55,
38899, -4.69, 13.84, 0.63, -4.69, 16, 0, 1, 0, 39, 0.38, 1.5, 6.37, 0, 1203, 9.5, 0, 64, 14.36, 0, 0, 2.31,
39133, -3.91, 13.84, 0.63, -4.69, 16, 0, 1, 0, 39, 0.38, 1.5, 6.18, 0, 1190, 10.5, 0, 64, 14.59, 0, 0, 2.29,
39383, -3.91, 13.92, 0.61, -4.69, 16, 0, 1, 0, 39, 0.37, 1.48, 6.11, 0, 1213, 8, 0, 64, 14.47, 0, 0, 2.33,
39617, -4.69, 13.92, 0.6, -4.69, 16, 0, 1, 0, 39, 0.36, 1.46, 5.98, 0, 1179, 11.5, 0, 64, 14.36, 0, 0, 2.26,
39852, -4.69, 13.92, 0.59, -4.69, 16, 0, 1, 0, 39, 0.36, 1.46, 5.81, 0, 1175, 11.5, 0, 64, 14.47, 0, 0, 2.26,
40102, -4.69, 14, 0.59, -4.69, 16, 0, 1, 0, 39, 0.36, 1.44, 5.68, 0, 1162, 12, 0, 64, 14.36, 0, 0, 2.23,
40336, -6.25, 13.92, 0.59, -4.69, 16, 0, 1, 0, 39, 0.36, 1.44, 5.59, 0, 1145, 13, 0, 64, 14.13, 0, 0, 2.2,
40571, -5.47, 13.92, 0.6, -4.69, 16, 0, 1, 0, 39, 0.36, 1.44, 5.52, 0, 1123, 14, 0, 64, 14.36, 0, 0, 2.16,
40821, -5.47, 13.84, 0.58, -4.69, 16, 0, 1, 0, 39, 0.37, 1.44, 5.4, 0, 1117, 13.5, 0, 64, 14.36, 0, 0, 2.15,
41055, -5.47, 13.84, 0.58, -4.69, 16, 0, 1, 0, 39, 0.36, 1.44, 5.36, 0, 1112, 13, 0, 64, 14.47, 0, 0, 2.13,
41305, -5.47, 13.84, 0.59, -4.69, 16, 0, 1, 0, 39, 0.36, 1.42, 5.4, 0, 1106, 12.5, 0, 64, 14.47, 0, 0, 2.12,
41540, -5.47, 13.92, 0.58, -4.69, 16, 0, 1, 0, 39, 0.36, 1.42, 5.27, 0, 1105, 11.5, 0, 65, 14.59, 0, 0, 2.12,
41774, -5.47, 13.92, 0.59, -4.69, 16, 0, 1, 0, 39, 0.36, 1.44, 5.4, 0, 1094, 13.5, 0, 65, 14.47, 0, 0, 2.1,
42024, -5.47, 13.92, 0.59, -4.69, 16, 0, 1, 0, 39, 0.37, 1.44, 5.33, 0, 1076, 13, 0, 65, 14.47, 0, 0, 2.07,
42258, -5.47, 13.84, 0.59, -4.69, 16, 0, 1, 0, 39, 0.36, 1.42, 5.27, 0, 1090, 11, 0, 65, 14.47, 0, 0, 2.09,
42493, -5.47, 13.84, 0.6, -4.69, 16, 0, 1, 0, 39, 0.36, 1.42, 5.33, 0, 1081, 10.5, 0, 65, 14.36, 0, 0, 2.08,
42743, -5.47, 13.92, 0.6, -4.69, 16, 0, 1, 0, 39, 0.36, 1.42, 5.27, 0, 1070, 11.5, 0, 65, 14.36, 0, 0, 2.06,
42977, -6.25, 13.92, 0.59, -4.69, 16, 0, 1, 0, 39, 0.36, 1.42, 5.3, 0, 1078, 10.5, 0, 65, 14.47, 0, 0, 2.07,
43227, -6.25, 13.92, 0.61, -4.69, 16, 0, 1, 0, 39, 0.37, 1.42, 5.33, 0, 1044, 13, 0, 65, 14.24, 0, 0, 2,
43462, -5.47, 13.92, 0.61, -4.69, 16, 0, 1, 0, 39, 0.37, 1.42, 5.33, 0, 1061, 10.5, 0, 65, 14.59, 0, 0, 2.04,
43696, -6.25, 13.92, 0.62, -4.69, 16, 0, 1, 0, 39, 0.37, 1.44, 5.4, 0, 1039, 13, 0, 65, 14.36, 0, 0, 2,
43946, -5.47, 13.92, 0.61, -4.69, 16, 0, 1, 0, 39, 0.37, 1.44, 5.46, 0, 1062, 9.5, 0, 65, 14.59, 0, 0, 2.04,
44180, -5.47, 13.92, 0.62, -4.69, 16, 0, 1, 0, 39, 0.37, 1.44, 5.33, 0, 1064, 9.5, 0, 65, 14.59, 0, 0, 2.04,
44415, -5.47, 13.84, 0.64, -4.69, 16, 0, 1, 0, 39, 0.37, 1.44, 5.52, 0, 1048, 11, 0, 65, 14.7, 0, 0, 2.01,
44665, -5.47, 13.84, 0.62, -4.69, 16, 0, 1, 0, 39, 0.38, 1.44, 5.46, 0, 1054, 10, 0, 65, 14.59, 0, 0, 2.02,
44900, -6.25, 13.84, 0.62, -4.69, 16, 0, 1, 0, 39, 0.38, 1.44, 5.46, 0, 1059, 9.5, 0, 65, 14.47, 0, 0, 2.03,
45134, -5.47, 13.92, 0.62, -4.69, 16, 0, 1, 0, 39, 0.38, 1.44, 5.52, 0, 1061, 9.5, 0, 65, 14.47, 0, 0, 2.04,
45384, -5.47, 13.92, 0.61, -4.69, 16, 0, 1, 0, 39, 0.38, 1.44, 5.49, 0, 1058, 9.5, 0, 65, 14.59, 0, 0, 2.03,
45618, -5.47, 13.92, 0.63, -4.69, 16, 0, 1, 0, 39, 0.38, 1.44, 5.46, 0, 1047, 10.5, 0, 65, 14.7, 0, 0, 2.01,
45868, -5.47, 13.84, 0.63, -4.69, 16, 0, 1, 0, 39, 0.38, 1.44, 5.52, 0, 1059, 9.5, 0, 65, 14.59, 0, 0, 2.03,
46103, -4.69, 13.92, 0.64, -4.69, 16, 0, 1, 0, 39, 0.38, 1.44, 5.59, 0, 1053, 10, 0, 65, 14.7, 0, 0, 2.02,
46337, -4.69, 13.92, 0.64, -4.69, 16, 0, 1, 0, 39, 0.38, 1.44, 5.62, 0, 1057, 9.5, 0, 65, 14.59, 0, 0, 2.03,
46587, -5.47, 13.92, 0.63, -4.69, 16, 0, 1, 0, 39, 0.38, 1.44, 5.55, 0, 1070, 8, 0, 65, 14.7, 0, 0, 2.05,
46822, -5.47, 13.92, 0.64, -4.69, 16, 0, 1, 0, 39, 0.38, 1.44, 5.59, 0, 1060, 9.5, 0, 65, 14.47, 0, 0, 2.04,
47056, -5.47, 13.76, 0.62, -4.69, 16, 0, 1, 0, 39, 0.38, 1.44, 5.65, 0, 1067, 8.5, 0, 65, 14.7, 0, 0, 2.05,
47306, -5.47, 13.92, 0.62, -4.69, 16, 0, 1, 0, 39, 0.38, 1.44, 5.55, 0, 1063, 8.5, 0, 65, 14.36, 0, 0, 2.04,
47541, -5.47, 13.92, 0.64, -4.69, 16, 0, 1, 0, 39, 0.38, 1.44, 5.59, 0, 1054, 10.5, 0, 65, 14.47, 0, 0, 2.02,
47775, -5.47, 13.92, 0.65, -4.69, 16, 0, 1, 0, 39, 0.38, 1.44, 5.55, 0, 1052, 10.5, 0, 65, 14.59, 0, 0, 2.25,
48025, -4.69, 13.84, 0.63, -4.69, 16, 0, 1, 0, 39, 0.38, 1.44, 5.59, 0, 1066, 8.5, 0, 65, 14.59, 0, 0, 2.05,
48259, -4.69, 13.84, 0.64, -4.69, 16, 0, 1, 0, 39, 0.38, 1.44, 5.59, 0, 1068, 9, 0, 65, 14.7, 0, 0, 2.05,
48510, -5.47, 13.84, 0.64, -4.69, 16, 0, 1, 0, 39, 0.38, 1.44, 5.62, 0, 1072, 8, 0, 65, 14.36, 0, 0, 2.06,
48744, -5.47, 13.92, 0.63, -4.69, 16, 0, 1, 0, 39, 0.38, 1.44, 5.55, 0, 1061, 9.5, 0, 65, 14.47, 0, 0, 2.04,
48978, -5.47, 13.92, 0.63, -4.69, 16, 0, 1, 0, 39, 0.38, 1.44, 5.59, 0, 1061, 9.5, 0, 65, 14.36, 0, 0, 2.04,
49228, -5.47, 13.92, 0.62, -4.69, 16, 0, 1, 0, 39, 0.38, 1.44, 5.62, 0, 1073, 8, 0, 65, 14.59, 0, 0, 2.06,
49463, -5.47, 13.92, 0.62, -4.69, 16, 0, 1, 0, 39, 0.38, 1.44, 5.59, 0, 1065, 9.5, 0, 65, 14.47, 0, 0, 2.04,
49697, -5.47, 13.92, 0.62, -4.69, 16, 0, 1, 0, 39, 0.38, 1.44, 5.55, 0, 1069, 9, 0, 65, 14.59, 0, 0, 2.05,
49947, -5.47, 13.92, 0.63, -4.69, 16, 0, 1, 0, 39, 0.38, 1.44, 5.52, 0, 1052, 11, 0, 65, 14.47, 0, 0, 2.02,
50181, -4.69, 13.92, 0.64, -4.69, 16, 0, 1, 0, 39, 0.38, 1.44, 5.59, 0, 1061, 10, 0, 65, 14.7, 0, 0, 2.04,
50416, -5.47, 13.84, 0.6, -4.69, 16, 0, 1, 0, 39, 0.38, 1.44, 5.52, 0, 1083, 7.5, 0, 65, 14.59, 0, 0, 2.08,
50666, -5.47, 13.84, 0.62, -4.69, 16, 0, 1, 0, 39, 0.38, 1.44, 5.55, 0, 1057, 10.5, 0, 66, 14.47, 0, 0, 2.03,
50900, -5.47, 13.92, 0.63, -4.69, 16, 0, 1, 0, 39, 0.38, 1.44, 5.52, 0, 1068, 9.5, 0, 66, 14.59, 0, 0, 2.05,
51150, -4.69, 13.92, 0.61, -4.69, 16, 0, 1, 0, 39, 0.38, 1.44, 5.52, 0, 1086, 8, 0, 66, 14.59, 0, 0, 2.09,
51385, -4.69, 13.92, 0.61, -4.69, 16, 0, 1, 0, 39, 0.38, 1.44, 5.52, 0, 1074, 9, 0, 66, 14.59, 0, 0, 2.06,
51619, -4.69, 13.84, 0.62, -4.69, 16, 0, 1, 0, 39, 0.38, 1.44, 5.59, 0, 1076, 9, 0, 66, 14.7, 0, 0, 2.07,
51869, -4.69, 13.84, 0.63, -4.69, 16, 0, 1, 0, 39, 0.38, 1.44, 5.49, 0, 1060, 10, 0, 66, 14.59, 0, 0, 2.04,
52104, -5.47, 13.84, 0.62, -4.69, 16, 0, 1, 0, 39, 0.38, 1.44, 5.52, 0, 1080, 8, 0, 66, 14.36, 0, 0, 2.07,
52338, -5.47, 13.92, 0.62, -4.69, 16, 0, 1, 0, 39, 0.38, 1.44, 5.59, 0, 1079, 8.5, 0, 66, 14.47, 0, 0, 2.07,
52588, -5.47, 13.92, 0.6, -4.69, 16, 0, 1, 0, 39, 0.37, 1.44, 5.49, 0, 1084, 9, 0, 66, 14.36, 0, 0, 2.08,
52822, -5.47, 13.92, 0.62, -4.69, 16, 0, 1, 0, 39, 0.38, 1.44, 5.59, 0, 1062, 10.5, 0, 66, 14.59, 0, 0, 2.04,
53072, -5.47, 13.92, 0.61, -4.69, 16, 0, 1, 0, 39, 0.38, 1.44, 5.52, 0, 1081, 8.5, 0, 66, 14.47, 0, 0, 2.08,
53307, -4.69, 13.92, 0.62, -4.69, 16, 0, 1, 0, 39, 0.38, 1.44, 5.52, 0, 1072, 9.5, 0, 66, 14.7, 0, 0, 2.06,
53542, -4.69, 13.92, 0.63, -4.69, 16, 0, 1, 0, 39, 0.38, 1.44, 5.52, 0, 1066, 9.5, 0, 66, 14.7, 0, 0, 2.05,
53792, -4.69, 13.84, 0.61, -4.69, 16, 0, 1, 0, 39, 0.38, 1.44, 5.52, 0, 1068, 9.5, 0, 66, 14.7, 0, 0, 2.05,
54026, -5.47, 13.76, 0.61, -4.69, 16, 0, 1, 0, 39, 0.37, 1.44, 5.4, 0, 1069, 9.5, 0, 66, 14.36, 0, 0, 2.05,
54260, -6.25, 13.84, 0.62, -4.69, 16, 0, 1, 0, 39, 0.37, 1.44, 5.43, 0, 1060, 10.5, 0, 66, 14.36, 0, 0, 2.04,
54511, -5.47, 13.92, 0.61, -4.69, 16, 0, 1, 0, 39, 0.37, 1.44, 5.46, 0, 1070, 9.5, 0, 66, 14.36, 0, 0, 2.06,
54745, -4.69, 13.84, 0.62, -4.69, 16, 0, 1, 0, 39, 0.37, 1.44, 5.46, 0, 1067, 9.5, 0, 66, 14.7, 0, 0, 2.05,
54979, -4.69, 13.92, 0.62, -4.69, 16, 0, 1, 0, 39, 0.37, 1.44, 5.46, 0, 1076, 9, 0, 66, 14.47, 0, 0, 2.07,
55229, -4.69, 13.84, 0.61, -4.69, 16, 0, 1, 0, 39, 0.37, 1.44, 5.46, 0, 1064, 10, 0, 66, 14.59, 0, 0, 2.04,
55464, -5.47, 13.84, 0.59, -4.69, 16, 0, 1, 0, 39, 0.37, 1.44, 5.36, 0, 1072, 9.5, 0, 66, 14.36, 0, 0, 2.06,
55714, -6.25, 13.84, 0.62, -4.69, 16, 0, 1, 0, 39, 0.37, 1.44, 5.4, 0, 1046, 11.5, 0, 66, 14.36, 0, 0, 2.01,
55948, -5.47, 13.92, 0.6, -4.69, 16, 0, 1, 0, 39, 0.37, 1.42, 5.4, 0, 1073, 8.5, 0, 66, 14.59, 0, 0, 2.06,
56182, -5.47, 13.92, 0.61, -4.69, 16, 0, 1, 0, 39, 0.37, 1.42, 5.33, 0, 1055, 10.5, 0, 66, 14.59, 0, 0, 2.03,
56433, -4.69, 13.92, 0.61, -4.69, 16, 0, 1, 0, 39, 0.37, 1.44, 5.46, 0, 1042, 10.5, 0, 66, 14.7, 0, 0, 2,
56667, -4.69, 13.92, 0.61, -4.69, 16, 0, 1, 0, 39, 0.37, 1.42, 5.4, 0, 1064, 9, 0, 66, 14.7, 0, 0, 2.04,
56902, -4.69, 13.92, 0.62, -4.69, 16, 0, 1, 0, 39, 0.37, 1.44, 5.4, 0, 1050, 10.5, 0, 66, 14.81, 0, 0, 2.02,
57152, -4.69, 13.92, 0.61, -4.69, 16, 0, 1, 0, 39, 0.37, 1.44, 5.4, 0, 1064, 8.5, 0, 66, 14.59, 0, 0, 2.04,
57386, -4.69, 13.84, 0.62, -4.69, 16, 0, 1, 0, 39, 0.37, 1.44, 5.4, 0, 1045, 10.5, 0, 66, 14.7, 0, 0, 2.01,
57636, -4.69, 13.84, 0.61, -4.69, 16, 0, 1, 0, 39, 0.37, 1.44, 5.33, 0, 1052, 10, 0, 66, 14.47, 0, 0, 2.02,
57870, -5.47, 13.84, 0.6, -4.69, 16, 0, 1, 0, 39, 0.37, 1.42, 5.4, 0, 1054, 9.5, 0, 66, 14.47, 0, 0, 2.02,
58105, -5.47, 13.92, 0.6, -4.69, 16, 0, 1, 0, 39, 0.37, 1.42, 5.27, 0, 1048, 9.5, 0, 66, 14.47, 0, 0, 2.01,
58355, -6.25, 13.92, 0.61, -4.69, 16, 0, 1, 0, 39, 0.37, 1.42, 5.33, 0, 1044, 10.5, 0, 66, 14.47, 0, 0, 2,
58590, -4.69, 13.92, 0.61, -4.69, 16, 0, 1, 0, 39, 0.37, 1.42, 5.27, 0, 1043, 10.5, 0, 66, 14.59, 0, 0, 2,
58824, -4.69, 13.84, 0.61, -4.69, 16, 0, 1, 0, 39, 0.37, 1.42, 5.33, 0, 1047, 10, 0, 67, 14.59, 0, 0, 2.01,
59074, -4.69, 13.92, 0.6, -4.69, 16, 0, 1, 0, 39, 0.37, 1.42, 5.27, 0, 1052, 9.5, 0, 67, 14.59, 0, 0, 2.02,
59308, -4.69, 13.92, 0.61, -4.69, 16, 0, 1, 0, 39, 0.37, 1.42, 5.33, 0, 1056, 9, 0, 67, 14.59, 0, 0, 2.03,
59543, -4.69, 13.92, 0.61, -4.69, 16, 0, 1, 0, 39, 0.37, 1.42, 5.33, 0, 1036, 11, 0, 67, 14.59, 0, 0, 1.99,
59793, -5.47, 13.92, 0.6, -4.69, 16, 0, 1, 0, 40, 0.37, 1.42, 5.27, 0, 1051, 9, 0, 67, 14.47, 0, 0, 2.02,
60027, -5.47, 13.92, 0.6, -4.69, 16, 0, 1, 0, 40, 0.37, 1.42, 5.33, 0, 1035, 10.5, 0, 67, 14.47, 0, 0, 1.99,
60277, -4.69, 13.92, 0.6, -4.69, 16, 0, 1, 0, 40, 0.37, 1.42, 5.33, 0, 1048, 9, 0, 67, 14.59, 0, 0, 2.01,
60512, -4.69, 13.92, 0.61, -4.69, 16, 0, 1, 0, 40, 0.37, 1.42, 5.33, 0, 1040, 9.5, 0, 67, 14.59, 0, 0, 2,
60746, -5.47, 13.92, 0.61, -4.69, 16, 0, 1, 0, 40, 0.37, 1.44, 5.3, 0, 1048, 9, 0, 67, 14.47, 0, 0, 2.01,
60996, -5.47, 13.76, 0.62, -4.69, 16, 0, 1, 0, 40, 0.37, 1.42, 5.33, 0, 1026, 11, 0, 67, 14.47, 0, 0, 1.97,
61230, -4.69, 13.76, 0.62, -4.69, 16, 0, 1, 0, 40, 0.37, 1.44, 5.33, 0, 1044, 9.5, 0, 67, 14.7, 0, 0, 2,
61465, -4.69, 13.84, 0.6, -4.69, 16, 0, 1, 0, 40, 0.37, 1.44, 5.4, 0, 1050, 9, 0, 67, 14.7, 0, 0, 2.02,
61715, -5.47, 13.92, 0.63, -4.69, 16, 0, 1, 0, 40, 0.37, 1.44, 5.4, 0, 1037, 10.5, 0, 67, 14.47, 0, 0, 1.99,
61949, -4.69, 13.92, 0.63, -4.69, 16, 0, 1, 0, 40, 0.37, 1.44, 5.36, 0, 1046, 9.5, 0, 67, 14.7, 0, 0, 2.01,
62184, -4.69, 13.92, 0.62, -4.69, 16, 0, 1, 0, 40, 0.37, 1.44, 5.4, 0, 1055, 8, 0, 67, 14.47, 0, 0, 2.03,
62434, -5.47, 13.92, 0.62, -4.69, 16, 0, 1, 0, 40, 0.37, 1.44, 5.4, 0, 1042, 9.5, 0, 67, 14.59, 0, 0, 2,
62668, -5.47, 13.92, 0.62, -4.69, 16, 0, 1, 0, 40, 0.38, 1.44, 5.4, 0, 1042, 9.5, 0, 67, 14.47, 0, 0, 2,
62918, -5.47, 14, 0.61, -4.69, 16, 0, 1, 0, 40, 0.37, 1.42, 5.4, 0, 1058, 8, 0, 67, 14.47, 0, 0, 2.03,
63153, -4.69, 13.92, 0.61, -4.69, 16, 0, 1, 0, 40, 0.37, 1.44, 5.4, 0, 1043, 9.5, 0, 67, 14.81, 0, 0, 2,
63387, -5.47, 13.84, 0.62, -4.69, 16, 0, 1, 0, 40, 0.37, 1.44, 5.4, 0, 1044, 9.5, 0, 67, 14.59, 0, 0, 2,
63637, -5.47, 13.92, 0.62, -4.69, 16, 0, 1, 0, 40, 0.37, 1.44, 5.4, 0, 1044, 9.5, 0, 67, 14.81, 0, 0, 2,
63871, -4.69, 13.92, 0.62, -4.69, 16, 0, 1, 0, 40, 0.38, 1.44, 5.36, 0, 1039, 10, 0, 67, 14.47, 0, 0, 1.99,
64106, -4.69, 13.84, 0.62, -4.69, 16, 0, 1, 0, 40, 0.37, 1.44, 5.4, 0, 1056, 8, 0, 67, 14.7, 0, 0, 2.03,
64356, -4.69, 13.68, 0.62, -4.69, 16, 0, 1, 0, 40, 0.38, 1.44, 5.4, 0, 1040, 10, 0, 67, 14.47, 0, 0, 2,
64591, -4.69, 13.68, 0.61, -4.69, 16, 0, 1, 0, 40, 0.37, 1.42, 5.4, 0, 1064, 7, 0, 67, 14.47, 0, 0, 2.04,
64825, -4.69, 13.68, 0.63, -4.69, 16, 0, 1, 0, 40, 0.38, 1.42, 5.4, 0, 1042, 10, 0, 67, 14.36, 0, 0, 2,
65075, -5.47, 13.92, 0.63, -4.69, 16, 0, 1, 0, 40, 0.38, 1.44, 5.43, 0, 1044, 9.5, 0, 67, 14.36, 0, 0, 2,
65309, -5.47, 13.84, 0.63, -4.69, 16, 0, 1, 0, 40, 0.37, 1.42, 5.4, 0, 1055, 8, 0, 67, 14.59, 0, 0, 2.03,
65559, -5.47, 13.92, 0.6, -4.69, 16, 0, 1, 0, 40, 0.37, 1.42, 5.33, 0, 1052, 9, 0, 67, 14.36, 0, 0, 2.02,
65794, -6.25, 13.84, 0.62, -4.69, 16, 0, 1, 0, 40, 0.37, 1.42, 5.4, 0, 1042, 10, 0, 67, 14.47, 0, 0, 2,
66028, -6.25, 13.92, 0.62, -4.69, 16, 0, 1, 0, 40, 0.37, 1.42, 5.33, 0, 1037, 10.5, 0, 67, 14.36, 0, 0, 1.99,
66278, -6.25, 13.92, 0.62, -4.69, 16, 0, 1, 0, 40, 0.37, 1.44, 5.4, 0, 1052, 8.5, 0, 67, 14.59, 0, 0, 2.02,
66513, -5.47, 13.84, 0.63, -4.69, 16, 0, 1, 0, 40, 0.38, 1.42, 5.4, 0, 1030, 10.5, 0, 67, 14.7, 0, 0, 1.98,
66747, -5.47, 13.76, 0.62, -4.69, 16, 0, 1, 0, 40, 0.38, 1.42, 5.4, 0, 1052, 8, 0, 67, 14.7, 0, 0, 2.02,
66997, -5.47, 13.76, 0.62, -4.69, 16, 0, 1, 0, 40, 0.37, 1.42, 5.4, 0, 1043, 9.5, 0, 67, 14.81, 0, 0, 2,
67231, -4.69, 13.84, 0.61, -4.69, 16, 0, 1, 0, 40, 0.37, 1.42, 5.4, 0, 1054, 8, 0, 68, 14.7, 0, 0, 2.02,
67466, -4.69, 13.92, 0.62, -4.69, 16, 0, 1, 0, 40, 0.37, 1.42, 5.4, 0, 1036, 10.5, 0, 68, 14.7, 0, 0, 1.99,
67716, -5.47, 13.84, 0.62, -4.69, 16, 0, 1, 0, 40, 0.37, 1.44, 5.4, 0, 1054, 8.5, 0, 68, 14.47, 0, 0, 2.02,
67950, -5.47, 13.68, 0.61, -4.69, 16, 0, 1, 0, 40, 0.37, 1.42, 5.4, 0, 1046, 9.5, 0, 68, 14.36, 0, 0, 2.01,
68200, -5.47, 13.68, 0.61, -4.69, 16, 0, 1, 0, 40, 0.37, 1.44, 5.33, 0, 1044, 10, 0, 68, 14.47, 0, 0, 2.01,
68435, -5.47, 13.84, 0.61, -4.69, 16, 0, 1, 0, 40, 0.37, 1.44, 5.33, 0, 1043, 10, 0, 68, 14.47, 0, 0, 2,
68669, -5.47, 13.84, 0.61, -4.69, 16, 0, 1, 0, 40, 0.37, 1.42, 5.33, 0, 1046, 9.5, 0, 68, 14.59, 0, 0, 2.01,
68919, -5.47, 13.92, 0.6, -4.69, 16, 0, 1, 0, 40, 0.37, 1.44, 5.3, 0, 1046, 9.5, 0, 68, 14.47, 0, 0, 2.01,
69153, -4.69, 13.84, 0.61, -4.69, 16, 0, 1, 0, 40, 0.37, 1.42, 5.33, 0, 1046, 9.5, 0, 68, 14.59, 0, 0, 2.01,
69388, -5.47, 13.92, 0.6, -4.69, 16, 0, 1, 0, 40, 0.37, 1.42, 5.27, 0, 1041, 10, 0, 68, 14.59, 0, 0, 2,
69639, -4.69, 13.92, 0.62, -4.69, 16, 0, 1, 0, 40, 0.37, 1.44, 5.4, 0, 1038, 9.5, 0, 68, 14.7, 0, 0, 1.99,
69873, -4.69, 13.92, 0.61, -4.69, 16, 0, 1, 0, 40, 0.37, 1.42, 5.4, 0, 1052, 9, 0, 68, 14.7, 0, 0, 2.02,
70108, -5.47, 13.68, 0.61, -4.69, 16, 0, 1, 0, 40, 0.37, 1.42, 5.33, 0, 1051, 9, 0, 68, 14.47, 0, 0, 2.02,
70357, -4.69, 13.76, 0.61, -4.69, 16, 0, 1, 0, 40, 0.37, 1.42, 5.33, 0, 1039, 10.5, 0, 68, 14.59, 0, 0, 2,
70592, -4.69, 13.68, 0.6, -4.69, 16, 0, 1, 0, 40, 0.37, 1.42, 5.33, 0, 1047, 9.5, 0, 68, 14.59, 0, 0, 2.01,
70826, -5.47, 13.92, 0.61, -4.69, 16, 0, 1, 0, 40, 0.37, 1.42, 5.4, 0, 1045, 10, 0, 68, 14.59, 0, 0, 2.01,
71076, -5.47, 13.92, 0.61, -4.69, 16, 0, 1, 0, 40, 0.37, 1.42, 5.3, 0, 1058, 9, 0, 68, 14.36, 0, 0, 2.03,
71311, -5.47, 13.84, 0.6, -4.69, 16, 0, 1, 0, 40, 0.37, 1.42, 5.3, 0, 1059, 8.5, 0, 68, 14.47, 0, 0, 2.03,
71561, -5.47, 13.84, 0.61, -4.69, 16, 0, 1, 0, 40, 0.37, 1.44, 5.33, 0, 1042, 10.5, 0, 68, 14.47, 0, 0, 2,
71795, -4.69, 13.76, 0.6, -4.69, 16, 0, 1, 0, 40, 0.37, 1.44, 5.33, 0, 1062, 8, 0, 68, 14.47, 0, 0, 2.04,
72029, -4.69, 13.84, 0.62, -4.69, 16, 0, 1, 0, 40, 0.37, 1.42, 5.27, 0, 1052, 9.5, 0, 68, 14.7, 0, 0, 2.02,
72279, -4.69, 13.84, 0.62, -4.69, 16, 0, 1, 0, 40, 0.37, 1.44, 5.3, 0, 1049, 10, 0, 68, 14.59, 0, 0, 2.01,
72514, -5.47, 13.84, 0.62, -4.69, 16, 0, 1, 0, 40, 0.37, 1.42, 5.33, 0, 1048, 10, 0, 68, 14.59, 0, 0, 2.01,
72748, -5.47, 13.84, 0.6, -4.69, 16, 0, 1, 0, 40, 0.37, 1.42, 5.33, 0, 1046, 10, 0, 68, 14.47, 0, 1, 2.01,
73000, -5.47, 13.92, 0.61, -4.69, 16, 0, 1, 0, 40, 0.37, 1.42, 5.36, 0, 1048, 10.5, 0, 68, 14.59, 0, 0, 2.01,
73240, -5.47, 13.92, 0.61, -4.69, 16, 0, 1, 0, 40, 0.37, 1.42, 5.4, 0, 1041, 10, 0, 68, 14.47, 0, 0, 2,
73473, -5.47, 13.92, 0.62, -4.69, 16, 0, 1, 0, 40, 0.37, 1.42, 5.33, 0, 1050, 9, 0, 68, 14.59, 0, 0, 2.02,
73715, -4.69, 13.68, 0.61, -4.69, 16, 0, 1, 0, 40, 0.37, 1.42, 5.33, 0, 1044, 9.5, 0, 68, 14.7, 0, 0, 2.01,
73956, -4.69, 13.68, 0.62, -4.69, 16, 0, 1, 0, 40, 0.37, 1.42, 5.33, 0, 1050, 9.5, 0, 68, 14.7, 0, 0, 2.02,
74190, -5.47, 13.68, 0.6, -4.69, 16, 0, 1, 0, 40, 0.37, 1.42, 5.33, 0, 1058, 8, 0, 68, 14.7, 0, 0, 2.03,
74438, -5.47, 13.84, 0.61, -4.69, 16, 0, 1, 0, 40, 0.37, 1.42, 5.3, 0, 1063, 8, 0, 68, 14.36, 0, 0, 2.04,
74676, -5.47, 13.84, 0.6, -4.69, 16, 0, 1, 0, 40, 0.37, 1.42, 5.33, 0, 1064, 8, 0, 68, 14.47, 0, 0, 2.04,
74908, -6.25, 13.84, 0.6, -4.69, 16, 0, 1, 0, 40, 0.37, 1.42, 5.3, 0, 1056, 9, 0, 68, 14.36, 0, 0, 2.03,
75155, -5.47, 13.76, 0.6, -4.69, 16, 0, 1, 0, 40, 0.37, 1.42, 5.3, 0, 1054, 9.5, 0, 68, 14.7, 0, 0, 2.02,
75393, -6.25, 13.84, 0.61, -4.69, 16, 0, 1, 0, 40, 0.37, 1.42, 5.27, 0, 1042, 10.5, 0, 68, 14.47, 0, 0, 2,
75641, -6.25, 13.92, 0.62, -4.69, 16, 0, 1, 0, 40, 0.37, 1.42, 5.3, 0, 1043, 10.5, 0, 68, 14.59, 0, 0, 2,
75879, -6.25, 13.84, 0.6, -4.69, 16, 0, 1, 0, 40, 0.37, 1.42, 5.23, 0, 1054, 9, 0, 68, 14.7, 0, 0, 2.02,
76111, -5.47, 13.84, 0.61, -4.69, 16, 0, 1, 0, 40, 0.37, 1.42, 5.27, 0, 1042, 11.5, 0, 68, 14.7, 0, 0, 2,
76358, -5.47, 13.76, 0.6, -4.69, 16, 0, 1, 0, 40, 0.37, 1.42, 5.33, 0, 1044, 9.5, 0, 68, 14.7, 0, 0, 2,
76596, -5.47, 13.92, 0.62, -4.69, 16, 0, 1, 0, 40, 0.37, 1.42, 5.33, 0, 1044, 10.5, 0, 68, 14.7, 0, 0, 2,
76827, -5.47, 13.84, 0.61, -4.69, 16, 0, 1, 0, 40, 0.37, 1.42, 5.27, 0, 1038, 10, 0, 68, 14.7, 0, 0, 1.99,
77081, -5.47, 13.84, 0.61, -4.69, 16, 0, 1, 0, 40, 0.37, 1.42, 5.27, 0, 1026, 11, 0, 68, 14.7, 0, 0, 1.97,
77312, -4.69, 13.68, 0.61, -4.69, 16, 0, 1, 0, 40, 0.37, 1.42, 5.27, 0, 1050, 8, 0, 68, 14.7, 0, 0, 2.02,
77560, -5.47, 13.68, 0.61, -4.69, 16, 0, 1, 0, 40, 0.37, 1.42, 5.27, 0, 1041, 9.5, 0, 68, 14.59, 0, 0, 2,
77798, -5.47, 13.76, 0.61, -4.69, 16, 0, 1, 0, 40, 0.37, 1.42, 5.27, 0, 1042, 9.5, 0, 69, 14.47, 0, 0, 2,
78030, -5.47, 13.84, 0.6, -4.69, 16, 0, 1, 0, 40, 0.37, 1.42, 5.23, 0, 1040, 9.5, 0, 69, 14.59, 0, 0, 2,
78277, -5.47, 13.84, 0.6, -4.69, 16, 0, 1, 0, 40, 0.37, 1.42, 5.27, 0, 1040, 9.5, 0, 69, 14.36, 0, 0, 2,
78515, -5.47, 13.84, 0.61, -4.69, 16, 0, 1, 0, 40, 0.37, 1.42, 5.27, 0, 1040, 9.5, 0, 69, 14.59, 0, 0, 2,
78746, -5.47, 13.92, 0.61, -4.69, 16, 0, 1, 0, 40, 0.37, 1.42, 5.27, 0, 1030, 10.5, 0, 69, 14.59, 0, 0, 1.98,
79000, -5.47, 13.92, 0.61, -4.69, 16, 0, 1, 0, 40, 0.37, 1.42, 5.27, 0, 1031, 10.5, 0, 69, 14.59, 0, 0, 1.98,
79231, -4.69, 13.92, 0.6, -4.69, 16, 0, 1, 0, 40, 0.37, 1.42, 5.23, 0, 1037, 9.5, 0, 69, 14.7, 0, 0, 1.99,
79478, -4.69, 13.84, 0.61, -4.69, 16, 0, 1, 0, 40, 0.37, 1.42, 5.27, 0, 1029, 10, 0, 69, 14.59, 0, 0, 1.98,
79716, -4.69, 13.84, 0.61, -4.69, 16, 0, 1, 0, 40, 0.37, 1.42, 5.27, 0, 1043, 8.5, 0, 69, 14.7, 0, 0, 2,
79948, -4.69, 13.76, 0.61, -4.69, 16, 0, 1, 0, 40, 0.37, 1.42, 5.3, 0, 1026, 10.5, 0, 69, 14.81, 0, 0, 1.97,
80201, -4.69, 13.84, 0.61, -4.69, 16, 0, 1, 0, 40, 0.37, 1.42, 5.3, 0, 1034, 9.5, 0, 69, 14.59, 0, 0, 1.98,
80432, -4.69, 13.84, 0.6, -4.69, 16, 0, 1, 0, 40, 0.37, 1.42, 5.27, 0, 1041, 8.5, 0, 69, 14.59, 0, 0, 2,
80679, -4.69, 13.84, 0.61, -4.69, 16, 0, 1, 0, 40, 0.37, 1.42, 5.27, 0, 1048, 8, 0, 69, 14.59, 0, 0, 2.01,
80917, -5.47, 13.68, 0.62, -4.69, 16, 0, 1, 0, 40, 0.37, 1.42, 5.27, 0, 1034, 9.5, 0, 69, 14.59, 0, 0, 1.99,
81148, -5.47, 13.76, 0.6, -4.69, 16, 0, 1, 0, 40, 0.37, 1.42, 5.21, 0, 1050, 8, 0, 69, 14.36, 0, 0, 2.02,
81401, -5.47, 13.76, 0.6, -4.69, 16, 0, 1, 0, 40, 0.37, 1.42, 5.21, 0, 1046, 8.5, 0, 69, 14.36, 0, 0, 2.01,
81633, -5.47, 13.84, 0.61, -4.69, 16, 0, 1, 0, 40, 0.37, 1.42, 5.27, 0, 1033, 10, 0, 69, 14.47, 0, 0, 1.98,
81880, -5.47, 13.84, 0.6, -4.69, 16, 0, 1, 0, 40, 0.37, 1.42, 5.27, 0, 1037, 9.5, 0, 69, 14.47, 0, 0, 1.99,
82118, -5.47, 13.84, 0.6, -4.69, 16, 0, 1, 0, 40, 0.37, 1.42, 5.23, 0, 1038, 9.5, 0, 69, 14.47, 0, 0, 1.99,
82350, -5.47, 13.92, 0.62, -4.69, 16, 0, 1, 0, 40, 0.37, 1.42, 5.27, 0, 1020, 11.5, 0, 69, 14.36, 0, 0, 1.96,
82587, -5.47, 13.92, 0.6, -4.69, 16, 0, 1, 0, 40, 0.37, 1.42, 5.21, 0, 1050, 8, 0, 69, 14.7, 0, 0, 2.02,
82834, -5.47, 13.92, 0.61, -4.69, 16, 0, 1, 0, 40, 0.37, 1.42, 5.27, 0, 1028, 10.5, 0, 69, 14.7, 0, 0, 1.97,
83082, -4.69, 13.76, 0.61, -4.69, 16, 0, 1, 0, 40, 0.37, 1.42, 5.23, 0, 1036, 9.5, 0, 69, 14.59, 0, 0, 1.99,
83320, -4.69, 13.68, 0.61, -4.69, 16, 0, 1, 0, 40, 0.37, 1.42, 5.27, 0, 1036, 9.5, 0, 69, 14.7, 0, 0, 1.99,
83551, -4.69, 13.76, 0.61, -4.69, 16, 0, 1, 0, 40, 0.37, 1.42, 5.27, 0, 1044, 9, 0, 69, 14.59, 0, 0, 2,
83789, -4.69, 13.84, 0.6, -4.69, 16, 0, 1, 0, 40, 0.37, 1.42, 5.27, 0, 1042, 9.5, 0, 69, 14.7, 0, 0, 2,
84036, -5.47, 13.84, 0.6, -4.69, 16, 0, 1, 0, 40, 0.37, 1.42, 5.21, 0, 1028, 10.5, 0, 69, 14.59, 0, 0, 1.97,
84267, -5.47, 13.84, 0.6, -4.69, 16, 0, 1, 0, 40, 0.37, 1.42, 5.21, 0, 1047, 8.5, 0, 69, 14.47, 0, 0, 2.01,
84521, -5.47, 13.76, 0.6, -4.69, 16, 0, 1, 0, 40, 0.37, 1.42, 5.27, 0, 1034, 10, 0, 69, 14.47, 0, 0, 1.98,
84753, -5.47, 13.68, 0.6, -4.69, 16, 0, 1, 0, 40, 0.37, 1.42, 5.21, 0, 1035, 10, 0, 69, 14.47, 0, 0, 1.99,
84991, -5.47, 13.76, 0.6, -4.69, 16, 0, 1, 0, 40, 0.37, 1.42, 5.23, 0, 1044, 9, 0, 69, 14.59, 0, 0, 2,
85238, -5.47, 13.84, 0.62, -4.69, 16, 0, 1, 0, 40, 0.37, 1.42, 5.27, 0, 1025, 11, 0, 69, 14.36, 0, 0, 1.97,
85469, -5.47, 13.92, 0.6, -4.69, 16, 0, 1, 0, 40, 0.37, 1.42, 5.21, 0, 1046, 8.5, 0, 69, 14.47, 0, 0, 2.01,
85723, -5.47, 13.92, 0.6, -4.69, 16, 0, 1, 0, 40, 0.37, 1.42, 5.23, 0, 1030, 10.5, 0, 69, 14.59, 0, 0, 1.98,
85954, -5.47, 13.92, 0.61, -4.69, 16, 0, 1, 0, 40, 0.37, 1.42, 5.23, 0, 1041, 9.5, 0, 69, 14.59, 0, 0, 2,
86192, -4.69, 13.92, 0.6, -4.69, 16, 0, 1, 0, 40, 0.37, 1.42, 5.27, 0, 1036, 10, 0, 69, 14.7, 0, 0, 1.99,
86439, -4.69, 13.92, 0.61, -4.69, 16, 0, 1, 0, 40, 0.37, 1.42, 5.27, 0, 1046, 8.5, 0, 69, 14.7, 0, 0, 2.01,
86670, -4.69, 13.68, 0.61, -4.69, 16, 0, 1, 0, 41, 0.37, 1.42, 5.21, 0, 1050, 8.5, 0, 69, 14.7, 0, 0, 2.02,
86920, -5.47, 13.68, 0.61, -4.69, 16, 0, 1, 0, 41, 0.37, 1.42, 5.21, 0, 1036, 10, 0, 70, 14.47, 0, 0, 1.99,
87155, -5.47, 13.76, 0.6, -4.69, 16, 0, 1, 0, 41, 0.37, 1.42, 5.21, 0, 1036, 10, 0, 70, 14.47, 0, 0, 1.99,
87393, -5.47, 13.84, 0.59, -4.69, 16, 0, 1, 0, 41, 0.37, 1.42, 5.21, 0, 1036, 9.5, 0, 70, 14.7, 0, 0, 1.99,
87640, -6.25, 13.84, 0.61, -4.69, 16, 0, 1, 0, 41, 0.37, 1.42, 5.27, 0, 1028, 10.5, 0, 70, 14.36, 0, 0, 1.97,
87872, -6.25, 13.84, 0.6, -4.69, 16, 0, 1, 0, 41, 0.37, 1.42, 5.21, 0, 1023, 11, 0, 70, 14.47, 0, 0, 1.96,
88110, -6.25, 13.76, 0.61, -4.69, 16, 0, 1, 0, 41, 0.37, 1.42, 5.21, 0, 1028, 10.5, 0, 70, 14.36, 0, 0, 1.97,
88361, -6.25, 13.84, 0.61, -4.69, 16, 0, 1, 0, 41, 0.37, 1.42, 5.21, 0, 1040, 9, 0, 70, 14.59, 0, 0, 2,
88596, -5.47, 13.84, 0.61, -4.69, 16, 0, 1, 0, 41, 0.37, 1.42, 5.14, 0, 1037, 9.5, 0, 70, 14.7, 0, 0, 1.99,
88843, -5.47, 13.84, 0.61, -4.69, 16, 0, 1, 0, 41, 0.37, 1.42, 5.17, 0, 1025, 10.5, 0, 70, 14.36, 0, 0, 1.97,
89074, -5.47, 13.84, 0.6, -4.69, 16, 0, 1, 0, 41, 0.37, 1.42, 5.21, 0, 1041, 8, 0, 70, 14.7, 0, 0, 2,
89313, -5.47, 13.84, 0.61, -4.69, 16, 0, 1, 0, 41, 0.37, 1.42, 5.17, 0, 1017, 11.5, 0, 70, 14.81, 0, 0, 1.95,
89560, -5.47, 13.92, 0.59, -4.69, 16, 0, 1, 0, 41, 0.37, 1.42, 5.14, 0, 1043, 8, 0, 70, 14.7, 0, 0, 2,
89798, -5.47, 13.84, 0.61, -4.69, 16, 0, 1, 0, 41, 0.37, 1.42, 5.21, 0, 1032, 9.5, 0, 70, 14.7, 0, 0, 1.98,
90030, -4.69, 13.92, 0.59, -4.69, 16, 0, 1, 0, 41, 0.37, 1.42, 5.14, 0, 1042, 8.5, 0, 70, 14.59, 0, 0, 2,
90278, -5.47, 13.68, 0.61, -4.69, 16, 0, 1, 0, 41, 0.37, 1.42, 5.21, 0, 1027, 10.5, 0, 70, 14.7, 0, 0, 1.97,
90516, -5.47, 13.68, 0.6, -4.69, 16, 0, 1, 0, 41, 0.37, 1.42, 5.21, 0, 1039, 9, 0, 70, 14.59, 0, 0, 1.99,
90763, -5.47, 13.68, 0.6, -4.69, 16, 0, 1, 0, 41, 0.36, 1.42, 5.21, 0, 1045, 8.5, 0, 70, 14.59, 0, 0, 2.01,
91000, -5.47, 13.92, 0.59, -4.69, 16, 0, 1, 0, 41, 0.37, 1.42, 5.17, 0, 1036, 9.5, 0, 70, 14.7, 0, 0, 1.99,
91232, -5.47, 13.84, 0.6, -4.69, 16, 0, 1, 0, 41, 0.37, 1.42, 5.17, 0, 1017, 11, 0, 70, 14.47, 0, 0, 1.95,
91479, -6.25, 13.84, 0.61, -4.69, 16, 0, 1, 0, 41, 0.37, 1.42, 5.17, 0, 1029, 9.5, 0, 70, 14.47, 0, 0, 1.98,
91717, -6.25, 13.84, 0.61, -4.69, 16, 0, 1, 0, 41, 0.37, 1.42, 5.17, 0, 1009, 10.5, 0, 70, 14.36, 0, 0, 1.94,
91964, -6.25, 13.92, 0.6, -4.69, 16, 0, 1, 0, 41, 0.37, 1.42, 5.21, 0, 1036, 9.5, 0, 70, 14.59, 0, 0, 1.99,
92202, -5.47, 13.92, 0.6, -4.69, 16, 0, 1, 0, 41, 0.37, 1.42, 5.14, 0, 1025, 9.5, 0, 70, 14.7, 0, 0, 1.97,
92433, -5.47, 13.84, 0.61, -4.69, 16, 0, 1, 0, 41, 0.37, 1.42, 5.14, 0, 1015, 10.5, 0, 70, 14.47, 0, 0, 1.95,
92680, -5.47, 13.84, 0.6, -4.69, 16, 0, 1, 0, 41, 0.37, 1.42, 5.14, 0, 1037, 8, 0, 70, 14.7, 0, 0, 1.99,
92918, -5.47, 13.76, 0.6, -4.69, 16, 0, 1, 0, 41, 0.37, 1.42, 5.21, 0, 1022, 10, 0, 70, 14.81, 0, 0, 1.96,
93149, -5.47, 13.92, 0.61, -4.69, 16, 0, 1, 0, 41, 0.37, 1.42, 5.17, 0, 1036, 8.5, 0, 70, 14.59, 0, 0, 1.99,
93403, -4.69, 13.84, 0.6, -4.69, 16, 0, 1, 0, 41, 0.37, 1.42, 5.21, 0, 1021, 10, 0, 70, 14.7, 0, 0, 1.96,
93635, -4.69, 13.84, 0.6, -4.69, 16, 0, 1, 0, 41, 0.37, 1.42, 5.21, 0, 1036, 8.5, 0, 70, 14.59, 0, 0, 1.99,
93881, -4.69, 13.68, 0.6, -4.69, 16, 0, 1, 0, 41, 0.36, 1.4, 5.21, 0, 1043, 8, 0, 70, 14.7, 0, 0, 2,
94119, -5.47, 13.76, 0.61, -4.69, 16, 0, 1, 0, 41, 0.36, 1.42, 5.21, 0, 1034, 9.5, 0, 70, 14.36, 0, 0, 1.99,
94351, -6.25, 13.76, 0.61, -4.69, 16, 0, 1, 0, 41, 0.36, 1.42, 5.21, 0, 1026, 9.5, 0, 70, 14.36, 0, 0, 1.97,
94604, -5.47, 13.84, 0.6, -4.69, 16, 0, 1, 0, 41, 0.37, 1.42, 5.21, 0, 1027, 10, 0, 70, 14.59, 0, 0, 1.97,
94836, -5.47, 13.84, 0.59, -4.69, 16, 0, 1, 0, 41, 0.37, 1.42, 5.14, 0, 1034, 9, 0, 70, 14.59, 0, 0, 1.99,
95082, -5.47, 13.84, 0.61, -4.69, 16, 0, 1, 0, 41, 0.37, 1.42, 5.14, 0, 1019, 10.5, 0, 70, 14.47, 0, 0, 1.96,
95320, -6.25, 13.84, 0.6, -4.69, 16, 0, 1, 0, 41, 0.37, 1.42, 5.14, 0, 1036, 9, 0, 70, 14.47, 0, 0, 1.99,
95551, -6.25, 13.84, 0.61, -4.69, 16, 0, 1, 0, 41, 0.37, 1.42, 5.14, 0, 1014, 11, 0, 70, 14.47, 0, 0, 1.95,
95805, -6.25, 13.84, 0.61, -4.69, 16, 0, 1, 0, 41, 0.37, 1.42, 5.21, 0, 1033, 9, 0, 70, 14.59, 0, 0, 1.98,
96036, -6.25, 13.84, 0.6, -4.69, 16, 0, 1, 0, 41, 0.37, 1.4, 5.14, 0, 1030, 9.5, 0, 70, 14.47, 0, 0, 1.98,
96283, -6.25, 13.76, 0.6, -4.69, 16, 0, 1, 0, 41, 0.36, 1.42, 5.14, 0, 1026, 10, 0, 70, 14.59, 0, 0, 1.97,
96521, -5.47, 13.84, 0.61, -4.69, 16, 0, 1, 0, 41, 0.37, 1.4, 5.14, 0, 1016, 10.5, 0, 70, 14.81, 0, 0, 1.95,
96753, -5.47, 13.84, 0.6, -4.69, 16, 0, 1, 0, 41, 0.37, 1.42, 5.14, 0, 1007, 11.5, 0, 70, 14.47, 0, 0, 1.93,
97006, -5.47, 13.84, 0.6, -4.69, 16, 0, 1, 0, 41, 0.37, 1.42, 5.14, 0, 1029, 9, 0, 70, 14.59, 0, 0, 1.98,
97237, -5.47, 13.68, 0.61, -4.69, 16, 0, 1, 0, 41, 0.37, 1.42, 5.1, 0, 1021, 10, 0, 70, 14.7, 0, 0, 1.96,
97485, -5.47, 13.76, 0.59, -4.69, 16, 0, 1, 0, 41, 0.37, 1.42, 5.14, 0, 1041, 8, 0, 70, 14.7, 0, 0, 2,
97723, -5.47, 13.6, 0.6, -4.69, 16, 0, 1, 0, 41, 0.37, 1.42, 5.14, 0, 1022, 10, 0, 71, 14.7, 0, 0, 1.96,
97954, -5.47, 13.84, 0.6, -4.69, 16, 0, 1, 0, 41, 0.37, 1.42, 5.14, 0, 1025, 9.5, 0, 71, 14.59, 0, 0, 1.97,
98201, -5.47, 13.84, 0.62, -4.69, 16, 0, 1, 0, 41, 0.37, 1.4, 5.14, 0, 1013, 10.5, 0, 71, 14.59, 0, 0, 1.94,
98438, -5.47, 13.84, 0.59, -4.69, 16, 0, 1, 0, 41, 0.37, 1.4, 5.08, 0, 1036, 8, 0, 71, 14.47, 0, 0, 1.99,
98685, -5.47, 13.92, 0.61, -4.69, 16, 0, 1, 0, 41, 0.37, 1.42, 5.1, 0, 1030, 9, 0, 71, 14.47, 0, 0, 1.98,
98923, -5.47, 13.92, 0.61, -4.69, 16, 0, 1, 0, 41, 0.37, 1.42, 5.14, 0, 1015, 10.5, 0, 71, 14.7, 0, 0, 1.95,
99154, -5.47, 13.92, 0.6, -4.69, 16, 0, 1, 0, 41, 0.37, 1.42, 5.1, 0, 1024, 9.5, 0, 71, 14.59, 0, 0, 1.97,
99401, -5.47, 13.76, 0.6, -4.69, 16, 0, 1, 0, 41, 0.37, 1.42, 5.17, 0, 1017, 10, 0, 71, 14.59, 0, 0, 1.95,
99639, -5.47, 13.76, 0.6, -4.69, 16, 0, 1, 0, 41, 0.37, 1.4, 5.08, 0, 1027, 9.5, 0, 71, 14.7, 0, 0, 1.97,
99886, -6.25, 13.68, 0.6, -4.69, 16, 0, 1, 0, 41, 0.37, 1.4, 5.14, 0, 1022, 9.5, 0, 71, 14.24, 0, 0, 1.96,
100124, -6.25, 13.84, 0.6, -4.69, 16, 0, 1, 0, 41, 0.37, 1.4, 5.14, 0, 1020, 9.5, 0, 71, 14.59, 0, 0, 1.96,
100356, -6.25, 13.84, 0.59, -4.69, 16, 0, 1, 0, 41, 0.37, 1.4, 5.1, 0, 1029, 8, 0, 71, 14.36, 0, 0, 1.98,
100604, -7.03, 13.84, 0.6, -4.69, 16, 0, 1, 0, 41, 0.37, 1.4, 5.14, 0, 1024, 9.5, 0, 71, 14.47, 0, 0, 1.97,
Time,Air/Fuel Correction #1 (%),Battery Voltage (V),Engine Load (g/cyl),Air/Fuel Learning #1 (%),Advance Multiplier,Vehicle Speed (KPH),Neutral Position Switch Signal (On/Off),Primary Wastegate Duty Cycle (%),Intake Air Temperature (B C),Manifold Absolute Pressure (Bar),Air Flow Sensor Voltage (V),Mass Air Flow (g/s),Knock Correction (B BTDC),Engine Speed (RPM),Ignition Timing (B BTDC),Throttle Opening Angle (%),Coolant Temperature (B C),Air/Fuel Sensor #1 (AFR),Air/Fuel Correction #3 (%),Knock Signal #1 (On/Off),Fuel Injector #1 Pulse Width (%),
0, -6.25, 13.68, 0.6, -4.69, 16, 0, 1, 0, 41, 0.37, 1.42, 5.14, 0, 1022, 9.5, 0, 71, 14.59, 0, 0, 1.96,
231, -5.47, 13.76, 0.6, -4.69, 16, 0, 1, 0, 41, 0.37, 1.42, 5.08, 0, 1023, 9.5, 0, 71, 14.47, 0, 0, 1.96,
484, -5.47, 13.76, 0.61, -4.69, 16, 0, 1, 0, 41, 0.36, 1.42, 5.14, 0, 1028, 9, 0, 71, 14.59, 0, 0, 1.97,
716, -6.25, 13.84, 0.6, -4.69, 16, 0, 1, 0, 41, 0.37, 1.42, 5.14, 0, 1015, 10.5, 0, 71, 14.59, 0, 0, 1.95,
963, -6.25, 13.84, 0.61, -4.69, 16, 0, 1, 0, 41, 0.37, 1.4, 5.1, 0, 1018, 9.5, 0, 71, 14.47, 0, 0, 1.95,
1200, -6.25, 13.84, 0.6, -4.69, 16, 0, 1, 0, 41, 0.37, 1.4, 5.14, 0, 1016, 10, 0, 71, 14.7, 0, 0, 1.95,
1432, -5.47, 13.92, 0.6, -4.69, 16, 0, 1, 0, 41, 0.37, 1.42, 5.08, 0, 1021, 9.5, 0, 71, 14.7, 0, 0, 1.96,
1685, -5.47, 13.84, 0.6, -4.69, 16, 0, 1, 0, 41, 0.37, 1.42, 5.14, 0, 1034, 8, 0, 71, 14.7, 0, 0, 1.98,
1917, -5.47, 13.84, 0.6, -4.69, 16, 0, 1, 0, 41, 0.37, 1.42, 5.14, 0, 1019, 10, 0, 71, 14.7, 0, 0, 1.96,
2164, -5.47, 13.68, 0.59, -4.69, 16, 0, 1, 0, 41, 0.37, 1.42, 5.14, 0, 1030, 8.5, 0, 71, 14.7, 0, 0, 1.98,
2402, -5.47, 13.68, 0.6, -4.69, 16, 0, 1, 0, 41, 0.36, 1.4, 5.08, 0, 1022, 9.5, 0, 71, 14.7, 0, 0, 1.96,
2634, -5.47, 13.68, 0.61, -4.69, 16, 0, 1, 0, 41, 0.37, 1.4, 5.17, 0, 1024, 9.5, 0, 71, 14.59, 0, 0, 1.97,
2872, -6.25, 13.84, 0.6, -4.69, 16, 0, 1, 0, 41, 0.37, 1.4, 5.14, 0, 1029, 9, 0, 71, 14.36, 0, 0, 1.98,
3118, -5.47, 13.84, 0.6, -4.69, 16, 0, 1, 0, 41, 0.36, 1.4, 5.14, 0, 1016, 10.5, 0, 71, 14.59, 0, 0, 1.95,
3350, -6.25, 13.84, 0.59, -4.69, 16, 0, 1, 0, 41, 0.37, 1.4, 5.08, 0, 1030, 9, 0, 71, 14.47, 0, 0, 1.98,
3604, -6.25, 13.6, 0.6, -4.69, 16, 0, 1, 0, 41, 0.37, 1.42, 5.14, 0, 1012, 10.5, 0, 71, 14.36, 0, 0, 1.94,
3836, -6.25, 13.76, 0.59, -4.69, 16, 0, 1, 0, 41, 0.37, 1.42, 5.08, 0, 1033, 8, 0, 71, 14.47, 0, 0, 1.98,
4074, -6.25, 13.68, 0.6, -4.69, 16, 0, 1, 0, 41, 0.36, 1.42, 5.1, 0, 1019, 10, 0, 71, 14.36, 0, 0, 1.96,
4321, -6.25, 13.84, 0.59, -4.69, 16, 0, 1, 0, 41, 0.36, 1.4, 5.08, 0, 1026, 9.5, 0, 71, 14.47, 0, 0, 1.97,
4553, -7.03, 13.84, 0.61, -4.69, 16, 0, 1, 0, 41, 0.37, 1.4, 5.14, 0, 1003, 11.5, 0, 71, 14.36, 0, 0, 1.93,
4791, -6.25, 13.76, 0.6, -4.69, 16, 0, 1, 0, 41, 0.37, 1.4, 5.14, 0, 1017, 9.5, 0, 71, 14.59, 0, 0, 1.95,
5038, -6.25, 13.84, 0.61, -4.69, 16, 0, 1, 0, 41, 0.37, 1.42, 5.1, 0, 1016, 10, 0, 71, 14.7, 0, 0, 1.95,
5276, -6.25, 13.84, 0.6, -4.69, 16, 0, 1, 0, 41, 0.37, 1.42, 5.1, 0, 1004, 11, 0, 71, 14.47, 0, 0, 1.93,
5523, -5.47, 13.84, 0.59, -4.69, 16, 0, 1, 0, 41, 0.37, 1.4, 5.08, 0, 1024, 9, 0, 71, 14.7, 0, 0, 1.97,
5754, -5.47, 13.68, 0.6, -4.69, 16, 0, 1, 0, 41, 0.37, 1.4, 5.08, 0, 1020, 9.5, 0, 71, 14.81, 0, 0, 1.96,
5993, -5.47, 13.68, 0.59, -4.69, 16, 0, 1, 0, 41, 0.37, 1.4, 5.08, 0, 1038, 7.5, 0, 71, 14.7, 0, 0, 1.99,
6240, -5.47, 13.76, 0.6, -4.69, 16, 0, 1, 0, 41, 0.36, 1.4, 5.14, 0, 1028, 9, 0, 71, 14.81, 0, 0, 1.97,
6478, -5.47, 13.84, 0.59, -4.69, 16, 0, 1, 0, 41, 0.37, 1.42, 5.08, 0, 1020, 10, 0, 71, 14.59, 0, 0, 1.96,
6725, -5.47, 13.84, 0.6, -4.69, 16, 0, 1, 0, 41, 0.37, 1.42, 5.14, 0, 1024, 9.5, 0, 71, 14.47, 0, 0, 1.97,
6956, -5.47, 13.84, 0.61, -4.69, 16, 0, 1, 0, 41, 0.37, 1.42, 5.14, 0, 1002, 11.5, 0, 72, 14.7, 0, 0, 1.92,
7194, -4.69, 13.68, 0.6, -4.69, 16, 0, 1, 0, 41, 0.37, 1.4, 5.04, 0, 1027, 9, 0, 72, 14.7, 0, 0, 1.97,
7441, -5.47, 13.76, 0.6, -4.69, 16, 0, 1, 0, 41, 0.36, 1.4, 5.08, 0, 1014, 10.5, 0, 72, 14.7, 0, 0, 1.95,
7678, -5.47, 13.84, 0.6, -4.69, 16, 0, 1, 0, 41, 0.37, 1.4, 5.04, 0, 1017, 9.5, 0, 72, 14.59, 0, 0, 1.95,
7925, -5.47, 13.84, 0.6, -4.69, 16, 0, 1, 0, 41, 0.37, 1.42, 5.14, 0, 1018, 9.5, 0, 72, 14.59, 0, 0, 1.96,
8157, -5.47, 13.84, 0.6, -4.69, 16, 0, 1, 0, 41, 0.36, 1.4, 5.01, 0, 1025, 9.5, 0, 72, 14.7, 0, 0, 1.97,
8395, -5.47, 13.84, 0.6, -4.69, 16, 0, 1, 0, 41, 0.37, 1.42, 5.1, 0, 1017, 9.5, 0, 72, 14.7, 0, 0, 1.95,
8642, -4.69, 13.84, 0.58, -4.69, 16, 0, 1, 0, 41, 0.36, 1.4, 4.95, 0, 1023, 9.5, 0, 72, 14.7, 0, 0, 1.96,
8880, -5.47, 13.84, 0.6, -4.69, 16, 0, 1, 0, 41, 0.36, 1.4, 5.01, 0, 1006, 11, 0, 72, 14.47, 0, 0, 1.93,
