<rom>
  <romid>
    <xmlid>A2TB100K</xmlid>
    <internalidaddress>2000</internalidaddress>
    <internalidstring>A2TB100K</internalidstring>
    <ecuid>5204784007</ecuid>
    <year>07</year>
    <market>JDM</market>
    <make>Subaru</make>
    <model>Legacy</model>
    <submodel>GT spec.B</submodel>
    <transmission>MT</transmission>
    <memmodel>SH7058</memmodel>
    <flashmethod>subarucan</flashmethod>
    <checksummodule>subarudbw</checksummodule>
  </romid>
  <include>32BITBASE</include>
  <table name="Target Boost_" address="c1780">
    <table name="X" address="c1700" elements="16" />
    <table name="Y" address="c1740" elements="16" />
  </table>
  <table name="Target Boost Compensation (ECT)" address="c0980">
    <table name="Y" address="c06e0" />
  </table>
  <table name="Target Boost Compensation (1st Gear)" address="c06d8" />
  <table name="Target Boost Compensation (1st Gear) Speed Disable" address="c06d4" />
  <table name="Target Boost Compensation (IAT)" address="c09d0">
    <table name="Y" address="c0990" />
  </table>
  <table name="Target Boost Compensation (Atm. Pressure)" address="c09f8">
    <table name="Y" address="c09e0" elements="6" />
  </table>
  <table name="Boost Limit (Fuel Cut)" address="c7614">
    <table name="Y" address="c75fc" />
  </table>
  <table name="Boost Control Disable (IAM)" address="c06c8" />
  <table name="Boost Control Disable (Fine Correction)" address="c06c4" />
  <table name="Boost Control Disable Delay (Fine Correction)" address="c0661" />
  <table name="Initial Wastegate Duty_" address="c12c0">
    <table name="X" address="c1248" elements="14" />
    <table name="Y" address="c1280" elements="16" />
  </table>
  <table name="Max Wastegate Duty_" address="c0e50">
    <table name="X" address="c0dd8" elements="14" />
    <table name="Y" address="c0e10" elements="16" />
  </table>
  <table name="Max Wastegate Duty Limit Post-Compensation" address="18ae4" />
  <table name="Initial/Max Wastegate Duty Compensation (IAT)" address="c07b0">
    <table name="Y" address="c0770" />
  </table>
  <table name="Initial/Max Wastegate Duty Compensation (ECT)" address="c0870">
    <table name="Y" address="c06e0" />
  </table>
  <table name="Initial/Max Wastegate Duty Compensation (Atm. Pressure)" address="c0b88">
    <table name="X" address="c0b60" />
    <table name="Y" address="c0b78" />
  </table>
  <table name="Turbo Dynamics Proportional" address="c0a24">
    <table name="Y" address="c0a00" />
  </table>
  <table name="Turbo Dynamics Integral Positive" address="c0a94">
    <table name="Y" address="c0a70" />
  </table>
  <table name="Turbo Dynamics Integral Negative" address="c0a5c">
    <table name="Y" address="c0a38" />
  </table>
  <table name="TD Proportional Compensation (IAT)" address="c08c0">
    <table name="Y" address="c0880" elements="16" />
  </table>
  <table name="TD Integral Positive Compensation (IAT)" address="c0960">
    <table name="Y" address="c0920" elements="16" />
  </table>
  <table name="TD Integral Negative Compensation (IAT)" address="c0910">
    <table name="Y" address="c08d0" elements="16" />
  </table>
  <table name="TD Activation Thresholds (RPM)" address="c06b4" />
  <table name="TD Activation Thresholds (Target Boost)_" address="c0690" />
  <table name="TD Integral Cumulative Range (WGDC Correction)" address="c06bc" />
  <table name="TD Integral Negative Activation (Boost Error)" address="c069c" />
  <table name="TD Integral Positive Activation (Boost Error)" address="c06a4" />
  <table name="TD Integral Positive Activation (Wastegate Duty)" address="c06a8" />
  <table name="Manifold Pressure Sensor Scaling" address="c028c" />
  <table name="Manifold Pressure Sensor Limits (CEL)" address="cd68c" />
  <table name="Manifold Pressure Sensor CEL Delays" address="c489a" />
  <table name="Primary Open Loop Fueling" address="c7d4c">
    <table name="X" address="c7cbc" elements="18" />
    <table name="Y" address="c7d04" />
  </table>
  <table name="Primary Open Loop Fueling (Failsafe)" address="c7f20">
    <table name="X" address="c7e90" elements="18" />
    <table name="Y" address="c7ed8" />
  </table>
  <table name="Primary Open Loop Fuel Map Switch (IAM)" address="c5c1c" />
  <table name="Minimum Active Primary Open Loop Enrichment" address="c5c20" />
  <table name="Minimum Primary Open Loop Enrichment (Throttle)" address="c6440">
    <table name="Y" address="c6428" />
  </table>
  <table name="Minimum Primary Open Loop Enrichment (Accelerator)" address="c6460">
    <table name="Y" address="c6448" />
  </table>
  <table name="Primary Open Loop Fueling Compensation (ECT)" address="c702c">
    <table name="Y" address="c5fc8" />
  </table>
  <table name="Primary Open Loop Fueling Compensation (Timing Compensation)" address="c63d0">
    <table name="Y" address="c63b8" />
  </table>
  <table name="Front Oxygen Sensor Scaling" address="cdc10">
    <table name="Y" address="cdbdc" />
  </table>
  <table name="Front Oxygen Sensor Rich Limit" address="2a288" />
  <table name="Front Oxygen Sensor Compensation (Atm. Pressure)" address="c3f58">
    <table name="Y" address="c3f48" />
  </table>
  <table name="CL Fueling Target Compensation (Load)" address="c8888">
    <table name="X" address="c8858" elements="6" />
    <table name="Y" address="c8870" elements="6" />
  </table>
  <table name="CL Fueling Target Compensation Imm. Cruise (ECT)" address="c8674">
    <table name="X" address="c5fc8" />
    <table name="Y" address="c866c" elements="2" />
  </table>
  <table name="CL Fueling Target Compensation Imm. Non-Cruise (ECT)" address="c8728">
    <table name="X" address="c5fc8" />
    <table name="Y" address="c8720" elements="2" />
  </table>
  <table name="CL to OL Delay_" address="c57f6" />
  <table name="CL to OL Delay/Switch SI-DRIVE Intelligent" address="c57f0" />
  <table name="CL to OL Transition with Delay (Throttle)" address="c6418">
    <table name="Y" address="c63d8" />
  </table>
  <table name="CL to OL Transition with Delay Throttle Hysteresis" address="c5c24" />
  <table name="CL to OL Transition with Delay (Base Pulse Width)" address="c6f58">
    <table name="Y" address="c6f18" />
  </table>
  <table name="CL to OL Transition with Delay BPW Hysteresis" address="c5c28" />
  <table name="CL to OL Transition Counter Step Value (MAF)" address="c6fa0">
    <table name="Y" address="c6f78" />
  </table>
  <table name="CL Delay Maximum (Throttle)" address="c5ca0" />
  <table name="CL Delay Maximum (Vehicle Speed)" address="c5ca4" />
  <table name="CL Delay Maximum (Engine Load)" address="c5cb4" />
  <table name="CL Delay Engine Load Counter Threshold" address="c57ee" />
  <table name="CL Delay Maximum Engine Speed (Per Gear)" address="c5c30" />
  <table name="CL Delay Maximum Engine Speed (Neutral)" address="c5c80" />
  <table name="Injector Latency" address="c6730">
    <table name="Y" address="c671c" />
  </table>
  <table name="Injector Flow Scaling" address="c597c" />
  <table name="Per Injector Pulse Width Compensation A" address="c80b4">
    <table name="X" address="c8064" elements="8" />
    <table name="Y" address="c8084" elements="12" />
  </table>
  <table name="Per Injector Pulse Width Compensation B" address="c8164">
    <table name="X" address="c8114" elements="8" />
    <table name="Y" address="c8134" elements="12" />
  </table>
  <table name="Per Injector Pulse Width Compensation C" address="c8214">
    <table name="X" address="c81c4" elements="8" />
    <table name="Y" address="c81e4" elements="12" />
  </table>
  <table name="Per Injector Pulse Width Compensation D" address="c82c4">
    <table name="X" address="c8274" elements="8" />
    <table name="Y" address="c8294" elements="12" />
  </table>
  <table name="Cranking Fuel Injector Pulse Width A (ECT)" address="c665a">
    <table name="Y" address="c5fc8" />
  </table>
  <table name="Cranking Fuel Injector Pulse Width B (ECT)" address="c667a">
    <table name="Y" address="c5fc8" />
  </table>
  <table name="Cranking Fuel Injector Pulse Width C (ECT)" address="c669a">
    <table name="Y" address="c5fc8" />
  </table>
  <table name="Cranking Fuel Injector Pulse Width D (ECT)" address="c66ba">
    <table name="Y" address="c5fc8" />
  </table>
  <table name="Cranking Fuel Injector Pulse Width E (ECT)" address="c66da">
    <table name="Y" address="c5fc8" />
  </table>
  <table name="Cranking Fuel Injector Pulse Width F (ECT)" address="c66fa">
    <table name="Y" address="c5fc8" />
  </table>
  <table name="Cranking Fuel IPW Compensation Imm. Cruise (RPM)" address="c7914">
    <table name="X" address="c78e4" />
    <table name="Y" address="c78f8" />
  </table>
  <table name="Cranking Fuel IPW Compensation Imm. Non-Cruise (RPM)" address="c79bc">
    <table name="X" address="c798c" />
    <table name="Y" address="c79a0" />
  </table>
  <table name="Cranking Fuel IPW Compensation (Accelerator)" address="c60fc">
    <table name="Y" address="c60e4" />
  </table>
  <table name="Throttle Tip-in Enrichment" address="c7568">
    <table name="Y" address="c7524" elements="17" />
  </table>
  <table name="Minimum Tip-in Enrichment Activation" address="c5e98" />
  <table name="Minimum Tip-in Enrichment Activation (Throttle)" address="c5e90" />
  <table name="Tip-in Enrichment Compensation (Boost Error)" address="c65d0">
    <table name="Y" address="c65ac" />
  </table>
  <table name="Tip-in Enrichment Compensation (ECT)" address="c758a">
    <table name="Y" address="c5fc8" />
  </table>
  <table name="Tip-in Enrichment Disable Applied Counter Threshold" address="c57a6" />
  <table name="Tip-in Enrichment Applied Counter Reset" address="c57a7" />
  <table name="Tip-in Enrichment Disable Throttle Cumulative Threshold" address="c5e94" />
  <table name="Tip-in Throttle Cumulative Reset" address="c57a8" />
  <table name="Min Primary Base Enrichment 1 Cruise" address="c7af0">
    <table name="X" address="c5fc8" />
    <table name="Y" address="c7ad0" />
  </table>
  <table name="Min Primary Base Enrichment 1 Non-Cruise" address="c7a50">
    <table name="X" address="c5fc8" />
    <table name="Y" address="c7a30" />
  </table>
  <table name="Min Primary Base Enrichment 1 (Non-Primary OL)" address="c7ba4">
    <table name="X" address="c7b70" />
    <table name="Y" address="c7b98" />
  </table>
  <table name="Min Primary Base Enrich 2 Initial Start 1A" address="c67ba">
    <table name="Y" address="c5fc8" />
  </table>
  <table name="Min Primary Base Enrich 2 Initial Start 1B" address="c67da">
    <table name="Y" address="c5fc8" />
  </table>
  <table name="Min Primary Base Enrich 2 Initial Start 2A" address="c67fa">
    <table name="Y" address="c5fc8" />
  </table>
  <table name="Min Primary Base Enrich 2 Initial Start 2B" address="c681a">
    <table name="Y" address="c5fc8" />
  </table>
  <table name="Min Primary Base Enrich 2 Decay Step 1" address="c683a">
    <table name="Y" address="c5fc8" />
  </table>
  <table name="Min Primary Base Enrich 2 Decay Step 2" address="c685a">
    <table name="Y" address="c5fc8" />
  </table>
  <table name="Min Primary Base Enrich 3 Initial Start 1A" address="c673a">
    <table name="Y" address="c5fc8" />
  </table>
  <table name="Min Primary Base Enrich 3 Initial Start 1B" address="c675a">
    <table name="Y" address="c5fc8" />
  </table>
  <table name="Min Primary Base Enrich 3 Initial Start 2A" address="c677a">
    <table name="Y" address="c5fc8" />
  </table>
  <table name="Min Primary Base Enrich 3 Initial Start 2B" address="c679a">
    <table name="Y" address="c5fc8" />
  </table>
  <table name="Min Primary Base Enrich 3 Decay Delay A" address="c6112">
    <table name="Y" address="c5fc8" />
  </table>
  <table name="Min Primary Base Enrich 3 Decay Delay B" address="c6122">
    <table name="Y" address="c5fc8" />
  </table>
  <table name="Min Primary Base Enrich 3 Decay Multiplier" address="c5980" />
  <table name="A/F Learning #1 Limits" address="c5b34" />
  <table name="A/F Learning #1 Airflow Ranges" address="c5b44" />
  <table name="MAF Limit (Maximum)" address="c3a74" />
  <table name="MAF Sensor Scaling" address="cdb04">
    <table name="Y" address="cda2c" />
  </table>
  <table name="MAF Compensation (IAT)" address="c4210">
    <table name="X" address="c41dc" />
    <table name="Y" address="c41f0" />
  </table>
  <table name="Engine Load Limit (Maximum)" address="28a20" />
  <table name="Engine Load Compensation (MP)" address="c4298">
    <table name="X" address="c4238" />
    <table name="Y" address="c4264" elements="13" />
  </table>
  <table name="Base Timing Primary Cruise" address="ca410">
    <table name="X" address="ca380" elements="18" />
    <table name="Y" address="ca3c8" />
  </table>
  <table name="Base Timing Reference Cruise (AVCS related)" address="ca7d0">
    <table name="X" address="ca740" elements="18" />
    <table name="Y" address="ca788" />
  </table>
  <table name="Base Timing Primary Non-Cruise" address="ca5e8">
    <table name="X" address="ca554" elements="19" />
    <table name="Y" address="ca5a0" />
  </table>
  <table name="Base Timing Reference Non-Cruise (AVCS related)" address="ca9a4">
    <table name="X" address="ca914" elements="18" />
    <table name="Y" address="ca95c" />
  </table>
  <table name="Base Timing Idle A (In-Gear)" address="c9925">
    <table name="Y" address="c9764" />
  </table>
  <table name="Base Timing Idle B (In-Gear)" address="c9935">
    <table name="Y" address="c9764" />
  </table>
  <table name="Base Timing Idle A (Neutral)" address="c9945">
    <table name="Y" address="c9764" />
  </table>
  <table name="Base Timing Idle B (Neutral)" address="c9955">
    <table name="Y" address="c9764" />
  </table>
  <table name="Base Timing Idle Minimum" address="c991c">
    <table name="Y" address="c98f8" />
  </table>
  <table name="Base Timing Idle Minimum Vehicle Speed Enable" address="c9428" />
  <table name="Knock Correction Advance Max Cruise" address="cb308">
    <table name="X" address="cb278" elements="18" />
    <table name="Y" address="cb2c0" />
  </table>
  <table name="Knock Correction Advance Max Non-Cruise" address="cb120">
    <table name="X" address="cb08c" elements="19" />
    <table name="Y" address="cb0d8" />
  </table>
  <table name="Timing Compensation A (IAT)" address="c99d8">
    <table name="Y" address="c9998" />
  </table>
  <table name="Timing Compensation A (IAT) Activation" address="cab28">
    <table name="X" address="caae8" />
    <table name="Y" address="cab08" />
  </table>
  <table name="Timing Compensation B (IAT)" address="c9f0c">
    <table name="Y" address="c9ecc" />
  </table>
  <table name="Timing Compensation B (IAT) IAM Activation" address="c95a0" />
  <table name="Timing Compensation B (IAT) Max Additive" address="c9584" />
  <table name="Timing Compensation (ECT)" address="c9985">
    <table name="Y" address="c9764" />
  </table>
  <table name="Timing Compensation (MRP)" address="cae34">
    <table name="X" address="cae14" />
    <table name="Y" address="cae28" />
  </table>
  <table name="Timing Compensation Per Cylinder A" address="cae8c">
    <table name="X" address="cae44" />
    <table name="Y" address="cae7c" />
  </table>
  <table name="Timing Compensation Per Cylinder B" address="caf0c">
    <table name="X" address="caec4" />
    <table name="Y" address="caefc" />
  </table>
  <table name="Timing Compensation Per Cylinder C" address="caf8c">
    <table name="X" address="caf44" />
    <table name="Y" address="caf7c" />
  </table>
  <table name="Timing Compensation Per Cylinder D" address="cb00c">
    <table name="X" address="cafc4" />
    <table name="Y" address="caffc" />
  </table>
  <table name="Timing Comp Minimum Load (Per Cylinder)" address="c95b4" />
  <table name="Timing Comp Maximum RPM (Per Cylinder)" address="c95b0" />
  <table name="Timing Comp Minimum Coolant Temp (Per Cylinder)" address="c95b8" />
  <table name="Feedback Correction Range (RPM)" address="c95c4" />
  <table name="Feedback Correction Minimum Load" address="c95bc" />
  <table name="Feedback Correction Retard Value" address="c95e4" />
  <table name="Feedback Correction Retard Limit" address="c95e0" />
  <table name="Feedback Correction Negative Advance Value" address="c95e8" />
  <table name="Feedback Correction Negative Advance Delay" address="c9332" />
  <table name="Extended Feedback Correction High RPM Compensation" address="c95f0" />
  <table name="Fine Correction Minimum (RPM)" address="c9600" />
  <table name="Fine Correction Maximum (RPM)" address="c974c" />
  <table name="Fine Correction Range (Load)" address="c9754" />
  <table name="Fine Correction Rows (RPM)" address="c9718" />
  <table name="Fine Correction Columns (Load)" address="c9708" />
  <table name="Fine Correction Retard Value" address="c9748" />
  <table name="Fine Correction Retard Limit" address="c9744" />
  <table name="Fine Correction Advance Value" address="c9740" />
  <table name="Fine Correction Advance Limit" address="c973c" />
  <table name="Fine Correction Advance Delay" address="c9342" />
  <table name="Rough Correction Range (RPM)" address="c96b8" />
  <table name="Rough Correction Range (Load)" address="c96c8" />
  <table name="Rough Correction Minimum KC Advance Map Value" address="c96d8" />
  <table name="Rough Correction Learning Delay (Increasing)" address="c9f7c">
    <table name="Y" address="c9f54" />
  </table>
  <table name="Advance Multiplier (Initial)" address="c96dc" />
  <table name="Advance Multiplier Step Value" address="c96e0" />
  <table name="Intake Cam Advance Angle Cruise (AVCS)" address="cfdac">
    <table name="X" address="cfd2c" />
    <table name="Y" address="cfd64" />
  </table>
  <table name="Intake Cam Advance Angle Non-Cruise (AVCS)" address="d0024">
    <table name="X" address="cffa4" />
    <table name="Y" address="cffdc" />
  </table>
  <table name="Exhaust Cam Retard Angle Cruise (AVCS)" address="d06d4">
    <table name="X" address="d0654" />
    <table name="Y" address="d068c" />
  </table>
  <table name="Exhaust Cam Retard Angle Non-Cruise (AVCS)" address="d094c">
    <table name="X" address="d08cc" />
    <table name="Y" address="d0904" />
  </table>
  <table name="Requested Torque A (Accelerator Pedal) SI-DRIVE Sport" address="dc918">
    <table name="X" address="dc870" elements="20" />
    <table name="Y" address="dc8c0" elements="22" />
  </table>
  <table name="Requested Torque B (Accelerator Pedal) SI-DRIVE Sport" address="dd560">
    <table name="X" address="dd4b8" elements="20" />
    <table name="Y" address="dd508" elements="22" />
  </table>
  <table name="Requested Torque A (Accelerator Pedal) SI-DRIVE Sport Sharp" address="dcd30">
    <table name="X" address="dcc88" elements="20" />
    <table name="Y" address="dccd8" elements="22" />
  </table>
  <table name="Requested Torque B (Accelerator Pedal) SI-DRIVE Sport Sharp" address="dd978">
    <table name="X" address="dd8d0" elements="20" />
    <table name="Y" address="dd920" elements="22" />
  </table>
  <table name="Requested Torque A (Accelerator Pedal) SI-DRIVE Intelligent" address="dd148">
    <table name="X" address="dd0a0" elements="20" />
    <table name="Y" address="dd0f0" elements="22" />
  </table>
  <table name="Requested Torque B (Accelerator Pedal) SI-DRIVE Intelligent" address="ddd90">
    <table name="X" address="ddce8" elements="20" />
    <table name="Y" address="ddd38" elements="22" />
  </table>
  <table name="Target Throttle Plate Position Cruise (Requested Torque)" address="dbf68">
    <table name="X" address="dbed4" elements="21" />
    <table name="Y" address="dbf28" />
  </table>
  <table name="Target Throttle Plate Position Non-Cruise (Requested Torque)" address="dc29c">
    <table name="X" address="dc208" elements="21" />
    <table name="Y" address="dc25c" />
  </table>
  <table name="Target Throttle Plate Position Maximum (Requested Torque)" address="dc5d0">
    <table name="X" address="dc53c" elements="21" />
    <table name="Y" address="dc590" />
  </table>
  <table name="Rev Limit (Fuel Cut)" address="c5eec" />
  <table name="Rev Limit Fuel Resume (Boost)" address="c5ef4" />
  <table name="Speed Limiting Enable (Fuel Cut)" address="c5f3c" />
  <table name="Speed Limiting Disable (Fuel Cut)" address="c5f48" />
  <table name="Speed Limiting A (Throttle) SI-DRIVE Sport/Sport Sharp" address="db844" />
  <table name="Speed Limiting B (Throttle) SI-DRIVE Sport/Sport Sharp" address="db85c" />
  <table name="Speed Limiting (Throttle) SI-DRIVE Intelligent" address="db850" />
  <table name="Intake Temp Sensor Scaling" address="8be30">
    <table name="Y" address="8bdb8" />
  </table>
  <table name="Coolant Temp Sensor Scaling" address="8bd48">
    <table name="Y" address="8bcd8" />
  </table>
  <table name="Radiator Fan Modes A (ECT)" address="ce370" />
  <table name="Radiator Fan Modes B (ECT)" address="ce380" />
  <table name="Radiator Fan Modes (Veh. Speed)" address="ce390" />
  <table name="Gear Determination Thresholds A" address="c3c5c" />
  <table name="Gear Determination Thresholds B" address="c3c70" />
  <table name="Gear Determination Thresholds C" address="c3c84" />
  <table name="Idle Speed Target A" address="cbf96">
    <table name="Y" address="cbaa8" />
  </table>
  <table name="Idle Speed Target B" address="cbfd6">
    <table name="Y" address="cbaa8" />
  </table>
  <table name="Idle Speed Target C" address="cc016">
    <table name="Y" address="cbaa8" />
  </table>
  <table name="Force Pass Readiness Monitors" address="8476a" />
  <table name="(P0000) PASS CODE (NO DTC DETECTED)" address="78ce5" />
  <table name="(P0000) PASS CODE (NO DTC DETECTED)_" address="78ce6" />
  <table name="(P0031) FRONT O2 SENSOR LOW INPUT" address="78cf4" />
  <table name="(P0032) FRONT O2 SENSOR HIGH INPUT" address="78cf2" />
  <table name="(P0037) REAR O2 SENSOR LOW INPUT" address="78cf3" />
  <table name="(P0038) REAR O2 SENSOR HIGH INPUT" address="78cf1" />
  <table name="(P0102) MAF SENSOR LOW INPUT" address="78ca1" />
  <table name="(P0103) MAF SENSOR HIGH INPUT" address="78ca2" />
  <table name="(P0107) MAP SENSOR LOW INPUT" address="78cf5" />
  <table name="(P0108) MAP SENSOR HIGH INPUT" address="78cf6" />
  <table name="(P0112) IAT SENSOR LOW INPUT" address="78cee" />
  <table name="(P0113) IAT SENSOR HIGH INPUT" address="78cef" />
  <table name="(P0117) COOLANT TEMP SENSOR LOW INPUT" address="78caa" />
  <table name="(P0118) COOLANT TEMP SENSOR HIGH INPUT" address="78cab" />
  <table name="(P0122) TPS A LOW INPUT" address="78ca8" />
  <table name="(P0123) TPS A HIGH INPUT" address="78ca9" />
  <table name="(P0131) FRONT O2 SENSOR LOW INPUT" address="78ce8" />
  <table name="(P0132) FRONT O2 SENSOR HIGH INPUT" address="78cea" />
  <table name="(P0134) FRONT O2 SENSOR NO ACTIVITY" address="78d11" />
  <table name="(P0140) REAR O2 SENSOR NO ACTIVITY" address="78d5f" />
  <table name="(P0171) SYSTEM TOO LEAN" address="78cdc" />
  <table name="(P0172) SYSTEM TOO RICH" address="78cdd" />
  <table name="(P0222) TPS B LOW INPUT" address="78d1b" />
  <table name="(P0223) TPS B HIGH INPUT" address="78d1c" />
  <table name="(P0230) FUEL PUMP PRIMARY CIRCUIT" address="78d0c" />
  <table name="(P0245) WASTEGATE SOLENOID A LOW" address="78d00" />
  <table name="(P0246) WASTEGATE SOLENOID A HIGH" address="78d01" />
  <table name="(P0301) MISFIRE CYLINDER 1" address="78cde" />
  <table name="(P0302) MISFIRE CYLINDER 2" address="78cdf" />
  <table name="(P0303) MISFIRE CYLINDER 3" address="78ce0" />
  <table name="(P0304) MISFIRE CYLINDER 4" address="78ce1" />
  <table name="(P0327) KNOCK SENSOR 1 LOW INPUT" address="78ca6" />
  <table name="(P0328) KNOCK SENSOR 1 HIGH INPUT" address="78ca7" />
  <table name="(P0335) CRANKSHAFT POS. SENSOR A MALFUNCTION" address="78c9c" />
  <table name="(P0340) CAMSHAFT POS. SENSOR A MALFUNCTION" address="78d2f" />
  <table name="(P0345) CAMSHAFT POS. SENSOR A BANK 2" address="78d2e" />
  <table name="(P0365) CAMSHAFT POS. SENSOR B BANK 1" address="78d2d" />
  <table name="(P0390) CAMSHAFT POS. SENSOR B BANK 2" address="78d2c" />
  <table name="(P0410) SECONDARY AIR PUMP SYSTEM" address="78d59" />
  <table name="(P0413) SECONDARY AIR PUMP A OPEN" address="78d5d" />
  <table name="(P0414) SECONDARY AIR PUMP A SHORTED" address="78d62" />
  <table name="(P0418) SECONDARY AIR PUMP RELAY A" address="78d5e" />
  <table name="(P0458) EVAP PURGE VALVE CIRCUIT LOW" address="78ccd" />
  <table name="(P0459) EVAP PURGE VALVE CIRCUIT HIGH" address="78cce" />
  <table name="(P0462) FUEL LEVEL SENSOR LOW INPUT" address="78cae" />
  <table name="(P0463) FUEL LEVEL SENSOR HIGH INPUT" address="78caf" />
  <table name="(P0500) VEHICLE SPEED SENSOR A" address="78ca3" />
  <table name="(P0512) STARTER REQUEST CIRCUIT" address="78cb3" />
  <table name="(P0519) IDLE CONTROL MALFUNCTION (FAIL-SAFE)" address="78d0e" />
  <table name="(P0562) SYSTEM VOLTAGE LOW" address="78cfe" />
  <table name="(P0563) SYSTEM VOLTAGE HIGH" address="78cff" />
  <table name="(P0600) SERIAL COMMUNICATION LINK" address="78d2b" />
  <table name="(P0604) CONTROL MODULE RAM ERROR" address="78ca0" />
  <table name="(P0605) CONTROL MODULE ROM ERROR" address="78d30" />
  <table name="(P0607) CONTROL MODULE PERFORMANCE" address="78d23" />
  <table name="(P0638) THROTTLE ACTUATOR RANGE/PERF" address="78d22" />
  <table name="(P0700) TRANSMISSION CONTROL SYSTEM" address="78d3c" />
  <table name="(P0851) NEUTRAL SWITCH INPUT LOW" address="78cb7" />
  <table name="(P0852) NEUTRAL SWITCH INPUT HIGH" address="78cbb" />
  <table name="(P1160) ABNORMAL RETURN SPRING" address="78d1d" />
  <table name="(P1410) SECONDARY AIR PUMP VALVE STUCK OPEN" address="78d66" />
  <table name="(P1418) SECONDARY AIR PUMP CIRCUIT SHORTED" address="78d63" />
  <table name="(P1519) IMRC STUCK CLOSED" address="78d6f" />
  <table name="(P1520) IMRC CIRCUIT MALFUNCTION" address="78d6e" />
  <table name="(P1560) BACK-UP VOLTAGE MALFUNCTION" address="78cfd" />
  <table name="(P1616) SBDS INTERACTIVE CODES" address="78d6d" />
  <table name="(P2004) TGV - INTAKE MANIFOLD RUNNER 1 STUCK OPEN" address="78d47" />
  <table name="(P2005) TGV - INTAKE MANIFOLD RUNNER 2 STUCK OPEN" address="78d49" />
  <table name="(P2006) TGV - INTAKE MANIFOLD RUNNER 1 STUCK CLOSED" address="78d48" />
  <table name="(P2007) TGV - INTAKE MANIFOLD RUNNER 2 STUCK CLOSED" address="78d4a" />
  <table name="(P2008) TGV - INTAKE MANIFOLD RUNNER 1 CIRCUIT OPEN" address="78d55" />
  <table name="(P2009) TGV - INTAKE MANIFOLD RUNNER 1 CIRCUIT LOW" address="78d53" />
  <table name="(P2011) TGV - INTAKE MANIFOLD RUNNER 2 CIRCUIT OPEN" address="78d56" />
  <table name="(P2012) TGV - INTAKE MANIFOLD RUNNER 2 CIRCUIT LOW" address="78d54" />
  <table name="(P2016) TGV - INTAKE MANIFOLD RUNNER 1 POS. SENSOR LOW" address="78d4f" />
  <table name="(P2017) TGV - INTAKE MANIFOLD RUNNER 1 POS. SENSOR HIGH" address="78d50" />
  <table name="(P2021) TGV - INTAKE MANIFOLD RUNNER 2 POS. SENSOR LOW" address="78d51" />
  <table name="(P2022) TGV - INTAKE MANIFOLD RUNNER 2 POS. SENSOR HIGH" address="78d52" />
  <table name="(P2088) OCV SOLENOID A1 CIRCUIT OPEN" address="78d38" />
  <table name="(P2089) OCV SOLENOID A1 CIRCUIT SHORT" address="78d37" />
  <table name="(P2090) OCV SOLENOID B1 CIRCUIT OPEN" address="78d34" />
  <table name="(P2091) OCV SOLENOID B1 CIRCUIT SHORT" address="78d33" />
  <table name="(P2092) OCV SOLENOID A2 CIRCUIT OPEN" address="78d36" />
  <table name="(P2093) OCV SOLENOID A2 CIRCUIT SHORT" address="78d35" />
  <table name="(P2094) OCV SOLENOID B2 CIRCUIT OPEN" address="78d32" />
  <table name="(P2095) OCV SOLENOID B2 CIRCUIT SHORT" address="78d31" />
  <table name="(P2101) THROTTLE ACTUATOR CIRCUIT RANGE/PERF" address="78d20" />
  <table name="(P2102) THROTTLE ACTUATOR CIRCUIT LOW" address="78d1e" />
  <table name="(P2103) THROTTLE ACTUATOR CIRCUIT HIGH" address="78d1f" />
  <table name="(P2109) TPS A MINIMUM STOP PERF" address="78d1a" />
  <table name="(P2122) TPS D CIRCUIT LOW INPUT" address="78d27" />
  <table name="(P2123) TPS D CIRCUIT HIGH INPUT" address="78d28" />
  <table name="(P2127) TPS E CIRCUIT LOW INPUT" address="78d25" />
  <table name="(P2128) TPS E CIRCUIT HIGH INPUT" address="78d26" />
  <table name="(P2135) TPS A/B VOLTAGE" address="78d29" />
  <table name="(P2138) TPS D/E VOLTAGE" address="78d24" />
  <table name="(P2419) EVAP SWITCHING VALVE LOW" address="78d71" />
  <table name="(P2420) EVAP SWITCHING VALVE HIGH" address="78d72" />
  <table name="(P2432) SECONDARY AIR PUMP CIRCUIT LOW" address="78d5c" />
  <table name="(P2433) SECONDARY AIR PUMP CIRCUIT HIGH" address="78d5b" />
  <table name="(P2440) SECONDARY AIR PUMP VALVE 1 STUCK OPEN" address="78d6a" />
  <table name="(P2441) SECONDARY AIR PUMP VALVE 1 STUCK CLOSED" address="78d69" />
  <table name="(P2444) SECONDARY AIR PUMP 1 STUCK ON B1" address="78d57" />
</rom>