<rom>
  <romid>
    <xmlid>A2UI001L</xmlid>
    <internalidaddress>2000</internalidaddress>
    <internalidstring>A2UI001L</internalidstring>
    <ecuid>4B12785207</ecuid>
    <year>07</year>
    <market>USDM</market>
    <make>Subaru</make>
    <model>Legacy</model>
    <submodel>GT spec.B</submodel>
    <transmission>MT</transmission>
    <memmodel>SH7058</memmodel>
    <flashmethod>subarucan</flashmethod>
    <checksummodule>subarudbw</checksummodule>
  </romid>
  <include>32BITBASE</include>
  <table name="Target Boost_" address="c1598">
    <table name="X" address="c1530" />
    <table name="Y" address="c155c" />
  </table>
  <table name="Target Boost Compensation (ECT)" address="c0a2c">
    <table name="Y" address="c078c" />
  </table>
  <table name="Target Boost Compensation (1st Gear)" address="c0784" />
  <table name="Target Boost Compensation (1st Gear) Speed Disable" address="c0780" />
  <table name="Target Boost Compensation (IAT)_" address="c0b94">
    <table name="Y" address="c0b7c" />
  </table>
  <table name="Target Boost Compensation (Atm. Pressure)" address="c0a54">
    <table name="Y" address="c0a3c" elements="6" />
  </table>
  <table name="Boost Limit (Fuel Cut)" address="ca564">
    <table name="Y" address="ca54c" />
  </table>
  <table name="Boost Control Disable (IAM)" address="c0774" />
  <table name="Boost Control Disable (Fine Correction)" address="c0770" />
  <table name="Boost Control Disable Delay (Fine Correction)" address="c070d" />
  <table name="Initial Wastegate Duty_" address="c1214">
    <table name="X" address="c11a8" elements="15" />
    <table name="Y" address="c11e4" />
  </table>
  <table name="Max Wastegate Duty_" address="c0e6c">
    <table name="X" address="c0e00" elements="15" />
    <table name="Y" address="c0e3c" elements="12" />
  </table>
  <table name="Max Wastegate Duty Limit Post-Compensation" address="17a34" />
  <table name="Initial/Max Wastegate Duty Compensation (IAT)" address="c085c">
    <table name="Y" address="c081c" />
  </table>
  <table name="Initial/Max Wastegate Duty Compensation (ECT)" address="c091c">
    <table name="Y" address="c078c" />
  </table>
  <table name="Initial/Max Wastegate Duty Compensation (Atm. Pressure)" address="c0c14">
    <table name="X" address="c0bec" />
    <table name="Y" address="c0c04" />
  </table>
  <table name="Turbo Dynamics Proportional" address="c0a80">
    <table name="Y" address="c0a5c" />
  </table>
  <table name="Turbo Dynamics Integral Positive" address="c0af0">
    <table name="Y" address="c0acc" />
  </table>
  <table name="Turbo Dynamics Integral Negative" address="c0ab8">
    <table name="Y" address="c0a94" />
  </table>
  <table name="TD Proportional Compensation (IAT)" address="c096c">
    <table name="Y" address="c092c" elements="16" />
  </table>
  <table name="TD Integral Positive Compensation (IAT)" address="c0a0c">
    <table name="Y" address="c09cc" elements="16" />
  </table>
  <table name="TD Integral Negative Compensation (IAT)" address="c09bc">
    <table name="Y" address="c097c" elements="16" />
  </table>
  <table name="TD Activation Thresholds (RPM)" address="c0760" />
  <table name="TD Activation Thresholds (Target Boost)_" address="c073c" />
  <table name="TD Integral Cumulative Range (WGDC Correction)" address="c0768" />
  <table name="TD Integral Negative Activation (Boost Error)" address="c0748" />
  <table name="TD Integral Positive Activation (Boost Error)" address="c0750" />
  <table name="TD Integral Positive Activation (Wastegate Duty)" address="c0754" />
  <table name="Manifold Pressure Sensor Scaling" address="c028c" />
  <table name="Manifold Pressure Sensor Limits (CEL)" address="d13ba" />
  <table name="Manifold Pressure Sensor CEL Delays" address="c3b7d" />
  <table name="Primary Open Loop Fueling" address="cb234">
    <table name="X" address="cb1b0" />
    <table name="Y" address="cb1ec" />
  </table>
  <table name="Primary Open Loop Fueling (Failsafe)" address="cb3c8">
    <table name="X" address="cb344" />
    <table name="Y" address="cb380" />
  </table>
  <table name="Primary Open Loop Fuel Map Switch (IAM)" address="c8bb8" />
  <table name="Minimum Active Primary Open Loop Enrichment" address="c8bbc" />
  <table name="Minimum Primary Open Loop Enrichment (Throttle)" address="c93cc">
    <table name="Y" address="c93b4" />
  </table>
  <table name="Minimum Primary Open Loop Enrichment (Accelerator)" address="c93ec">
    <table name="Y" address="c93d4" />
  </table>
  <table name="Primary Open Loop Fueling Compensation (ECT)" address="c9f78">
    <table name="Y" address="c8f54" />
  </table>
  <table name="Primary Open Loop Fueling Compensation (Timing Compensation)" address="c935c">
    <table name="Y" address="c9344" />
  </table>
  <table name="Front Oxygen Sensor Scaling" address="d1924">
    <table name="Y" address="d18f0" />
  </table>
  <table name="Front Oxygen Sensor Rich Limit" address="26dbc" />
  <table name="Front Oxygen Sensor Compensation (Atm. Pressure)" address="c31f4">
    <table name="Y" address="c31e4" />
  </table>
  <table name="CL Fueling Target Compensation A (Load)" address="cc384">
    <table name="X" address="cc328" />
    <table name="Y" address="cc354" elements="12" />
  </table>
  <table name="CL Fueling Target Compensation B (Load)" address="cc4e0">
    <table name="X" address="cc48c" />
    <table name="Y" address="cc4b8" elements="10" />
  </table>
  <table name="CL Fueling Target Compensation Imm. Cruise (ECT)" address="cbf74">
    <table name="X" address="c8f54" />
    <table name="Y" address="cbf68" />
  </table>
  <table name="CL Fueling Target Compensation Imm. Non-Cruise (ECT)" address="cc04c">
    <table name="X" address="c8f54" />
    <table name="Y" address="cc040" />
  </table>
  <table name="CL Fueling Target Compensation (ECT) Disable" address="c8a14" />
  <table name="CL to OL Delay_" address="c878e" />
  <table name="CL to OL Delay/Switch SI-DRIVE Intelligent" address="c8788" />
  <table name="CL to OL Transition with Delay (Throttle)" address="c93a4">
    <table name="Y" address="c9364" />
  </table>
  <table name="CL to OL Transition with Delay Throttle Hysteresis" address="c8bc0" />
  <table name="CL to OL Transition with Delay (Base Pulse Width)" address="c9ea4">
    <table name="Y" address="c9e64" />
  </table>
  <table name="CL to OL Transition with Delay BPW Hysteresis" address="c8bc4" />
  <table name="CL to OL Transition Counter Step Value (MAF)" address="c9eec">
    <table name="Y" address="c9ec4" />
  </table>
  <table name="CL Delay Maximum (Throttle)" address="c8c3c" />
  <table name="CL Delay Maximum (Vehicle Speed)" address="c8c40" />
  <table name="CL Delay Minimum (ECT)" address="c8bc8" />
  <table name="CL Delay Maximum (Engine Load)" address="c8c50" />
  <table name="CL Delay Engine Load Counter Threshold" address="c8786" />
  <table name="CL Delay Maximum Engine Speed (Per Gear)" address="c8bcc" />
  <table name="CL Delay Maximum Engine Speed (Neutral)" address="c8c1c" />
  <table name="Injector Latency" address="c967c">
    <table name="Y" address="c9668" />
  </table>
  <table name="Injector Flow Scaling" address="c8918" />
  <table name="Per Injector Pulse Width Compensation A" address="cb560">
    <table name="X" address="cb4d8" />
    <table name="Y" address="cb51c" elements="17" />
  </table>
  <table name="Per Injector Pulse Width Compensation B" address="cb70c">
    <table name="X" address="cb684" />
    <table name="Y" address="cb6c8" elements="17" />
  </table>
  <table name="Per Injector Pulse Width Compensation C" address="cb8b8">
    <table name="X" address="cb830" />
    <table name="Y" address="cb874" elements="17" />
  </table>
  <table name="Per Injector Pulse Width Compensation D" address="cba64">
    <table name="X" address="cb9dc" />
    <table name="Y" address="cba20" elements="17" />
  </table>
  <table name="Cranking Fuel Injector Pulse Width A (ECT)" address="c95a6">
    <table name="Y" address="c8f54" />
  </table>
  <table name="Cranking Fuel Injector Pulse Width B (ECT)" address="c95c6">
    <table name="Y" address="c8f54" />
  </table>
  <table name="Cranking Fuel Injector Pulse Width C (ECT)" address="c95e6">
    <table name="Y" address="c8f54" />
  </table>
  <table name="Cranking Fuel Injector Pulse Width D (ECT)" address="c9606">
    <table name="Y" address="c8f54" />
  </table>
  <table name="Cranking Fuel Injector Pulse Width E (ECT)" address="c9626">
    <table name="Y" address="c8f54" />
  </table>
  <table name="Cranking Fuel Injector Pulse Width F (ECT)" address="c9646">
    <table name="Y" address="c8f54" />
  </table>
  <table name="Cranking Fuel IPW Compensation Imm. Cruise (RPM)" address="ca7d4">
    <table name="X" address="ca7a4" />
    <table name="Y" address="ca7b8" />
  </table>
  <table name="Cranking Fuel IPW Compensation Imm. Non-Cruise (RPM)" address="ca87c">
    <table name="X" address="ca84c" />
    <table name="Y" address="ca860" />
  </table>
  <table name="Cranking Fuel IPW Compensation (Accelerator)" address="c9088">
    <table name="Y" address="c9070" />
  </table>
  <table name="Throttle Tip-in Enrichment" address="ca4b8">
    <table name="Y" address="ca470" />
  </table>
  <table name="Minimum Tip-in Enrichment Activation" address="c8e2c" />
  <table name="Minimum Tip-in Enrichment Activation (Throttle)" address="c8e24" />
  <table name="Tip-in Enrichment Compensation (Boost Error)" address="c94fc">
    <table name="Y" address="c94d8" />
  </table>
  <table name="Tip-in Enrichment Compensation (ECT)" address="ca4dc">
    <table name="Y" address="c8f54" />
  </table>
  <table name="Tip-in Enrichment Disable Applied Counter Threshold" address="c873e" />
  <table name="Tip-in Enrichment Applied Counter Reset" address="c873f" />
  <table name="Tip-in Enrichment Disable Throttle Cumulative Threshold" address="c8e28" />
  <table name="Tip-in Throttle Cumulative Reset" address="c8740" />
  <table name="Min Primary Base Enrichment 1 Cruise" address="ca9d4">
    <table name="X" address="c8f54" />
    <table name="Y" address="ca9b0" elements="9" />
  </table>
  <table name="Min Primary Base Enrichment 1 Non-Cruise" address="ca930">
    <table name="X" address="c8f54" />
    <table name="Y" address="ca910" />
  </table>
  <table name="Min Primary Base Enrichment 1 (Non-Primary OL)" address="caa98">
    <table name="X" address="caa64" />
    <table name="Y" address="caa8c" />
  </table>
  <table name="Min Primary Base Enrich 2 Initial Start 1A" address="c9706">
    <table name="Y" address="c8f54" />
  </table>
  <table name="Min Primary Base Enrich 2 Initial Start 1B" address="c9746">
    <table name="Y" address="c8f54" />
  </table>
  <table name="Min Primary Base Enrich 2 Initial Start 2A" address="c9726">
    <table name="Y" address="c8f54" />
  </table>
  <table name="Min Primary Base Enrich 2 Initial Start 2B" address="c9766">
    <table name="Y" address="c8f54" />
  </table>
  <table name="Min Primary Base Enrich 2 Decay Step 1" address="c9786">
    <table name="Y" address="c8f54" />
  </table>
  <table name="Min Primary Base Enrich 2 Decay Step 2" address="c97a6">
    <table name="Y" address="c8f54" />
  </table>
  <table name="Min Primary Base Enrich 3 Initial Start 1A" address="c9686">
    <table name="Y" address="c8f54" />
  </table>
  <table name="Min Primary Base Enrich 3 Initial Start 1B" address="c96a6">
    <table name="Y" address="c8f54" />
  </table>
  <table name="Min Primary Base Enrich 3 Initial Start 2A" address="c96c6">
    <table name="Y" address="c8f54" />
  </table>
  <table name="Min Primary Base Enrich 3 Initial Start 2B" address="c96e6">
    <table name="Y" address="c8f54" />
  </table>
  <table name="Min Primary Base Enrich 3 Decay Delay A" address="c909e">
    <table name="Y" address="c8f54" />
  </table>
  <table name="Min Primary Base Enrich 3 Decay Delay B" address="c90ae">
    <table name="Y" address="c8f54" />
  </table>
  <table name="Min Primary Base Enrich 3 Decay Multiplier" address="c891c" />
  <table name="A/F Learning #1 Limits" address="c8ad0" />
  <table name="A/F Learning #1 Airflow Ranges" address="c8ae0" />
  <table name="MAF Limit (Maximum)" address="c2d10" />
  <table name="MAF Sensor Scaling" address="d1818">
    <table name="Y" address="d1740" />
  </table>
  <table name="MAF Compensation (IAT)" address="c34bc">
    <table name="X" address="c3488" />
    <table name="Y" address="c349c" />
  </table>
  <table name="Engine Load Limit A (Maximum)" address="25554" />
  <table name="Engine Load Limit B (Maximum)" address="c2d28" />
  <table name="Engine Load Compensation (MP)" address="c3548">
    <table name="X" address="c34e4" />
    <table name="Y" address="c3510" elements="14" />
  </table>
  <table name="Base Timing Primary Cruise" address="ce110">
    <table name="X" address="ce08c" />
    <table name="Y" address="ce0c8" />
  </table>
  <table name="Base Timing Reference Cruise (AVCS related)" address="ce438">
    <table name="X" address="ce3b4" />
    <table name="Y" address="ce3f0" />
  </table>
  <table name="Base Timing Primary Non-Cruise" address="ce2a4">
    <table name="X" address="ce220" />
    <table name="Y" address="ce25c" />
  </table>
  <table name="Base Timing Reference Non-Cruise (AVCS related)" address="ce5cc">
    <table name="X" address="ce548" />
    <table name="Y" address="ce584" />
  </table>
  <table name="Base Timing Idle A (In-Gear)" address="cd5e1">
    <table name="Y" address="cd420" />
  </table>
  <table name="Base Timing Idle B (In-Gear)" address="cd5f1">
    <table name="Y" address="cd420" />
  </table>
  <table name="Base Timing Idle A (Neutral)" address="cd601">
    <table name="Y" address="cd420" />
  </table>
  <table name="Base Timing Idle B (Neutral)" address="cd611">
    <table name="Y" address="cd420" />
  </table>
  <table name="Base Timing Idle Minimum" address="cd5d8">
    <table name="Y" address="cd5b4" />
  </table>
  <table name="Base Timing Idle Minimum Vehicle Speed Enable" address="cd0d4" />
  <table name="Knock Correction Advance Max Cruise" address="cef9c">
    <table name="X" address="cef18" elements="15" />
    <table name="Y" address="cef54" />
  </table>
  <table name="Knock Correction Advance Max Non-Cruise" address="cee08">
    <table name="X" address="ced84" elements="15" />
    <table name="Y" address="cedc0" />
  </table>
  <table name="Timing Compensation A (IAT)" address="cd694">
    <table name="Y" address="cd654" />
  </table>
  <table name="Timing Compensation A (IAT) Activation" address="ce71c">
    <table name="X" address="ce6dc" />
    <table name="Y" address="ce6fc" />
  </table>
  <table name="Timing Compensation B (IAT)" address="cdb80">
    <table name="Y" address="cdb40" />
  </table>
  <table name="Timing Compensation B (IAT) IAM Activation" address="cd258" />
  <table name="Timing Compensation B (IAT) Max Additive" address="cd23c" />
  <table name="Timing Compensation (ECT)" address="cd641">
    <table name="Y" address="cd420" />
  </table>
  <table name="Timing Compensation (MRP)" address="ce94c">
    <table name="X" address="ce92c" />
    <table name="Y" address="ce940" />
  </table>
  <table name="Timing Compensation Per Cylinder A" address="ce9a8">
    <table name="X" address="ce95c" />
    <table name="Y" address="ce994" elements="5" />
  </table>
  <table name="Timing Compensation Per Cylinder B" address="cea3c">
    <table name="X" address="ce9f0" />
    <table name="Y" address="cea28" elements="5" />
  </table>
  <table name="Timing Compensation Per Cylinder C" address="cead0">
    <table name="X" address="cea84" />
    <table name="Y" address="ceabc" elements="5" />
  </table>
  <table name="Timing Compensation Per Cylinder D" address="ceb68">
    <table name="X" address="ceb18" />
    <table name="Y" address="ceb50" elements="6" />
  </table>
  <table name="Timing Comp Minimum Load (Per Cylinder)" address="cd260" />
  <table name="Timing Comp Maximum RPM (Per Cylinder)" address="cd25c" />
  <table name="Timing Comp Minimum Coolant Temp (Per Cylinder)" address="cd264" />
  <table name="Feedback Correction Range (RPM)" address="cd270" />
  <table name="Feedback Correction Minimum Load" address="cd268" />
  <table name="Feedback Correction Retard Value" address="cd290" />
  <table name="Feedback Correction Retard Limit" address="cd28c" />
  <table name="Feedback Correction Negative Advance Value" address="cd294" />
  <table name="Feedback Correction Negative Advance Delay" address="ccfde" />
  <table name="Extended Feedback Correction High RPM Compensation" address="cd29c" />
  <table name="Fine Correction Minimum (RPM)" address="cd2ac" />
  <table name="Fine Correction Maximum (RPM)" address="cd3fc" />
  <table name="Fine Correction Range (Load)" address="cd404" />
  <table name="Fine Correction Rows (RPM)" address="cd3c8" />
  <table name="Fine Correction Columns (Load)" address="cd3b8" />
  <table name="Fine Correction Retard Value" address="cd3f8" />
  <table name="Fine Correction Retard Limit" address="cd3f4" />
  <table name="Fine Correction Advance Value" address="cd3f0" />
  <table name="Fine Correction Advance Limit" address="cd3ec" />
  <table name="Fine Correction Advance Delay" address="ccfee" />
  <table name="Rough Correction Range (RPM)" address="cd368" />
  <table name="Rough Correction Range (Load)" address="cd378" />
  <table name="Rough Correction Minimum KC Advance Map Value" address="cd388" />
  <table name="Rough Correction Learning Delay (Increasing)" address="cdbb8">
    <table name="Y" address="cdb90" />
  </table>
  <table name="Advance Multiplier (Initial)" address="cd38c" />
  <table name="Advance Multiplier Step Value" address="cd390" />
  <table name="Intake Cam Advance Angle Cruise (AVCS)" address="d3408">
    <table name="X" address="d338c" elements="15" />
    <table name="Y" address="d33c8" elements="16" />
  </table>
  <table name="Intake Cam Advance Angle Non-Cruise (AVCS)" address="d3664">
    <table name="X" address="d35e8" elements="15" />
    <table name="Y" address="d3624" elements="16" />
  </table>
  <table name="Requested Torque (Accelerator Pedal) SI-DRIVE Sport" address="dc5e4">
    <table name="X" address="dc564" />
    <table name="Y" address="dc5a0" />
  </table>
  <table name="Requested Torque (Accelerator Pedal) SI-DRIVE Sport Sharp" address="dc864">
    <table name="X" address="dc7e4" />
    <table name="Y" address="dc820" />
  </table>
  <table name="Requested Torque (Accelerator Pedal) SI-DRIVE Intelligent" address="dcae4">
    <table name="X" address="dca64" />
    <table name="Y" address="dcaa0" />
  </table>
  <table name="Target Throttle Plate Position Cruise (Requested Torque)" address="dbe64">
    <table name="X" address="dbde4" elements="16" />
    <table name="Y" address="dbe24" />
  </table>
  <table name="Target Throttle Plate Position Non-Cruise (Requested Torque)" address="dc0e4">
    <table name="X" address="dc064" elements="16" />
    <table name="Y" address="dc0a4" />
  </table>
  <table name="Target Throttle Plate Position Maximum (Requested Torque)" address="dc364">
    <table name="X" address="dc2e4" elements="16" />
    <table name="Y" address="dc324" />
  </table>
  <table name="Rev Limit (Fuel Cut)" address="c8e80" />
  <table name="Rev Limit Fuel Resume (Boost)" address="c8e88" />
  <table name="Speed Limiting Enable (Fuel Cut)" address="c8ed0" />
  <table name="Speed Limiting Disable (Fuel Cut)" address="c8edc" />
  <table name="Speed Limiting A (Throttle) SI-DRIVE Sport/Sport Sharp" address="db844" />
  <table name="Speed Limiting B (Throttle) SI-DRIVE Sport/Sport Sharp" address="db85c" />
  <table name="Speed Limiting (Throttle) SI-DRIVE Intelligent" address="db850" />
  <table name="Fuel Temp Sensor Scaling" address="d16c8">
    <table name="Y" address="d1650" />
  </table>
  <table name="Intake Temp Sensor Scaling" address="a312c">
    <table name="Y" address="a30b4" />
  </table>
  <table name="Coolant Temp Sensor Scaling" address="a3044">
    <table name="Y" address="a2fd4" />
  </table>
  <table name="Radiator Fan Modes A (ECT)" address="d20a8" />
  <table name="Radiator Fan Modes B (ECT)" address="d20b8" />
  <table name="Radiator Fan Modes (Veh. Speed)" address="d20c8" />
  <table name="Idle Speed Target A" address="cfc58">
    <table name="Y" address="cf784" />
  </table>
  <table name="Idle Speed Target B" address="cfc98">
    <table name="Y" address="cf784" />
  </table>
  <table name="Idle Speed Target C" address="cfcd8">
    <table name="Y" address="cf784" />
  </table>
  <table name="Force Pass Readiness Monitors" address="9ba2a" />
</rom>