<rom>
  <romid>
    <xmlid>E2TB102M</xmlid>
    <internalidaddress>2000</internalidaddress>
    <internalidstring>E2TB102M</internalidstring>
    <ecuid>52521A4007</ecuid>
    <year>08</year>
    <market>ADM</market>
    <make>Subaru</make>
    <model>Liberty</model>
    <submodel>2.5i</submodel>
    <transmission>MT</transmission>
    <memmodel>SH7058</memmodel>
    <flashmethod>subarucan</flashmethod>
    <checksummodule>subarudbw</checksummodule>
  </romid>
  <include>32BITBASE</include>
  <table name="Manifold Pressure Sensor Scaling" address="c0280" />
  <table name="Manifold Pressure Sensor Limits (CEL)" address="cf916" />
  <table name="Manifold Pressure Sensor CEL Delays" address="c45de" />
  <table name="Primary Open Loop Fueling A_" address="c9720">
    <table name="X" address="c96a4" />
    <table name="Y" address="c96d0" />
  </table>
  <table name="Primary Open Loop Fueling B_" address="c9878">
    <table name="X" address="c97fc" />
    <table name="Y" address="c9828" />
  </table>
  <table name="Minimum Active Primary Open Loop Enrichment" address="c68d8" />
  <table name="Front Oxygen Sensor Scaling" address="cfe24">
    <table name="Y" address="cfdf0" />
  </table>
  <table name="Front Oxygen Sensor Rich Limit" address="261d8" />
  <table name="Front Oxygen Sensor Compensation (Atm. Pressure)" address="c2628">
    <table name="Y" address="c2618" />
  </table>
  <table name="CL Fueling Target Compensation A (Load)" address="ca180">
    <table name="X" address="ca108" />
    <table name="Y" address="ca134" elements="19" />
  </table>
  <table name="CL Fueling Target Compensation B (Load)" address="ca39c">
    <table name="X" address="ca324" />
    <table name="Y" address="ca350" elements="19" />
  </table>
  <table name="CL Fueling Target Compensation (ECT)_" address="c81cc">
    <table name="Y" address="c818c" />
  </table>
  <table name="CL Fueling Target Compensation (ECT) Disable" address="c6748" />
  <table name="CL to OL Delay A (Atm. Pressure)" address="c8578">
    <table name="Y" address="c855c" />
  </table>
  <table name="CL to OL Delay B (Atm. Pressure)" address="c85a4">
    <table name="Y" address="c8588" />
  </table>
  <table name="CL to OL Transition with Delay (Accelerator)" address="c724c">
    <table name="Y" address="c720c" />
  </table>
  <table name="CL to OL Transition with Delay Throttle Hysteresis" address="c68dc" />
  <table name="CL to OL Transition with Delay (Base Pulse Width)" address="c85f4">
    <table name="Y" address="c85b4" />
  </table>
  <table name="CL to OL Transition with Delay BPW Hysteresis" address="c68e0" />
  <table name="CL Delay Minimum (ECT)" address="c68e4" />
  <table name="CL Delay Maximum Engine Speed A" address="c68e8" />
  <table name="CL Delay Maximum Engine Speed B" address="c68f4" />
  <table name="CL Delay Engine Speed B Counter Threshold" address="c649c" />
  <table name="CL Delay Maximum (Throttle) A" address="c68f0" />
  <table name="CL Delay Throttle A Counter Threshold" address="c649a" />
  <table name="CL Delay Maximum (Throttle) B (ECT)" address="c725c">
    <table name="Y" address="c6be8" />
  </table>
  <table name="Injector Latency_" address="c9cb0">
    <table name="X" address="c9c90" />
    <table name="Y" address="c9ca4" />
  </table>
  <table name="Injector Flow Scaling" address="c6630" />
  <table name="Per Injector Primary Fuel Offset Compensation A" address="c99dc">
    <table name="X" address="c99a0" />
    <table name="Y" address="c99c0" elements="7" />
  </table>
  <table name="Per Injector Primary Fuel Offset Compensation B" address="c9a50">
    <table name="X" address="c9a14" />
    <table name="Y" address="c9a34" elements="7" />
  </table>
  <table name="Per Injector Primary Fuel Offset Compensation C" address="c9ac4">
    <table name="X" address="c9a88" />
    <table name="Y" address="c9aa8" elements="7" />
  </table>
  <table name="Per Injector Primary Fuel Offset Compensation D" address="c9b38">
    <table name="X" address="c9afc" />
    <table name="Y" address="c9b1c" elements="7" />
  </table>
  <table name="Cranking Fuel Injector Pulse Width A (ECT)" address="c766a">
    <table name="Y" address="c6be8" />
  </table>
  <table name="Cranking Fuel Injector Pulse Width B (ECT)" address="c768a">
    <table name="Y" address="c6be8" />
  </table>
  <table name="Cranking Fuel Injector Pulse Width C (ECT)" address="c76aa">
    <table name="Y" address="c6be8" />
  </table>
  <table name="Cranking Fuel Injector Pulse Width D (ECT)" address="c76ca">
    <table name="Y" address="c6be8" />
  </table>
  <table name="Cranking Fuel Injector Pulse Width E (ECT)" address="c76ea">
    <table name="Y" address="c6be8" />
  </table>
  <table name="Cranking Fuel Injector Pulse Width F (ECT)" address="c770a">
    <table name="Y" address="c6be8" />
  </table>
  <table name="Cranking Fuel Injector Pulse Width G (ECT)" address="c772a">
    <table name="Y" address="c6be8" />
  </table>
  <table name="Cranking Fuel Injector Pulse Width H (ECT)" address="c774a">
    <table name="Y" address="c6be8" />
  </table>
  <table name="Cranking Fuel Injector Pulse Width I (ECT)" address="c776a">
    <table name="Y" address="c6be8" />
  </table>
  <table name="Cranking Fuel Injector Pulse Width J (ECT)" address="c778a">
    <table name="Y" address="c6be8" />
  </table>
  <table name="Cranking Fuel Injector Pulse Width K (ECT)" address="c77aa">
    <table name="Y" address="c6be8" />
  </table>
  <table name="Cranking Fuel Injector Pulse Width L (ECT)" address="c77ca">
    <table name="Y" address="c6be8" />
  </table>
  <table name="Cranking Fuel Injector Pulse Width M (ECT)" address="c77ea">
    <table name="Y" address="c6be8" />
  </table>
  <table name="Cranking Fuel Injector Pulse Width N (ECT)" address="c780a">
    <table name="Y" address="c6be8" />
  </table>
  <table name="Cranking Fuel Injector Pulse Width O (ECT)" address="c782a">
    <table name="Y" address="c6be8" />
  </table>
  <table name="Cranking Fuel Injector Pulse Width P (ECT)" address="c784a">
    <table name="Y" address="c6be8" />
  </table>
  <table name="Cranking Fuel Injector Pulse Width Q (ECT)" address="c786a">
    <table name="Y" address="c6be8" />
  </table>
  <table name="Cranking Fuel Injector Pulse Width R (ECT)" address="c788a">
    <table name="Y" address="c6be8" />
  </table>
  <table name="Cranking Fuel Injector Pulse Width S (ECT)" address="c78aa">
    <table name="Y" address="c6be8" />
  </table>
  <table name="Cranking Fuel Injector Pulse Width T (ECT)" address="c78ca">
    <table name="Y" address="c6be8" />
  </table>
  <table name="Cranking Fuel Injector Pulse Width U (ECT)" address="c78ea">
    <table name="Y" address="c6be8" />
  </table>
  <table name="Cranking Fuel IPW Compensation A (RPM)" address="c931c">
    <table name="X" address="c92ec" />
    <table name="Y" address="c9300" />
  </table>
  <table name="Cranking Fuel IPW Compensation B (RPM)" address="c9378">
    <table name="X" address="c9340" />
    <table name="Y" address="c9354" elements="9" />
  </table>
  <table name="Cranking Fuel IPW Compensation (MAP)" address="c6eb0">
    <table name="Y" address="c6e88" />
  </table>
  <table name="Cranking Fuel IPW Compensation (Accelerator)" address="c6ed4">
    <table name="Y" address="c6ebc" />
  </table>
  <table name="Throttle Tip-in Enrichment A" address="c8d74">
    <table name="Y" address="c8d2c" />
  </table>
  <table name="Throttle Tip-in Enrichment B" address="c8de0">
    <table name="Y" address="c8d98" />
  </table>
  <table name="Minimum Tip-in Enrichment Activation" address="c6ae4" />
  <table name="Minimum Tip-in Enrichment Activation (Throttle)" address="c6ae0" />
  <table name="Tip-in Enrichment Compensation (RPM)" address="c743c">
    <table name="Y" address="c7418" />
  </table>
  <table name="Tip-in Enrichment Compensation (MRP)" address="c746c">
    <table name="Y" address="c7448" />
  </table>
  <table name="Tip-in Enrichment Compensation A (ECT)" address="c7475">
    <table name="Y" address="c6be8" />
  </table>
  <table name="Tip-in Enrichment Compensation B (ECT)" address="c8e04">
    <table name="Y" address="c6be8" />
  </table>
  <table name="Tip-in Enrichment Compensation C (ECT)" address="c8e24">
    <table name="Y" address="c6be8" />
  </table>
  <table name="Tip-in Enrichment Compensation D (ECT)" address="c8e44">
    <table name="Y" address="c6c80" />
  </table>
  <table name="Tip-in Enrichment Compensation D (ECT) Activation" address="c6ae8" />
  <table name="Tip-in Enrichment Disable Applied Counter Threshold A (ECT)" address="c7485">
    <table name="Y" address="c6be8" />
  </table>
  <table name="Tip-in Enrichment Disable Applied Counter Threshold B (ECT)" address="c7495">
    <table name="Y" address="c6be8" />
  </table>
  <table name="Tip-in Enrichment Applied Counter Reset" address="c6444" />
  <table name="Tip-in Enrichment Disable Throttle Cumulative Threshold A (ECT)" address="c8e64">
    <table name="Y" address="c6be8" />
  </table>
  <table name="Tip-in Enrichment Disable Throttle Cumulative Threshold B (ECT)" address="c8e84">
    <table name="Y" address="c6be8" />
  </table>
  <table name="Tip-in Throttle Cumulative Reset" address="c6445" />
  <table name="A/F Learning #1 Limits" address="c680c" />
  <table name="A/F Learning #1 Airflow Ranges" address="c6818" />
  <table name="MAF Sensor Scaling" address="cfd30">
    <table name="Y" address="cfc70" elements="48" />
  </table>
  <table name="MAF Compensation A (IAT)" address="c33ec">
    <table name="X" address="c33b8" />
    <table name="Y" address="c33cc" />
  </table>
  <table name="MAF Compensation B (IAT)" address="c3448">
    <table name="X" address="c3414" />
    <table name="Y" address="c3428" />
  </table>
  <table name="Engine Load Limit (Maximum)" address="239c0" />
  <table name="Engine Load Compensation A (MP)" address="c3094">
    <table name="X" address="c3038" />
    <table name="Y" address="c3064" />
  </table>
  <table name="Engine Load Compensation B (MP)" address="c3174">
    <table name="X" address="c3118" />
    <table name="Y" address="c3144" />
  </table>
  <table name="Engine Load Compensation A (Throttle)" address="c3254">
    <table name="X" address="c31f8" />
    <table name="Y" address="c3224" />
  </table>
  <table name="Engine Load Compensation B (Throttle)" address="c3334">
    <table name="X" address="c32d8" />
    <table name="Y" address="c3304" />
  </table>
  <table name="Base Timing A" address="cc778">
    <table name="X" address="cb5f0" elements="14" />
    <table name="Y" address="cb628" elements="19" />
  </table>
  <table name="Base Timing B" address="cc882">
    <table name="X" address="cb5f0" elements="14" />
    <table name="Y" address="cb628" elements="19" />
  </table>
  <table name="Base Timing C" address="cc98c">
    <table name="X" address="cb5f0" elements="14" />
    <table name="Y" address="cb628" elements="19" />
  </table>
  <table name="Base Timing D" address="cca96">
    <table name="X" address="cb5f0" elements="14" />
    <table name="Y" address="cb628" elements="19" />
  </table>
  <table name="Base Timing E" address="ccba0">
    <table name="X" address="cb5f0" elements="14" />
    <table name="Y" address="cb628" elements="19" />
  </table>
  <table name="Base Timing F" address="cccaa">
    <table name="X" address="cb5f0" elements="14" />
    <table name="Y" address="cb628" elements="19" />
  </table>
  <table name="Base Timing Idle A (In-Gear)(Above Speed Threshold)" address="cb966">
    <table name="Y" address="cb5cc" />
  </table>
  <table name="Base Timing Idle B (In-Gear)(Above Speed Threshold)" address="cb978">
    <table name="Y" address="cb5cc" />
  </table>
  <table name="Base Timing Idle A (In-Gear)(Below Speed Threshold)" address="cb98a">
    <table name="Y" address="cb5cc" />
  </table>
  <table name="Base Timing Idle B (In-Gear)(Below Speed Threshold)" address="cb99c">
    <table name="Y" address="cb5cc" />
  </table>
  <table name="Base Timing Idle A (Neutral)_" address="cb9fc">
    <table name="Y" address="cb9d8" />
  </table>
  <table name="Base Timing Idle B (Neutral)_" address="cba5c">
    <table name="Y" address="cba38" />
  </table>
  <table name="Base Timing Idle Vehicle Speed Threshold" address="cb374" />
  <table name="Knock Correction Advance Max A" address="cd238">
    <table name="X" address="cd1b4" elements="14" />
    <table name="Y" address="cd1ec" elements="19" />
  </table>
  <table name="Knock Correction Advance Max B" address="cd3c8">
    <table name="X" address="cd344" elements="14" />
    <table name="Y" address="cd37c" elements="19" />
  </table>
  <table name="Timing Compensation (IAT)" address="cbb88">
    <table name="Y" address="cbb48" />
  </table>
  <table name="Timing Comp Min Load (IAT)" address="cb3c8" />
  <table name="Timing Compensation A (ECT)" address="cbb05">
    <table name="Y" address="cb694" />
  </table>
  <table name="Timing Compensation B (ECT)" address="cbb15">
    <table name="Y" address="cb694" />
  </table>
  <table name="Timing Compensation C (ECT)" address="cbb25">
    <table name="Y" address="cb694" />
  </table>
  <table name="Timing Compensation D (ECT)" address="cbb35">
    <table name="Y" address="cb694" />
  </table>
  <table name="Timing Compensation Per Cylinder A__" address="cc100">
    <table name="Y" address="cc0c4" elements="15" />
  </table>
  <table name="Timing Compensation Per Cylinder B__" address="cc14c">
    <table name="Y" address="cc110" elements="15" />
  </table>
  <table name="Timing Compensation Per Cylinder C__" address="cc198">
    <table name="Y" address="cc15c" elements="15" />
  </table>
  <table name="Timing Compensation Per Cylinder D__" address="cc1e4">
    <table name="Y" address="cc1a8" elements="15" />
  </table>
  <table name="Timing Comp Minimum Load (Per Cylinder)" address="cb4d4" />
  <table name="Timing Comp Maximum RPM (Per Cylinder)" address="cb4d0" />
  <table name="Timing Comp Minimum Coolant Temp (Per Cylinder)" address="cb4d8" />
  <table name="Feedback Correction Range (RPM)" address="cb4f4" />
  <table name="Feedback Correction Minimum Load_" address="cc2b8">
    <table name="Y" address="cc2a8" />
  </table>
  <table name="Feedback Correction Retard Value_" address="cc614">
    <table name="Y" address="cc5e0" />
  </table>
  <table name="Feedback Correction Retard Limit" address="cb4e0" />
  <table name="Feedback Correction Negative Advance Value" address="cb4e4" />
  <table name="Feedback Correction Negative Advance Delay_" address="cc2f4">
    <table name="Y" address="cc2c0" />
  </table>
  <table name="Fine Correction Range (RPM)" address="cb568" />
  <table name="Fine Correction Range (Load)" address="cb578" />
  <table name="Fine Correction Rows (RPM)_" address="cb5a4" />
  <table name="Fine Correction Columns (Load)_" address="cb588" />
  <table name="Fine Correction Retard Value_" address="cc67c">
    <table name="Y" address="cc648" />
  </table>
  <table name="Fine Correction Retard Limit" address="cb560" />
  <table name="Fine Correction Advance Value" address="cb564" />
  <table name="Fine Correction Advance Limit" address="cb55c" />
  <table name="Fine Correction Advance Delay" address="cb1c0" />
  <table name="Rough Correction Range (RPM)" address="cb514" />
  <table name="Rough Correction Range (Load)" address="cb524" />
  <table name="Rough Correction Minimum KC Advance Map Value" address="cb534" />
  <table name="Rough Correction Learning Delay (Increasing)" address="cc21c">
    <table name="Y" address="cc1f4" />
  </table>
  <table name="Advance Multiplier (Initial)" address="cb510" />
  <table name="Advance Multiplier Step Value" address="cb538" />
  <table name="Requested Torque A (Accelerator Pedal)" address="de370">
    <table name="X" address="de2d4" elements="17" />
    <table name="Y" address="de318" elements="22" />
  </table>
  <table name="Requested Torque B (Accelerator Pedal)" address="de6f8">
    <table name="X" address="de65c" elements="17" />
    <table name="Y" address="de6a0" elements="22" />
  </table>
  <table name="Requested Torque C (Accelerator Pedal)" address="dea80">
    <table name="X" address="de9e4" elements="17" />
    <table name="Y" address="dea28" elements="22" />
  </table>
  <table name="Target Throttle Plate Position A (Requested Torque)" address="dbf0c">
    <table name="X" address="dbe4c" elements="26" />
    <table name="Y" address="dbeb4" elements="22" />
  </table>
  <table name="Target Throttle Plate Position B (Requested Torque)" address="dc444">
    <table name="X" address="dc384" elements="26" />
    <table name="Y" address="dc3ec" elements="22" />
  </table>
  <table name="Target Throttle Plate Position C (Requested Torque)" address="dc97c">
    <table name="X" address="dc8bc" elements="26" />
    <table name="Y" address="dc924" elements="22" />
  </table>
  <table name="Target Throttle Plate Position D (Requested Torque)" address="dceb4">
    <table name="X" address="dcdf4" elements="26" />
    <table name="Y" address="dce5c" elements="22" />
  </table>
  <table name="Target Throttle Plate Position E (Requested Torque)" address="dd3ec">
    <table name="X" address="dd32c" elements="26" />
    <table name="Y" address="dd394" elements="22" />
  </table>
  <table name="Target Throttle Plate Position F (Requested Torque)" address="dd924">
    <table name="X" address="dd864" elements="26" />
    <table name="Y" address="dd8cc" elements="22" />
  </table>
  <table name="Target Throttle Plate Position G (Requested Torque)" address="dde5c">
    <table name="X" address="ddd9c" elements="26" />
    <table name="Y" address="dde04" elements="22" />
  </table>
  <table name="Rev Limit (Fuel Cut)" address="c6b6c" />
  <table name="Speed Limiting Enable (Fuel Cut)" address="c6b78" />
  <table name="Speed Limiting Disable (Fuel Cut)" address="c6b80" />
  <table name="Speed Limiting A (Throttle)" address="db840" />
  <table name="Speed Limiting B (Throttle)" address="db84c" />
  <table name="Intake Temp Sensor Scaling" address="8f0c8">
    <table name="Y" address="8f050" />
  </table>
  <table name="Coolant Temp Sensor Scaling" address="cfb80">
    <table name="Y" address="cfb10" />
  </table>
  <table name="Radiator Fan Modes A (ECT)" address="d0498" />
  <table name="Radiator Fan Modes B (ECT)" address="d04a8" />
  <table name="Radiator Fan Modes C (ECT)" address="d04b8" />
  <table name="Radiator Fan Modes (Veh. Speed)" address="d04c8" />
  <table name="Gear Determination Thresholds A" address="c1e78" />
  <table name="Gear Determination Thresholds B" address="c1e8c" />
  <table name="Idle Speed Target A" address="ce0e4">
    <table name="Y" address="cdb24" />
  </table>
  <table name="Idle Speed Target B" address="ce124">
    <table name="Y" address="cdb24" />
  </table>
  <table name="Idle Speed Target C" address="ce164">
    <table name="Y" address="cdb24" />
  </table>
  <table name="Idle Speed Target D" address="ce1a4">
    <table name="Y" address="cdb24" />
  </table>
  <table name="Idle Speed Target E" address="ce1e4">
    <table name="Y" address="cdb24" />
  </table>
  <table name="Idle Speed Target F" address="ce224">
    <table name="Y" address="cdb24" />
  </table>
  <table name="Force Pass Readiness Monitors" address="79b6e" />
  <table name="(P0000) PASS CODE (NO DTC DETECTED)" address="88579" />
  <table name="(P0000) PASS CODE (NO DTC DETECTED)_" address="8857a" />
  <table name="(P0026) OSV SOLENOID VALVE CIRCUIT RANGE/PERF B1" address="885d4" />
  <table name="(P0028) OSV SOLENOID VALVE CIRCUIT RANGE/PERF B2" address="885d1" />
  <table name="(P0030) FRONT O2 SENSOR RANGE/PERF" address="885a7" />
  <table name="(P0031) FRONT O2 SENSOR LOW INPUT" address="88588" />
  <table name="(P0032) FRONT O2 SENSOR HIGH INPUT" address="88586" />
  <table name="(P0037) REAR O2 SENSOR LOW INPUT" address="88587" />
  <table name="(P0038) REAR O2 SENSOR HIGH INPUT" address="88585" />
  <table name="(P0076) INTAKE VALVE CIRCUIT LOW (BANK 1)" address="885d6" />
  <table name="(P0077) INTAKE VALVE CONTROL HIGH (BANK 1)" address="885d5" />
  <table name="(P0082) INTAKE VALVE CONTROL LOW (BANK 2)" address="885d3" />
  <table name="(P0083) INTAKE VALVE CONTROL HIGH (BANK 2)" address="885d2" />
  <table name="(P0102) MAF SENSOR LOW INPUT" address="88535" />
  <table name="(P0103) MAF SENSOR HIGH INPUT" address="88536" />
  <table name="(P0107) MAP SENSOR LOW INPUT" address="88589" />
  <table name="(P0108) MAP SENSOR HIGH INPUT" address="8858a" />
  <table name="(P0112) IAT SENSOR LOW INPUT" address="88582" />
  <table name="(P0113) IAT SENSOR HIGH INPUT" address="88583" />
  <table name="(P0117) COOLANT TEMP SENSOR LOW INPUT" address="8853e" />
  <table name="(P0118) COOLANT TEMP SENSOR HIGH INPUT" address="8853f" />
  <table name="(P0122) TPS A LOW INPUT" address="8853c" />
  <table name="(P0123) TPS A HIGH INPUT" address="8853d" />
  <table name="(P0125) INSUFFICIENT COOLANT TEMP (FUELING)" address="88541" />
  <table name="(P0131) FRONT O2 SENSOR LOW INPUT" address="8857c" />
  <table name="(P0132) FRONT O2 SENSOR HIGH INPUT" address="8857e" />
  <table name="(P0133) FRONT O2 SENSOR SLOW RESPONSE" address="88566" />
  <table name="(P0134) FRONT O2 SENSOR NO ACTIVITY" address="885a5" />
  <table name="(P0140) REAR O2 SENSOR NO ACTIVITY" address="885f3" />
  <table name="(P0171) SYSTEM TOO LEAN" address="88570" />
  <table name="(P0172) SYSTEM TOO RICH" address="88571" />
  <table name="(P0197) OIL TEMP SENSOR LOW" address="885cd" />
  <table name="(P0198) OIL TEMP SENSOR HIGH" address="885d8" />
  <table name="(P0222) TPS B LOW INPUT" address="885af" />
  <table name="(P0223) TPS B HIGH INPUT" address="885b0" />
  <table name="(P0301) MISFIRE CYLINDER 1" address="88572" />
  <table name="(P0302) MISFIRE CYLINDER 2" address="88573" />
  <table name="(P0303) MISFIRE CYLINDER 3" address="88574" />
  <table name="(P0304) MISFIRE CYLINDER 4" address="88575" />
  <table name="(P0327) KNOCK SENSOR 1 LOW INPUT" address="8853a" />
  <table name="(P0328) KNOCK SENSOR 1 HIGH INPUT" address="8853b" />
  <table name="(P0335) CRANKSHAFT POS. SENSOR A MALFUNCTION" address="88530" />
  <table name="(P0340) CAMSHAFT POS. SENSOR A MALFUNCTION" address="88533" />
  <table name="(P0400) EGR FLOW" address="8856f" />
  <table name="(P0420) CAT EFFICIENCY BELOW THRESHOLD" address="8856c" />
  <table name="(P0458) EVAP PURGE VALVE CIRCUIT LOW" address="88561" />
  <table name="(P0459) EVAP PURGE VALVE CIRCUIT HIGH" address="88562" />
  <table name="(P0462) FUEL LEVEL SENSOR LOW INPUT" address="88542" />
  <table name="(P0463) FUEL LEVEL SENSOR HIGH INPUT" address="88543" />
  <table name="(P0500) VEHICLE SPEED SENSOR A" address="88537" />
  <table name="(P0512) STARTER REQUEST CIRCUIT" address="88547" />
  <table name="(P0519) IDLE CONTROL MALFUNCTION (FAIL-SAFE)" address="885a2" />
  <table name="(P0600) SERIAL COMMUNICATION LINK" address="885bf" />
  <table name="(P0604) CONTROL MODULE RAM ERROR" address="88534" />
  <table name="(P0605) CONTROL MODULE ROM ERROR" address="885c4" />
  <table name="(P0607) CONTROL MODULE PERFORMANCE" address="885b7" />
  <table name="(P0638) THROTTLE ACTUATOR RANGE/PERF" address="885b6" />
  <table name="(P0691) RADIATOR FAN CIRCUIT LOW" address="8855a" />
  <table name="(P0692) RADIATOR FAN CIRCUIT HIGH" address="8855b" />
  <table name="(P0700) TRANSMISSION CONTROL SYSTEM" address="885d0" />
  <table name="(P0851) NEUTRAL SWITCH INPUT LOW" address="8854b" />
  <table name="(P0852) NEUTRAL SWITCH INPUT HIGH" address="8854f" />
  <table name="(P1160) ABNORMAL RETURN SPRING" address="885b1" />
  <table name="(P1492) EGR SOLENOID SIGNAL 1 MALFUNCTION (LOW)" address="88550" />
  <table name="(P1493) EGR SOLENOID SIGNAL 1 MALFUNCTION (HIGH)" address="88551" />
  <table name="(P1494) EGR SOLENOID SIGNAL 2 MALFUNCTION (LOW)" address="88552" />
  <table name="(P1495) EGR SOLENOID SIGNAL 2 MALFUNCTION (HIGH)" address="88553" />
  <table name="(P1496) EGR SIGNAL 3 CIRCUIT LOW" address="88554" />
  <table name="(P1497) EGR SOLENOID SIGNAL 3 MALFUNCTION (HIGH)" address="88555" />
  <table name="(P1498) EGR SIGNAL 4 CIRCUIT LOW" address="88556" />
  <table name="(P1499) EGR SIGNAL 4 CIRCUIT HIGH" address="88557" />
  <table name="(P1560) BACK-UP VOLTAGE MALFUNCTION" address="88591" />
  <table name="(P2101) THROTTLE ACTUATOR CIRCUIT RANGE/PERF" address="885b4" />
  <table name="(P2102) THROTTLE ACTUATOR CIRCUIT LOW" address="885b2" />
  <table name="(P2103) THROTTLE ACTUATOR CIRCUIT HIGH" address="885b3" />
  <table name="(P2109) TPS A MINIMUM STOP PERF" address="885ae" />
  <table name="(P2122) TPS D CIRCUIT LOW INPUT" address="885bb" />
  <table name="(P2123) TPS D CIRCUIT HIGH INPUT" address="885bc" />
  <table name="(P2127) TPS E CIRCUIT LOW INPUT" address="885b9" />
  <table name="(P2128) TPS E CIRCUIT HIGH INPUT" address="885ba" />
  <table name="(P2135) TPS A/B VOLTAGE" address="885bd" />
  <table name="(P2138) TPS D/E VOLTAGE" address="885b8" />
  <table name="(P2228) BARO. PRESSURE CIRCUIT LOW INPUT" address="885e2" />
  <table name="(P2229) BARO. PRESSURE CIRCUIT HIGH INPUT" address="885e1" />
  <table name="(P2503) CHARGING SYSTEM VOLTAGE LOW" address="885da" />
  <table name="(P2504) CHARGING SYSTEM VOLTAGE HIGH" address="885d9" />
</rom>