<rom>
  <romid>
    <xmlid>A2WC412I</xmlid>
    <internalidaddress>2000</internalidaddress>
    <internalidstring>A2WC412I</internalidstring>
    <ecuid>3B12584306</ecuid>
    <year>05</year>
    <market>USDM</market>
    <make>Subaru</make>
    <model>Forester</model>
    <submodel>XT</submodel>
    <transmission>MT</transmission>
    <memmodel>SH7058</memmodel>
    <flashmethod>sti05</flashmethod>
    <checksummodule>subarudbw</checksummodule>
  </romid>
  <include>A2WC410I</include>
  <table name="Manifold Pressure Sensor Limits (CEL)" address="cb8e6" />
  <table name="Primary Open Loop Fueling" address="c777c">
    <table name="X" address="c76f8" />
    <table name="Y" address="c7734" />
  </table>
  <table name="Primary Open Loop Fueling (Failsafe)" address="c7924">
    <table name="X" address="c78a0" />
    <table name="Y" address="c78dc" />
  </table>
  <table name="Front Oxygen Sensor Scaling" address="cbf28">
    <table name="Y" address="cbef4" />
  </table>
  <table name="CL Fueling Target Compensation (Load)" address="c82c8">
    <table name="X" address="c8274" elements="11" />
    <table name="Y" address="c82a0" />
  </table>
  <table name="CL Fueling Target Compensation A (ECT)" address="c8148">
    <table name="X" address="c66d0" />
    <table name="Y" address="c813c" />
  </table>
  <table name="CL Fueling Target Compensation B (ECT)" address="c81fc">
    <table name="X" address="c66d0" />
    <table name="Y" address="c81f0" />
  </table>
  <table name="Injector Latency" address="cb9d8">
    <table name="Y" address="cb9c4" />
  </table>
  <table name="Per Injector Primary Fuel Offset Compensation A" address="c7ab0">
    <table name="X" address="c7a34" elements="17" />
    <table name="Y" address="c7a78" />
  </table>
  <table name="Per Injector Primary Fuel Offset Compensation B" address="c7c1c">
    <table name="X" address="c7ba0" elements="17" />
    <table name="Y" address="c7be4" />
  </table>
  <table name="Per Injector Primary Fuel Offset Compensation C" address="c7d88">
    <table name="X" address="c7d0c" elements="17" />
    <table name="Y" address="c7d50" />
  </table>
  <table name="Per Injector Primary Fuel Offset Compensation D" address="c7ef4">
    <table name="X" address="c7e78" elements="17" />
    <table name="Y" address="c7ebc" />
  </table>
  <table name="Min Primary Base Enrichment 1 (Non-Primary OL)" address="c76c4">
    <table name="X" address="c7690" />
    <table name="Y" address="c76b8" />
  </table>
  <table name="MAF Sensor Scaling" address="cbd44">
    <table name="Y" address="cbc84" elements="48" />
  </table>
  <table name="Base Timing" address="c9244">
    <table name="X" address="c91c0" />
    <table name="Y" address="c91fc" />
  </table>
  <table name="Base Timing Idle" address="c8915">
    <table name="Y" address="c87b8" />
  </table>
  <table name="Base Timing Idle Minimum" address="c890c">
    <table name="Y" address="c88e8" />
  </table>
  <table name="Base Timing Idle Minimum Vehicle Speed Enable" address="c84d8" />
  <table name="Knock Correction Advance Max" address="c9598">
    <table name="X" address="c9510" />
    <table name="Y" address="c9550" />
  </table>
  <table name="Timing Compensation (IAT)" address="c8988">
    <table name="Y" address="c8948" />
  </table>
  <table name="Timing Compensation (IAT) Activation" address="c9394">
    <table name="X" address="c9354" />
    <table name="Y" address="c9374" />
  </table>
  <table name="Timing Compensation (ECT)" address="c8935">
    <table name="Y" address="c87b8" />
  </table>
  <table name="Timing Compensation (MRP)" address="c96ec">
    <table name="X" address="c96cc" />
    <table name="Y" address="c96e0" />
  </table>
  <table name="Timing Compensation Per Cylinder A__" address="c8d80">
    <table name="Y" address="c8d48" />
  </table>
  <table name="Timing Compensation Per Cylinder B__" address="c8dc8">
    <table name="Y" address="c8d90" />
  </table>
  <table name="Timing Compensation Per Cylinder C__" address="c8e10">
    <table name="Y" address="c8dd8" />
  </table>
  <table name="Timing Compensation Per Cylinder D__" address="c8e58">
    <table name="Y" address="c8e20" />
  </table>
  <table name="Timing Comp Minimum Load (Per Cylinder)" address="c8610" />
  <table name="Timing Comp Maximum RPM (Per Cylinder)" address="c860c" />
  <table name="Timing Comp Minimum Coolant Temp (Per Cylinder)" address="c8614" />
  <table name="Feedback Correction Range (RPM)" address="c8648" />
  <table name="Feedback Correction Minimum Load" address="c8658" />
  <table name="Feedback Correction Retard Value" address="c8628" />
  <table name="Feedback Correction Retard Limit" address="c8624" />
  <table name="Feedback Correction Negative Advance Value" address="c8630" />
  <table name="Feedback Correction Negative Advance Delay" address="c8402" />
  <table name="Extended Feedback Correction High RPM Compensation" address="c8660" />
  <table name="Fine Correction Range (RPM)" address="c8740" />
  <table name="Fine Correction Range (Load)" address="c8750" />
  <table name="Fine Correction Rows (RPM)" address="c8770" />
  <table name="Fine Correction Columns (Load)" address="c8760" />
  <table name="Fine Correction Retard Value" address="c8788" />
  <table name="Fine Correction Retard Limit" address="c8738" />
  <table name="Fine Correction Advance Value" address="c873c" />
  <table name="Fine Correction Advance Limit" address="c8734" />
  <table name="Fine Correction Advance Delay" address="c8410" />
  <table name="Rough Correction Range (RPM)" address="c86d8" />
  <table name="Rough Correction Range (Load)" address="c86e8" />
  <table name="Rough Correction Minimum KC Advance Map Value" address="c86f8" />
  <table name="Rough Correction Learning Delay (Increasing)" address="c8e90">
    <table name="Y" address="c8e68" />
  </table>
  <table name="Advance Multiplier (Initial)" address="c86d4" />
  <table name="Advance Multiplier Step Value" address="c86fc" />
  <table name="Intake Cam Advance Angle (AVCS)" address="cd2b4">
    <table name="X" address="cd234" />
    <table name="Y" address="cd26c" />
  </table>
  <table name="Requested Torque (Accelerator Pedal)" address="cafb4">
    <table name="X" address="caf3c" />
    <table name="Y" address="caf78" elements="15" />
  </table>
  <table name="Target Throttle Plate Position (Requested Torque)" address="cad1c">
    <table name="X" address="cac98" />
    <table name="Y" address="cacdc" />
  </table>
  <table name="EGT Sensor Scaling" address="cbe7c">
    <table name="Y" address="cbe04" />
  </table>
  <table name="Fuel Temp Sensor Scaling" address="cbc0c">
    <table name="Y" address="cbb94" />
  </table>
  <table name="Radiator Fan Modes (ECT)" address="cc6a4" />
  <table name="Radiator Fan Modes (Veh. Speed)" address="cc6b4" />
  <table name="Idle Speed Target A" address="ca294">
    <table name="Y" address="c9cc0" />
  </table>
  <table name="Idle Speed Target B" address="ca2d4">
    <table name="Y" address="c9cc0" />
  </table>
  <table name="Idle Speed Target C" address="ca314">
    <table name="Y" address="c9cc0" />
  </table>
</rom>