<rom>
  <romid>
    <xmlid>A8DK100P</xmlid>
    <internalidaddress>2000</internalidaddress>
    <internalidstring>A8DK100P</internalidstring>
    <ecuid>4E42504007</ecuid>
    <year>07</year>
    <market>EDM</market>
    <make>Subaru</make>
    <model>Forester</model>
    <submodel>XT</submodel>
    <transmission>AT</transmission>
    <memmodel>SH7058</memmodel>
    <flashmethod>subarucan</flashmethod>
    <checksummodule>subarudbw</checksummodule>
  </romid>
  <include>32BITBASE</include>
  <table name="Target Boost" address="c0cc4">
    <table name="X" address="c0c78" />
    <table name="Y" address="c0c98" elements="11" />
  </table>
  <table name="Target Boost Compensation (ECT)" address="c087c">
    <table name="Y" address="c06e4" />
  </table>
  <table name="Target Boost Compensation (1st Gear)" address="c06dc" />
  <table name="Target Boost Compensation (1st Gear) Speed Disable" address="c06d8" />
  <table name="Target Boost Compensation (Atm. Pressure) Multiplier" address="c097c">
    <table name="Y" address="c096c" />
  </table>
  <table name="Target Boost Compensation (Atm. Pressure) Multiplier Offset" address="c08ac">
    <table name="Y" address="c089c" />
  </table>
  <table name="Boost Limit (Fuel Cut)" address="c8d04">
    <table name="Y" address="c8cec" />
  </table>
  <table name="Boost Control Disable (IAM)" address="c06cc" />
  <table name="Boost Control Disable (Fine Correction)" address="c06c8" />
  <table name="Boost Control Disable Delay (Fine Correction)" address="c0669" />
  <table name="Initial Wastegate Duty" address="c0ad8">
    <table name="X" address="c0a98" />
    <table name="Y" address="c0ab8" elements="8" />
  </table>
  <table name="Max Wastegate Duty" address="c0bb0">
    <table name="X" address="c0b70" />
    <table name="Y" address="c0b90" />
  </table>
  <table name="Max Wastegate Duty Limit Post-Compensation" address="18d08" />
  <table name="Initial/Max Wastegate Duty Compensation (IAT)" address="c07a0">
    <table name="Y" address="c0760" />
  </table>
  <table name="Initial/Max Wastegate Duty Compensation (ECT)" address="c085c">
    <table name="Y" address="c06e4" />
  </table>
  <table name="Initial/Max Wastegate Duty Compensation (Atm. Pressure)" address="c0a3c">
    <table name="X" address="c0a14" />
    <table name="Y" address="c0a2c" />
  </table>
  <table name="Turbo Dynamics Proportional" address="c08e8">
    <table name="Y" address="c08c4" />
  </table>
  <table name="Turbo Dynamics Integral Positive" address="c0958">
    <table name="Y" address="c0934" />
  </table>
  <table name="Turbo Dynamics Integral Negative" address="c0920">
    <table name="Y" address="c08fc" />
  </table>
  <table name="TD Proportional Compensation (IAT)" address="c0734">
    <table name="Y" address="c0724" />
  </table>
  <table name="TD Integral Positive Compensation (IAT)" address="c075c">
    <table name="Y" address="c074c" />
  </table>
  <table name="TD Integral Negative Compensation (IAT)" address="c0748">
    <table name="Y" address="c0738" />
  </table>
  <table name="TD Activation Thresholds (RPM)" address="c0698" />
  <table name="TD Activation Thresholds (Target Boost)" address="c0674" />
  <table name="TD Integral Cumulative Range (WGDC Correction)" address="c06a8" />
  <table name="TD Integral Negative Activation (Boost Error)" address="c0684" />
  <table name="TD Integral Positive Activation (Boost Error)" address="c068c" />
  <table name="TD Integral Positive Activation (Wastegate Duty)" address="c0694" />
  <table name="Manifold Pressure Sensor Scaling" address="c028c" />
  <table name="Manifold Pressure Sensor Limits (CEL)" address="cdb3e" />
  <table name="Manifold Pressure Sensor CEL Delays" address="c3466" />
  <table name="Primary Open Loop Fueling" address="c911c">
    <table name="X" address="c9098" />
    <table name="Y" address="c90d4" />
  </table>
  <table name="Primary Open Loop Fueling (Failsafe)" address="c92c4">
    <table name="X" address="c9240" />
    <table name="Y" address="c927c" />
  </table>
  <table name="Primary Open Loop Fuel Map Switch (IAM)" address="c772c" />
  <table name="Minimum Active Primary Open Loop Enrichment" address="c7730" />
  <table name="Minimum Primary Open Loop Enrichment (Throttle)" address="c7e44">
    <table name="Y" address="c7e2c" />
  </table>
  <table name="Primary Open Loop Fueling Compensation (ECT)" address="c8810">
    <table name="Y" address="c7a24" />
  </table>
  <table name="Primary Open Loop Fueling Compensation (Timing Compensation)" address="c7dd4">
    <table name="Y" address="c7dbc" />
  </table>
  <table name="Front Oxygen Sensor Scaling" address="ce070">
    <table name="Y" address="ce03c" />
  </table>
  <table name="Front Oxygen Sensor Rich Limit" address="24d04" />
  <table name="Front Oxygen Sensor Compensation (Atm. Pressure)" address="c2994">
    <table name="Y" address="c2984" />
  </table>
  <table name="CL Fueling Target Compensation A (Load)" address="c9d78">
    <table name="X" address="c9d24" />
    <table name="Y" address="c9d50" />
  </table>
  <table name="CL Fueling Target Compensation B (Load)" address="c9ec0">
    <table name="X" address="c9e6c" />
    <table name="Y" address="c9e98" elements="10" />
  </table>
  <table name="CL Fueling Target Compensation A (ECT)" address="c9bc8">
    <table name="X" address="c7a24" />
    <table name="Y" address="c9bbc" />
  </table>
  <table name="CL Fueling Target Compensation B (ECT)" address="c9c7c">
    <table name="X" address="c7a24" />
    <table name="Y" address="c9c70" />
  </table>
  <table name="CL to OL Delay" address="c72b4">
    <table name="Y" elements="3" />
  </table>
  <table name="CL to OL Transition with Delay (Throttle)" address="c7e1c">
    <table name="Y" address="c7ddc" />
  </table>
  <table name="CL to OL Transition with Delay Throttle Hysteresis" address="c7734" />
  <table name="CL to OL Transition with Delay (Base Pulse Width)" address="c873c">
    <table name="Y" address="c86fc" />
  </table>
  <table name="CL to OL Transition with Delay BPW Hysteresis" address="c7738" />
  <table name="CL to OL Transition Counter Step Value (MAF)" address="c8784">
    <table name="Y" address="c875c" />
  </table>
  <table name="CL Delay Maximum (Vehicle Speed)" address="c77b4" />
  <table name="CL Delay Minimum (ECT)" address="c773c" />
  <table name="CL Delay Maximum (Engine Load)" address="c77c4" />
  <table name="CL Delay Engine Load Counter Threshold" address="c72b2" />
  <table name="CL Delay Maximum Engine Speed (Per Gear)" address="c7768" />
  <table name="CL Delay Maximum Engine Speed (Neutral)" address="c7790" />
  <table name="CL Delay Throttle Atm. Pressure Thresholds" address="c7798" />
  <table name="CL Delay Maximum (Throttle) (Low Atm. Pressure)" address="c77a0" />
  <table name="CL Delay Maximum (Throttle) (High Atm. Pressure)" address="c77a8" />
  <table name="Injector Latency" address="c8068">
    <table name="Y" address="c8054" />
  </table>
  <table name="Injector Flow Scaling" address="c73c4" />
  <table name="Per Injector Pulse Width Compensation A" address="c9454">
    <table name="X" address="c93d4" />
    <table name="Y" address="c9418" elements="15" />
  </table>
  <table name="Per Injector Pulse Width Compensation B" address="c95d4">
    <table name="X" address="c9554" />
    <table name="Y" address="c9598" elements="15" />
  </table>
  <table name="Per Injector Pulse Width Compensation C" address="c9754">
    <table name="X" address="c96d4" />
    <table name="Y" address="c9718" elements="15" />
  </table>
  <table name="Per Injector Pulse Width Compensation D" address="c98d4">
    <table name="X" address="c9854" />
    <table name="Y" address="c9898" elements="15" />
  </table>
  <table name="Cranking Fuel Injector Pulse Width A (ECT)" address="c7f92">
    <table name="Y" address="c7a24" />
  </table>
  <table name="Cranking Fuel Injector Pulse Width B (ECT)" address="c7fb2">
    <table name="Y" address="c7a24" />
  </table>
  <table name="Cranking Fuel Injector Pulse Width C (ECT)" address="c7fd2">
    <table name="Y" address="c7a24" />
  </table>
  <table name="Cranking Fuel Injector Pulse Width D (ECT)" address="c7ff2">
    <table name="Y" address="c7a24" />
  </table>
  <table name="Cranking Fuel Injector Pulse Width E (ECT)" address="c8012">
    <table name="Y" address="c7a24" />
  </table>
  <table name="Cranking Fuel Injector Pulse Width F (ECT)" address="c8032">
    <table name="Y" address="c7a24" />
  </table>
  <table name="Cranking Fuel IPW Compensation A (RPM)" address="c8de0">
    <table name="X" address="c8db0" />
    <table name="Y" address="c8dc4" />
  </table>
  <table name="Cranking Fuel IPW Compensation B (RPM)" address="c8e48">
    <table name="X" address="c8e18" />
    <table name="Y" address="c8e2c" />
  </table>
  <table name="Cranking Fuel IPW Compensation (Accelerator)" address="c7b10">
    <table name="Y" address="c7af8" />
  </table>
  <table name="Throttle Tip-in Enrichment" address="c8c18">
    <table name="Y" address="c8bd0" />
  </table>
  <table name="Minimum Tip-in Enrichment Activation" address="c7930" />
  <table name="Minimum Tip-in Enrichment Activation (Throttle)" address="c7928" />
  <table name="Tip-in Enrichment Compensation (Boost Error)" address="c7f38">
    <table name="Y" address="c7f14" />
  </table>
  <table name="Tip-in Enrichment Compensation (ECT)" address="c8c3c">
    <table name="Y" address="c7a24" />
  </table>
  <table name="Tip-in Enrichment Disable Applied Counter Threshold" address="c7262" />
  <table name="Tip-in Enrichment Applied Counter Reset" address="c7263" />
  <table name="Tip-in Enrichment Disable Throttle Cumulative Threshold" address="c792c" />
  <table name="Tip-in Throttle Cumulative Reset" address="c7264" />
  <table name="Min Primary Base Enrichment 1 A" address="c8f10">
    <table name="X" address="c7a24" />
    <table name="Y" address="c8ef0" />
  </table>
  <table name="Min Primary Base Enrichment 1 B" address="c8fb0">
    <table name="X" address="c7a24" />
    <table name="Y" address="c8f90" />
  </table>
  <table name="Min Primary Base Enrichment 1 (Non-Primary OL)" address="c9064">
    <table name="X" address="c9030" />
    <table name="Y" address="c9058" />
  </table>
  <table name="Min Primary Base Enrich 2 Initial Start 1A" address="c80f2">
    <table name="Y" address="c7a24" />
  </table>
  <table name="Min Primary Base Enrich 2 Initial Start 1B" address="c8112">
    <table name="Y" address="c7a24" />
  </table>
  <table name="Min Primary Base Enrich 2 Initial Start 2A" address="c8132">
    <table name="Y" address="c7a24" />
  </table>
  <table name="Min Primary Base Enrich 2 Initial Start 2B" address="c8152">
    <table name="Y" address="c7a24" />
  </table>
  <table name="Min Primary Base Enrich 2 Decay Step 1" address="c8172">
    <table name="Y" address="c7a24" />
  </table>
  <table name="Min Primary Base Enrich 2 Decay Step 2" address="c8192">
    <table name="Y" address="c7a24" />
  </table>
  <table name="Min Primary Base Enrich 3 Initial Start 1A" address="c8072">
    <table name="Y" address="c7a24" />
  </table>
  <table name="Min Primary Base Enrich 3 Initial Start 1B" address="c8092">
    <table name="Y" address="c7a24" />
  </table>
  <table name="Min Primary Base Enrich 3 Initial Start 2A" address="c80b2">
    <table name="Y" address="c7a24" />
  </table>
  <table name="Min Primary Base Enrich 3 Initial Start 2B" address="c80d2">
    <table name="Y" address="c7a24" />
  </table>
  <table name="Min Primary Base Enrich 3 Decay Delay A" address="c7b26">
    <table name="Y" address="c7a24" />
  </table>
  <table name="Min Primary Base Enrich 3 Decay Delay B" address="c7b36">
    <table name="Y" address="c7a24" />
  </table>
  <table name="Min Primary Base Enrich 3 Decay Multiplier" address="c73c8" />
  <table name="A/F Learning #1 Limits" address="c7644" />
  <table name="A/F Learning #1 Airflow Ranges" address="c7654" />
  <table name="MAF Limit (Maximum)" address="c244c" />
  <table name="MAF Sensor Scaling" address="cdf7c">
    <table name="Y" address="cdebc" elements="48" />
  </table>
  <table name="MAF Compensation (IAT)" address="c2ddc">
    <table name="X" address="c2da8" />
    <table name="Y" address="c2dbc" />
  </table>
  <table name="Engine Load Limit (Maximum)" address="22d40" />
  <table name="Engine Load Compensation (MP)" address="c2e6c">
    <table name="X" address="c2e04" />
    <table name="Y" address="c2e30" />
  </table>
  <table name="Base Timing" address="cb658">
    <table name="X" address="cb5d4" />
    <table name="Y" address="cb610" />
  </table>
  <table name="Base Timing Idle A (In-Gear)" address="cad31">
    <table name="Y" address="cabcc" />
  </table>
  <table name="Base Timing Idle B (In-Gear)" address="cad41">
    <table name="Y" address="cabcc" />
  </table>
  <table name="Base Timing Idle A (Neutral)" address="cad51">
    <table name="Y" address="cabcc" />
  </table>
  <table name="Base Timing Idle B (Neutral)" address="cad61">
    <table name="Y" address="cabcc" />
  </table>
  <table name="Base Timing Idle Minimum" address="cad28">
    <table name="Y" address="cad04" />
  </table>
  <table name="Base Timing Idle Minimum Vehicle Speed Enable" address="ca8b4" />
  <table name="Knock Correction Advance Max" address="cbc18">
    <table name="X" address="cbb94" elements="15" />
    <table name="Y" address="cbbd0" />
  </table>
  <table name="Timing Compensation A (IAT)" address="cade4">
    <table name="Y" address="cada4" />
  </table>
  <table name="Timing Compensation A (IAT) Activation" address="cb7a8">
    <table name="X" address="cb768" />
    <table name="Y" address="cb788" />
  </table>
  <table name="Timing Compensation B (IAT)" address="cb1e4">
    <table name="Y" address="cb1a4" />
  </table>
  <table name="Timing Compensation B (IAT) IAM Activation" address="caa44" />
  <table name="Timing Compensation B (IAT) Max Additive" address="caa28" />
  <table name="Timing Compensation (ECT)" address="cad91">
    <table name="Y" address="cabcc" />
  </table>
  <table name="Timing Compensation (MRP)" address="cb950">
    <table name="X" address="cb930" />
    <table name="Y" address="cb944" />
  </table>
  <table name="Timing Compensation Per Cylinder A" address="cb9a8">
    <table name="X" address="cb960" />
    <table name="Y" address="cb998" />
  </table>
  <table name="Timing Compensation Per Cylinder B" address="cba28">
    <table name="X" address="cb9e0" />
    <table name="Y" address="cba18" />
  </table>
  <table name="Timing Compensation Per Cylinder C" address="cbaa8">
    <table name="X" address="cba60" />
    <table name="Y" address="cba98" />
  </table>
  <table name="Timing Compensation Per Cylinder D" address="cbb28">
    <table name="X" address="cbae0" />
    <table name="Y" address="cbb18" />
  </table>
  <table name="Timing Comp Minimum Load (Per Cylinder)" address="caa4c" />
  <table name="Timing Comp Maximum RPM (Per Cylinder)" address="caa48" />
  <table name="Timing Comp Minimum Coolant Temp (Per Cylinder)" address="caa50" />
  <table name="Feedback Correction Range (RPM)" address="caa5c" />
  <table name="Feedback Correction Minimum Load" address="caa54" />
  <table name="Feedback Correction Retard Value" address="caa78" />
  <table name="Feedback Correction Retard Limit" address="caa74" />
  <table name="Feedback Correction Negative Advance Value" address="caa80" />
  <table name="Feedback Correction Negative Advance Delay" address="ca7f6" />
  <table name="Extended Feedback Correction High RPM Compensation" address="caa88" />
  <table name="Fine Correction Minimum (RPM)" address="caa94" />
  <table name="Fine Correction Maximum (RPM)" address="cabb4" />
  <table name="Fine Correction Range (Load)" address="cabbc" />
  <table name="Fine Correction Rows (RPM)" address="cab84" />
  <table name="Fine Correction Columns (Load)" address="cab74" />
  <table name="Fine Correction Retard Value" address="cabb0" />
  <table name="Fine Correction Retard Limit" address="cabac" />
  <table name="Fine Correction Advance Value" address="caba8" />
  <table name="Fine Correction Advance Limit" address="caba4" />
  <table name="Fine Correction Advance Delay" address="ca804" />
  <table name="Rough Correction Range (RPM)" address="cab24" />
  <table name="Rough Correction Range (Load)" address="cab34" />
  <table name="Rough Correction Minimum KC Advance Map Value" address="cab44" />
  <table name="Rough Correction Learning Delay (Increasing)" address="cb21c">
    <table name="Y" address="cb1f4" />
  </table>
  <table name="Advance Multiplier (Initial)" address="cab48" />
  <table name="Advance Multiplier Step Value" address="cab4c" />
  <table name="Intake Cam Advance Angle (AVCS)" address="cfa44">
    <table name="X" address="cf9c8" elements="15" />
    <table name="Y" address="cfa04" elements="16" />
  </table>
  <table name="Requested Torque (Accelerator Pedal)" address="dc214">
    <table name="X" address="dc198" />
    <table name="Y" address="dc1d4" elements="16" />
  </table>
  <table name="Target Throttle Plate Position (Requested Torque)" address="dbcd4">
    <table name="X" address="dbc50" />
    <table name="Y" address="dbc94" />
  </table>
  <table name="Target Throttle Plate Position Maximum (Requested Torque)" address="dbf78">
    <table name="X" address="dbef4" />
    <table name="Y" address="dbf38" />
  </table>
  <table name="Rev Limit (Fuel Cut)" address="c7978" />
  <table name="Rev Limit Fuel Resume (Boost)" address="c7980" />
  <table name="Speed Limiting Enable (Fuel Cut)" address="c79a8" />
  <table name="Speed Limiting Disable (Fuel Cut)" address="c79b4" />
  <table name="Speed Limiting (Throttle)" address="c2818" />
  <table name="Intake Temp Sensor Scaling" address="8c9d8">
    <table name="Y" address="8c960" />
  </table>
  <table name="Coolant Temp Sensor Scaling" address="8c8f0">
    <table name="Y" address="8c880" />
  </table>
  <table name="Radiator Fan Modes A (ECT)" address="ce7f0" />
  <table name="Radiator Fan Modes B (ECT)" address="ce800" />
  <table name="Radiator Fan Modes (Veh. Speed)" address="ce810" />
  <table name="Idle Speed Target A" address="cc6e8">
    <table name="Y" address="cc2ec" />
  </table>
  <table name="Idle Speed Target B" address="cc728">
    <table name="Y" address="cc2ec" />
  </table>
  <table name="Idle Speed Target C" address="cc768">
    <table name="Y" address="cc2ec" />
  </table>
  <table name="Force Pass Readiness Monitors" address="85302" />
  <table name="(P0000) PASS CODE (NO DTC DETECTED)" address="7985d" />
  <table name="(P0000) PASS CODE (NO DTC DETECTED)_" address="7985e" />
  <table name="(P0011) CAMSHAFT POS. - TIMING OVER-ADVANCED 1" address="79841" />
  <table name="(P0021) CAMSHAFT POS. - TIMING OVER-ADVANCED 2" address="79842" />
  <table name="(P0030) FRONT O2 SENSOR RANGE/PERF" address="7988b" />
  <table name="(P0031) FRONT O2 SENSOR LOW INPUT" address="7986c" />
  <table name="(P0032) FRONT O2 SENSOR HIGH INPUT" address="7986a" />
  <table name="(P0037) REAR O2 SENSOR LOW INPUT" address="7986b" />
  <table name="(P0038) REAR O2 SENSOR HIGH INPUT" address="79869" />
  <table name="(P0102) MAF SENSOR LOW INPUT" address="79819" />
  <table name="(P0103) MAF SENSOR HIGH INPUT" address="7981a" />
  <table name="(P0107) MAP SENSOR LOW INPUT" address="7986d" />
  <table name="(P0108) MAP SENSOR HIGH INPUT" address="7986e" />
  <table name="(P0112) IAT SENSOR LOW INPUT" address="79866" />
  <table name="(P0113) IAT SENSOR HIGH INPUT" address="79867" />
  <table name="(P0117) COOLANT TEMP SENSOR LOW INPUT" address="79822" />
  <table name="(P0118) COOLANT TEMP SENSOR HIGH INPUT" address="79823" />
  <table name="(P0122) TPS A LOW INPUT" address="79820" />
  <table name="(P0123) TPS A HIGH INPUT" address="79821" />
  <table name="(P0125) INSUFFICIENT COOLANT TEMP (FUELING)" address="79825" />
  <table name="(P0131) FRONT O2 SENSOR LOW INPUT" address="79860" />
  <table name="(P0132) FRONT O2 SENSOR HIGH INPUT" address="79862" />
  <table name="(P0133) FRONT O2 SENSOR SLOW RESPONSE" address="7984a" />
  <table name="(P0134) FRONT O2 SENSOR NO ACTIVITY" address="79889" />
  <table name="(P0140) REAR O2 SENSOR NO ACTIVITY" address="798d7" />
  <table name="(P0171) SYSTEM TOO LEAN" address="79854" />
  <table name="(P0172) SYSTEM TOO RICH" address="79855" />
  <table name="(P0222) TPS B LOW INPUT" address="79893" />
  <table name="(P0223) TPS B HIGH INPUT" address="79894" />
  <table name="(P0230) FUEL PUMP PRIMARY CIRCUIT" address="79884" />
  <table name="(P0244) WASTEGATE SOLENOID A RANGE/PERF" address="7987a" />
  <table name="(P0245) WASTEGATE SOLENOID A LOW" address="79878" />
  <table name="(P0246) WASTEGATE SOLENOID A HIGH" address="79879" />
  <table name="(P0301) MISFIRE CYLINDER 1" address="79856" />
  <table name="(P0302) MISFIRE CYLINDER 2" address="79857" />
  <table name="(P0303) MISFIRE CYLINDER 3" address="79858" />
  <table name="(P0304) MISFIRE CYLINDER 4" address="79859" />
  <table name="(P0327) KNOCK SENSOR 1 LOW INPUT" address="7981e" />
  <table name="(P0328) KNOCK SENSOR 1 HIGH INPUT" address="7981f" />
  <table name="(P0335) CRANKSHAFT POS. SENSOR A MALFUNCTION" address="79814" />
  <table name="(P0340) CAMSHAFT POS. SENSOR A MALFUNCTION" address="798a7" />
  <table name="(P0345) CAMSHAFT POS. SENSOR A BANK 2" address="798a6" />
  <table name="(P0410) SECONDARY AIR PUMP SYSTEM" address="798d1" />
  <table name="(P0413) SECONDARY AIR PUMP A OPEN" address="798d5" />
  <table name="(P0414) SECONDARY AIR PUMP A SHORTED" address="798da" />
  <table name="(P0418) SECONDARY AIR PUMP RELAY A" address="798d6" />
  <table name="(P0420) CAT EFFICIENCY BELOW THRESHOLD" address="79850" />
  <table name="(P0458) EVAP PURGE VALVE CIRCUIT LOW" address="79845" />
  <table name="(P0459) EVAP PURGE VALVE CIRCUIT HIGH" address="79846" />
  <table name="(P0462) FUEL LEVEL SENSOR LOW INPUT" address="79826" />
  <table name="(P0463) FUEL LEVEL SENSOR HIGH INPUT" address="79827" />
  <table name="(P0502) VEHICLE SPEED SENSOR LOW INPUT" address="79883" />
  <table name="(P0503) VEHICLE SPEED SENSOR INTERMITTENT" address="7988c" />
  <table name="(P0512) STARTER REQUEST CIRCUIT" address="7982b" />
  <table name="(P0519) IDLE CONTROL MALFUNCTION (FAIL-SAFE)" address="79886" />
  <table name="(P0600) SERIAL COMMUNICATION LINK" address="798a3" />
  <table name="(P0604) CONTROL MODULE RAM ERROR" address="79818" />
  <table name="(P0605) CONTROL MODULE ROM ERROR" address="798a8" />
  <table name="(P0607) CONTROL MODULE PERFORMANCE" address="7989b" />
  <table name="(P0638) THROTTLE ACTUATOR RANGE/PERF" address="7989a" />
  <table name="(P0691) RADIATOR FAN CIRCUIT LOW" address="7983e" />
  <table name="(P0692) RADIATOR FAN CIRCUIT HIGH" address="7983f" />
  <table name="(P0700) TRANSMISSION CONTROL SYSTEM" address="798b4" />
  <table name="(P0851) NEUTRAL SWITCH INPUT LOW" address="7982f" />
  <table name="(P0852) NEUTRAL SWITCH INPUT HIGH" address="79833" />
  <table name="(P1160) ABNORMAL RETURN SPRING" address="79895" />
  <table name="(P1410) SECONDARY AIR PUMP VALVE STUCK OPEN" address="798de" />
  <table name="(P1418) SECONDARY AIR PUMP CIRCUIT SHORTED" address="798db" />
  <table name="(P1518) STARTER SWITCH LOW INPUT" address="7982a" />
  <table name="(P1560) BACK-UP VOLTAGE MALFUNCTION" address="79875" />
  <table name="(P2004) TGV - INTAKE MANIFOLD RUNNER 1 STUCK OPEN" address="798bf" />
  <table name="(P2005) TGV - INTAKE MANIFOLD RUNNER 2 STUCK OPEN" address="798c1" />
  <table name="(P2006) TGV - INTAKE MANIFOLD RUNNER 1 STUCK CLOSED" address="798c0" />
  <table name="(P2007) TGV - INTAKE MANIFOLD RUNNER 2 STUCK CLOSED" address="798c2" />
  <table name="(P2008) TGV - INTAKE MANIFOLD RUNNER 1 CIRCUIT OPEN" address="798cd" />
  <table name="(P2009) TGV - INTAKE MANIFOLD RUNNER 1 CIRCUIT LOW" address="798cb" />
  <table name="(P2011) TGV - INTAKE MANIFOLD RUNNER 2 CIRCUIT OPEN" address="798ce" />
  <table name="(P2012) TGV - INTAKE MANIFOLD RUNNER 2 CIRCUIT LOW" address="798cc" />
  <table name="(P2016) TGV - INTAKE MANIFOLD RUNNER 1 POS. SENSOR LOW" address="798c7" />
  <table name="(P2017) TGV - INTAKE MANIFOLD RUNNER 1 POS. SENSOR HIGH" address="798c8" />
  <table name="(P2021) TGV - INTAKE MANIFOLD RUNNER 2 POS. SENSOR LOW" address="798c9" />
  <table name="(P2022) TGV - INTAKE MANIFOLD RUNNER 2 POS. SENSOR HIGH" address="798ca" />
  <table name="(P2088) OCV SOLENOID A1 CIRCUIT OPEN" address="798b0" />
  <table name="(P2089) OCV SOLENOID A1 CIRCUIT SHORT" address="798af" />
  <table name="(P2092) OCV SOLENOID A2 CIRCUIT OPEN" address="798ae" />
  <table name="(P2093) OCV SOLENOID A2 CIRCUIT SHORT" address="798ad" />
  <table name="(P2101) THROTTLE ACTUATOR CIRCUIT RANGE/PERF" address="79898" />
  <table name="(P2102) THROTTLE ACTUATOR CIRCUIT LOW" address="79896" />
  <table name="(P2103) THROTTLE ACTUATOR CIRCUIT HIGH" address="79897" />
  <table name="(P2109) TPS A MINIMUM STOP PERF" address="79892" />
  <table name="(P2122) TPS D CIRCUIT LOW INPUT" address="7989f" />
  <table name="(P2123) TPS D CIRCUIT HIGH INPUT" address="798a0" />
  <table name="(P2127) TPS E CIRCUIT LOW INPUT" address="7989d" />
  <table name="(P2128) TPS E CIRCUIT HIGH INPUT" address="7989e" />
  <table name="(P2135) TPS A/B VOLTAGE" address="798a1" />
  <table name="(P2138) TPS D/E VOLTAGE" address="7989c" />
  <table name="(P2228) BARO. PRESSURE CIRCUIT LOW INPUT" address="798c6" />
  <table name="(P2229) BARO. PRESSURE CIRCUIT HIGH INPUT" address="798c5" />
  <table name="(P2432) SECONDARY AIR PUMP CIRCUIT LOW" address="798d4" />
  <table name="(P2433) SECONDARY AIR PUMP CIRCUIT HIGH" address="798d3" />
  <table name="(P2440) SECONDARY AIR PUMP VALVE 1 STUCK OPEN" address="798e2" />
  <table name="(P2441) SECONDARY AIR PUMP VALVE 1 STUCK CLOSED" address="798e1" />
  <table name="(P2444) SECONDARY AIR PUMP 1 STUCK ON B1" address="798cf" />
  <table name="(P2503) CHARGING SYSTEM VOLTAGE LOW" address="798be" />
  <table name="(P2504) CHARGING SYSTEM VOLTAGE HIGH" address="798bd" />
</rom>