<rom>
  <romid>
    <xmlid>AZ1G101N</xmlid>
    <internalidaddress>2004</internalidaddress>
    <internalidstring>AZ1G101N</internalidstring>
    <ecuid>5C42504007</ecuid>
    <year>09/10</year>
    <market>EDM</market>
    <make>Subaru</make>
    <model>Forester</model>
    <submodel>XT</submodel>
    <transmission>AT</transmission>
    <memmodel>SH7058</memmodel>
    <flashmethod>subarucan</flashmethod>
    <checksummodule>subarudbw</checksummodule>
  </romid>
  <include>32BITBASE</include>
  <table name="Target Boost_" address="c0ed4">
    <table name="X" address="c0e6c" />
    <table name="Y" address="c0e98" />
  </table>
  <table name="Target Boost Compensation (ECT)" address="c0888">
    <table name="Y" address="c07a8" />
  </table>
  <table name="Target Boost Compensation (1st Gear)" address="c07a0" />
  <table name="Target Boost Compensation (1st Gear) Speed Disable" address="c079c" />
  <table name="Target Boost Compensation (IAT)_" address="c09d0">
    <table name="Y" address="c09b8" />
  </table>
  <table name="Target Boost Compensation (Atm. Pressure)_" address="c0a58">
    <table name="X" address="c0a28" />
    <table name="Y" address="c0a40" />
  </table>
  <table name="Boost Limit (Fuel Cut)_" address="cd744">
    <table name="X" address="cd714" />
    <table name="Y" address="cd72c" />
  </table>
  <table name="Boost Control Disable (IAM)" address="c0790" />
  <table name="Boost Control Disable (Fine Correction)" address="c078c" />
  <table name="Boost Control Disable Delay (Fine Correction)" address="c0741" />
  <table name="Initial Wastegate Duty_" address="c0ce4">
    <table name="X" address="c0c74" elements="15" />
    <table name="Y" address="c0cb0" elements="13" />
  </table>
  <table name="Max Wastegate Duty_" address="c0aec">
    <table name="X" address="c0a7c" elements="15" />
    <table name="Y" address="c0ab8" elements="13" />
  </table>
  <table name="Max Wastegate Duty Limit Post-Compensation" address="1472c" />
  <table name="Initial/Max Wastegate Duty Compensation (IAT)" address="c0828">
    <table name="Y" address="c07e8" />
  </table>
  <table name="Initial/Max Wastegate Duty Compensation (ECT)" address="c0848">
    <table name="Y" address="c07a8" />
  </table>
  <table name="Initial/Max Wastegate Duty Compensation (Atm. Pressure)" address="c0a10">
    <table name="X" address="c09e8" />
    <table name="Y" address="c0a00" />
  </table>
  <table name="Turbo Dynamics Proportional" address="c08bc">
    <table name="Y" address="c0898" />
  </table>
  <table name="Turbo Dynamics Integral Positive" address="c092c">
    <table name="Y" address="c0908" />
  </table>
  <table name="Turbo Dynamics Integral Negative" address="c08f4">
    <table name="Y" address="c08d0" />
  </table>
  <table name="TD Proportional Compensation (IAT)" address="c0858">
    <table name="Y" address="c07e8" elements="16" />
  </table>
  <table name="TD Integral Positive Compensation (IAT)" address="c0878">
    <table name="Y" address="c07e8" elements="16" />
  </table>
  <table name="TD Integral Negative Compensation (IAT)" address="c0868">
    <table name="Y" address="c07e8" elements="16" />
  </table>
  <table name="TD Activation Thresholds (RPM)" address="c077c" />
  <table name="TD Activation Thresholds (Target Boost)_" address="c0768" />
  <table name="TD Integral Cumulative Range (WGDC Correction)" address="c0784" />
  <table name="TD Integral Negative Activation (Boost Error)" address="c0770" />
  <table name="TD Integral Positive Activation (Boost Error)" address="c0774" />
  <table name="TD Integral Negative Activation (Wastegate Duty)" address="c0778" />
  <table name="Manifold Pressure Sensor Scaling_" address="d3728" />
  <table name="Manifold Pressure Sensor Limits (CEL)" address="d36f4" />
  <table name="Manifold Pressure Sensor CEL Delays" address="c3d6c" />
  <table name="Primary Open Loop Fueling" address="cb138">
    <table name="X" address="cb0b4" />
    <table name="Y" address="cb0f0" />
  </table>
  <table name="Primary Open Loop Fueling (Failsafe)" address="cb2cc">
    <table name="X" address="cb248" />
    <table name="Y" address="cb284" />
  </table>
  <table name="Primary Open Loop Fuel Map Switch (IAM)" address="c7824" />
  <table name="Minimum Active Primary Open Loop Enrichment" address="c7828" />
  <table name="Minimum Primary Open Loop Enrichment (Throttle)" address="c83d0">
    <table name="Y" address="c83b8" />
  </table>
  <table name="Minimum Primary Open Loop Enrichment (Accelerator)" address="c83f0">
    <table name="Y" address="c83d8" />
  </table>
  <table name="Primary Open Loop Fueling Compensation (ECT)" address="c9cec">
    <table name="Y" address="c7c54" />
  </table>
  <table name="Primary Open Loop Fueling Compensation (Timing Compensation)_" address="c8360">
    <table name="Y" address="c8348" />
  </table>
  <table name="Front Oxygen Sensor Scaling" address="d3ba4">
    <table name="Y" address="d3b70" />
  </table>
  <table name="Front Oxygen Sensor Rich Limit" address="21c84" />
  <table name="Front Oxygen Sensor Compensation (Atm. Pressure)" address="c31f8">
    <table name="Y" address="c31e8" />
  </table>
  <table name="CL Fueling Target Compensation A (Load)" address="cc910">
    <table name="X" address="cc8b8" />
    <table name="Y" address="cc8e4" elements="11" />
  </table>
  <table name="CL Fueling Target Compensation B (Load)" address="ccba4">
    <table name="X" address="ccb50" />
    <table name="Y" address="ccb7c" elements="10" />
  </table>
  <table name="CL Fueling Target Compensation Imm. Cruise (ECT)" address="cc6a0">
    <table name="X" address="c7c54" />
    <table name="Y" address="cc694" />
  </table>
  <table name="CL Fueling Target Compensation Imm. Non-Cruise (ECT)" address="cc70c">
    <table name="X" address="c7c54" />
    <table name="Y" address="cc700" />
  </table>
  <table name="CL to OL Delay" address="c7328">
    <table name="Y" elements="2" />
  </table>
  <table name="CL to OL Transition with Delay (Throttle)" address="c83a8">
    <table name="Y" address="c8368" />
  </table>
  <table name="CL to OL Transition with Delay Throttle Hysteresis" address="c7830" />
  <table name="CL to OL Transition with Delay (Base Pulse Width)" address="c9c18">
    <table name="Y" address="c9bd8" />
  </table>
  <table name="CL to OL Transition with Delay BPW Hysteresis" address="c782c" />
  <table name="CL to OL Transition Counter Step Value (MAF)" address="c9c60">
    <table name="Y" address="c9c38" />
  </table>
  <table name="CL Delay Maximum (Vehicle Speed)" address="c78ac" />
  <table name="CL Delay Minimum (ECT)" address="c7834" />
  <table name="CL Delay Maximum (Engine Load)" address="c78bc" />
  <table name="CL Delay Engine Load Counter Threshold" address="c7324" />
  <table name="CL Delay Maximum Engine Speed (Per Gear)" address="c7868" />
  <table name="CL Delay Maximum Engine Speed (Neutral)" address="c7860" />
  <table name="CL Delay Throttle Atm. Pressure Thresholds" address="c7894" />
  <table name="CL Delay Maximum (Throttle) (Low Atm. Pressure)" address="c789c" />
  <table name="CL Delay Maximum (Throttle) (High Atm. Pressure)" address="c78a4" />
  <table name="Injector Latency_" address="cc35c">
    <table name="X" address="cc33c" />
    <table name="Y" address="cc350" />
  </table>
  <table name="Injector Flow Scaling" address="c74f0" />
  <table name="Per Injector Pulse Width Compensation A" address="cbb1c">
    <table name="X" address="cba94" />
    <table name="Y" address="cbad8" elements="17" />
  </table>
  <table name="Per Injector Pulse Width Compensation B" address="cbcc8">
    <table name="X" address="cbc40" />
    <table name="Y" address="cbc84" elements="17" />
  </table>
  <table name="Per Injector Pulse Width Compensation C" address="cbe74">
    <table name="X" address="cbdec" />
    <table name="Y" address="cbe30" elements="17" />
  </table>
  <table name="Per Injector Pulse Width Compensation D" address="cc020">
    <table name="X" address="cbf98" />
    <table name="Y" address="cbfdc" elements="17" />
  </table>
  <table name="Cranking Fuel Injector Pulse Width A (ECT)" address="c8916">
    <table name="Y" address="c7c54" />
  </table>
  <table name="Cranking Fuel Injector Pulse Width B (ECT)" address="c8936">
    <table name="Y" address="c7c54" />
  </table>
  <table name="Cranking Fuel Injector Pulse Width C (ECT)" address="c8956">
    <table name="Y" address="c7c54" />
  </table>
  <table name="Cranking Fuel Injector Pulse Width D (ECT)" address="c8976">
    <table name="Y" address="c7c54" />
  </table>
  <table name="Cranking Fuel Injector Pulse Width E (ECT)" address="c8996">
    <table name="Y" address="c7c54" />
  </table>
  <table name="Cranking Fuel Injector Pulse Width F (ECT)" address="c89b6">
    <table name="Y" address="c7c54" />
  </table>
  <table name="Cranking Fuel IPW Compensation Imm. Cruise (RPM)" address="caa6c">
    <table name="X" address="caa3c" />
    <table name="Y" address="caa50" />
  </table>
  <table name="Cranking Fuel IPW Compensation Imm. Non-Cruise (RPM)" address="caa18">
    <table name="X" address="ca9e8" />
    <table name="Y" address="ca9fc" />
  </table>
  <table name="Cranking Fuel IPW Compensation (MAP)" address="c7e98">
    <table name="Y" address="c7e70" />
  </table>
  <table name="Cranking Fuel IPW Compensation (Accelerator)" address="c7ecc">
    <table name="Y" address="c7ea4" elements="10" />
  </table>
  <table name="Cranking Fuel IPW Compensation (IAT)" address="c7eec">
    <table name="Y" address="c7ed8" />
  </table>
  <table name="Throttle Tip-in Enrichment A" address="ca170">
    <table name="Y" address="ca128" />
  </table>
  <table name="Throttle Tip-in Enrichment B" address="ca1dc">
    <table name="Y" address="ca194" />
  </table>
  <table name="Minimum Tip-in Enrichment Activation" address="c7b4c" />
  <table name="Minimum Tip-in Enrichment Activation (Throttle)" address="c7b48" />
  <table name="Tip-in Enrichment Compensation (Boost Error)" address="c877c">
    <table name="Y" address="c8758" />
  </table>
  <table name="Tip-in Enrichment Compensation (RPM)" address="c8748">
    <table name="Y" address="c8708" elements="16" />
  </table>
  <table name="Tip-in Enrichment Compensation A (ECT)" address="c8785">
    <table name="Y" address="c7c54" />
  </table>
  <table name="Tip-in Enrichment Compensation B (ECT)" address="ca200">
    <table name="Y" address="c7c54" />
  </table>
  <table name="Tip-in Enrichment Compensation C (ECT)" address="ca220">
    <table name="Y" address="c7c54" />
  </table>
  <table name="Tip-in Enrichment Compensation D (ECT)" address="ca260">
    <table name="Y" address="c7c94" />
  </table>
  <table name="Tip-in Enrichment Compensation D (ECT) Activation" address="c7b50" />
  <table name="Tip-in Enrichment Disable Applied Counter Threshold A (ECT)" address="c8795">
    <table name="Y" address="c7c54" />
  </table>
  <table name="Tip-in Enrichment Disable Applied Counter Threshold B (ECT)" address="c87a5">
    <table name="Y" address="c7c54" />
  </table>
  <table name="Tip-in Enrichment Applied Counter Reset" address="c72d6" />
  <table name="Tip-in Enrichment Disable Throttle Cumulative Threshold A (ECT)" address="ca280">
    <table name="Y" address="c7c54" />
  </table>
  <table name="Tip-in Enrichment Disable Throttle Cumulative Threshold B (ECT)" address="ca2a0">
    <table name="Y" address="c7c54" />
  </table>
  <table name="Tip-in Throttle Cumulative Reset" address="c72d7" />
  <table name="Min Primary Base Enrichment 1 Cruise" address="cad6c">
    <table name="X" address="c7c54" />
    <table name="Y" address="cad48" elements="9" />
  </table>
  <table name="Min Primary Base Enrichment 1 Non-Cruise" address="cacc8">
    <table name="X" address="c7c54" />
    <table name="Y" address="caca8" />
  </table>
  <table name="Min Primary Base Enrichment 1 (Non-Primary OL)_" address="c7f51">
    <table name="Y" address="c7c54" />
  </table>
  <table name="A/F Learning #1 Limits" address="c7724" />
  <table name="A/F Learning #1 Airflow Ranges" address="c7734" />
  <table name="MAF Limit (Maximum)" address="c2d54" />
  <table name="MAF Sensor Scaling" address="d3a98">
    <table name="Y" address="d39c0" />
  </table>
  <table name="MAF Compensation (IAT)" address="c34cc">
    <table name="X" address="c3498" />
    <table name="Y" address="c34ac" />
  </table>
  <table name="Engine Load Limit A (Maximum)" address="20530" />
  <table name="Engine Load Limit B Maximum (RPM)" address="c30f8">
    <table name="Y" address="c30f0" />
  </table>
  <table name="Engine Load Compensation Cruise (MP)" address="c3558">
    <table name="X" address="c34f4" />
    <table name="Y" address="c3520" elements="14" />
  </table>
  <table name="Engine Load Compensation Non-Cruise (MP)" address="c3658">
    <table name="X" address="c35f4" />
    <table name="Y" address="c3620" elements="14" />
  </table>
  <table name="Base Timing Primary Cruise" address="cfe98">
    <table name="X" address="cfe14" />
    <table name="Y" address="cfe50" />
  </table>
  <table name="Base Timing Reference Cruise (AVCS related)" address="d01c0">
    <table name="X" address="d013c" />
    <table name="Y" address="d0178" />
  </table>
  <table name="Base Timing Primary Non-Cruise" address="d002c">
    <table name="X" address="cffa8" />
    <table name="Y" address="cffe4" />
  </table>
  <table name="Base Timing Reference Non-Cruise (AVCS related)" address="d0354">
    <table name="X" address="d02d0" />
    <table name="Y" address="d030c" />
  </table>
  <table name="Base Timing Idle A (In-Gear)" address="ce376">
    <table name="Y" address="ce0e0" />
  </table>
  <table name="Base Timing Idle B (In-Gear)" address="ce386">
    <table name="Y" address="ce0e0" />
  </table>
  <table name="Base Timing Idle A (Neutral)" address="ce396">
    <table name="Y" address="ce0e0" />
  </table>
  <table name="Base Timing Idle B (Neutral)" address="ce3a6">
    <table name="Y" address="ce0e0" />
  </table>
  <table name="Base Timing Idle Minimum" address="ce36d">
    <table name="Y" address="ce160" />
  </table>
  <table name="Base Timing Idle Minimum Vehicle Speed Enable" address="cdedc" />
  <table name="Knock Correction Advance Max Cruise" address="cfaec">
    <table name="X" address="cfa68" elements="15" />
    <table name="Y" address="cfaa4" />
  </table>
  <table name="Knock Correction Advance Max Non-Cruise" address="cfc80">
    <table name="X" address="cfbfc" elements="15" />
    <table name="Y" address="cfc38" />
  </table>
  <table name="Timing Compensation A (IAT)" address="ce458">
    <table name="Y" address="ce418" />
  </table>
  <table name="Timing Compensation A (IAT) Activation" address="d04a4">
    <table name="X" address="d0464" />
    <table name="Y" address="d0484" />
  </table>
  <table name="Timing Compensation B (IAT)" address="cea50">
    <table name="Y" address="cea10" />
  </table>
  <table name="Timing Compensation B (IAT) IAM Activation" address="ce088" />
  <table name="Timing Compensation B (IAT) Max Additive" address="ce06c" />
  <table name="Timing Compensation Imm. Cruise A (ECT)" address="ce3f6">
    <table name="Y" address="ce0e0" />
  </table>
  <table name="Timing Compensation Imm. Cruise B (ECT)" address="ce406">
    <table name="Y" address="ce0e0" />
  </table>
  <table name="Timing Compensation Imm. Non-Cruise A (ECT)" address="ce3d6">
    <table name="Y" address="ce0e0" />
  </table>
  <table name="Timing Compensation Imm. Non-Cruise B (ECT)" address="ce3e6">
    <table name="Y" address="ce0e0" />
  </table>
  <table name="Timing Compensation Per Cylinder A" address="cf6a0">
    <table name="X" address="cf654" />
    <table name="Y" address="cf68c" elements="5" />
  </table>
  <table name="Timing Compensation Per Cylinder B" address="cf734">
    <table name="X" address="cf6e8" />
    <table name="Y" address="cf720" elements="5" />
  </table>
  <table name="Timing Compensation Per Cylinder C" address="cf7c8">
    <table name="X" address="cf77c" />
    <table name="Y" address="cf7b4" elements="5" />
  </table>
  <table name="Timing Compensation Per Cylinder D" address="cf860">
    <table name="X" address="cf810" />
    <table name="Y" address="cf848" elements="6" />
  </table>
  <table name="Timing Comp Minimum Load (Per Cylinder)" address="cdc04" />
  <table name="Timing Comp Maximum RPM (Per Cylinder)" address="cdc00" />
  <table name="Timing Comp Minimum Coolant Temp (Per Cylinder)" address="cdc08" />
  <table name="Feedback Correction Range (RPM)" address="cdc14" />
  <table name="Feedback Correction Minimum Load" address="cdc0c" />
  <table name="Feedback Correction Retard Value" address="cdc34" />
  <table name="Feedback Correction Retard Limit" address="cdc30" />
  <table name="Feedback Correction Negative Advance Value" address="cdc38" />
  <table name="Feedback Correction Negative Advance Delay" address="cdb76" />
  <table name="Extended Feedback Correction High RPM Compensation" address="cdc40" />
  <table name="Fine Correction Range (RPM)" address="cddd4" />
  <table name="Fine Correction Range (Load)" address="cdde4" />
  <table name="Fine Correction Rows (RPM)" address="cdd74" />
  <table name="Fine Correction Columns (Load)" address="cdd90" />
  <table name="Fine Correction Retard Value" address="cddb8" />
  <table name="Fine Correction Retard Limit" address="cddb4" />
  <table name="Fine Correction Advance Value" address="cddb0" />
  <table name="Fine Correction Advance Limit" address="cddac" />
  <table name="Fine Correction Advance Delay" address="cdb86" />
  <table name="Rough Correction Range (RPM)" address="cdd24" />
  <table name="Rough Correction Range (Load)" address="cdd34" />
  <table name="Rough Correction Minimum KC Advance Map Value" address="cdd44" />
  <table name="Rough Correction Learning Delay (Increasing)_" address="cec40">
    <table name="Y" address="cec18" />
  </table>
  <table name="Advance Multiplier (Initial)" address="cdd48" />
  <table name="Advance Multiplier Step Value" address="cdd4c" />
  <table name="Intake Cam Advance Angle Cruise (AVCS)" address="d56ac">
    <table name="X" address="d5630" elements="15" />
    <table name="Y" address="d566c" elements="16" />
  </table>
  <table name="Intake Cam Advance Angle Non-Cruise (AVCS)" address="d5908">
    <table name="X" address="d588c" elements="15" />
    <table name="Y" address="d58c8" elements="16" />
  </table>
  <table name="Requested Torque A (Accelerator Pedal)" address="dd6c8">
    <table name="X" address="dd648" />
    <table name="Y" address="dd684" />
  </table>
  <table name="Requested Torque B (Accelerator Pedal)" address="dd948">
    <table name="X" address="dd8c8" />
    <table name="Y" address="dd904" />
  </table>
  <table name="Requested Torque C (Accelerator Pedal)" address="ddbc8">
    <table name="X" address="ddb48" />
    <table name="Y" address="ddb84" />
  </table>
  <table name="Requested Torque Base (RPM)" address="dc83c">
    <table name="Y" address="dc7fc" />
  </table>
  <table name="Target Throttle Plate Position Cruise (Requested Torque Ratio)" address="dccec">
    <table name="X" address="dcc6c" elements="16" />
    <table name="Y" address="dccac" />
  </table>
  <table name="Target Throttle Plate Position Non-Cruise (Requested Torque Ratio)" address="dcf6c">
    <table name="X" address="dceec" elements="16" />
    <table name="Y" address="dcf2c" />
  </table>
  <table name="Target Throttle Plate Position Maximum (Requested Torque Ratio)" address="dd1ec">
    <table name="X" address="dd16c" elements="16" />
    <table name="Y" address="dd1ac" />
  </table>
  <table name="Rev Limit (Fuel Cut)" address="c7ba8" />
  <table name="Rev Limit Fuel Resume (Boost)" address="c7bb0" />
  <table name="Speed Limiting Enable (Fuel Cut)" address="c7bf4" />
  <table name="Speed Limiting Disable (Fuel Cut)" address="c7bfc" />
  <table name="Speed Limiting A (Throttle)" address="dc644" />
  <table name="Speed Limiting B (Throttle)" address="dc65c" />
  <table name="Intake Temp Sensor Scaling" address="d38c8">
    <table name="Y" address="d3850" />
  </table>
  <table name="Coolant Temp Sensor Scaling" address="d37e0">
    <table name="Y" address="d3770" />
  </table>
  <table name="Radiator Fan Modes A (ECT)" address="d3e68" />
  <table name="Radiator Fan Modes B (ECT)" address="d3e78" />
  <table name="Radiator Fan Modes (Veh. Speed)" address="d3e88" />
  <table name="Idle Speed Target A" address="d1c6a">
    <table name="Y" address="d15b8" />
  </table>
  <table name="Idle Speed Target B" address="d1caa">
    <table name="Y" address="d15b8" />
  </table>
  <table name="Idle Speed Target C" address="d1cea">
    <table name="Y" address="d15b8" />
  </table>
  <table name="Idle Speed Target D" address="d1d0a">
    <table name="Y" address="d15b8" />
  </table>
  <table name="Force Pass Readiness Monitors_" address="8218c" />
  <table name="(P0000) PASS CODE (NO DTC DETECTED)" address="774c9" />
  <table name="(P0000) PASS CODE (NO DTC DETECTED)_" address="774ca" />
  <table name="(P0011) CAMSHAFT POS. - TIMING OVER-ADVANCED 1" address="774ad" />
  <table name="(P0016) CRANKSHAFT/CAMSHAFT CORRELATION 1A" address="7753e" />
  <table name="(P0018) CRANKSHAFT/CAMSHAFT CORRELATION 2A" address="7753d" />
  <table name="(P0021) CAMSHAFT POS. - TIMING OVER-ADVANCED 2" address="774ae" />
  <table name="(P0030) FRONT O2 SENSOR RANGE/PERF" address="774ee" />
  <table name="(P0031) FRONT O2 SENSOR LOW INPUT" address="774d8" />
  <table name="(P0032) FRONT O2 SENSOR HIGH INPUT" address="774d6" />
  <table name="(P0037) REAR O2 SENSOR LOW INPUT" address="774d7" />
  <table name="(P0038) REAR O2 SENSOR HIGH INPUT" address="774d5" />
  <table name="(P0102) MAF SENSOR LOW INPUT" address="77489" />
  <table name="(P0103) MAF SENSOR HIGH INPUT" address="7748a" />
  <table name="(P0107) MAP SENSOR LOW INPUT" address="774d9" />
  <table name="(P0108) MAP SENSOR HIGH INPUT" address="774da" />
  <table name="(P0112) IAT SENSOR LOW INPUT" address="774d2" />
  <table name="(P0113) IAT SENSOR HIGH INPUT" address="774d3" />
  <table name="(P0117) COOLANT TEMP SENSOR LOW INPUT" address="77492" />
  <table name="(P0118) COOLANT TEMP SENSOR HIGH INPUT" address="77493" />
  <table name="(P0122) TPS A LOW INPUT" address="77490" />
  <table name="(P0123) TPS A HIGH INPUT" address="77491" />
  <table name="(P0125) INSUFFICIENT COOLANT TEMP (FUELING)" address="77495" />
  <table name="(P0131) FRONT O2 SENSOR LOW INPUT" address="774cc" />
  <table name="(P0132) FRONT O2 SENSOR HIGH INPUT" address="774ce" />
  <table name="(P0133) FRONT O2 SENSOR SLOW RESPONSE" address="774b6" />
  <table name="(P0134) FRONT O2 SENSOR NO ACTIVITY" address="774ec" />
  <table name="(P0140) REAR O2 SENSOR NO ACTIVITY" address="77538" />
  <table name="(P0171) SYSTEM TOO LEAN" address="774c0" />
  <table name="(P0172) SYSTEM TOO RICH" address="774c1" />
  <table name="(P0222) TPS B LOW INPUT" address="774f6" />
  <table name="(P0223) TPS B HIGH INPUT" address="774f7" />
  <table name="(P0230) FUEL PUMP PRIMARY CIRCUIT" address="774e8" />
  <table name="(P0244) WASTEGATE SOLENOID A RANGE/PERF" address="774e6" />
  <table name="(P0245) WASTEGATE SOLENOID A LOW" address="774e4" />
  <table name="(P0246) WASTEGATE SOLENOID A HIGH" address="774e5" />
  <table name="(P0301) MISFIRE CYLINDER 1" address="774c2" />
  <table name="(P0302) MISFIRE CYLINDER 2" address="774c3" />
  <table name="(P0303) MISFIRE CYLINDER 3" address="774c4" />
  <table name="(P0304) MISFIRE CYLINDER 4" address="774c5" />
  <table name="(P0327) KNOCK SENSOR 1 LOW INPUT" address="7748e" />
  <table name="(P0328) KNOCK SENSOR 1 HIGH INPUT" address="7748f" />
  <table name="(P0335) CRANKSHAFT POS. SENSOR A MALFUNCTION" address="77484" />
  <table name="(P0340) CAMSHAFT POS. SENSOR A MALFUNCTION" address="7750a" />
  <table name="(P0345) CAMSHAFT POS. SENSOR A BANK 2" address="77509" />
  <table name="(P0410) SECONDARY AIR PUMP SYSTEM" address="77532" />
  <table name="(P0413) SECONDARY AIR PUMP A OPEN" address="77536" />
  <table name="(P0414) SECONDARY AIR PUMP A SHORTED" address="7753b" />
  <table name="(P0418) SECONDARY AIR PUMP RELAY A" address="77537" />
  <table name="(P0420) CAT EFFICIENCY BELOW THRESHOLD" address="774bc" />
  <table name="(P0458) EVAP PURGE VALVE CIRCUIT LOW" address="774b1" />
  <table name="(P0459) EVAP PURGE VALVE CIRCUIT HIGH" address="774b2" />
  <table name="(P0462) FUEL LEVEL SENSOR LOW INPUT" address="77496" />
  <table name="(P0463) FUEL LEVEL SENSOR HIGH INPUT" address="77497" />
  <table name="(P0500) VEHICLE SPEED SENSOR A" address="7748b" />
  <table name="(P0512) STARTER REQUEST CIRCUIT" address="7749a" />
  <table name="(P0562) SYSTEM VOLTAGE LOW" address="774e2" />
  <table name="(P0563) SYSTEM VOLTAGE HIGH" address="774e3" />
  <table name="(P0600) SERIAL COMMUNICATION LINK" address="77506" />
  <table name="(P0604) CONTROL MODULE RAM ERROR" address="77488" />
  <table name="(P0605) CONTROL MODULE ROM ERROR" address="7750b" />
  <table name="(P0607) CONTROL MODULE PERFORMANCE" address="774fe" />
  <table name="(P0638) THROTTLE ACTUATOR RANGE/PERF" address="774fd" />
  <table name="(P0700) TRANSMISSION CONTROL SYSTEM" address="77517" />
  <table name="(P0851) NEUTRAL SWITCH INPUT LOW" address="7749e" />
  <table name="(P0852) NEUTRAL SWITCH INPUT HIGH" address="774a2" />
  <table name="(P1160) ABNORMAL RETURN SPRING" address="774f8" />
  <table name="(P1410) SECONDARY AIR PUMP VALVE STUCK OPEN" address="7753f" />
  <table name="(P1418) SECONDARY AIR PUMP CIRCUIT SHORTED" address="7753c" />
  <table name="(P1519) IMRC STUCK CLOSED" address="7754a" />
  <table name="(P1520) IMRC CIRCUIT MALFUNCTION" address="77549" />
  <table name="(P1560) BACK-UP VOLTAGE MALFUNCTION" address="774e1" />
  <table name="(P1616) SBDS INTERACTIVE CODES" address="77548" />
  <table name="(P2004) TGV - INTAKE MANIFOLD RUNNER 1 STUCK OPEN" address="77520" />
  <table name="(P2005) TGV - INTAKE MANIFOLD RUNNER 2 STUCK OPEN" address="77522" />
  <table name="(P2006) TGV - INTAKE MANIFOLD RUNNER 1 STUCK CLOSED" address="77521" />
  <table name="(P2007) TGV - INTAKE MANIFOLD RUNNER 2 STUCK CLOSED" address="77523" />
  <table name="(P2008) TGV - INTAKE MANIFOLD RUNNER 1 CIRCUIT OPEN" address="7752e" />
  <table name="(P2009) TGV - INTAKE MANIFOLD RUNNER 1 CIRCUIT LOW" address="7752c" />
  <table name="(P2011) TGV - INTAKE MANIFOLD RUNNER 2 CIRCUIT OPEN" address="7752f" />
  <table name="(P2012) TGV - INTAKE MANIFOLD RUNNER 2 CIRCUIT LOW" address="7752d" />
  <table name="(P2016) TGV - INTAKE MANIFOLD RUNNER 1 POS. SENSOR LOW" address="77528" />
  <table name="(P2017) TGV - INTAKE MANIFOLD RUNNER 1 POS. SENSOR HIGH" address="77529" />
  <table name="(P2021) TGV - INTAKE MANIFOLD RUNNER 2 POS. SENSOR LOW" address="7752a" />
  <table name="(P2022) TGV - INTAKE MANIFOLD RUNNER 2 POS. SENSOR HIGH" address="7752b" />
  <table name="(P2088) OCV SOLENOID A1 CIRCUIT OPEN" address="77513" />
  <table name="(P2089) OCV SOLENOID A1 CIRCUIT SHORT" address="77512" />
  <table name="(P2092) OCV SOLENOID A2 CIRCUIT OPEN" address="77511" />
  <table name="(P2093) OCV SOLENOID A2 CIRCUIT SHORT" address="77510" />
  <table name="(P2101) THROTTLE ACTUATOR CIRCUIT RANGE/PERF" address="774fb" />
  <table name="(P2102) THROTTLE ACTUATOR CIRCUIT LOW" address="774f9" />
  <table name="(P2103) THROTTLE ACTUATOR CIRCUIT HIGH" address="774fa" />
  <table name="(P2109) TPS A MINIMUM STOP PERF" address="774f5" />
  <table name="(P2122) TPS D CIRCUIT LOW INPUT" address="77502" />
  <table name="(P2123) TPS D CIRCUIT HIGH INPUT" address="77503" />
  <table name="(P2127) TPS E CIRCUIT LOW INPUT" address="77500" />
  <table name="(P2128) TPS E CIRCUIT HIGH INPUT" address="77501" />
  <table name="(P2135) TPS A/B VOLTAGE" address="77504" />
  <table name="(P2138) TPS D/E VOLTAGE" address="774ff" />
  <table name="(P2419) EVAP SWITCHING VALVE LOW" address="7754c" />
  <table name="(P2420) EVAP SWITCHING VALVE HIGH" address="7754d" />
  <table name="(P2432) SECONDARY AIR PUMP CIRCUIT LOW" address="77535" />
  <table name="(P2433) SECONDARY AIR PUMP CIRCUIT HIGH" address="77534" />
  <table name="(P2441) SECONDARY AIR PUMP VALVE 1 STUCK CLOSED" address="77542" />
  <table name="(P2444) SECONDARY AIR PUMP 1 STUCK ON B1" address="77530" />
</rom>