<rom>
  <romid>
    <xmlid>E2VH102C</xmlid>
    <internalidaddress>2000</internalidaddress>
    <internalidstring>E2VH102C</internalidstring>
    <ecuid>4312084006</ecuid>
    <year>06</year>
    <market>USDM</market>
    <make>Subaru</make>
    <model>Impreza</model>
    <submodel>2.5i</submodel>
    <transmission>MT/AT</transmission>
    <memmodel>SH7058</memmodel>
    <flashmethod>sti05</flashmethod>
    <checksummodule>subarudbw</checksummodule>
  </romid>
  <include>32BITBASE</include>
  <table name="Manifold Pressure Sensor Scaling" address="c0280" />
  <table name="Manifold Pressure Sensor Limits (CEL)" address="cf29a" />
  <table name="Manifold Pressure Sensor CEL Delays" address="c3b53" />
  <table name="Primary Open Loop Fueling A_" address="c9b54">
    <table name="X" address="c9ad8" />
    <table name="Y" address="c9b04" />
  </table>
  <table name="Primary Open Loop Fueling B_" address="c9cac">
    <table name="X" address="c9c30" />
    <table name="Y" address="c9c5c" />
  </table>
  <table name="Front Oxygen Sensor Scaling" address="cf7ec">
    <table name="Y" address="cf7b8" />
  </table>
  <table name="Front Oxygen Sensor Rich Limit" address="22a78" />
  <table name="Front Oxygen Sensor Compensation (Atm. Pressure)" address="c1d3c">
    <table name="Y" address="c1d2c" />
  </table>
  <table name="CL Fueling Target Compensation (Load)(MT)" address="ca398">
    <table name="X" address="ca320" elements="11" />
    <table name="Y" address="ca34c" elements="19" />
  </table>
  <table name="CL Fueling Target Compensation (Load)(AT)" address="ca17c">
    <table name="X" address="ca104" elements="11" />
    <table name="Y" address="ca130" elements="19" />
  </table>
  <table name="CL Fueling Target Compensation (ECT)_" address="c8668">
    <table name="Y" address="c8628" />
  </table>
  <table name="CL Fueling Target Compensation (ECT) Disable" address="c6bd4" />
  <table name="CL to OL Delay A (Atm. Pressure)" address="c8a14">
    <table name="Y" address="c89f8" />
  </table>
  <table name="CL to OL Delay B (Atm. Pressure)" address="c8a40">
    <table name="Y" address="c8a24" />
  </table>
  <table name="CL to OL Transition with Delay (Accelerator)" address="c7728">
    <table name="Y" address="c76e8" />
  </table>
  <table name="CL to OL Transition with Delay Throttle Hysteresis" address="c6d8c" />
  <table name="CL to OL Transition with Delay (Base Pulse Width)" address="c8a90">
    <table name="Y" address="c8a50" />
  </table>
  <table name="CL to OL Transition with Delay BPW Hysteresis" address="c6d90" />
  <table name="CL Delay Minimum (ECT)" address="c6d94" />
  <table name="CL Delay Maximum Engine Speed A" address="c6d98" />
  <table name="CL Delay Maximum Engine Speed B" address="c6da4" />
  <table name="CL Delay Engine Speed B Counter Threshold" address="c695e" />
  <table name="CL Delay Maximum (Throttle) A" address="c6da0" />
  <table name="CL Delay Throttle A Counter Threshold" address="c695c" />
  <table name="CL Delay Maximum (Throttle) B (ECT)" address="c7738">
    <table name="Y" address="c70c4" />
  </table>
  <table name="Injector Latency_" address="ca0e4">
    <table name="X" address="ca0c4" />
    <table name="Y" address="ca0d8" />
  </table>
  <table name="Injector Flow Scaling" address="c6abc" />
  <table name="Per Injector Primary Fuel Offset Compensation A" address="c9e10">
    <table name="X" address="c9dd4" />
    <table name="Y" address="c9df4" elements="7" />
  </table>
  <table name="Per Injector Primary Fuel Offset Compensation B" address="c9e84">
    <table name="X" address="c9e48" />
    <table name="Y" address="c9e68" elements="7" />
  </table>
  <table name="Per Injector Primary Fuel Offset Compensation C" address="c9ef8">
    <table name="X" address="c9ebc" />
    <table name="Y" address="c9edc" elements="7" />
  </table>
  <table name="Per Injector Primary Fuel Offset Compensation D" address="c9f6c">
    <table name="X" address="c9f30" />
    <table name="Y" address="c9f50" elements="7" />
  </table>
  <table name="Cranking Fuel Injector Pulse Width A (ECT)" address="c7b86">
    <table name="Y" address="c70c4" />
  </table>
  <table name="Cranking Fuel Injector Pulse Width B (ECT)" address="c7ba6">
    <table name="Y" address="c70c4" />
  </table>
  <table name="Cranking Fuel Injector Pulse Width C (ECT)" address="c7bc6">
    <table name="Y" address="c70c4" />
  </table>
  <table name="Cranking Fuel Injector Pulse Width D (ECT)" address="c7be6">
    <table name="Y" address="c70c4" />
  </table>
  <table name="Cranking Fuel Injector Pulse Width E (ECT)" address="c7c06">
    <table name="Y" address="c70c4" />
  </table>
  <table name="Cranking Fuel Injector Pulse Width F (ECT)" address="c7c26">
    <table name="Y" address="c70c4" />
  </table>
  <table name="Cranking Fuel Injector Pulse Width G (ECT)" address="c7c46">
    <table name="Y" address="c70c4" />
  </table>
  <table name="Cranking Fuel Injector Pulse Width H (ECT)" address="c7c66">
    <table name="Y" address="c70c4" />
  </table>
  <table name="Cranking Fuel Injector Pulse Width I (ECT)" address="c7c86">
    <table name="Y" address="c70c4" />
  </table>
  <table name="Cranking Fuel Injector Pulse Width J (ECT)" address="c7ca6">
    <table name="Y" address="c70c4" />
  </table>
  <table name="Cranking Fuel Injector Pulse Width K (ECT)" address="c7cc6">
    <table name="Y" address="c70c4" />
  </table>
  <table name="Cranking Fuel Injector Pulse Width L (ECT)" address="c7ce6">
    <table name="Y" address="c70c4" />
  </table>
  <table name="Cranking Fuel Injector Pulse Width M (ECT)" address="c7d06">
    <table name="Y" address="c70c4" />
  </table>
  <table name="Cranking Fuel Injector Pulse Width N (ECT)" address="c7d26">
    <table name="Y" address="c70c4" />
  </table>
  <table name="Cranking Fuel Injector Pulse Width O (ECT)" address="c7d46">
    <table name="Y" address="c70c4" />
  </table>
  <table name="Cranking Fuel Injector Pulse Width P (ECT)" address="c7d66">
    <table name="Y" address="c70c4" />
  </table>
  <table name="Cranking Fuel Injector Pulse Width Q (ECT)" address="c7d86">
    <table name="Y" address="c70c4" />
  </table>
  <table name="Cranking Fuel Injector Pulse Width R (ECT)" address="c7da6">
    <table name="Y" address="c70c4" />
  </table>
  <table name="Cranking Fuel IPW Compensation A (RPM)(MT)" address="c9750">
    <table name="X" address="c9720" />
    <table name="Y" address="c9734" />
  </table>
  <table name="Cranking Fuel IPW Compensation B (RPM)(MT)" address="c97ac">
    <table name="X" address="c9774" />
    <table name="Y" address="c9788" elements="9" />
  </table>
  <table name="Cranking Fuel IPW Compensation A (RPM)(AT)" address="c9694">
    <table name="X" address="c9664" />
    <table name="Y" address="c9678" />
  </table>
  <table name="Cranking Fuel IPW Compensation B (RPM)(AT)" address="c96f0">
    <table name="X" address="c96b8" />
    <table name="Y" address="c96cc" elements="9" />
  </table>
  <table name="Cranking Fuel IPW Compensation (MAP)" address="c738c">
    <table name="Y" address="c7364" />
  </table>
  <table name="Cranking Fuel IPW Compensation (Accelerator)" address="c73b0">
    <table name="Y" address="c7398" />
  </table>
  <table name="Throttle Tip-in Enrichment A" address="c9110">
    <table name="Y" address="c90c8" />
  </table>
  <table name="Throttle Tip-in Enrichment B" address="c917c">
    <table name="Y" address="c9134" />
  </table>
  <table name="Minimum Tip-in Enrichment Activation" address="c6f74" />
  <table name="Minimum Tip-in Enrichment Activation (Throttle)" address="c6f70" />
  <table name="Tip-in Enrichment Compensation (RPM)" address="c7958">
    <table name="Y" address="c7934" />
  </table>
  <table name="Tip-in Enrichment Compensation (MRP)" address="c7988">
    <table name="Y" address="c7964" />
  </table>
  <table name="Tip-in Enrichment Compensation A (ECT)" address="c7991">
    <table name="Y" address="c70c4" />
  </table>
  <table name="Tip-in Enrichment Compensation B (ECT)" address="c91a0">
    <table name="Y" address="c70c4" />
  </table>
  <table name="Tip-in Enrichment Compensation C (ECT)" address="c91c0">
    <table name="Y" address="c70c4" />
  </table>
  <table name="Tip-in Enrichment Compensation D (ECT)" address="c91e0">
    <table name="Y" address="c715c" />
  </table>
  <table name="Tip-in Enrichment Compensation D (ECT) Activation" address="c6f78" />
  <table name="Tip-in Enrichment Disable Applied Counter Threshold A (ECT)" address="c79a1">
    <table name="Y" address="c70c4" />
  </table>
  <table name="Tip-in Enrichment Disable Applied Counter Threshold B (ECT)" address="c79b1">
    <table name="Y" address="c70c4" />
  </table>
  <table name="Tip-in Enrichment Applied Counter Reset" address="c6903" />
  <table name="Tip-in Enrichment Disable Throttle Cumulative Threshold A (ECT)" address="c9200">
    <table name="Y" address="c70c4" />
  </table>
  <table name="Tip-in Enrichment Disable Throttle Cumulative Threshold B (ECT)" address="c9220">
    <table name="Y" address="c70c4" />
  </table>
  <table name="Tip-in Throttle Cumulative Reset" address="c6904" />
  <table name="A/F Learning #1 Limits" address="c6c8c" />
  <table name="A/F Learning #1 Airflow Ranges" address="c6c98" />
  <table name="MAF Sensor Scaling" address="cf6c8">
    <table name="Y" address="cf608" elements="48" />
  </table>
  <table name="MAF Compensation A (IAT)" address="c2a28">
    <table name="X" address="c29f4" />
    <table name="Y" address="c2a08" />
  </table>
  <table name="MAF Compensation B (IAT)" address="c2a84">
    <table name="X" address="c2a50" />
    <table name="Y" address="c2a64" />
  </table>
  <table name="Engine Load Limit (Maximum)" address="204fc" />
  <table name="Engine Load Compensation A (MP)" address="c26d0">
    <table name="X" address="c2674" />
    <table name="Y" address="c26a0" />
  </table>
  <table name="Engine Load Compensation B (MP)" address="c27b0">
    <table name="X" address="c2754" />
    <table name="Y" address="c2780" />
  </table>
  <table name="Engine Load Compensation A (Throttle)" address="c2890">
    <table name="X" address="c2834" />
    <table name="Y" address="c2860" />
  </table>
  <table name="Engine Load Compensation B (Throttle)" address="c2970">
    <table name="X" address="c2914" />
    <table name="Y" address="c2940" />
  </table>
  <table name="Base Timing A" address="cc650">
    <table name="X" address="cb5e0" elements="14" />
    <table name="Y" address="cb618" elements="19" />
  </table>
  <table name="Base Timing B" address="cc75a">
    <table name="X" address="cb5e0" elements="14" />
    <table name="Y" address="cb618" elements="19" />
  </table>
  <table name="Base Timing C" address="cc864">
    <table name="X" address="cb5e0" elements="14" />
    <table name="Y" address="cb618" elements="19" />
  </table>
  <table name="Base Timing D" address="cc96e">
    <table name="X" address="cb5e0" elements="14" />
    <table name="Y" address="cb618" elements="19" />
  </table>
  <table name="Base Timing E" address="cca78">
    <table name="X" address="cb5e0" elements="14" />
    <table name="Y" address="cb618" elements="19" />
  </table>
  <table name="Base Timing F" address="ccb82">
    <table name="X" address="cb5e0" elements="14" />
    <table name="Y" address="cb618" elements="19" />
  </table>
  <table name="Base Timing Idle A (In-Gear)(Above Speed Threshold)(MT)" address="cb896">
    <table name="Y" address="cb5bc" />
  </table>
  <table name="Base Timing Idle A (In-Gear)(Above Speed Threshold)(AT)" address="cb88d">
    <table name="Y" address="cb5bc" />
  </table>
  <table name="Base Timing Idle B (In-Gear)(Above Speed Threshold)(MT)" address="cb8a8">
    <table name="Y" address="cb5bc" />
  </table>
  <table name="Base Timing Idle B (In-Gear)(Above Speed Threshold)(AT)" address="cb89f">
    <table name="Y" address="cb5bc" />
  </table>
  <table name="Base Timing Idle A (In-Gear)(Below Speed Threshold)(MT)" address="cb8ba">
    <table name="Y" address="cb5bc" />
  </table>
  <table name="Base Timing Idle A (In-Gear)(Below Speed Threshold)(AT)" address="cb8b1">
    <table name="Y" address="cb5bc" />
  </table>
  <table name="Base Timing Idle B (In-Gear)(Below Speed Threshold)(MT)" address="cb8cc">
    <table name="Y" address="cb5bc" />
  </table>
  <table name="Base Timing Idle B (In-Gear)(Below Speed Threshold)(AT)" address="cb8c3">
    <table name="Y" address="cb5bc" />
  </table>
  <table name="Base Timing Idle A (Neutral)(MT)" address="cb92c">
    <table name="Y" address="cb908" />
  </table>
  <table name="Base Timing Idle A (Neutral)(AT)" address="cb8fc">
    <table name="Y" address="cb8d8" />
  </table>
  <table name="Base Timing Idle B (Neutral)(MT)" address="cb98c">
    <table name="Y" address="cb968" />
  </table>
  <table name="Base Timing Idle B (Neutral)(AT)" address="cb95c">
    <table name="Y" address="cb938" />
  </table>
  <table name="Base Timing Idle Vehicle Speed Threshold" address="cb2dc" />
  <table name="Knock Correction Advance Max A" address="ccfdc">
    <table name="X" address="ccf58" elements="14" />
    <table name="Y" address="ccf90" elements="19" />
  </table>
  <table name="Knock Correction Advance Max B" address="cd16c">
    <table name="X" address="cd0e8" elements="14" />
    <table name="Y" address="cd120" elements="19" />
  </table>
  <table name="Timing Compensation (IAT)" address="cbab8">
    <table name="Y" address="cba78" />
  </table>
  <table name="Timing Comp Min Load (IAT)" address="cb330" />
  <table name="Timing Compensation A (ECT)" address="cba35">
    <table name="Y" address="cb684" />
  </table>
  <table name="Timing Compensation B (ECT)" address="cba45">
    <table name="Y" address="cb684" />
  </table>
  <table name="Timing Compensation C (ECT)" address="cba55">
    <table name="Y" address="cb684" />
  </table>
  <table name="Timing Compensation D (ECT)" address="cba65">
    <table name="Y" address="cb684" />
  </table>
  <table name="Timing Compensation Per Cylinder A__" address="cc0c8">
    <table name="Y" address="cc08c" elements="15" />
  </table>
  <table name="Timing Compensation Per Cylinder B__" address="cc114">
    <table name="Y" address="cc0d8" elements="15" />
  </table>
  <table name="Timing Compensation Per Cylinder C__" address="cc160">
    <table name="Y" address="cc124" elements="15" />
  </table>
  <table name="Timing Compensation Per Cylinder D__" address="cc1ac">
    <table name="Y" address="cc170" elements="15" />
  </table>
  <table name="Timing Comp Minimum Load (Per Cylinder)" address="cb4c4" />
  <table name="Timing Comp Maximum RPM (Per Cylinder)" address="cb4c0" />
  <table name="Timing Comp Minimum Coolant Temp (Per Cylinder)" address="cb4c8" />
  <table name="Feedback Correction Range (RPM)" address="cb4e4" />
  <table name="Feedback Correction Minimum Load_" address="cc280">
    <table name="Y" address="cc270" />
  </table>
  <table name="Feedback Correction Retard Value_" address="cc54c">
    <table name="Y" address="cc518" />
  </table>
  <table name="Feedback Correction Retard Limit" address="cb4d0" />
  <table name="Feedback Correction Negative Advance Value" address="cb4d4" />
  <table name="Feedback Correction Negative Advance Delay_" address="cc2bc">
    <table name="Y" address="cc288" />
  </table>
  <table name="Fine Correction Range (RPM)" address="cb558" />
  <table name="Fine Correction Range (Load)" address="cb568" />
  <table name="Fine Correction Rows (RPM)_" address="cb594" />
  <table name="Fine Correction Columns (Load)_" address="cb578" />
  <table name="Fine Correction Retard Value_" address="cc5b4">
    <table name="Y" address="cc580" />
  </table>
  <table name="Fine Correction Retard Limit" address="cb550" />
  <table name="Fine Correction Advance Value" address="cb554" />
  <table name="Fine Correction Advance Limit" address="cb54c" />
  <table name="Fine Correction Advance Delay" address="cb1be" />
  <table name="Rough Correction Range (RPM)" address="cb504" />
  <table name="Rough Correction Range (Load)" address="cb514" />
  <table name="Rough Correction Minimum KC Advance Map Value" address="cb524" />
  <table name="Rough Correction Learning Delay (Increasing)" address="cc1e4">
    <table name="Y" address="cc1bc" />
  </table>
  <table name="Advance Multiplier (Initial)" address="cb500" />
  <table name="Advance Multiplier Step Value" address="cb528" />
  <table name="Requested Torque A (Accelerator Pedal)" address="de2b4">
    <table name="X" address="de218" elements="17" />
    <table name="Y" address="de25c" elements="22" />
  </table>
  <table name="Requested Torque B (Accelerator Pedal)" address="de63c">
    <table name="X" address="de5a0" elements="17" />
    <table name="Y" address="de5e4" elements="22" />
  </table>
  <table name="Requested Torque C (Accelerator Pedal)" address="de9c4">
    <table name="X" address="de928" elements="17" />
    <table name="Y" address="de96c" elements="22" />
  </table>
  <table name="Target Throttle Plate Position A (Requested Torque)" address="dbe50">
    <table name="X" address="dbd90" elements="26" />
    <table name="Y" address="dbdf8" elements="22" />
  </table>
  <table name="Target Throttle Plate Position B (Requested Torque)" address="dc388">
    <table name="X" address="dc2c8" elements="26" />
    <table name="Y" address="dc330" elements="22" />
  </table>
  <table name="Target Throttle Plate Position C (Requested Torque)" address="dc8c0">
    <table name="X" address="dc800" elements="26" />
    <table name="Y" address="dc868" elements="22" />
  </table>
  <table name="Target Throttle Plate Position D (Requested Torque)" address="dcdf8">
    <table name="X" address="dcd38" elements="26" />
    <table name="Y" address="dcda0" elements="22" />
  </table>
  <table name="Target Throttle Plate Position E (Requested Torque)" address="dd330">
    <table name="X" address="dd270" elements="26" />
    <table name="Y" address="dd2d8" elements="22" />
  </table>
  <table name="Target Throttle Plate Position F (Requested Torque)" address="dd868">
    <table name="X" address="dd7a8" elements="26" />
    <table name="Y" address="dd810" elements="22" />
  </table>
  <table name="Target Throttle Plate Position G (Requested Torque)" address="ddda0">
    <table name="X" address="ddce0" elements="26" />
    <table name="Y" address="ddd48" elements="22" />
  </table>
  <table name="Rev Limit (Fuel Cut)" address="c6ffc" />
  <table name="Speed Limiting (Fuel Cut)" address="c7044" />
  <table name="Speed Limiting (Throttle)" address="db840" />
  <table name="Fuel Temp Sensor Scaling" address="cf590">
    <table name="Y" address="cf518" />
  </table>
  <table name="Intake Temp Sensor Scaling" address="90084">
    <table name="Y" address="9000c" />
  </table>
  <table name="Coolant Temp Sensor Scaling" address="8ff9c">
    <table name="Y" address="8ff2c" />
  </table>
  <table name="Radiator Fan Modes A (ECT)" address="cfdb8" />
  <table name="Radiator Fan Modes B (ECT)" address="cfdc8" />
  <table name="Radiator Fan Modes (Veh. Speed)" address="cfdd8" />
  <table name="Atmospheric Pressure Sensor Scaling_" address="c0248" />
  <table name="Idle Speed Target A (MT)" address="cdd44">
    <table name="Y" address="cd7a0" />
  </table>
  <table name="Idle Speed Target B (MT)" address="cdd84">
    <table name="Y" address="cd7a0" />
  </table>
  <table name="Idle Speed Target C (MT)" address="cddc4">
    <table name="Y" address="cd7a0" />
  </table>
  <table name="Idle Speed Target D (MT)" address="cde04">
    <table name="Y" address="cd7a0" />
  </table>
  <table name="Idle Speed Target E (MT)" address="cde44">
    <table name="Y" address="cd7a0" />
  </table>
  <table name="Idle Speed Target F (MT)" address="cde84">
    <table name="Y" address="cd7a0" />
  </table>
  <table name="Idle Speed Target A (AT)" address="cdd64">
    <table name="Y" address="cd7a0" />
  </table>
  <table name="Idle Speed Target B (AT)" address="cdda4">
    <table name="Y" address="cd7a0" />
  </table>
  <table name="Idle Speed Target C (AT)" address="cdde4">
    <table name="Y" address="cd7a0" />
  </table>
  <table name="Idle Speed Target D (AT)" address="cde24">
    <table name="Y" address="cd7a0" />
  </table>
  <table name="Idle Speed Target E (AT)" address="cde64">
    <table name="Y" address="cd7a0" />
  </table>
  <table name="Idle Speed Target F (AT)" address="cdea4">
    <table name="Y" address="cd7a0" />
  </table>
  <table name="Force Pass Readiness Monitors" address="7a10a" />
  <table name="(P0000) PASS CODE (NO DTC DETECTED)" address="893ee" />
  <table name="(P0000) PASS CODE (NO DTC DETECTED)_" address="893ef" />
  <table name="(P0026) OSV SOLENOID VALVE CIRCUIT RANGE/PERF B1" address="89431" />
  <table name="(P0028) OSV SOLENOID VALVE CIRCUIT RANGE/PERF B2" address="8942e" />
  <table name="(P0030) FRONT O2 SENSOR RANGE/PERF" address="89410" />
  <table name="(P0031) FRONT O2 SENSOR LOW INPUT" address="893fd" />
  <table name="(P0032) FRONT O2 SENSOR HIGH INPUT" address="893fb" />
  <table name="(P0037) REAR O2 SENSOR LOW INPUT" address="893fc" />
  <table name="(P0038) REAR O2 SENSOR HIGH INPUT" address="893fa" />
  <table name="(P0068) MAP SENSOR RANGE/PERF" address="8940a" />
  <table name="(P0076) INTAKE VALVE CIRCUIT LOW (BANK 1)" address="89433" />
  <table name="(P0077) INTAKE VALVE CONTROL HIGH (BANK 1)" address="89432" />
  <table name="(P0082) INTAKE VALVE CONTROL LOW (BANK 2)" address="89430" />
  <table name="(P0083) INTAKE VALVE CONTROL HIGH (BANK 2)" address="8942f" />
  <table name="(P0101) MAF SENSOR RANGE/PERF" address="8940c" />
  <table name="(P0102) MAF SENSOR LOW INPUT" address="893b1" />
  <table name="(P0103) MAF SENSOR HIGH INPUT" address="893b2" />
  <table name="(P0107) MAP SENSOR LOW INPUT" address="893fe" />
  <table name="(P0108) MAP SENSOR HIGH INPUT" address="893ff" />
  <table name="(P0111) IAT SENSOR RANGE/PERF" address="893f9" />
  <table name="(P0112) IAT SENSOR LOW INPUT" address="893f7" />
  <table name="(P0113) IAT SENSOR HIGH INPUT" address="893f8" />
  <table name="(P0117) COOLANT TEMP SENSOR LOW INPUT" address="893b8" />
  <table name="(P0118) COOLANT TEMP SENSOR HIGH INPUT" address="893b9" />
  <table name="(P0122) TPS A LOW INPUT" address="893b6" />
  <table name="(P0123) TPS A HIGH INPUT" address="893b7" />
  <table name="(P0125) INSUFFICIENT COOLANT TEMP (FUELING)" address="893bb" />
  <table name="(P0126) INSUFFICIENT COOLANT TEMP (OPERATION)" address="8943d" />
  <table name="(P0128) THERMOSTAT MALFUNCTION" address="89404" />
  <table name="(P0131) FRONT O2 SENSOR LOW INPUT" address="893f1" />
  <table name="(P0132) FRONT O2 SENSOR HIGH INPUT" address="893f3" />
  <table name="(P0133) FRONT O2 SENSOR SLOW RESPONSE" address="893dd" />
  <table name="(P0134) FRONT O2 SENSOR NO ACTIVITY" address="8940e" />
  <table name="(P0137) REAR O2 SENSOR LOW VOLTAGE" address="893f0" />
  <table name="(P0138) REAR O2 SENSOR HIGH VOLTAGE" address="893f5" />
  <table name="(P0139) REAR O2 SENSOR SLOW RESPONSE" address="893de" />
  <table name="(P0140) REAR O2 SENSOR NO ACTIVITY" address="89448" />
  <table name="(P0171) SYSTEM TOO LEAN" address="893e7" />
  <table name="(P0172) SYSTEM TOO RICH" address="893e8" />
  <table name="(P0181) FUEL TEMP SENSOR A RANGE/PERF" address="893c7" />
  <table name="(P0182) FUEL TEMP SENSOR A LOW INPUT" address="893c5" />
  <table name="(P0183) FUEL TEMP SENSOR A HIGH INPUT" address="893c6" />
  <table name="(P0196) OIL TEMP SENSOR RANGE/PERF" address="89434" />
  <table name="(P0197) OIL TEMP SENSOR LOW" address="8942a" />
  <table name="(P0198) OIL TEMP SENSOR HIGH" address="89435" />
  <table name="(P0222) TPS B LOW INPUT" address="89418" />
  <table name="(P0223) TPS B HIGH INPUT" address="89419" />
  <table name="(P0301) MISFIRE CYLINDER 1" address="893e9" />
  <table name="(P0302) MISFIRE CYLINDER 2" address="893ea" />
  <table name="(P0303) MISFIRE CYLINDER 3" address="893eb" />
  <table name="(P0304) MISFIRE CYLINDER 4" address="893ec" />
  <table name="(P0327) KNOCK SENSOR 1 LOW INPUT" address="893b4" />
  <table name="(P0328) KNOCK SENSOR 1 HIGH INPUT" address="893b5" />
  <table name="(P0335) CRANKSHAFT POS. SENSOR A MALFUNCTION" address="893ac" />
  <table name="(P0336) CRANKSHAFT POS. SENSOR A RANGE/PERF" address="893ad" />
  <table name="(P0340) CAMSHAFT POS. SENSOR A MALFUNCTION" address="893af" />
  <table name="(P0341) CAMSHAFT POS. SENSOR A RANGE/PERF" address="893ae" />
  <table name="(P0400) EGR FLOW" address="893e6" />
  <table name="(P0420) CAT EFFICIENCY BELOW THRESHOLD" address="893e3" />
  <table name="(P0442) EVAP LEAK DETECTED (SMALL)" address="893e4" />
  <table name="(P0447) EVAP VENT CONTROL CIRCUIT OPEN" address="893db" />
  <table name="(P0448) EVAP VENT CONTROL CIRCUIT SHORTED" address="893dc" />
  <table name="(P0451) EVAP PRESSURE SENSOR RANGE/PERF" address="893c3" />
  <table name="(P0452) EVAP PRESSURE SENSOR LOW INPUT" address="893c1" />
  <table name="(P0453) EVAP PRESSURE SENSOR HIGH INPUT" address="893c2" />
  <table name="(P0456) EVAP LEAK DETECTED (VERY SMALL)" address="893e5" />
  <table name="(P0457) EVAP LEAK DETECTED (FUEL CAP)" address="893ed" />
  <table name="(P0458) EVAP PURGE VALVE CIRCUIT LOW" address="893d8" />
  <table name="(P0459) EVAP PURGE VALVE CIRCUIT HIGH" address="893d9" />
  <table name="(P0461) FUEL LEVEL SENSOR RANGE/PERF" address="893be" />
  <table name="(P0462) FUEL LEVEL SENSOR LOW INPUT" address="893bc" />
  <table name="(P0463) FUEL LEVEL SENSOR HIGH INPUT" address="893bd" />
  <table name="(P0464) FUEL LEVEL SENSOR INTERMITTENT" address="893ba" />
  <table name="(P0483) RADIATOR FAN RATIONALITY CHECK" address="893d5" />
  <table name="(P0502) VEHICLE SPEED SENSOR LOW INPUT" address="89409" />
  <table name="(P0503) VEHICLE SPEED SENSOR INTERMITTENT" address="89411" />
  <table name="(P0506) IDLE CONTROL RPM LOWER THAN EXPECTED" address="893d1" />
  <table name="(P0507) IDLE CONTROL RPM HIGH THAN EXPECTED" address="893d2" />
  <table name="(P0512) STARTER REQUEST CIRCUIT" address="893c0" />
  <table name="(P0519) IDLE CONTROL MALFUNCTION (FAIL-SAFE)" address="8940b" />
  <table name="(P0600) SERIAL COMMUNICATION LINK" address="89428" />
  <table name="(P0602) CONTROL MODULE PROG. ERROR" address="8944a" />
  <table name="(P0604) CONTROL MODULE RAM ERROR" address="893b0" />
  <table name="(P0605) CONTROL MODULE ROM ERROR" address="89429" />
  <table name="(P0607) CONTROL MODULE PERFORMANCE" address="89420" />
  <table name="(P0638) THROTTLE ACTUATOR RANGE/PERF" address="8941f" />
  <table name="(P0691) RADIATOR FAN CIRCUIT LOW" address="893d3" />
  <table name="(P0692) RADIATOR FAN CIRCUIT HIGH" address="893d4" />
  <table name="(P0700) TRANSMISSION CONTROL SYSTEM" address="8942d" />
  <table name="(P0851) NEUTRAL SWITCH INPUT LOW" address="893c4" />
  <table name="(P0852) NEUTRAL SWITCH INPUT HIGH" address="893c8" />
  <table name="(P1152) FRONT O2 SENSOR RANGE/PERF LOW B1 S1" address="893df" />
  <table name="(P1153) FRONT O2 SENSOR RANGE/PERF HIGH B1 S1" address="893e0" />
  <table name="(P1160) ABNORMAL RETURN SPRING" address="8941a" />
  <table name="(P1400) FUEL TANK PRESSURE SOL. LOW" address="893d6" />
  <table name="(P1420) FUEL TANK PRESSURE SOL. HIGH INPUT" address="893d7" />
  <table name="(P1443) VENT CONTROL SOLENOID FUNCTION PROBLEM" address="893da" />
  <table name="(P1491) PCV (BLOWBY) FUNCTION PROBLEM" address="89405" />
  <table name="(P1492) EGR SOLENOID SIGNAL 1 MALFUNCTION (LOW)" address="893c9" />
  <table name="(P1493) EGR SOLENOID SIGNAL 1 MALFUNCTION (HIGH)" address="893ca" />
  <table name="(P1494) EGR SOLENOID SIGNAL 2 MALFUNCTION (LOW)" address="893cb" />
  <table name="(P1495) EGR SOLENOID SIGNAL 2 MALFUNCTION (HIGH)" address="893cc" />
  <table name="(P1496) EGR SIGNAL 3 CIRCUIT LOW" address="893cd" />
  <table name="(P1497) EGR SOLENOID SIGNAL 3 MALFUNCTION (HIGH)" address="893ce" />
  <table name="(P1498) EGR SIGNAL 4 CIRCUIT LOW" address="893cf" />
  <table name="(P1499) EGR SIGNAL 4 CIRCUIT HIGH" address="893d0" />
  <table name="(P1518) STARTER SWITCH LOW INPUT" address="893bf" />
  <table name="(P1560) BACK-UP VOLTAGE MALFUNCTION" address="89406" />
  <table name="(P2096) POST CATALYST TOO LEAN B1" address="8941e" />
  <table name="(P2097) POST CATALYST TOO RICH B1" address="89427" />
  <table name="(P2101) THROTTLE ACTUATOR CIRCUIT RANGE/PERF" address="8941d" />
  <table name="(P2102) THROTTLE ACTUATOR CIRCUIT LOW" address="8941b" />
  <table name="(P2103) THROTTLE ACTUATOR CIRCUIT HIGH" address="8941c" />
  <table name="(P2109) TPS A MINIMUM STOP PERF" address="89417" />
  <table name="(P2122) TPS D CIRCUIT LOW INPUT" address="89424" />
  <table name="(P2123) TPS D CIRCUIT HIGH INPUT" address="89425" />
  <table name="(P2127) TPS E CIRCUIT LOW INPUT" address="89422" />
  <table name="(P2128) TPS E CIRCUIT HIGH INPUT" address="89423" />
  <table name="(P2135) TPS A/B VOLTAGE" address="89426" />
  <table name="(P2138) TPS D/E VOLTAGE" address="89421" />
  <table name="(P2227) BARO. PRESSURE CIRCUIT RANGE/PERF" address="8943c" />
  <table name="(P2228) BARO. PRESSURE CIRCUIT LOW INPUT" address="8943f" />
  <table name="(P2229) BARO. PRESSURE CIRCUIT HIGH INPUT" address="8943e" />
</rom>