<rom>
  <romid>
    <xmlid>DZ1G001F</xmlid>
    <internalidaddress>2004</internalidaddress>
    <internalidstring>DZ1G001F</internalidstring>
    <ecuid>574B343107</ecuid>
    <year>09</year>
    <market>EDM</market>
    <make>Subaru</make>
    <model>Tribeca</model>
    <submodel />
    <transmission>AT</transmission>
    <memmodel>SH7058</memmodel>
    <flashmethod>subarucan</flashmethod>
    <checksummodule>subarudbw</checksummodule>
  </romid>
  <include>32BITBASE</include>
  <table name="Manifold Pressure Sensor Scaling_" address="d035c" />
  <table name="Manifold Pressure Sensor Limits (CEL)" address="d0304" />
  <table name="Manifold Pressure Sensor CEL Delays" address="c3002" />
  <table name="Primary Open Loop Fueling A_" address="c8594">
    <table name="X" address="c852c" elements="15" />
    <table name="Y" address="c8568" elements="11" />
  </table>
  <table name="Primary Open Loop Fueling B_" address="c86a4">
    <table name="X" address="c863c" elements="15" />
    <table name="Y" address="c8678" elements="11" />
  </table>
  <table name="Minimum Active Primary Open Loop Enrichment" address="c59ac" />
  <table name="Front Oxygen Sensor #1 Scaling" address="d08c4">
    <table name="Y" address="d0890" />
  </table>
  <table name="Front Oxygen Sensor #2 Scaling" address="d092c">
    <table name="Y" address="d08f8" />
  </table>
  <table name="Front Oxygen Sensor Rich Limit" address="21fb0" />
  <table name="Front Oxygen Sensor Compensation (Atm. Pressure)" address="c243c">
    <table name="Y" address="c242c" />
  </table>
  <table name="CL Fueling Target Compensation A (Load)" address="c93bc">
    <table name="X" address="c9364" elements="9" />
    <table name="Y" address="c9388" elements="13" />
  </table>
  <table name="CL Fueling Target Compensation B (Load)" address="c9500">
    <table name="X" address="c94a8" elements="9" />
    <table name="Y" address="c94cc" elements="13" />
  </table>
  <table name="CL Fueling Target Compensation C (Load)" address="c9644">
    <table name="X" address="c95ec" elements="9" />
    <table name="Y" address="c9610" elements="13" />
  </table>
  <table name="CL Fueling Target Compensation D (Load)" address="c9788">
    <table name="X" address="c9730" elements="9" />
    <table name="Y" address="c9754" elements="13" />
  </table>
  <table name="CL Fueling Target Compensation (ECT)" address="c9304">
    <table name="X" address="c5d38" />
    <table name="Y" address="c92f8" />
  </table>
  <table name="CL Fueling Target Compensation (ECT) Disable" address="c5840" />
  <table name="CL to OL Delay (Atm. Pressure)" address="c75f0">
    <table name="Y" address="c75d4" />
  </table>
  <table name="CL to OL Transition with Delay (Accelerator)" address="c636c">
    <table name="Y" address="c6364" elements="2" />
  </table>
  <table name="CL to OL Transition with Delay Throttle Hysteresis" address="c59b0" />
  <table name="CL to OL Transition with Delay (Base Pulse Width)" address="c75b4">
    <table name="Y" address="c7574" />
  </table>
  <table name="CL to OL Transition with Delay BPW Hysteresis" address="c59b4" />
  <table name="CL Delay Minimum (ECT)" address="c59b8" />
  <table name="CL Delay Maximum Engine Speed A" address="c59bc" />
  <table name="CL Delay Maximum Engine Speed B" address="c59c8" />
  <table name="CL Delay Engine Speed B Counter Threshold" address="c54da" />
  <table name="CL Delay Maximum (Throttle) A" address="c59c4" />
  <table name="CL Delay Throttle A Counter Threshold" address="c54d8" />
  <table name="Injector Latency_" address="c9000">
    <table name="X" address="c8fe0" />
    <table name="Y" address="c8ff4" />
  </table>
  <table name="Injector Flow Scaling_" address="c56f8" />
  <table name="Per Injector Pulse Width Compensation A" address="c8810">
    <table name="X" address="c8798" elements="16" />
    <table name="Y" address="c87d8" elements="14" />
  </table>
  <table name="Per Injector Pulse Width Compensation B" address="c8968">
    <table name="X" address="c88f0" elements="16" />
    <table name="Y" address="c8930" elements="14" />
  </table>
  <table name="Per Injector Pulse Width Compensation C" address="c8ac0">
    <table name="X" address="c8a48" elements="16" />
    <table name="Y" address="c8a88" elements="14" />
  </table>
  <table name="Per Injector Pulse Width Compensation D" address="c8c18">
    <table name="X" address="c8ba0" elements="16" />
    <table name="Y" address="c8be0" elements="14" />
  </table>
  <table name="Per Injector Pulse Width Compensation E" address="c8d70">
    <table name="X" address="c8cf8" elements="16" />
    <table name="Y" address="c8d38" elements="14" />
  </table>
  <table name="Per Injector Pulse Width Compensation F" address="c8ec8">
    <table name="X" address="c8e50" elements="16" />
    <table name="Y" address="c8e90" elements="14" />
  </table>
  <table name="Cranking Fuel Injector Pulse Width A (ECT)" address="c66fc">
    <table name="Y" address="c5d38" />
  </table>
  <table name="Cranking Fuel Injector Pulse Width B (ECT)" address="c671c">
    <table name="Y" address="c5d38" />
  </table>
  <table name="Cranking Fuel Injector Pulse Width C (ECT)" address="c673c">
    <table name="Y" address="c5d38" />
  </table>
  <table name="Cranking Fuel Injector Pulse Width D (ECT)" address="c675c">
    <table name="Y" address="c5d38" />
  </table>
  <table name="Cranking Fuel IPW Compensation (RPM)" address="c7f24">
    <table name="X" address="c7ee0" />
    <table name="Y" address="c7ef4" elements="12" />
  </table>
  <table name="Cranking Fuel IPW Compensation (MAP)" address="c5eec">
    <table name="Y" address="c5ec4" />
  </table>
  <table name="Cranking Fuel IPW Compensation (Accelerator)" address="c5f20">
    <table name="Y" address="c5ef8" elements="10" />
  </table>
  <table name="Cranking Fuel IPW Compensation (IAT)" address="c5f40">
    <table name="Y" address="c5f2c" />
  </table>
  <table name="Throttle Tip-in Enrichment A" address="c76a4">
    <table name="Y" address="c7690" elements="5" />
  </table>
  <table name="Throttle Tip-in Enrichment B" address="c76c4">
    <table name="Y" address="c76b0" elements="5" />
  </table>
  <table name="Minimum Tip-in Enrichment Activation" address="c5bd4" />
  <table name="Minimum Tip-in Enrichment Activation (Throttle)" address="c5bd0" />
  <table name="Tip-in Enrichment Compensation (RPM)" address="c6538">
    <table name="Y" address="c6514" />
  </table>
  <table name="Tip-in Enrichment Compensation (MRP)" address="c6564">
    <table name="Y" address="c6544" elements="8" />
  </table>
  <table name="Tip-in Enrichment Compensation A (ECT)" address="c656c">
    <table name="Y" address="c5d38" />
  </table>
  <table name="Tip-in Enrichment Compensation B (ECT)" address="c76ce">
    <table name="Y" address="c5d38" />
  </table>
  <table name="Tip-in Enrichment Compensation C (ECT)" address="c76ee">
    <table name="Y" address="c5d38" />
  </table>
  <table name="Tip-in Enrichment Compensation D (ECT)" address="c772e">
    <table name="Y" address="c5d78" />
  </table>
  <table name="Tip-in Enrichment Compensation D (ECT) Activation" address="c5bd8" />
  <table name="Tip-in Enrichment Disable Applied Counter Threshold A (ECT)" address="c657c">
    <table name="Y" address="c5d38" />
  </table>
  <table name="Tip-in Enrichment Disable Applied Counter Threshold B (ECT)" address="c658c">
    <table name="Y" address="c5d38" />
  </table>
  <table name="Tip-in Enrichment Applied Counter Reset" address="c5486" />
  <table name="Tip-in Enrichment Disable Throttle Cumulative Threshold A (ECT)" address="c774e">
    <table name="Y" address="c5d38" />
  </table>
  <table name="Tip-in Enrichment Disable Throttle Cumulative Threshold B (ECT)" address="c776e">
    <table name="Y" address="c5d38" />
  </table>
  <table name="Tip-in Throttle Cumulative Reset" address="c5487" />
  <table name="A/F Learning #1/#2 Limits" address="c58e0" />
  <table name="A/F Learning Airflow Ranges" address="c5900" />
  <table name="MAF Limit (Maximum)" address="c204c" />
  <table name="MAF Sensor Scaling" address="d0778">
    <table name="Y" address="d06c8" elements="44" />
  </table>
  <table name="MAF Compensation (IAT)" address="c2518">
    <table name="X" address="c24e4" />
    <table name="Y" address="c24f8" />
  </table>
  <table name="Engine Load Limit (Maximum)" address="20dc4" />
  <table name="Engine Load Compensation A (MP)" address="c25c8">
    <table name="X" address="c2540" elements="16" />
    <table name="Y" address="c2580" elements="18" />
  </table>
  <table name="Engine Load Compensation B (MP)" address="c2770">
    <table name="X" address="c26e8" elements="16" />
    <table name="Y" address="c2728" elements="18" />
  </table>
  <table name="Base Timing A" address="cc128">
    <table name="X" address="cc098" />
    <table name="Y" address="cc0d4" elements="21" />
  </table>
  <table name="Base Timing B" address="cc2f4">
    <table name="X" address="cc264" />
    <table name="Y" address="cc2a0" elements="21" />
  </table>
  <table name="Base Timing C" address="cc858">
    <table name="X" address="cc7c8" />
    <table name="Y" address="cc804" elements="21" />
  </table>
  <table name="Base Timing D" address="cca24">
    <table name="X" address="cc994" />
    <table name="Y" address="cc9d0" elements="21" />
  </table>
  <table name="Base Timing Idle" address="cace0">
    <table name="Y" address="cacbc" elements="9" />
  </table>
  <table name="Base Timing Idle (Below Speed Threshold)_" address="cacb0">
    <table name="Y" address="cac8c" />
  </table>
  <table name="Base Timing Idle (Above Speed Threshold)" address="cac80">
    <table name="Y" address="cac5c" />
  </table>
  <table name="Base Timing Idle Vehicle Speed Threshold" address="ca6f0" />
  <table name="Knock Correction Advance Max A" address="cd620">
    <table name="X" address="cd590" elements="15" />
    <table name="Y" address="cd5cc" elements="21" />
  </table>
  <table name="Knock Correction Advance Max B" address="cd7ec">
    <table name="X" address="cd75c" elements="15" />
    <table name="Y" address="cd798" elements="21" />
  </table>
  <table name="Timing Compensation (IAT)" address="cad98">
    <table name="Y" address="cad58" />
  </table>
  <table name="Timing Compensation (IAT) Activation_" address="cd968">
    <table name="X" address="cd928" />
    <table name="Y" address="cd948" />
  </table>
  <table name="Timing Compensation A (ECT)" address="cab28">
    <table name="Y" address="ca9fc" />
  </table>
  <table name="Timing Compensation B (ECT)" address="cab38">
    <table name="Y" address="ca9fc" />
  </table>
  <table name="Timing Compensation C (ECT)" address="cab48">
    <table name="Y" address="ca9fc" />
  </table>
  <table name="Timing Compensation D (ECT)" address="cab58">
    <table name="Y" address="ca9fc" />
  </table>
  <table name="Timing Compensation Per Cylinder A" address="cd264">
    <table name="X" address="cd218" />
    <table name="Y" address="cd250" elements="5" />
  </table>
  <table name="Timing Compensation Per Cylinder B" address="cd2f8">
    <table name="X" address="cd2ac" />
    <table name="Y" address="cd2e4" elements="5" />
  </table>
  <table name="Timing Compensation Per Cylinder C" address="cd38c">
    <table name="X" address="cd340" />
    <table name="Y" address="cd378" elements="5" />
  </table>
  <table name="Timing Compensation Per Cylinder D" address="cd420">
    <table name="X" address="cd3d4" />
    <table name="Y" address="cd40c" elements="5" />
  </table>
  <table name="Timing Compensation Per Cylinder E" address="cd4b4">
    <table name="X" address="cd468" />
    <table name="Y" address="cd4a0" elements="5" />
  </table>
  <table name="Timing Compensation Per Cylinder F" address="cd548">
    <table name="X" address="cd4fc" />
    <table name="Y" address="cd534" elements="5" />
  </table>
  <table name="Timing Comp Minimum Load (Per Cylinder)" address="ca904" />
  <table name="Timing Comp Maximum RPM (Per Cylinder)" address="ca900" />
  <table name="Timing Comp Minimum Coolant Temp (Per Cylinder)" address="ca908" />
  <table name="Feedback Correction Range (RPM)" address="ca910" />
  <table name="Feedback Correction Minimum Load_" address="cb548">
    <table name="Y" address="cb508" elements="16" />
  </table>
  <table name="Feedback Correction Retard Value_" address="cbf44">
    <table name="Y" address="cbf04" elements="16" />
  </table>
  <table name="Feedback Correction Retard Limit" address="ca924" />
  <table name="Feedback Correction Negative Advance Value" address="ca928" />
  <table name="Feedback Correction Negative Advance Delay_" address="cb5a8">
    <table name="Y" address="cb568" elements="16" />
  </table>
  <table name="Fine Correction Range (RPM)" address="ca9dc" />
  <table name="Fine Correction Range (Load)" address="ca9ec" />
  <table name="Fine Correction Rows (RPM)_" address="ca984" />
  <table name="Fine Correction Columns (Load)_" address="ca9a4" />
  <table name="Fine Correction Retard Value_" address="cbfb8">
    <table name="Y" address="cbf84" />
  </table>
  <table name="Fine Correction Retard Limit" address="ca9d0" />
  <table name="Fine Correction Advance Value" address="ca9cc" />
  <table name="Fine Correction Advance Limit" address="ca9c8" />
  <table name="Fine Correction Advance Delay" address="ca5fe" />
  <table name="Rough Correction Range (RPM)" address="ca940" />
  <table name="Rough Correction Range (Load)" address="ca950" />
  <table name="Rough Correction Minimum KC Advance Map Value" address="ca960" />
  <table name="Rough Correction Learning Delay (Increasing)_" address="cb5f0">
    <table name="Y" address="cb5c8" />
  </table>
  <table name="Advance Multiplier (Initial)" address="ca964" />
  <table name="Advance Multiplier Step Value" address="ca968" />
  <table name="Requested Torque A (Accelerator Pedal)" address="dddf4">
    <table name="X" address="ddd54" elements="20" />
    <table name="Y" address="ddda4" elements="20" />
  </table>
  <table name="Requested Torque B (Accelerator Pedal)" address="de1b4">
    <table name="X" address="de114" elements="20" />
    <table name="Y" address="de164" elements="20" />
  </table>
  <table name="Requested Torque C (Accelerator Pedal)" address="de574">
    <table name="X" address="de4d4" elements="20" />
    <table name="Y" address="de524" elements="20" />
  </table>
  <table name="Requested Torque D (Accelerator Pedal)" address="de934">
    <table name="X" address="de894" elements="20" />
    <table name="Y" address="de8e4" elements="20" />
  </table>
  <table name="Requested Torque E (Accelerator Pedal)" address="decf4">
    <table name="X" address="dec54" elements="20" />
    <table name="Y" address="deca4" elements="20" />
  </table>
  <table name="Requested Torque F (Accelerator Pedal)" address="df0b4">
    <table name="X" address="df014" elements="20" />
    <table name="Y" address="df064" elements="20" />
  </table>
  <table name="Target Throttle Plate Position A (Requested Torque)" address="dcc9c">
    <table name="X" address="dcbe0" elements="26" />
    <table name="Y" address="dcc48" elements="21" />
  </table>
  <table name="Target Throttle Plate Position B (Requested Torque)" address="dd19c">
    <table name="X" address="dd0e0" elements="26" />
    <table name="Y" address="dd148" elements="21" />
  </table>
  <table name="Target Throttle Plate Position Maximum (Requested Torque)" address="dd69c">
    <table name="X" address="dd5e0" elements="26" />
    <table name="Y" address="dd648" elements="21" />
  </table>
  <table name="Rev Limit A" address="c5c38" />
  <table name="Rev Limit B" address="c5c40" />
  <table name="Speed Limiting Enable (Fuel Cut)" address="c5ca0" />
  <table name="Speed Limiting Disable (Fuel Cut)" address="c5ca8" />
  <table name="Speed Limiting A (Throttle)" address="dc644" />
  <table name="Speed Limiting B (Throttle)" address="dc65c" />
  <table name="Intake Temp Sensor Scaling" address="d04e0">
    <table name="Y" address="d0468" />
  </table>
  <table name="Coolant Temp Sensor Scaling" address="d03f8">
    <table name="Y" address="d0388" />
  </table>
  <table name="Idle Speed Target A" address="ceb64">
    <table name="Y" address="ce5f8" />
  </table>
  <table name="Idle Speed Target B" address="ceba4">
    <table name="Y" address="ce5f8" />
  </table>
  <table name="Idle Speed Target C" address="cebe4">
    <table name="Y" address="ce5f8" />
  </table>
  <table name="Idle Speed Target D" address="cec04">
    <table name="Y" address="ce5f8" />
  </table>
  <table name="Force Pass Readiness Monitors_" address="7fee4" />
  <table name="(P0000) PASS CODE (NO DTC DETECTED)" address="74f75" />
  <table name="(P0000) PASS CODE (NO DTC DETECTED)_" address="74f76" />
  <table name="(P0011) CAMSHAFT POS. - TIMING OVER-ADVANCED 1" address="74f59" />
  <table name="(P0014) EXHAUST AVCS SYSTEM 1 RANGE/PERF" address="74ff3" />
  <table name="(P0016) CRANKSHAFT/CAMSHAFT CORRELATION 1A" address="74fea" />
  <table name="(P0017) CRANK/CAM TIMING B FAILURE 1" address="74ffb" />
  <table name="(P0018) CRANKSHAFT/CAMSHAFT CORRELATION 2A" address="74fe9" />
  <table name="(P0019) CRANK/CAM TIMING B FAILURE 2" address="74ffa" />
  <table name="(P0021) CAMSHAFT POS. - TIMING OVER-ADVANCED 2" address="74f5a" />
  <table name="(P0024) EXHAUST AVCS SYSTEM 2 RANGE/PERF" address="74ff2" />
  <table name="(P0030) FRONT O2 SENSOR RANGE/PERF" address="74f9a" />
  <table name="(P0031) FRONT O2 SENSOR LOW INPUT" address="74f84" />
  <table name="(P0032) FRONT O2 SENSOR HIGH INPUT" address="74f82" />
  <table name="(P0037) REAR O2 SENSOR LOW INPUT" address="74f83" />
  <table name="(P0038) REAR O2 SENSOR HIGH INPUT" address="74f81" />
  <table name="(P0050) HO2S CIRCUIT RANGE/PERF B2 S1" address="74f99" />
  <table name="(P0051) HO2S CIRCUIT LOW B2 S1" address="74f8a" />
  <table name="(P0052) HO2S CIRCUIT HIGH B2 S1" address="74f89" />
  <table name="(P0057) HO2S CIRCUIT LOW B2 S2" address="74f9d" />
  <table name="(P0058) HO2S CIRCUIT HIGH B2 S2" address="74f9e" />
  <table name="(P0102) MAF SENSOR LOW INPUT" address="74f35" />
  <table name="(P0103) MAF SENSOR HIGH INPUT" address="74f36" />
  <table name="(P0107) MAP SENSOR LOW INPUT" address="74f85" />
  <table name="(P0108) MAP SENSOR HIGH INPUT" address="74f86" />
  <table name="(P0112) IAT SENSOR LOW INPUT" address="74f7e" />
  <table name="(P0113) IAT SENSOR HIGH INPUT" address="74f7f" />
  <table name="(P0117) COOLANT TEMP SENSOR LOW INPUT" address="74f3e" />
  <table name="(P0118) COOLANT TEMP SENSOR HIGH INPUT" address="74f3f" />
  <table name="(P0122) TPS A LOW INPUT" address="74f3c" />
  <table name="(P0123) TPS A HIGH INPUT" address="74f3d" />
  <table name="(P0125) INSUFFICIENT COOLANT TEMP (FUELING)" address="74f41" />
  <table name="(P0131) FRONT O2 SENSOR LOW INPUT" address="74f78" />
  <table name="(P0132) FRONT O2 SENSOR HIGH INPUT" address="74f7a" />
  <table name="(P0133) FRONT O2 SENSOR SLOW RESPONSE" address="74f62" />
  <table name="(P0134) FRONT O2 SENSOR NO ACTIVITY" address="74f98" />
  <table name="(P0140) REAR O2 SENSOR NO ACTIVITY" address="74fe4" />
  <table name="(P0151) O2 SENSOR CIRCUIT LOW B2 S1" address="74f79" />
  <table name="(P0152) O2 SENSOR CIRCUIT HIGH B2 S1" address="74f7b" />
  <table name="(P0153) O2 SENSOR CIRCUIT SLOW RESPONSE B2 S1" address="74f7d" />
  <table name="(P0154) O2 SENSOR CIRCUIT OPEN B2 S1" address="74f97" />
  <table name="(P0160) O2 SENSOR NO ACTIVITY B2 S2" address="74fe5" />
  <table name="(P0171) SYSTEM TOO LEAN" address="74f6c" />
  <table name="(P0172) SYSTEM TOO RICH" address="74f6d" />
  <table name="(P0174) SYSTEM TOO LEAN B2" address="74f66" />
  <table name="(P0175) SYSTEM TOO RICH B2" address="74f67" />
  <table name="(P0197) OIL TEMP SENSOR LOW" address="74fc0" />
  <table name="(P0198) OIL TEMP SENSOR HIGH" address="74fcb" />
  <table name="(P0222) TPS B LOW INPUT" address="74fa2" />
  <table name="(P0223) TPS B HIGH INPUT" address="74fa3" />
  <table name="(P0230) FUEL PUMP PRIMARY CIRCUIT" address="74f94" />
  <table name="(P0301) MISFIRE CYLINDER 1" address="74f6e" />
  <table name="(P0302) MISFIRE CYLINDER 2" address="74f6f" />
  <table name="(P0303) MISFIRE CYLINDER 3" address="74f70" />
  <table name="(P0304) MISFIRE CYLINDER 4" address="74f71" />
  <table name="(P0305) MISFIRE CYLINDER 5" address="74f72" />
  <table name="(P0306) MISFIRE CYLINDER 6" address="74f73" />
  <table name="(P0327) KNOCK SENSOR 1 LOW INPUT" address="74f3a" />
  <table name="(P0328) KNOCK SENSOR 1 HIGH INPUT" address="74f3b" />
  <table name="(P0332) KNOCK SENSOR 2 LOW INPUT" address="74f38" />
  <table name="(P0333) KNOCK SENSOR 2 HIGH INPUT" address="74f39" />
  <table name="(P0335) CRANKSHAFT POS. SENSOR A MALFUNCTION" address="74f30" />
  <table name="(P0340) CAMSHAFT POS. SENSOR A MALFUNCTION" address="74fb6" />
  <table name="(P0345) CAMSHAFT POS. SENSOR A BANK 2" address="74fb5" />
  <table name="(P0365) CAMSHAFT POS. SENSOR B BANK 1" address="74fb4" />
  <table name="(P0390) CAMSHAFT POS. SENSOR B BANK 2" address="74fb3" />
  <table name="(P0400) EGR FLOW" address="74f6b" />
  <table name="(P0420) CAT EFFICIENCY BELOW THRESHOLD" address="74f68" />
  <table name="(P0458) EVAP PURGE VALVE CIRCUIT LOW" address="74f5d" />
  <table name="(P0459) EVAP PURGE VALVE CIRCUIT HIGH" address="74f5e" />
  <table name="(P0462) FUEL LEVEL SENSOR LOW INPUT" address="74f42" />
  <table name="(P0463) FUEL LEVEL SENSOR HIGH INPUT" address="74f43" />
  <table name="(P0500) VEHICLE SPEED SENSOR A" address="74f37" />
  <table name="(P0512) STARTER REQUEST CIRCUIT" address="74f46" />
  <table name="(P0562) SYSTEM VOLTAGE LOW" address="74f8e" />
  <table name="(P0563) SYSTEM VOLTAGE HIGH" address="74f8f" />
  <table name="(P0600) SERIAL COMMUNICATION LINK" address="74fb2" />
  <table name="(P0604) CONTROL MODULE RAM ERROR" address="74f34" />
  <table name="(P0605) CONTROL MODULE ROM ERROR" address="74fb7" />
  <table name="(P0607) CONTROL MODULE PERFORMANCE" address="74faa" />
  <table name="(P0638) THROTTLE ACTUATOR RANGE/PERF" address="74fa9" />
  <table name="(P0700) TRANSMISSION CONTROL SYSTEM" address="74fc3" />
  <table name="(P1160) ABNORMAL RETURN SPRING" address="74fa4" />
  <table name="(P1492) EGR SOLENOID SIGNAL 1 MALFUNCTION (LOW)" address="74f4f" />
  <table name="(P1493) EGR SOLENOID SIGNAL 1 MALFUNCTION (HIGH)" address="74f50" />
  <table name="(P1494) EGR SOLENOID SIGNAL 2 MALFUNCTION (LOW)" address="74f51" />
  <table name="(P1495) EGR SOLENOID SIGNAL 2 MALFUNCTION (HIGH)" address="74f52" />
  <table name="(P1496) EGR SIGNAL 3 CIRCUIT LOW" address="74f53" />
  <table name="(P1497) EGR SOLENOID SIGNAL 3 MALFUNCTION (HIGH)" address="74f54" />
  <table name="(P1498) EGR SIGNAL 4 CIRCUIT LOW" address="74f55" />
  <table name="(P1499) EGR SIGNAL 4 CIRCUIT HIGH" address="74f56" />
  <table name="(P1519) IMRC STUCK CLOSED" address="74ff6" />
  <table name="(P1520) IMRC CIRCUIT MALFUNCTION" address="74ff5" />
  <table name="(P1560) BACK-UP VOLTAGE MALFUNCTION" address="74f8d" />
  <table name="(P1616) SBDS INTERACTIVE CODES" address="74ff4" />
  <table name="(P2088) OCV SOLENOID A1 CIRCUIT OPEN" address="74fbf" />
  <table name="(P2089) OCV SOLENOID A1 CIRCUIT SHORT" address="74fbe" />
  <table name="(P2090) OCV SOLENOID B1 CIRCUIT OPEN" address="74fbb" />
  <table name="(P2091) OCV SOLENOID B1 CIRCUIT SHORT" address="74fba" />
  <table name="(P2092) OCV SOLENOID A2 CIRCUIT OPEN" address="74fbd" />
  <table name="(P2093) OCV SOLENOID A2 CIRCUIT SHORT" address="74fbc" />
  <table name="(P2094) OCV SOLENOID B2 CIRCUIT OPEN" address="74fb9" />
  <table name="(P2095) OCV SOLENOID B2 CIRCUIT SHORT" address="74fb8" />
  <table name="(P2101) THROTTLE ACTUATOR CIRCUIT RANGE/PERF" address="74fa7" />
  <table name="(P2102) THROTTLE ACTUATOR CIRCUIT LOW" address="74fa5" />
  <table name="(P2103) THROTTLE ACTUATOR CIRCUIT HIGH" address="74fa6" />
  <table name="(P2109) TPS A MINIMUM STOP PERF" address="74fa1" />
  <table name="(P2122) TPS D CIRCUIT LOW INPUT" address="74fae" />
  <table name="(P2123) TPS D CIRCUIT HIGH INPUT" address="74faf" />
  <table name="(P2127) TPS E CIRCUIT LOW INPUT" address="74fac" />
  <table name="(P2128) TPS E CIRCUIT HIGH INPUT" address="74fad" />
  <table name="(P2135) TPS A/B VOLTAGE" address="74fb0" />
  <table name="(P2138) TPS D/E VOLTAGE" address="74fab" />
  <table name="(P2228) BARO. PRESSURE CIRCUIT LOW INPUT" address="74fd3" />
  <table name="(P2229) BARO. PRESSURE CIRCUIT HIGH INPUT" address="74fd2" />
</rom>