<rom>
  <romid>
    <xmlid>EZ1E401G</xmlid>
    <internalidaddress>2004</internalidaddress>
    <internalidstring>EZ1E401G</internalidstring>
    <ecuid>5112187007</ecuid>
    <year>08/09</year>
    <market>USDM</market>
    <make>Subaru</make>
    <model>Impreza</model>
    <submodel>2.5i</submodel>
    <transmission>MT</transmission>
    <memmodel>SH7058</memmodel>
    <flashmethod>subarucan</flashmethod>
    <checksummodule>subarudbw</checksummodule>
  </romid>
  <include>EZ1E102G</include>
</rom>