<rom>
  <romid>
    <xmlid>A2WC500L</xmlid>
    <internalidaddress>2000</internalidaddress>
    <internalidstring>A2WC500L</internalidstring>
    <ecuid>3F12484106</ecuid>
    <year>05</year>
    <market>USDM</market>
    <make>Subaru</make>
    <model>Baja</model>
    <submodel>Turbo</submodel>
    <transmission>MT</transmission>
    <memmodel>SH7058</memmodel>
    <flashmethod>sti05</flashmethod>
    <checksummodule>subarudbw</checksummodule>
  </romid>
  <include>32BITBASE</include>
  <table name="Target Boost" address="c0ac8">
    <table name="X" address="c0a74" />
    <table name="Y" address="c0a94" elements="13" />
  </table>
  <table name="Target Boost Compensation (ECT)" address="c05d0">
    <table name="Y" address="c0464" />
  </table>
  <table name="Target Boost Compensation (1st Gear)" address="c0460" />
  <table name="Target Boost Compensation (1st Gear) Speed Disable" address="c0458" />
  <table name="Target Boost Compensation (Atm. Pressure) Multiplier" address="c06d8">
    <table name="Y" address="c06c8" />
  </table>
  <table name="Target Boost Compensation (Atm. Pressure) Multiplier Offset" address="c0604">
    <table name="Y" address="c05f4" />
  </table>
  <table name="Boost Limit (Fuel Cut)" address="c6d9c">
    <table name="Y" address="c6d84" />
  </table>
  <table name="Boost Control Disable (IAM)" address="c0440" />
  <table name="Boost Control Disable (Fine Correction)" address="c043c" />
  <table name="Boost Control Disable Delay (Fine Correction)" address="c03e9" />
  <table name="Initial Wastegate Duty" address="c0844">
    <table name="X" address="c07f4" />
    <table name="Y" address="c0814" />
  </table>
  <table name="Max Wastegate Duty" address="c096c">
    <table name="X" address="c091c" />
    <table name="Y" address="c093c" elements="12" />
  </table>
  <table name="Max Wastegate Duty Limit Post-Compensation" address="15270" />
  <table name="Initial/Max Wastegate Duty Compensation (IAT)" address="c04f0">
    <table name="Y" address="c04b0" />
  </table>
  <table name="Initial/Max Wastegate Duty Compensation (ECT)" address="c05b0">
    <table name="Y" address="c0464" />
  </table>
  <table name="Initial/Max Wastegate Duty Compensation (Atm. Pressure)" address="c0794">
    <table name="X" address="c076c" />
    <table name="Y" address="c0784" />
  </table>
  <table name="Turbo Dynamics Proportional" address="c062c">
    <table name="Y" address="c0608" />
  </table>
  <table name="Turbo Dynamics Integral Positive" address="c069c">
    <table name="Y" address="c0678" />
  </table>
  <table name="Turbo Dynamics Integral Negative" address="c0664">
    <table name="Y" address="c0640" />
  </table>
  <table name="TD Activation Thresholds (RPM)" address="c0428" />
  <table name="TD Activation Thresholds (Target Boost)" address="c03fc" />
  <table name="TD Integral Cumulative Range (WGDC Correction)" address="c0430" />
  <table name="TD Integral Negative Activation (Boost Error)" address="c0408" />
  <table name="TD Integral Positive Activation (Boost Error)" address="c0410" />
  <table name="TD Integral Positive Activation (Wastegate Duty)" address="c0414" />
  <table name="Manifold Pressure Sensor Scaling" address="c00c4" />
  <table name="Manifold Pressure Sensor Limits (CEL)" address="cae4a" />
  <table name="Manifold Pressure Sensor CEL Delays" address="c2833" />
  <table name="Primary Open Loop Fueling" address="c7420">
    <table name="X" address="c7398" elements="16" />
    <table name="Y" address="c73d8" />
  </table>
  <table name="Primary Open Loop Fueling (Failsafe)" address="c75dc">
    <table name="X" address="c7554" elements="16" />
    <table name="Y" address="c7594" />
  </table>
  <table name="Primary Open Loop Fuel Map Switch (IAM)" address="c5e14" />
  <table name="Minimum Active Primary Open Loop Enrichment" address="c5d78" />
  <table name="Minimum Primary Open Loop Enrichment (Throttle)" address="c6404">
    <table name="Y" address="c63ec" />
  </table>
  <table name="Primary Open Loop Fueling Compensation (ECT)" address="c6be8">
    <table name="Y" address="c6080" />
  </table>
  <table name="Primary Open Loop Fueling Compensation (Timing Compensation)_" address="c6424">
    <table name="Y" address="c640c" />
  </table>
  <table name="Front Oxygen Sensor Scaling" address="cb48c">
    <table name="Y" address="cb458" />
  </table>
  <table name="Front Oxygen Sensor Rich Limit" address="21574" />
  <table name="Front Oxygen Sensor Compensation (Atm. Pressure)" address="c1f08">
    <table name="Y" address="c1ef8" />
  </table>
  <table name="CL Fueling Target Compensation (Load)" address="c7cc4">
    <table name="X" address="c7c70" elements="11" />
    <table name="Y" address="c7c9c" />
  </table>
  <table name="CL Fueling Target Compensation A (ECT)" address="c7b20">
    <table name="X" address="c6080" />
    <table name="Y" address="c7b14" />
  </table>
  <table name="CL Fueling Target Compensation B (ECT)" address="c7bd8">
    <table name="X" address="c6080" />
    <table name="Y" address="c7bc8" elements="4" />
  </table>
  <table name="CL to OL Delay" address="c59c6" />
  <table name="CL to OL Transition with Delay A (Throttle)" address="c633c">
    <table name="Y" address="c62fc" />
  </table>
  <table name="CL to OL Transition with Delay B (Throttle)" address="c638c">
    <table name="Y" address="c634c" />
  </table>
  <table name="CL to OL Transition with Delay C (Throttle)" address="c63dc">
    <table name="Y" address="c639c" />
  </table>
  <table name="CL to OL Transition with Delay Throttle Hysteresis" address="c5d7c" />
  <table name="CL to OL Transition with Delay A (Base Pulse Width)" address="c6b08">
    <table name="Y" address="c6ac8" />
  </table>
  <table name="CL to OL Transition with Delay B (Base Pulse Width)" address="c6b68">
    <table name="Y" address="c6b28" />
  </table>
  <table name="CL to OL Transition with Delay C (Base Pulse Width)" address="c6bc8">
    <table name="Y" address="c6b88" />
  </table>
  <table name="CL to OL Transition with Delay BPW Hysteresis" address="c5d80" />
  <table name="CL Delay Maximum (EGT)" address="c5dfc" />
  <table name="CL Delay Maximum (Throttle)" address="c5df0" />
  <table name="CL Delay Maximum (Vehicle Speed)" address="c5df4" />
  <table name="CL Delay Minimum (ECT)" address="c5d84" />
  <table name="CL Delay Maximum Engine Speed (Per Gear)" address="c5db0" />
  <table name="CL Delay Maximum Engine Speed (Neutral)" address="c5dd8" />
  <table name="Injector Latency" address="caf3c">
    <table name="Y" address="caf28" />
  </table>
  <table name="Injector Flow Scaling" address="c5af4" />
  <table name="Per Injector Primary Fuel Offset Compensation A" address="c774c">
    <table name="X" address="c76fc" />
    <table name="Y" address="c771c" elements="12" />
  </table>
  <table name="Per Injector Primary Fuel Offset Compensation B" address="c77fc">
    <table name="X" address="c77ac" />
    <table name="Y" address="c77cc" elements="12" />
  </table>
  <table name="Per Injector Primary Fuel Offset Compensation C" address="c78ac">
    <table name="X" address="c785c" />
    <table name="Y" address="c787c" elements="12" />
  </table>
  <table name="Per Injector Primary Fuel Offset Compensation D" address="c795c">
    <table name="X" address="c790c" />
    <table name="Y" address="c792c" elements="12" />
  </table>
  <table name="Cranking Fuel Injector Pulse Width A (ECT)" address="c6532">
    <table name="Y" address="c6080" />
  </table>
  <table name="Cranking Fuel Injector Pulse Width B (ECT)" address="c6552">
    <table name="Y" address="c6080" />
  </table>
  <table name="Cranking Fuel Injector Pulse Width C (ECT)" address="c6572">
    <table name="Y" address="c6080" />
  </table>
  <table name="Cranking Fuel Injector Pulse Width D (ECT)" address="c6592">
    <table name="Y" address="c6080" />
  </table>
  <table name="Cranking Fuel IPW Compensation (RPM)" address="c7254">
    <table name="X" address="c7224" />
    <table name="Y" address="c7238" />
  </table>
  <table name="Cranking Fuel IPW Compensation (Accelerator)" address="c6128">
    <table name="Y" address="c6110" />
  </table>
  <table name="Throttle Tip-in Enrichment" address="c6cf0">
    <table name="Y" address="c6ca8" />
  </table>
  <table name="Minimum Tip-in Enrichment Activation" address="c5f24" />
  <table name="Minimum Tip-in Enrichment Activation (Throttle)" address="c5f20" />
  <table name="Tip-in Enrichment Compensation (Boost Error)" address="c64a8">
    <table name="Y" address="c6484" />
  </table>
  <table name="Tip-in Enrichment Compensation (ECT)" address="c6d14">
    <table name="Y" address="c6080" />
  </table>
  <table name="Tip-in Enrichment Disable Applied Counter Threshold" address="c598d" />
  <table name="Tip-in Enrichment Applied Counter Reset" address="c598e" />
  <table name="Tip-in Enrichment Disable Throttle Cumulative Threshold" address="c5f28" />
  <table name="Tip-in Throttle Cumulative Reset" address="c598f" />
  <table name="Min Primary Base Enrichment 1" address="c617e">
    <table name="Y" address="c6080" />
  </table>
  <table name="Min Primary Base Enrichment 1 (Non-Primary OL)" address="c736c">
    <table name="X" address="c7340" elements="8" />
    <table name="Y" address="c7360" />
  </table>
  <table name="Min Primary Base Enrich 2 Initial Start 1A" address="c6632">
    <table name="Y" address="c6080" />
  </table>
  <table name="Min Primary Base Enrich 2 Initial Start 1B" address="c6672">
    <table name="Y" address="c6080" />
  </table>
  <table name="Min Primary Base Enrich 2 Initial Start 2A" address="c6652">
    <table name="Y" address="c6080" />
  </table>
  <table name="Min Primary Base Enrich 2 Initial Start 2B" address="c6692">
    <table name="Y" address="c6080" />
  </table>
  <table name="Min Primary Base Enrich 2 Decay Step 1" address="c66b2">
    <table name="Y" address="c6080" />
  </table>
  <table name="Min Primary Base Enrich 2 Decay Step 2" address="c66d2">
    <table name="Y" address="c6080" />
  </table>
  <table name="Min Primary Base Enrich 3 Initial Start 1A" address="c65b2">
    <table name="Y" address="c6080" />
  </table>
  <table name="Min Primary Base Enrich 3 Initial Start 1B" address="c65d2">
    <table name="Y" address="c6080" />
  </table>
  <table name="Min Primary Base Enrich 3 Initial Start 2A" address="c65f2">
    <table name="Y" address="c6080" />
  </table>
  <table name="Min Primary Base Enrich 3 Initial Start 2B" address="c6612">
    <table name="Y" address="c6080" />
  </table>
  <table name="Min Primary Base Enrich 3 Decay Delay A" address="c613e">
    <table name="Y" address="c6080" />
  </table>
  <table name="Min Primary Base Enrich 3 Decay Delay B" address="c614e">
    <table name="Y" address="c6080" />
  </table>
  <table name="Min Primary Base Enrich 3 Decay Multiplier" address="c5af8" />
  <table name="A/F Learning #1 Limits" address="c5d24" />
  <table name="A/F Learning #1 Airflow Ranges" address="c5d30" />
  <table name="MAF Limit (Maximum)" address="c1a8c" />
  <table name="MAF Sensor Scaling" address="cb2a8">
    <table name="Y" address="cb1e8" elements="48" />
  </table>
  <table name="MAF Compensation (IAT)" address="c2308">
    <table name="X" address="c22d4" />
    <table name="Y" address="c22e8" />
  </table>
  <table name="Engine Load Limit (Maximum)" address="1f64c" />
  <table name="Engine Load Compensation (MP)" address="c2250">
    <table name="X" address="c21f4" />
    <table name="Y" address="c2220" elements="12" />
  </table>
  <table name="Base Timing" address="c8c80">
    <table name="X" address="c8bf8" elements="16" />
    <table name="Y" address="c8c38" />
  </table>
  <table name="Base Timing Idle" address="c830d">
    <table name="Y" address="c81b0" />
  </table>
  <table name="Base Timing Idle Minimum" address="c8304">
    <table name="Y" address="c82e0" />
  </table>
  <table name="Base Timing Idle Minimum Vehicle Speed Enable" address="c7ed4" />
  <table name="Knock Correction Advance Max" address="c8fe4">
    <table name="X" address="c8f5c" />
    <table name="Y" address="c8f9c" />
  </table>
  <table name="Timing Compensation A (IAT)" address="c8380">
    <table name="Y" address="c8340" />
  </table>
  <table name="Timing Compensation A (IAT) Activation" address="c8de0">
    <table name="X" address="c8da0" />
    <table name="Y" address="c8dc0" />
  </table>
  <table name="Timing Compensation B (IAT)" address="c88c4">
    <table name="Y" address="c8884" />
  </table>
  <table name="Timing Compensation B (IAT) IAM Activation" address="c81ac" />
  <table name="Timing Compensation B (IAT) Max Additive" address="c8190" />
  <table name="Timing Compensation (ECT)" address="c832d">
    <table name="Y" address="c81b0" />
  </table>
  <table name="Timing Compensation (MRP)" address="c9138">
    <table name="X" address="c9118" />
    <table name="Y" address="c912c" />
  </table>
  <table name="Timing Compensation Per Cylinder A__" address="c8768">
    <table name="Y" address="c8730" />
  </table>
  <table name="Timing Compensation Per Cylinder B__" address="c87b0">
    <table name="Y" address="c8778" />
  </table>
  <table name="Timing Compensation Per Cylinder C__" address="c87f8">
    <table name="Y" address="c87c0" />
  </table>
  <table name="Timing Compensation Per Cylinder D__" address="c8840">
    <table name="Y" address="c8808" />
  </table>
  <table name="Timing Comp Minimum Load (Per Cylinder)" address="c800c" />
  <table name="Timing Comp Maximum RPM (Per Cylinder)" address="c8008" />
  <table name="Timing Comp Minimum Coolant Temp (Per Cylinder)" address="c8010" />
  <table name="Feedback Correction Range (RPM)" address="c8044" />
  <table name="Feedback Correction Minimum Load" address="c8054" />
  <table name="Feedback Correction Retard Value" address="c8024" />
  <table name="Feedback Correction Retard Limit" address="c8020" />
  <table name="Feedback Correction Negative Advance Value" address="c802c" />
  <table name="Feedback Correction Negative Advance Delay" address="c7dfe" />
  <table name="Extended Feedback Correction High RPM Compensation" address="c805c" />
  <table name="Fine Correction Range (RPM)" address="c813c" />
  <table name="Fine Correction Range (Load)" address="c814c" />
  <table name="Fine Correction Rows (RPM)" address="c816c" />
  <table name="Fine Correction Columns (Load)" address="c815c" />
  <table name="Fine Correction Retard Value" address="c8184" />
  <table name="Fine Correction Retard Limit" address="c8134" />
  <table name="Fine Correction Advance Value" address="c8138" />
  <table name="Fine Correction Advance Limit" address="c8130" />
  <table name="Fine Correction Advance Delay" address="c7e0c" />
  <table name="Rough Correction Range (RPM)" address="c80d4" />
  <table name="Rough Correction Range (Load)" address="c80e4" />
  <table name="Rough Correction Minimum KC Advance Map Value" address="c80f4" />
  <table name="Rough Correction Learning Delay (Increasing)" address="c8878">
    <table name="Y" address="c8850" />
  </table>
  <table name="Advance Multiplier (Initial)" address="c80d0" />
  <table name="Advance Multiplier Step Value" address="c80f8" />
  <table name="Intake Cam Advance Angle (AVCS)" address="cc814">
    <table name="X" address="cc794" />
    <table name="Y" address="cc7cc" />
  </table>
  <table name="Requested Torque (Accelerator Pedal)" address="ca934">
    <table name="X" address="ca8bc" />
    <table name="Y" address="ca8f8" elements="15" />
  </table>
  <table name="Target Throttle Plate Position (Requested Torque)" address="ca69c">
    <table name="X" address="ca618" />
    <table name="Y" address="ca65c" />
  </table>
  <table name="Rev Limit (Fuel Cut)" address="c5f78" />
  <table name="Rev Limit Fuel Resume (Boost)" address="c5f80" />
  <table name="Speed Limiting Enable (Fuel Cut)" address="c5fc8" />
  <table name="Speed Limiting Disable (Fuel Cut)" address="c5fd0" />
  <table name="Speed Limiting (Throttle)" address="c1d6c" />
  <table name="EGT Sensor Scaling" address="cb3e0">
    <table name="Y" address="cb368" />
  </table>
  <table name="Fuel Temp Sensor Scaling" address="cb170">
    <table name="Y" address="cb0f8" />
  </table>
  <table name="Intake Temp Sensor Scaling" address="7fda0">
    <table name="Y" address="7fd28" />
  </table>
  <table name="Coolant Temp Sensor Scaling" address="7fcb8">
    <table name="Y" address="7fc48" />
  </table>
  <table name="Atmospheric Pressure Sensor Scaling" address="c0070" />
  <table name="Radiator Fan Modes (ECT)" address="cbc08" />
  <table name="Radiator Fan Modes (Veh. Speed)" address="cbc18" />
  <table name="Gear Determination Thresholds" address="c1cc0" />
  <table name="Idle Speed Target A" address="c9c14">
    <table name="Y" address="c9640" />
  </table>
  <table name="Idle Speed Target B" address="c9c54">
    <table name="Y" address="c9640" />
  </table>
  <table name="Idle Speed Target C" address="c9c94">
    <table name="Y" address="c9640" />
  </table>
  <table name="Force Pass Readiness Monitors" address="7279a" />
  <table name="(P0000) PASS CODE (NO DTC DETECTED)" address="6f4b2" />
  <table name="(P0000) PASS CODE (NO DTC DETECTED)_" address="6f4b3" />
  <table name="(P0011) CAMSHAFT POS. - TIMING OVER-ADVANCED 1" address="6f498" />
  <table name="(P0021) CAMSHAFT POS. - TIMING OVER-ADVANCED 2" address="6f499" />
  <table name="(P0030) FRONT O2 SENSOR RANGE/PERF" address="6f4d7" />
  <table name="(P0031) FRONT O2 SENSOR LOW INPUT" address="6f4be" />
  <table name="(P0032) FRONT O2 SENSOR HIGH INPUT" address="6f4bc" />
  <table name="(P0037) REAR O2 SENSOR LOW INPUT" address="6f4bd" />
  <table name="(P0038) REAR O2 SENSOR HIGH INPUT" address="6f4bb" />
  <table name="(P0068) MAP SENSOR RANGE/PERF" address="6f4d3" />
  <table name="(P0101) MAF SENSOR RANGE/PERF" address="6f4d5" />
  <table name="(P0102) MAF SENSOR LOW INPUT" address="6f471" />
  <table name="(P0103) MAF SENSOR HIGH INPUT" address="6f472" />
  <table name="(P0107) MAP SENSOR LOW INPUT" address="6f4bf" />
  <table name="(P0108) MAP SENSOR HIGH INPUT" address="6f4c0" />
  <table name="(P0111) IAT SENSOR RANGE/PERF" address="6f4ba" />
  <table name="(P0112) IAT SENSOR LOW INPUT" address="6f4b8" />
  <table name="(P0113) IAT SENSOR HIGH INPUT" address="6f4b9" />
  <table name="(P0117) COOLANT TEMP SENSOR LOW INPUT" address="6f479" />
  <table name="(P0118) COOLANT TEMP SENSOR HIGH INPUT" address="6f47a" />
  <table name="(P0122) TPS A LOW INPUT" address="6f476" />
  <table name="(P0123) TPS A HIGH INPUT" address="6f477" />
  <table name="(P0125) INSUFFICIENT COOLANT TEMP (FUELING)" address="6f47c" />
  <table name="(P0126) INSUFFICIENT COOLANT TEMP (OPERATION)" address="6f500" />
  <table name="(P0128) THERMOSTAT MALFUNCTION" address="6f4c1" />
  <table name="(P0131) FRONT O2 SENSOR LOW INPUT" address="6f4b5" />
  <table name="(P0132) FRONT O2 SENSOR HIGH INPUT" address="6f4b6" />
  <table name="(P0133) FRONT O2 SENSOR SLOW RESPONSE" address="6f4a3" />
  <table name="(P0134) FRONT O2 SENSOR NO ACTIVITY" address="6f4d6" />
  <table name="(P0137) REAR O2 SENSOR LOW VOLTAGE" address="6f4b4" />
  <table name="(P0138) REAR O2 SENSOR HIGH VOLTAGE" address="6f4b7" />
  <table name="(P0139) REAR O2 SENSOR SLOW RESPONSE" address="6f4a4" />
  <table name="(P0171) SYSTEM TOO LEAN" address="6f4aa" />
  <table name="(P0172) SYSTEM TOO RICH" address="6f4ab" />
  <table name="(P0181) FUEL TEMP SENSOR A RANGE/PERF" address="6f489" />
  <table name="(P0182) FUEL TEMP SENSOR A LOW INPUT" address="6f487" />
  <table name="(P0183) FUEL TEMP SENSOR A HIGH INPUT" address="6f488" />
  <table name="(P0222) TPS B LOW INPUT" address="6f4da" />
  <table name="(P0223) TPS B HIGH INPUT" address="6f4db" />
  <table name="(P0230) FUEL PUMP PRIMARY CIRCUIT" address="6f4d2" />
  <table name="(P0244) WASTEGATE SOLENOID A RANGE/PERF" address="6f4c8" />
  <table name="(P0245) WASTEGATE SOLENOID A LOW" address="6f4c6" />
  <table name="(P0246) WASTEGATE SOLENOID A HIGH" address="6f4c7" />
  <table name="(P0301) MISFIRE CYLINDER 1" address="6f4ac" />
  <table name="(P0302) MISFIRE CYLINDER 2" address="6f4ad" />
  <table name="(P0303) MISFIRE CYLINDER 3" address="6f4ae" />
  <table name="(P0304) MISFIRE CYLINDER 4" address="6f4af" />
  <table name="(P0327) KNOCK SENSOR 1 LOW INPUT" address="6f474" />
  <table name="(P0328) KNOCK SENSOR 1 HIGH INPUT" address="6f475" />
  <table name="(P0335) CRANKSHAFT POS. SENSOR A MALFUNCTION" address="6f46c" />
  <table name="(P0336) CRANKSHAFT POS. SENSOR A RANGE/PERF" address="6f46d" />
  <table name="(P0340) CAMSHAFT POS. SENSOR A MALFUNCTION_" address="6f4ee" />
  <table name="(P0345) CAMSHAFT POS. SENSOR A BANK 2" address="6f4ed" />
  <table name="(P0420) CAT EFFICIENCY BELOW THRESHOLD" address="6f4a7" />
  <table name="(P0442) EVAP LEAK DETECTED (SMALL)" address="6f4a8" />
  <table name="(P0447) EVAP VENT CONTROL CIRCUIT OPEN" address="6f4a1" />
  <table name="(P0448) EVAP VENT CONTROL CIRCUIT SHORTED" address="6f4a2" />
  <table name="(P0451) EVAP PRESSURE SENSOR RANGE/PERF" address="6f485" />
  <table name="(P0452) EVAP PRESSURE SENSOR LOW INPUT" address="6f483" />
  <table name="(P0453) EVAP PRESSURE SENSOR HIGH INPUT" address="6f484" />
  <table name="(P0456) EVAP LEAK DETECTED (VERY SMALL)" address="6f4a9" />
  <table name="(P0457) EVAP LEAK DETECTED (FUEL CAP)" address="6f4b1" />
  <table name="(P0458) EVAP PURGE VALVE CIRCUIT LOW" address="6f49c" />
  <table name="(P0459) EVAP PURGE VALVE CIRCUIT HIGH" address="6f49d" />
  <table name="(P0461) FUEL LEVEL SENSOR RANGE/PERF" address="6f47f" />
  <table name="(P0462) FUEL LEVEL SENSOR LOW INPUT" address="6f47d" />
  <table name="(P0463) FUEL LEVEL SENSOR HIGH INPUT" address="6f47e" />
  <table name="(P0464) FUEL LEVEL SENSOR INTERMITTENT" address="6f47b" />
  <table name="(P0483) RADIATOR FAN RATIONALITY CHECK" address="6f494" />
  <table name="(P0502) VEHICLE SPEED SENSOR LOW INPUT" address="6f4d1" />
  <table name="(P0503) VEHICLE SPEED SENSOR INTERMITTENT" address="6f4d8" />
  <table name="(P0506) IDLE CONTROL RPM LOWER THAN EXPECTED" address="6f48f" />
  <table name="(P0507) IDLE CONTROL RPM HIGH THAN EXPECTED" address="6f490" />
  <table name="(P0512) STARTER REQUEST CIRCUIT" address="6f482" />
  <table name="(P0519) IDLE CONTROL MALFUNCTION (FAIL-SAFE)" address="6f4d4" />
  <table name="(P0545) EGT SENSOR CIRCUIT LOW" address="6f4cd" />
  <table name="(P0546) EGT SENSOR CIRCUIT HIGH" address="6f4ce" />
  <table name="(P0600) SERIAL COMMUNICATION LINK" address="6f4ea" />
  <table name="(P0604) CONTROL MODULE RAM ERROR" address="6f470" />
  <table name="(P0605) CONTROL MODULE ROM ERROR" address="6f4ef" />
  <table name="(P0607) CONTROL MODULE PERFORMANCE" address="6f4e2" />
  <table name="(P0638) THROTTLE ACTUATOR RANGE/PERF" address="6f4e1" />
  <table name="(P0691) RADIATOR FAN CIRCUIT LOW" address="6f492" />
  <table name="(P0692) RADIATOR FAN CIRCUIT HIGH" address="6f493" />
  <table name="(P0700) TRANSMISSION CONTROL SYSTEM" address="6f4f8" />
  <table name="(P0851) NEUTRAL SWITCH INPUT LOW" address="6f486" />
  <table name="(P0852) NEUTRAL SWITCH INPUT HIGH" address="6f48a" />
  <table name="(P1152) FRONT O2 SENSOR RANGE/PERF LOW B1 S1" address="6f4a5" />
  <table name="(P1153) FRONT O2 SENSOR RANGE/PERF HIGH B1 S1" address="6f4a6" />
  <table name="(P1160) ABNORMAL RETURN SPRING" address="6f4dc" />
  <table name="(P1301) MISFIRE (HIGH TEMP EXHAUST GAS)" address="6f4b0" />
  <table name="(P1312) EGT SENSOR MALFUNCTION" address="6f4cf" />
  <table name="(P1400) FUEL TANK PRESSURE SOL. LOW" address="6f49a" />
  <table name="(P1420) FUEL TANK PRESSURE SOL. HIGH INPUT" address="6f49b" />
  <table name="(P1443) VENT CONTROL SOLENOID FUNCTION PROBLEM" address="6f4a0" />
  <table name="(P1446) FUEL TANK SENSOR CONTROL CIRCUIT LOW" address="6f48b" />
  <table name="(P1447) FUEL TANK SENSOR CONTROL CIRCUIT HIGH" address="6f48c" />
  <table name="(P1448) FUEL TANK SENSOR CONTROL RANGE/PERF" address="6f491" />
  <table name="(P1491) PCV (BLOWBY) FUNCTION PROBLEM" address="6f4c2" />
  <table name="(P1518) STARTER SWITCH LOW INPUT" address="6f481" />
  <table name="(P1544) EGT TOO HIGH" address="6f4d0" />
  <table name="(P1560) BACK-UP VOLTAGE MALFUNCTION" address="6f4c3" />
  <table name="(P2004) TGV - INTAKE MANIFOLD RUNNER 1 STUCK OPEN" address="6f4fb" />
  <table name="(P2005) TGV - INTAKE MANIFOLD RUNNER 2 STUCK OPEN" address="6f4fd" />
  <table name="(P2006) TGV - INTAKE MANIFOLD RUNNER 1 STUCK CLOSED" address="6f4fc" />
  <table name="(P2007) TGV - INTAKE MANIFOLD RUNNER 2 STUCK CLOSED" address="6f4fe" />
  <table name="(P2008) TGV - INTAKE MANIFOLD RUNNER 1 CIRCUIT OPEN" address="6f509" />
  <table name="(P2009) TGV - INTAKE MANIFOLD RUNNER 1 CIRCUIT LOW" address="6f507" />
  <table name="(P2011) TGV - INTAKE MANIFOLD RUNNER 2 CIRCUIT OPEN" address="6f50a" />
  <table name="(P2012) TGV - INTAKE MANIFOLD RUNNER 2 CIRCUIT LOW" address="6f508" />
  <table name="(P2016) TGV - INTAKE MANIFOLD RUNNER 1 POS. SENSOR LOW" address="6f503" />
  <table name="(P2017) TGV - INTAKE MANIFOLD RUNNER 1 POS. SENSOR HIGH" address="6f504" />
  <table name="(P2021) TGV - INTAKE MANIFOLD RUNNER 2 POS. SENSOR LOW" address="6f505" />
  <table name="(P2022) TGV - INTAKE MANIFOLD RUNNER 2 POS. SENSOR HIGH" address="6f506" />
  <table name="(P2088) OCV SOLENOID A1 CIRCUIT OPEN" address="6f4f7" />
  <table name="(P2089) OCV SOLENOID A1 CIRCUIT SHORT" address="6f4f6" />
  <table name="(P2092) OCV SOLENOID A2 CIRCUIT OPEN" address="6f4f5" />
  <table name="(P2093) OCV SOLENOID A2 CIRCUIT SHORT" address="6f4f4" />
  <table name="(P2096) POST CATALYST TOO LEAN B1" address="6f4e0" />
  <table name="(P2097) POST CATALYST TOO RICH B1" address="6f4e9" />
  <table name="(P2101) THROTTLE ACTUATOR CIRCUIT RANGE/PERF" address="6f4df" />
  <table name="(P2102) THROTTLE ACTUATOR CIRCUIT LOW" address="6f4dd" />
  <table name="(P2103) THROTTLE ACTUATOR CIRCUIT HIGH" address="6f4de" />
  <table name="(P2109) TPS A MINIMUM STOP PERF" address="6f4d9" />
  <table name="(P2122) TPS D CIRCUIT LOW INPUT" address="6f4e6" />
  <table name="(P2123) TPS D CIRCUIT HIGH INPUT" address="6f4e7" />
  <table name="(P2127) TPS E CIRCUIT LOW INPUT" address="6f4e4" />
  <table name="(P2128) TPS E CIRCUIT HIGH INPUT" address="6f4e5" />
  <table name="(P2135) TPS A/B VOLTAGE" address="6f4e8" />
  <table name="(P2138) TPS D/E VOLTAGE" address="6f4e3" />
  <table name="(P2227) BARO. PRESSURE CIRCUIT RANGE/PERF" address="6f4ff" />
  <table name="(P2228) BARO. PRESSURE CIRCUIT LOW INPUT" address="6f502" />
  <table name="(P2229) BARO. PRESSURE CIRCUIT HIGH INPUT" address="6f501" />
</rom>