<rom>
  <romid>
    <xmlid>A2WF100K</xmlid>
    <internalidaddress>2000</internalidaddress>
    <internalidstring>A2WF100K</internalidstring>
    <ecuid>4812403006</ecuid>
    <year>06</year>
    <market>USDM</market>
    <make>Subaru</make>
    <model>Baja</model>
    <submodel>Turbo</submodel>
    <transmission>AT</transmission>
    <memmodel>SH7058</memmodel>
    <flashmethod>sti05</flashmethod>
    <checksummodule>subarudbw</checksummodule>
  </romid>
  <include>A2WF101K</include>
</rom>