<rom>
  <romid>
    <xmlid>A2ZJ500K</xmlid>
    <internalidaddress>2000</internalidaddress>
    <internalidstring>A2ZJ500K</internalidstring>
    <ecuid>3712405006</ecuid>
    <year>04</year>
    <market>USDM</market>
    <make>Subaru</make>
    <model>Baja</model>
    <submodel>Turbo</submodel>
    <transmission>AT</transmission>
    <memmodel>SH7055</memmodel>
    <flashmethod>sti04</flashmethod>
    <checksummodule>subarudbw</checksummodule>
  </romid>
  <include>32BITBASE</include>
  <table name="Target Boost" address="5857c">
    <table name="X" address="58528" />
    <table name="Y" address="58548" elements="13" />
  </table>
  <table name="Target Boost Compensation (ECT)" address="5811a">
    <table name="Y" address="58060" />
  </table>
  <table name="Target Boost Compensation (1st Gear)" address="5805c" />
  <table name="Target Boost Compensation (1st Gear) Speed Disable" address="58054" />
  <table name="Target Boost Compensation (Atm. Pressure) Multiplier" address="5821c">
    <table name="Y" address="5820c" />
  </table>
  <table name="Target Boost Compensation (Atm. Pressure) Multiplier Offset" address="5814c">
    <table name="Y" address="5813c" />
  </table>
  <table name="Boost Limit (Fuel Cut)" address="5da8c">
    <table name="Y" address="5da74" />
  </table>
  <table name="Boost Control Disable (IAM)" address="5803c" />
  <table name="Boost Control Disable (Fine Correction)" address="58038" />
  <table name="Boost Control Disable Delay (Fine Correction)" address="57fe1" />
  <table name="Initial Wastegate Duty" address="582f8">
    <table name="X" address="582a8" />
    <table name="Y" address="582c8" />
  </table>
  <table name="Max Wastegate Duty" address="58438">
    <table name="X" address="583e8" />
    <table name="Y" address="58408" elements="12" />
  </table>
  <table name="Max Wastegate Duty Limit Post-Compensation" address="13aa4" />
  <table name="Initial/Max Wastegate Duty Compensation (IAT)" address="580e0">
    <table name="Y" address="580a0" />
  </table>
  <table name="Initial/Max Wastegate Duty Compensation (ECT)" address="580fa">
    <table name="Y" address="58060" />
  </table>
  <table name="Initial/Max Wastegate Duty Compensation (Atm. Pressure)" address="58264">
    <table name="X" address="5823c" />
    <table name="Y" address="58254" />
  </table>
  <table name="Turbo Dynamics Proportional" address="58188">
    <table name="Y" address="58164" />
  </table>
  <table name="Turbo Dynamics Integral Positive" address="581f8">
    <table name="Y" address="581d4" />
  </table>
  <table name="Turbo Dynamics Integral Negative" address="581c0">
    <table name="Y" address="5819c" />
  </table>
  <table name="TD Activation Thresholds (RPM)" address="58018" />
  <table name="TD Activation Thresholds (Target Boost)" address="57fec" />
  <table name="TD Integral Cumulative Range (WGDC Correction)" address="58028" />
  <table name="TD Integral Negative Activation (Boost Error)" address="57ffc" />
  <table name="TD Integral Positive Activation (Boost Error)" address="58004" />
  <table name="TD Integral Positive Activation (Wastegate Duty)" address="5800c" />
  <table name="Manifold Pressure Sensor Scaling" address="57cc0" />
  <table name="Manifold Pressure Sensor Limits (CEL)" address="613c2" />
  <table name="Manifold Pressure Sensor CEL Delays" address="5a079" />
  <table name="Primary Open Loop Fueling" address="5ddf0">
    <table name="X" address="5dd68" elements="16" />
    <table name="Y" address="5dda8" />
  </table>
  <table name="Primary Open Loop Fueling (Failsafe)" address="5dfac">
    <table name="X" address="5df24" elements="16" />
    <table name="Y" address="5df64" />
  </table>
  <table name="Primary Open Loop Fuel Map Switch (IAM)" address="5cd30" />
  <table name="Minimum Active Primary Open Loop Enrichment" address="5cc94" />
  <table name="Minimum Primary Open Loop Enrichment (Throttle)" address="5d228">
    <table name="Y" address="5d210" />
  </table>
  <table name="Primary Open Loop Fueling Compensation (ECT)" address="5d908">
    <table name="Y" address="5cf44" />
  </table>
  <table name="Primary Open Loop Fueling Compensation (Timing Compensation)_" address="5d248">
    <table name="Y" address="5d230" />
  </table>
  <table name="Front Oxygen Sensor Scaling" address="61974">
    <table name="Y" address="61940" />
  </table>
  <table name="Front Oxygen Sensor Rich Limit" address="1f5ec" />
  <table name="Front Oxygen Sensor Compensation (Atm. Pressure)" address="597bc">
    <table name="Y" address="597ac" />
  </table>
  <table name="CL Fueling Target Compensation (Load)" address="5e658">
    <table name="X" address="5e604" elements="11" />
    <table name="Y" address="5e630" />
  </table>
  <table name="CL Fueling Target Compensation A (ECT)" address="5e4a8">
    <table name="X" address="5cf44" />
    <table name="Y" address="5e49c" />
  </table>
  <table name="CL Fueling Target Compensation B (ECT)" address="5e55c">
    <table name="X" address="5cf44" />
    <table name="Y" address="5e550" />
  </table>
  <table name="CL to OL Delay" address="5c952">
    <table name="Y" elements="6" />
  </table>
  <table name="CL to OL Transition with Delay (Throttle)" address="5d200">
    <table name="Y" address="5d1c0" />
  </table>
  <table name="CL to OL Transition with Delay Throttle Hysteresis" address="5cc98" />
  <table name="CL to OL Transition with Delay (Base Pulse Width)" address="5d8e8">
    <table name="Y" address="5d8a8" />
  </table>
  <table name="CL to OL Transition with Delay BPW Hysteresis" address="5cc9c" />
  <table name="CL Delay Maximum (EGT)" address="5cd18" />
  <table name="CL Delay Maximum (Vehicle Speed)" address="5cd10" />
  <table name="CL Delay Minimum (ECT)" address="5cca0" />
  <table name="CL Delay Maximum Engine Speed (Per Gear)" address="5cca4" />
  <table name="CL Delay Maximum Engine Speed (Neutral)" address="5ccf4" />
  <table name="CL Delay Throttle Atm. Pressure Thresholds" address="5cd20" />
  <table name="CL Delay Maximum (Throttle) (Low Atm. Pressure)" address="5cd04" />
  <table name="CL Delay Maximum (Throttle) (High Atm. Pressure)" address="5ccfc" />
  <table name="Injector Latency" address="6147c">
    <table name="Y" address="61468" />
  </table>
  <table name="Injector Flow Scaling" address="5ca28" />
  <table name="Per Injector Primary Fuel Offset Compensation A" address="5e11c">
    <table name="X" address="5e0cc" />
    <table name="Y" address="5e0ec" elements="12" />
  </table>
  <table name="Per Injector Primary Fuel Offset Compensation B" address="5e1cc">
    <table name="X" address="5e17c" />
    <table name="Y" address="5e19c" elements="12" />
  </table>
  <table name="Per Injector Primary Fuel Offset Compensation C" address="5e27c">
    <table name="X" address="5e22c" />
    <table name="Y" address="5e24c" elements="12" />
  </table>
  <table name="Per Injector Primary Fuel Offset Compensation D" address="5e32c">
    <table name="X" address="5e2dc" />
    <table name="Y" address="5e2fc" elements="12" />
  </table>
  <table name="Cranking Fuel Injector Pulse Width A (ECT)" address="5d356">
    <table name="Y" address="5cf44" />
  </table>
  <table name="Cranking Fuel Injector Pulse Width B (ECT)" address="5d376">
    <table name="Y" address="5cf44" />
  </table>
  <table name="Cranking Fuel Injector Pulse Width C (ECT)" address="5d396">
    <table name="Y" address="5cf44" />
  </table>
  <table name="Cranking Fuel Injector Pulse Width D (ECT)" address="5d3b6">
    <table name="Y" address="5cf44" />
  </table>
  <table name="Cranking Fuel IPW Compensation (RPM)" address="5dc30">
    <table name="X" address="5dc00" />
    <table name="Y" address="5dc14" />
  </table>
  <table name="Cranking Fuel IPW Compensation (Accelerator)" address="5cfec">
    <table name="Y" address="5cfd4" />
  </table>
  <table name="Throttle Tip-in Enrichment" address="5da10">
    <table name="Y" address="5d9c8" />
  </table>
  <table name="Minimum Tip-in Enrichment Activation" address="5ce30" />
  <table name="Minimum Tip-in Enrichment Activation (Throttle)" address="5ce2c" />
  <table name="Tip-in Enrichment Compensation (Boost Error)" address="5d2cc">
    <table name="Y" address="5d2a8" />
  </table>
  <table name="Tip-in Enrichment Compensation (ECT)" address="5da34">
    <table name="Y" address="5cf44" />
  </table>
  <table name="Tip-in Enrichment Disable Applied Counter Threshold" address="5c91b" />
  <table name="Tip-in Enrichment Applied Counter Reset" address="5c91c" />
  <table name="Tip-in Enrichment Disable Throttle Cumulative Threshold" address="5ce34" />
  <table name="Tip-in Throttle Cumulative Reset" address="5c91d" />
  <table name="Min Primary Base Enrichment 1" address="5d042">
    <table name="Y" address="5cf44" />
  </table>
  <table name="Min Primary Base Enrichment 1 (Non-Primary OL)" address="5dd3c">
    <table name="X" address="5dd10" elements="8" />
    <table name="Y" address="5dd30" />
  </table>
  <table name="Min Primary Base Enrich 2 Initial Start 1A" address="5d456">
    <table name="Y" address="5cf44" />
  </table>
  <table name="Min Primary Base Enrich 2 Initial Start 1B" address="5d496">
    <table name="Y" address="5cf44" />
  </table>
  <table name="Min Primary Base Enrich 2 Initial Start 2A" address="5d476">
    <table name="Y" address="5cf44" />
  </table>
  <table name="Min Primary Base Enrich 2 Initial Start 2B" address="5d4b6">
    <table name="Y" address="5cf44" />
  </table>
  <table name="Min Primary Base Enrich 2 Decay Step 1" address="5d4d6">
    <table name="Y" address="5cf44" />
  </table>
  <table name="Min Primary Base Enrich 2 Decay Step 2" address="5d4f6">
    <table name="Y" address="5cf44" />
  </table>
  <table name="Min Primary Base Enrich 3 Initial Start 1A" address="5d3d6">
    <table name="Y" address="5cf44" />
  </table>
  <table name="Min Primary Base Enrich 3 Initial Start 1B" address="5d3f6">
    <table name="Y" address="5cf44" />
  </table>
  <table name="Min Primary Base Enrich 3 Initial Start 2A" address="5d416">
    <table name="Y" address="5cf44" />
  </table>
  <table name="Min Primary Base Enrich 3 Initial Start 2B" address="5d436">
    <table name="Y" address="5cf44" />
  </table>
  <table name="Min Primary Base Enrich 3 Decay Delay A" address="5d002">
    <table name="Y" address="5cf44" />
  </table>
  <table name="Min Primary Base Enrich 3 Decay Delay B" address="5d012">
    <table name="Y" address="5cf44" />
  </table>
  <table name="Min Primary Base Enrich 3 Decay Multiplier" address="5ca2c" />
  <table name="A/F Learning #1 Limits" address="5cc40" />
  <table name="A/F Learning #1 Airflow Ranges" address="5cc4c" />
  <table name="MAF Limit (Maximum)" address="593b0" />
  <table name="MAF Sensor Scaling" address="61790">
    <table name="Y" address="616d0" elements="48" />
  </table>
  <table name="MAF Compensation (IAT)" address="59b5c">
    <table name="X" address="59b28" />
    <table name="Y" address="59b3c" />
  </table>
  <table name="Engine Load Limit (Maximum)" address="1d754" />
  <table name="Engine Load Compensation (MP)" address="59aa4">
    <table name="X" address="59a48" />
    <table name="Y" address="59a74" elements="12" />
  </table>
  <table name="Base Timing" address="5f578">
    <table name="X" address="5f4f0" elements="16" />
    <table name="Y" address="5f530" />
  </table>
  <table name="Base Timing Idle (Below Speed Threshold)" address="5e8a8" />
  <table name="Base Timing Idle (Above Speed Threshold)" address="5ec7c">
    <table name="Y" address="5ec58" />
  </table>
  <table name="Base Timing Idle Vehicle Speed Threshold" address="5e87c" />
  <table name="Knock Correction Advance Max" address="5f85c">
    <table name="X" address="5f7d4" />
    <table name="Y" address="5f814" />
  </table>
  <table name="Timing Compensation (IAT)" address="5ece8">
    <table name="Y" address="5eca8" />
  </table>
  <table name="Timing Comp Min Load (IAT)" address="5e8ac" />
  <table name="Timing Compensation (ECT)" address="5ec95">
    <table name="Y" address="5eb28" />
  </table>
  <table name="Timing Compensation (MRP)" address="5f9b0">
    <table name="X" address="5f990" />
    <table name="Y" address="5f9a4" />
  </table>
  <table name="Timing Compensation Per Cylinder A__" address="5f0d0">
    <table name="Y" address="5f098" />
  </table>
  <table name="Timing Compensation Per Cylinder B__" address="5f118">
    <table name="Y" address="5f0e0" />
  </table>
  <table name="Timing Compensation Per Cylinder C__" address="5f160">
    <table name="Y" address="5f128" />
  </table>
  <table name="Timing Compensation Per Cylinder D__" address="5f1a8">
    <table name="Y" address="5f170" />
  </table>
  <table name="Timing Comp Minimum Load (Per Cylinder)" address="5e9b8" />
  <table name="Timing Comp Maximum RPM (Per Cylinder)" address="5e9b4" />
  <table name="Timing Comp Minimum Coolant Temp (Per Cylinder)" address="5e9bc" />
  <table name="Feedback Correction Range (RPM)" address="5e9ec" />
  <table name="Feedback Correction Minimum Load" address="5e9fc" />
  <table name="Feedback Correction Retard Value" address="5e9d0" />
  <table name="Feedback Correction Retard Limit" address="5e9cc" />
  <table name="Feedback Correction Negative Advance Value" address="5e9d4" />
  <table name="Feedback Correction Negative Advance Delay" address="5e7a8" />
  <table name="Extended Feedback Correction High RPM Compensation" address="5ea04" />
  <table name="Fine Correction Range (RPM)" address="5ead4" />
  <table name="Fine Correction Range (Load)" address="5eae4" />
  <table name="Fine Correction Rows (RPM)" address="5eb04" />
  <table name="Fine Correction Columns (Load)" address="5eaf4" />
  <table name="Fine Correction Retard Value" address="5eb1c" />
  <table name="Fine Correction Retard Limit" address="5eacc" />
  <table name="Fine Correction Advance Value" address="5ead0" />
  <table name="Fine Correction Advance Limit" address="5eac8" />
  <table name="Fine Correction Advance Delay" address="5e7b6" />
  <table name="Rough Correction Range (RPM)" address="5ea7c" />
  <table name="Rough Correction Range (Load)" address="5ea8c" />
  <table name="Rough Correction Minimum KC Advance Map Value" address="5ea9c" />
  <table name="Rough Correction Learning Delay (Increasing)" address="5f1e0">
    <table name="Y" address="5f1b8" />
  </table>
  <table name="Advance Multiplier (Initial)" address="5ea78" />
  <table name="Advance Multiplier Step Value" address="5eaa0" />
  <table name="Intake Cam Advance Angle (AVCS)" address="62cf0">
    <table name="X" address="62c70" />
    <table name="Y" address="62ca8" />
  </table>
  <table name="Requested Torque (Accelerator Pedal)" address="60eb4">
    <table name="X" address="60e3c" />
    <table name="Y" address="60e78" elements="15" />
  </table>
  <table name="Target Throttle Plate Position (Requested Torque)" address="60c1c">
    <table name="X" address="60b98" />
    <table name="Y" address="60bdc" />
  </table>
  <table name="Rev Limit (Fuel Cut)" address="5ce78" />
  <table name="Rev Limit Fuel Resume (Boost)" address="5ce80" />
  <table name="Speed Limiting Enable (Fuel Cut)" address="5cec4" />
  <table name="Speed Limiting Disable (Fuel Cut)" address="5cecc" />
  <table name="Speed Limiting (Throttle)" address="59670" />
  <table name="EGT Sensor Scaling" address="618c8">
    <table name="Y" address="61850" />
  </table>
  <table name="Fuel Temp Sensor Scaling" address="61658">
    <table name="Y" address="615e0" />
  </table>
  <table name="Intake Temp Sensor Scaling" address="57a74">
    <table name="Y" address="579fc" />
  </table>
  <table name="Coolant Temp Sensor Scaling" address="5798c">
    <table name="Y" address="5791c" />
  </table>
  <table name="Atmospheric Pressure Sensor Scaling" address="57c64" />
  <table name="Radiator Fan Modes (ECT)" address="620f0" />
  <table name="Radiator Fan Modes (Veh. Speed)" address="62100" />
  <table name="Idle Speed Target A" address="603c4">
    <table name="Y" address="5fe7c" />
  </table>
  <table name="Idle Speed Target B" address="60404">
    <table name="Y" address="5fe7c" />
  </table>
  <table name="Idle Speed Target C" address="60444">
    <table name="Y" address="5fe7c" />
  </table>
  <table name="Force Pass Readiness Monitors" address="4a812" />
  <table name="(P0000) PASS CODE (NO DTC DETECTED)" address="475fe" />
  <table name="(P0000) PASS CODE (NO DTC DETECTED)_" address="475ff" />
  <table name="(P0011) CAMSHAFT POS. - TIMING OVER-ADVANCED 1" address="475e4" />
  <table name="(P0021) CAMSHAFT POS. - TIMING OVER-ADVANCED 2" address="475e5" />
  <table name="(P0030) FRONT O2 SENSOR RANGE/PERF" address="47631" />
  <table name="(P0031) FRONT O2 SENSOR LOW INPUT" address="4760a" />
  <table name="(P0032) FRONT O2 SENSOR HIGH INPUT" address="47608" />
  <table name="(P0037) REAR O2 SENSOR LOW INPUT" address="47609" />
  <table name="(P0038) REAR O2 SENSOR HIGH INPUT" address="47607" />
  <table name="(P0068) MAP SENSOR RANGE/PERF" address="4762c" />
  <table name="(P0101) MAF SENSOR RANGE/PERF" address="4762f" />
  <table name="(P0102) MAF SENSOR LOW INPUT" address="475b9" />
  <table name="(P0103) MAF SENSOR HIGH INPUT" address="475ba" />
  <table name="(P0107) MAP SENSOR LOW INPUT" address="4760d" />
  <table name="(P0108) MAP SENSOR HIGH INPUT" address="4760e" />
  <table name="(P0111) IAT SENSOR RANGE/PERF" address="47606" />
  <table name="(P0112) IAT SENSOR LOW INPUT" address="47604" />
  <table name="(P0113) IAT SENSOR HIGH INPUT" address="47605" />
  <table name="(P0117) COOLANT TEMP SENSOR LOW INPUT" address="475c1" />
  <table name="(P0118) COOLANT TEMP SENSOR HIGH INPUT" address="475c2" />
  <table name="(P0122) TPS A LOW INPUT" address="475be" />
  <table name="(P0123) TPS A HIGH INPUT" address="475bf" />
  <table name="(P0125) INSUFFICIENT COOLANT TEMP (FUELING)" address="475c4" />
  <table name="(P0128) THERMOSTAT MALFUNCTION" address="4760f" />
  <table name="(P0129) ATMOS. PRESSURE SENSOR RANGE/PERF" address="4762d" />
  <table name="(P0131) FRONT O2 SENSOR LOW INPUT" address="47601" />
  <table name="(P0132) FRONT O2 SENSOR HIGH INPUT" address="47602" />
  <table name="(P0133) FRONT O2 SENSOR SLOW RESPONSE" address="475ef" />
  <table name="(P0134) FRONT O2 SENSOR NO ACTIVITY" address="47630" />
  <table name="(P0137) REAR O2 SENSOR LOW VOLTAGE" address="47600" />
  <table name="(P0138) REAR O2 SENSOR HIGH VOLTAGE" address="47603" />
  <table name="(P0139) REAR O2 SENSOR SLOW RESPONSE" address="475f0" />
  <table name="(P0171) SYSTEM TOO LEAN" address="475f6" />
  <table name="(P0172) SYSTEM TOO RICH" address="475f7" />
  <table name="(P0181) FUEL TEMP SENSOR A RANGE/PERF" address="475d1" />
  <table name="(P0182) FUEL TEMP SENSOR A LOW INPUT" address="475cf" />
  <table name="(P0183) FUEL TEMP SENSOR A HIGH INPUT" address="475d0" />
  <table name="(P0222) TPS B LOW INPUT" address="47634" />
  <table name="(P0223) TPS B HIGH INPUT" address="47635" />
  <table name="(P0230) FUEL PUMP PRIMARY CIRCUIT" address="4762b" />
  <table name="(P0244) WASTEGATE SOLENOID A RANGE/PERF" address="47616" />
  <table name="(P0245) WASTEGATE SOLENOID A LOW" address="47614" />
  <table name="(P0246) WASTEGATE SOLENOID A HIGH" address="47615" />
  <table name="(P0301) MISFIRE CYLINDER 1" address="475f8" />
  <table name="(P0302) MISFIRE CYLINDER 2" address="475f9" />
  <table name="(P0303) MISFIRE CYLINDER 3" address="475fa" />
  <table name="(P0304) MISFIRE CYLINDER 4" address="475fb" />
  <table name="(P0327) KNOCK SENSOR 1 LOW INPUT" address="475bc" />
  <table name="(P0328) KNOCK SENSOR 1 HIGH INPUT" address="475bd" />
  <table name="(P0335) CRANKSHAFT POS. SENSOR A MALFUNCTION" address="475b4" />
  <table name="(P0336) CRANKSHAFT POS. SENSOR A RANGE/PERF" address="475b5" />
  <table name="(P0340) CAMSHAFT POS. SENSOR A MALFUNCTION" address="47648" />
  <table name="(P0345) CAMSHAFT POS. SENSOR A BANK 2" address="47647" />
  <table name="(P0420) CAT EFFICIENCY BELOW THRESHOLD" address="475f3" />
  <table name="(P0442) EVAP LEAK DETECTED (SMALL)" address="475f4" />
  <table name="(P0447) EVAP VENT CONTROL CIRCUIT OPEN" address="475ed" />
  <table name="(P0448) EVAP VENT CONTROL CIRCUIT SHORTED" address="475ee" />
  <table name="(P0451) EVAP PRESSURE SENSOR RANGE/PERF" address="475cd" />
  <table name="(P0452) EVAP PRESSURE SENSOR LOW INPUT" address="475cb" />
  <table name="(P0453) EVAP PRESSURE SENSOR HIGH INPUT" address="475cc" />
  <table name="(P0456) EVAP LEAK DETECTED (VERY SMALL)" address="475f5" />
  <table name="(P0457) EVAP LEAK DETECTED (FUEL CAP)" address="475fd" />
  <table name="(P0458) EVAP PURGE VALVE CIRCUIT LOW" address="475e8" />
  <table name="(P0459) EVAP PURGE VALVE CIRCUIT HIGH" address="475e9" />
  <table name="(P0461) FUEL LEVEL SENSOR RANGE/PERF" address="475c7" />
  <table name="(P0462) FUEL LEVEL SENSOR LOW INPUT" address="475c5" />
  <table name="(P0463) FUEL LEVEL SENSOR HIGH INPUT" address="475c6" />
  <table name="(P0464) FUEL LEVEL SENSOR INTERMITTENT" address="475c3" />
  <table name="(P0483) RADIATOR FAN RATIONALITY CHECK" address="475e0" />
  <table name="(P0502) VEHICLE SPEED SENSOR LOW INPUT" address="4762a" />
  <table name="(P0503) VEHICLE SPEED SENSOR INTERMITTENT" address="47632" />
  <table name="(P0506) IDLE CONTROL RPM LOWER THAN EXPECTED" address="475db" />
  <table name="(P0507) IDLE CONTROL RPM HIGH THAN EXPECTED" address="475dc" />
  <table name="(P0512) STARTER REQUEST CIRCUIT" address="475ca" />
  <table name="(P0519) IDLE CONTROL MALFUNCTION (FAIL-SAFE)" address="4762e" />
  <table name="(P0545) EGT SENSOR CIRCUIT LOW" address="4761f" />
  <table name="(P0546) EGT SENSOR CIRCUIT HIGH" address="47620" />
  <table name="(P0600) SERIAL COMMUNICATION LINK" address="47644" />
  <table name="(P0604) CONTROL MODULE RAM ERROR" address="475b8" />
  <table name="(P0605) CONTROL MODULE ROM ERROR" address="47649" />
  <table name="(P0607) CONTROL MODULE PERFORMANCE" address="4763c" />
  <table name="(P0638) THROTTLE ACTUATOR RANGE/PERF" address="4763b" />
  <table name="(P0691) RADIATOR FAN CIRCUIT LOW" address="475de" />
  <table name="(P0692) RADIATOR FAN CIRCUIT HIGH" address="475df" />
  <table name="(P0700) TRANSMISSION CONTROL SYSTEM" address="47652" />
  <table name="(P0851) NEUTRAL SWITCH INPUT LOW" address="475ce" />
  <table name="(P0852) NEUTRAL SWITCH INPUT HIGH" address="475d2" />
  <table name="(P1086) TGV POS. 2 CIRCUIT LOW" address="47623" />
  <table name="(P1087) TGV POS. 2 CIRCUIT HIGH" address="47624" />
  <table name="(P1088) TGV POS. 1 CIRCUIT LOW" address="47625" />
  <table name="(P1089) TGV POS. 1 CIRCUIT HIGH" address="47626" />
  <table name="(P1090) TGV SYSTEM 1 (VALVE OPEN)" address="475d5" />
  <table name="(P1091) TGV SYSTEM 1 (VALVE CLOSE)" address="475d6" />
  <table name="(P1092) TGV SYSTEM 2 (VALVE OPEN)" address="475d7" />
  <table name="(P1093) TGV SYSTEM 2 (VALVE CLOSE)" address="475d8" />
  <table name="(P1094) TGV SIGNAL 1 (OPEN)" address="47619" />
  <table name="(P1095) TGV SIGNAL 1 (SHORT)" address="47617" />
  <table name="(P1096) TGV SIGNAL 2 (OPEN)" address="4761a" />
  <table name="(P1097) TGV SIGNAL 2 (SHORT)" address="47618" />
  <table name="(P1110) ATMOS. PRESSURE SENSOR LOW INPUT" address="4760b" />
  <table name="(P1111) ATMOS. PRESSURE SENSOR HIGH INPUT" address="4760c" />
  <table name="(P1152) FRONT O2 SENSOR RANGE/PERF LOW B1 S1" address="475f1" />
  <table name="(P1153) FRONT O2 SENSOR RANGE/PERF HIGH B1 S1" address="475f2" />
  <table name="(P1160) ABNORMAL RETURN SPRING" address="47636" />
  <table name="(P1282) PCV SYSTEM CIRCUIT (OPEN)" address="47627" />
  <table name="(P1301) MISFIRE (HIGH TEMP EXHAUST GAS)" address="475fc" />
  <table name="(P1312) EGT SENSOR MALFUNCTION" address="47621" />
  <table name="(P1400) FUEL TANK PRESSURE SOL. LOW" address="475e6" />
  <table name="(P1420) FUEL TANK PRESSURE SOL. HIGH INPUT" address="475e7" />
  <table name="(P1443) VENT CONTROL SOLENOID FUNCTION PROBLEM" address="475ec" />
  <table name="(P1446) FUEL TANK SENSOR CONTROL CIRCUIT LOW" address="475d3" />
  <table name="(P1447) FUEL TANK SENSOR CONTROL CIRCUIT HIGH" address="475d4" />
  <table name="(P1448) FUEL TANK SENSOR CONTROL RANGE/PERF" address="475dd" />
  <table name="(P1491) PCV (BLOWBY) FUNCTION PROBLEM" address="47610" />
  <table name="(P1518) STARTER SWITCH LOW INPUT" address="475c9" />
  <table name="(P1544) EGT TOO HIGH" address="47622" />
  <table name="(P1560) BACK-UP VOLTAGE MALFUNCTION" address="47611" />
  <table name="(P2088) OCV SOLENOID A1 CIRCUIT OPEN" address="47651" />
  <table name="(P2089) OCV SOLENOID A1 CIRCUIT SHORT" address="47650" />
  <table name="(P2092) OCV SOLENOID A2 CIRCUIT OPEN" address="4764f" />
  <table name="(P2093) OCV SOLENOID A2 CIRCUIT SHORT" address="4764e" />
  <table name="(P2096) POST CATALYST TOO LEAN B1" address="4763a" />
  <table name="(P2097) POST CATALYST TOO RICH B1" address="47643" />
  <table name="(P2101) THROTTLE ACTUATOR CIRCUIT RANGE/PERF" address="47639" />
  <table name="(P2102) THROTTLE ACTUATOR CIRCUIT LOW" address="47637" />
  <table name="(P2103) THROTTLE ACTUATOR CIRCUIT HIGH" address="47638" />
  <table name="(P2109) TPS A MINIMUM STOP PERF" address="47633" />
  <table name="(P2122) TPS D CIRCUIT LOW INPUT" address="47640" />
  <table name="(P2123) TPS D CIRCUIT HIGH INPUT" address="47641" />
  <table name="(P2127) TPS E CIRCUIT LOW INPUT" address="4763e" />
  <table name="(P2128) TPS E CIRCUIT HIGH INPUT" address="4763f" />
  <table name="(P2135) TPS A/B VOLTAGE" address="47642" />
  <table name="(P2138) TPS D/E VOLTAGE" address="4763d" />
</rom>