<rom>
  <romid>
    <xmlid>AZ1H102W</xmlid>
    <internalidaddress>2004</internalidaddress>
    <internalidstring>AZ1H102W</internalidstring>
    <ecuid>6304504107</ecuid>
    <year>08</year>
    <market>JDM</market>
    <make>Subaru</make>
    <model>Exiga</model>
    <submodel>2.0GT</submodel>
    <transmission>AT</transmission>
    <memmodel>SH7058</memmodel>
    <flashmethod>subarucan</flashmethod>
    <checksummodule>subarudbw</checksummodule>
  </romid>
  <include>AZ1H101W</include>
</rom>