<rom>
  <romid>
    <xmlid>D2WD610H</xmlid>
    <internalidaddress>2000</internalidaddress>
    <internalidstring>D2WD610H</internalidstring>
    <ecuid>3C5A387116</ecuid>
    <year>04</year>
    <market>ADM</market>
    <make>Subaru</make>
    <model>Liberty</model>
    <submodel>3.0R</submodel>
    <transmission>MT</transmission>
    <memmodel>SH7055</memmodel>
    <flashmethod>sti04</flashmethod>
    <checksummodule>subarudbw</checksummodule>
  </romid>
  <include>32BITBASE</include>
  <table name="Manifold Pressure Sensor Scaling" address="72810" />
  <table name="Manifold Pressure Sensor Limits (CEL)" address="7b284" />
  <table name="Manifold Pressure Sensor CEL Delays" address="74d10" />
  <table name="Primary Open Loop Fueling A_" address="7777c">
    <table name="X" address="7771c" elements="14" />
    <table name="Y" address="77754" elements="10" />
  </table>
  <table name="Primary Open Loop Fueling B_" address="77868">
    <table name="X" address="77808" elements="14" />
    <table name="Y" address="77840" elements="10" />
  </table>
  <table name="Front Oxygen Sensor #1 Scaling" address="7b6ac">
    <table name="Y" address="7b678" />
  </table>
  <table name="Front Oxygen Sensor #2 Scaling" address="7b714">
    <table name="Y" address="7b6e0" />
  </table>
  <table name="Front Oxygen Sensor Rich Limit" address="18ef0" />
  <table name="Front Oxygen Sensor Compensation (Atm. Pressure)" address="73e08">
    <table name="Y" address="73df8" />
  </table>
  <table name="CL Fueling Target Compensation (Load)" address="779b0">
    <table name="X" address="77958" elements="9" />
    <table name="Y" address="7797c" elements="13" />
  </table>
  <table name="CL Fueling Target Compensation (ECT)_" address="76f68">
    <table name="Y" address="76514" />
  </table>
  <table name="CL Fueling Target Compensation (ECT) Disable" address="760ec" />
  <table name="CL to OL Delay (Atm. Pressure)" address="772dc">
    <table name="Y" address="772d4" elements="2" />
  </table>
  <table name="CL to OL Transition with Delay (Throttle)" address="76a48">
    <table name="Y" address="76a40" elements="2" />
  </table>
  <table name="CL to OL Transition with Delay Throttle Hysteresis" address="76254" />
  <table name="CL to OL Transition with Delay (Base Pulse Width)" address="772f0">
    <table name="Y" address="772e0" elements="4" />
  </table>
  <table name="CL to OL Transition with Delay BPW Hysteresis" address="76258" />
  <table name="CL Delay Minimum (ECT)" address="7625c" />
  <table name="CL Delay Maximum Engine Speed A" address="76260" />
  <table name="CL Delay Maximum Engine Speed B" address="7626c" />
  <table name="CL Delay Engine Speed B Counter Threshold" address="75e8a" />
  <table name="CL Delay Maximum (Throttle) A" address="76268" />
  <table name="CL Delay Throttle A Counter Threshold" address="75e88" />
  <table name="Injector Latency" address="7b318">
    <table name="Y" address="7b304" />
  </table>
  <table name="Injector Flow Scaling_" address="76014" />
  <table name="Cranking Fuel Injector Pulse Width A (ECT)" address="76b76">
    <table name="Y" address="76514" />
  </table>
  <table name="Cranking Fuel Injector Pulse Width B (ECT)" address="76b96">
    <table name="Y" address="76514" />
  </table>
  <table name="Cranking Fuel Injector Pulse Width C (ECT)" address="76bb6">
    <table name="Y" address="76514" />
  </table>
  <table name="Cranking Fuel Injector Pulse Width D (ECT)" address="76bd6">
    <table name="Y" address="76514" />
  </table>
  <table name="Cranking Fuel IPW Compensation (RPM)" address="775e0">
    <table name="X" address="7759c" />
    <table name="Y" address="775b0" elements="12" />
  </table>
  <table name="Cranking Fuel IPW Compensation (MAP)" address="76714">
    <table name="Y" address="766ec" />
  </table>
  <table name="Cranking Fuel IPW Compensation (Accelerator)" address="76738">
    <table name="Y" address="76720" />
  </table>
  <table name="Throttle Tip-in Enrichment A" address="7739c">
    <table name="Y" address="77388" elements="5" />
  </table>
  <table name="Throttle Tip-in Enrichment B" address="773bc">
    <table name="Y" address="773a8" elements="5" />
  </table>
  <table name="Minimum Tip-in Enrichment Activation" address="763e0" />
  <table name="Minimum Tip-in Enrichment Activation (Throttle)" address="763dc" />
  <table name="Tip-in Enrichment Compensation (RPM)" address="76a9c">
    <table name="Y" address="76a78" />
  </table>
  <table name="Tip-in Enrichment Compensation (MRP)" address="76ac8">
    <table name="Y" address="76aa8" elements="8" />
  </table>
  <table name="Tip-in Enrichment Compensation A (ECT)" address="76ad0">
    <table name="Y" address="76514" />
  </table>
  <table name="Tip-in Enrichment Compensation B (ECT)" address="773c6">
    <table name="Y" address="76514" />
  </table>
  <table name="Tip-in Enrichment Compensation D (ECT)" address="773e6">
    <table name="Y" address="76554" />
  </table>
  <table name="Tip-in Enrichment Compensation D (ECT) Activation" address="763e8" />
  <table name="Tip-in Enrichment Disable Applied Counter Threshold" address="75e32" />
  <table name="Tip-in Enrichment Applied Counter Reset" address="75e33" />
  <table name="Tip-in Enrichment Disable Throttle Cumulative Threshold" address="763e4" />
  <table name="Tip-in Throttle Cumulative Reset" address="75e34" />
  <table name="A/F Learning Max Limit (ECT)" address="771c8">
    <table name="Y" address="76514" />
  </table>
  <table name="A/F Learning Min Limit (ECT)" address="771a8">
    <table name="Y" address="76514" />
  </table>
  <table name="A/F Learning Airflow Ranges" address="7616c" />
  <table name="MAF Limit (Maximum)_" address="73c68">
    <table name="Y" address="73c60" />
  </table>
  <table name="MAF Sensor Scaling" address="7b568">
    <table name="Y" address="7b4b8" elements="44" />
  </table>
  <table name="MAF Compensation (IAT)" address="74368">
    <table name="X" address="74334" />
    <table name="Y" address="74348" />
  </table>
  <table name="Engine Load Limit (Maximum)" address="17620" />
  <table name="Engine Load Compensation (MP)" address="742c8">
    <table name="X" address="74274" elements="9" />
    <table name="Y" address="74298" elements="12" />
  </table>
  <table name="Base Timing A" address="78aa0">
    <table name="X" address="780bc" />
    <table name="Y" address="78a68" elements="14" />
  </table>
  <table name="Base Timing B" address="78bac">
    <table name="X" address="780bc" />
    <table name="Y" address="78b74" elements="14" />
  </table>
  <table name="Base Timing C" address="78cd0">
    <table name="X" address="780bc" />
    <table name="Y" address="78c80" elements="20" />
  </table>
  <table name="Base Timing D" address="78e34">
    <table name="X" address="780bc" />
    <table name="Y" address="78dfc" elements="14" />
  </table>
  <table name="Base Timing E" address="78f40">
    <table name="X" address="780bc" />
    <table name="Y" address="78f08" elements="14" />
  </table>
  <table name="Base Timing F" address="79064">
    <table name="X" address="780bc" />
    <table name="Y" address="79014" elements="20" />
  </table>
  <table name="Base Timing Idle" address="78298">
    <table name="Y" address="78098" elements="9" />
  </table>
  <table name="Base Timing Idle (Below Speed Threshold)_" address="7828f">
    <table name="Y" address="78098" />
  </table>
  <table name="Base Timing Idle (Above Speed Threshold)" address="78286">
    <table name="Y" address="78098" />
  </table>
  <table name="Base Timing Idle Vehicle Speed Threshold" address="77e1c" />
  <table name="Knock Correction Advance Max A" address="7924c">
    <table name="X" address="791d8" elements="15" />
    <table name="Y" address="79214" elements="14" />
  </table>
  <table name="Knock Correction Advance Max B" address="793ac">
    <table name="X" address="79320" elements="15" />
    <table name="Y" address="7935c" elements="20" />
  </table>
  <table name="Timing Compensation (IAT)" address="7834c">
    <table name="Y" address="78330" elements="7" />
  </table>
  <table name="Timing Comp Min Load (IAT)" address="77e58" />
  <table name="Timing Compensation A (ECT)" address="782ed">
    <table name="Y" address="7814c" />
  </table>
  <table name="Timing Compensation B (ECT)" address="782fd">
    <table name="Y" address="7814c" />
  </table>
  <table name="Timing Compensation C (ECT)" address="7830d">
    <table name="Y" address="7814c" />
  </table>
  <table name="Timing Compensation D (ECT)" address="7831d">
    <table name="Y" address="7814c" />
  </table>
  <table name="Feedback Correction Range (RPM)" address="77fbc" />
  <table name="Feedback Correction Minimum Load_" address="787bc">
    <table name="Y" address="787b4" elements="2" />
  </table>
  <table name="Feedback Correction Retard Value" address="77fa8" />
  <table name="Feedback Correction Retard Limit" address="77fa4" />
  <table name="Feedback Correction Negative Advance Value" address="77fac" />
  <table name="Feedback Correction Negative Advance Delay" address="77d52" />
  <table name="Fine Correction Range (RPM)" address="78030" />
  <table name="Fine Correction Range (Load)" address="78040" />
  <table name="Fine Correction Rows (RPM)_" address="7806c" />
  <table name="Fine Correction Columns (Load)_" address="78050" />
  <table name="Fine Correction Retard Value_" address="78a34">
    <table name="Y" address="78a00" />
  </table>
  <table name="Fine Correction Retard Limit" address="78028" />
  <table name="Fine Correction Advance Value" address="7802c" />
  <table name="Fine Correction Advance Limit" address="78024" />
  <table name="Fine Correction Advance Delay" address="77d5a" />
  <table name="Rough Correction Range (RPM)" address="77fdc" />
  <table name="Rough Correction Range (Load)" address="77fec" />
  <table name="Rough Correction Minimum KC Advance Map Value" address="77ffc" />
  <table name="Rough Correction Learning Delay (Increasing)" address="7874c">
    <table name="Y" address="78724" />
  </table>
  <table name="Advance Multiplier (Initial)" address="77fd8" />
  <table name="Advance Multiplier Step Value" address="78000" />
  <table name="Intake Cam Advance Angle A (AVCS)" address="7c5b0">
    <table name="X" address="7c54c" />
    <table name="Y" address="7c584" elements="11" />
  </table>
  <table name="Intake Cam Advance Angle B (AVCS)" address="7c764">
    <table name="X" address="7c6e4" />
    <table name="Y" address="7c71c" />
  </table>
  <table name="Requested Torque (Accelerator Pedal)" address="7aa2c">
    <table name="X" address="7a990" elements="19" />
    <table name="Y" address="7a9dc" elements="20" />
  </table>
  <table name="Target Throttle Plate Position (Requested Torque)" address="7a738">
    <table name="X" address="7a6ac" elements="15" />
    <table name="Y" address="7a6e8" elements="20" />
  </table>
  <table name="Rev Limit A" address="7644c" />
  <table name="Rev Limit B" address="76454" />
  <table name="Fuel Temp Sensor Scaling" address="7b3c0">
    <table name="Y" address="7b348" />
  </table>
  <table name="Intake Temp Sensor Scaling" address="729d8">
    <table name="Y" address="72960" />
  </table>
  <table name="Coolant Temp Sensor Scaling" address="728f0">
    <table name="Y" address="72880" />
  </table>
  <table name="Radiator Fan Modes A (ECT)" address="7bd3c" />
  <table name="Radiator Fan Modes B (ECT)" address="7bd4c" />
  <table name="Radiator Fan Modes C (ECT)" address="7bd5c" />
  <table name="Radiator Fan Modes (Veh. Speed)" address="7bcf8" />
  <table name="Idle Speed Target A" address="79d64">
    <table name="Y" address="79990" />
  </table>
  <table name="Idle Speed Target B" address="79d84">
    <table name="Y" address="79990" />
  </table>
  <table name="Idle Speed Target C" address="79da4">
    <table name="Y" address="79990" />
  </table>
  <table name="Idle Speed Target D" address="79dc4">
    <table name="Y" address="79990" />
  </table>
  <table name="Idle Speed Target E" address="79de4">
    <table name="Y" address="79990" />
  </table>
  <table name="Idle Speed Target F" address="79e04">
    <table name="Y" address="79990" />
  </table>
  <table name="Force Pass Readiness Monitors" address="4d44e" />
  <table name="(P0000) PASS CODE (NO DTC DETECTED)" address="5bd9d" />
  <table name="(P0000) PASS CODE (NO DTC DETECTED)_" address="5bd9e" />
  <table name="(P0011) CAMSHAFT POS. - TIMING OVER-ADVANCED 1" address="5bd81" />
  <table name="(P0021) CAMSHAFT POS. - TIMING OVER-ADVANCED 2" address="5bd82" />
  <table name="(P0031) FRONT O2 SENSOR LOW INPUT" address="5bdac" />
  <table name="(P0032) FRONT O2 SENSOR HIGH INPUT" address="5bdaa" />
  <table name="(P0037) REAR O2 SENSOR LOW INPUT" address="5bdab" />
  <table name="(P0038) REAR O2 SENSOR HIGH INPUT" address="5bda9" />
  <table name="(P0051) HO2S CIRCUIT LOW B2 S1" address="5bdb4" />
  <table name="(P0052) HO2S CIRCUIT HIGH B2 S1" address="5bdb3" />
  <table name="(P0057) HO2S CIRCUIT LOW B2 S2" address="5bdc1" />
  <table name="(P0058) HO2S CIRCUIT HIGH B2 S2" address="5bdc2" />
  <table name="(P0076) INTAKE VALVE CIRCUIT LOW (BANK 1)" address="5bde5" />
  <table name="(P0077) INTAKE VALVE CONTROL HIGH (BANK 1)" address="5bde4" />
  <table name="(P0082) INTAKE VALVE CONTROL LOW (BANK 2)" address="5bde3" />
  <table name="(P0083) INTAKE VALVE CONTROL HIGH (BANK 2)" address="5bde2" />
  <table name="(P0102) MAF SENSOR LOW INPUT" address="5bd57" />
  <table name="(P0103) MAF SENSOR HIGH INPUT" address="5bd58" />
  <table name="(P0107) MAP SENSOR LOW INPUT" address="5bdaf" />
  <table name="(P0108) MAP SENSOR HIGH INPUT" address="5bdb0" />
  <table name="(P0112) IAT SENSOR LOW INPUT" address="5bda6" />
  <table name="(P0113) IAT SENSOR HIGH INPUT" address="5bda7" />
  <table name="(P0117) COOLANT TEMP SENSOR LOW INPUT" address="5bd60" />
  <table name="(P0118) COOLANT TEMP SENSOR HIGH INPUT" address="5bd61" />
  <table name="(P0122) TPS A LOW INPUT" address="5bd5e" />
  <table name="(P0123) TPS A HIGH INPUT" address="5bd5f" />
  <table name="(P0131) FRONT O2 SENSOR LOW INPUT" address="5bda0" />
  <table name="(P0132) FRONT O2 SENSOR HIGH INPUT" address="5bda2" />
  <table name="(P0134) FRONT O2 SENSOR NO ACTIVITY" address="5bdbd" />
  <table name="(P0137) REAR O2 SENSOR LOW VOLTAGE" address="5bd9f" />
  <table name="(P0138) REAR O2 SENSOR HIGH VOLTAGE" address="5bda4" />
  <table name="(P0151) O2 SENSOR CIRCUIT LOW B2 S1" address="5bda1" />
  <table name="(P0152) O2 SENSOR CIRCUIT HIGH B2 S1" address="5bda3" />
  <table name="(P0154) O2 SENSOR CIRCUIT OPEN B2 S1" address="5bdbc" />
  <table name="(P0157) O2 SENSOR CIRCUIT LOW B2 S2" address="5bdc3" />
  <table name="(P0158) O2 SENSOR CIRCUIT HIGH B2 S2" address="5bdc4" />
  <table name="(P0171) SYSTEM TOO LEAN" address="5bd94" />
  <table name="(P0172) SYSTEM TOO RICH" address="5bd95" />
  <table name="(P0174) SYSTEM TOO LEAN B2" address="5bd8e" />
  <table name="(P0175) SYSTEM TOO RICH B2" address="5bd8f" />
  <table name="(P0197) OIL TEMP SENSOR LOW" address="5bdde" />
  <table name="(P0198) OIL TEMP SENSOR HIGH" address="5bde7" />
  <table name="(P0222) TPS B LOW INPUT" address="5bdc6" />
  <table name="(P0223) TPS B HIGH INPUT" address="5bdc7" />
  <table name="(P0230) FUEL PUMP PRIMARY CIRCUIT" address="5bdb7" />
  <table name="(P0301) MISFIRE CYLINDER 1" address="5bd96" />
  <table name="(P0302) MISFIRE CYLINDER 2" address="5bd97" />
  <table name="(P0303) MISFIRE CYLINDER 3" address="5bd98" />
  <table name="(P0304) MISFIRE CYLINDER 4" address="5bd99" />
  <table name="(P0305) MISFIRE CYLINDER 5" address="5bd9a" />
  <table name="(P0306) MISFIRE CYLINDER 6" address="5bd9b" />
  <table name="(P0327) KNOCK SENSOR 1 LOW INPUT" address="5bd5c" />
  <table name="(P0328) KNOCK SENSOR 1 HIGH INPUT" address="5bd5d" />
  <table name="(P0332) KNOCK SENSOR 2 LOW INPUT" address="5bd5a" />
  <table name="(P0333) KNOCK SENSOR 2 HIGH INPUT" address="5bd5b" />
  <table name="(P0335) CRANKSHAFT POS. SENSOR A MALFUNCTION" address="5bd54" />
  <table name="(P0340) CAMSHAFT POS. SENSOR A MALFUNCTION" address="5bdd8" />
  <table name="(P0345) CAMSHAFT POS. SENSOR A BANK 2" address="5bdd7" />
  <table name="(P0458) EVAP PURGE VALVE CIRCUIT LOW" address="5bd85" />
  <table name="(P0459) EVAP PURGE VALVE CIRCUIT HIGH" address="5bd86" />
  <table name="(P0462) FUEL LEVEL SENSOR LOW INPUT" address="5bd64" />
  <table name="(P0463) FUEL LEVEL SENSOR HIGH INPUT" address="5bd65" />
  <table name="(P0500) VEHICLE SPEED SENSOR A" address="5bd59" />
  <table name="(P0512) STARTER REQUEST CIRCUIT" address="5bd68" />
  <table name="(P0519) IDLE CONTROL MALFUNCTION (FAIL-SAFE)" address="5bdba" />
  <table name="(P0600) SERIAL COMMUNICATION LINK" address="5bdd6" />
  <table name="(P0604) CONTROL MODULE RAM ERROR" address="5bd56" />
  <table name="(P0605) CONTROL MODULE ROM ERROR" address="5bdd9" />
  <table name="(P0607) CONTROL MODULE PERFORMANCE" address="5bdce" />
  <table name="(P0638) THROTTLE ACTUATOR RANGE/PERF" address="5bdcd" />
  <table name="(P0700) TRANSMISSION CONTROL SYSTEM" address="5bde1" />
  <table name="(P0851) NEUTRAL SWITCH INPUT LOW" address="5bd6c" />
  <table name="(P0852) NEUTRAL SWITCH INPUT HIGH" address="5bd70" />
  <table name="(P1026) VVL SYSTEMS 1 PERFORMANCE" address="5bdeb" />
  <table name="(P1028) VVL SYSTEMS 2 PERFORMANCE" address="5bdea" />
  <table name="(P1160) ABNORMAL RETURN SPRING" address="5bdc8" />
  <table name="(P1518) STARTER SWITCH LOW INPUT" address="5bd67" />
  <table name="(P1560) BACK-UP VOLTAGE MALFUNCTION" address="5bdb6" />
  <table name="(P2088) OCV SOLENOID A1 CIRCUIT OPEN" address="5bddd" />
  <table name="(P2089) OCV SOLENOID A1 CIRCUIT SHORT" address="5bddc" />
  <table name="(P2092) OCV SOLENOID A2 CIRCUIT OPEN" address="5bddb" />
  <table name="(P2093) OCV SOLENOID A2 CIRCUIT SHORT" address="5bdda" />
  <table name="(P2101) THROTTLE ACTUATOR CIRCUIT RANGE/PERF" address="5bdcb" />
  <table name="(P2102) THROTTLE ACTUATOR CIRCUIT LOW" address="5bdc9" />
  <table name="(P2103) THROTTLE ACTUATOR CIRCUIT HIGH" address="5bdca" />
  <table name="(P2109) TPS A MINIMUM STOP PERF" address="5bdc5" />
  <table name="(P2122) TPS D CIRCUIT LOW INPUT" address="5bdd2" />
  <table name="(P2123) TPS D CIRCUIT HIGH INPUT" address="5bdd3" />
  <table name="(P2127) TPS E CIRCUIT LOW INPUT" address="5bdd0" />
  <table name="(P2128) TPS E CIRCUIT HIGH INPUT" address="5bdd1" />
  <table name="(P2135) TPS A/B VOLTAGE" address="5bdd4" />
  <table name="(P2138) TPS D/E VOLTAGE" address="5bdcf" />
</rom>