Time (msec),A/F Correction #1 (%),A/F Learning #1 (%),A/F Sensor #1 (AFR),CL/OL Fueling* (status),Engine Load*  (g/rev),Engine Speed (rpm),Feedback Knock Correction* (degrees),Fine Learning Knock Correction* (degrees),Fueling Final Base* (estimated AFR),IAM* (raw ecu value),Ignition Base Timing* (degrees),Ignition Total Timing (degrees),Intake Air Temperature (F),Manifold Absolute Pressure (psi),Manifold Relative Sea Level Pressure (Direct)* (psi relative sea level),Mass Airflow (g/s),Mass Airflow Sensor Voltage (V),Throttle Opening Angle (%),Throttle Sensor Voltage (V),AEM UEGO Wideband [9600 baud] (AFR Gasoline)
17620,-0.78,0.0,14.59,8.0,0.42,1608.0,0,0,14.04,16.0,29.57,29.5,97.0,6.82,-7.99,11.15,1.76,5.88,0.84,14.80
17690,-2.34,0.0,14.24,8.0,0.42,1601.0,0,0,14.67,16.0,29.92,29.5,97.0,6.96,-7.73,11.29,1.78,5.88,0.84,14.80
17761,-2.34,0.0,13.9,8.0,0.43,1607.0,0,0,14.68,16.0,29.57,29.5,97.0,7.11,-7.56,11.4,1.8,5.88,0.84,14.80
17832,-1.56,0.0,14.13,8.0,0.43,1598.0,0,0,14.68,16.0,29.92,29.5,97.0,7.25,-7.44,11.35,1.8,5.88,0.84,14.80
17902,-0.78,0.0,14.36,8.0,0.43,1622.0,0,0,14.67,16.0,29.57,29.5,97.0,7.4,-7.37,11.46,1.78,5.88,0.84,14.80
17973,0.0,0.0,14.59,8.0,0.44,1607.0,0,0,14.68,16.0,29.92,29.5,97.0,7.4,-7.29,11.51,1.8,5.88,0.84,14.80
18044,0.0,0.0,14.7,8.0,0.44,1626.0,0,0,14.68,16.0,29.92,30.0,97.0,7.4,-7.25,11.8,1.8,6.27,0.84,14.80
18115,0.78,0.0,14.81,8.0,0.45,1628.0,0,0,14.67,16.0,29.92,30.0,97.0,7.55,-7.19,12.17,1.82,6.27,0.86,14.80
18186,1.56,0.0,15.04,8.0,0.45,1636.0,0,0,14.68,16.0,30.27,30.0,97.0,7.55,-7.15,12.04,1.82,6.27,0.86,14.80
18256,1.56,0.0,15.16,8.0,0.45,1645.0,0,0,14.68,16.0,30.27,30.0,97.0,7.69,-7.1,12.42,1.82,6.67,0.86,14.80
18327,1.56,0.0,15.16,8.0,0.46,1628.0,0,0,14.68,16.0,30.62,30.0,97.0,7.69,-7.0,12.66,1.82,6.67,0.86,14.80
18398,2.34,0.0,15.04,8.0,0.47,1646.0,0,0,14.68,16.0,30.98,30.5,97.0,7.69,-6.96,12.9,1.86,6.67,0.86,14.80
18469,1.56,0.0,15.04,8.0,0.47,1656.0,0,0,14.68,16.0,30.98,30.5,97.0,7.84,-6.86,12.9,1.86,6.67,0.88,14.80
18538,2.34,0.0,14.93,8.0,0.46,1657.0,0,0,14.68,16.0,30.98,30.5,97.0,7.98,-6.79,12.84,1.84,6.67,0.88,14.80
18610,2.34,0.0,15.04,8.0,0.48,1669.0,0,0,14.11,16.0,30.98,30.5,97.0,7.98,-6.75,13.15,1.86,7.06,0.88,14.80
18680,3.12,0.0,14.93,8.0,0.47,1656.0,0,0,14.68,16.0,31.33,31.0,97.0,7.98,-6.73,13.45,1.86,7.06,0.88,14.80
18751,3.12,0.0,14.81,8.0,0.48,1678.0,0,0,14.68,16.0,31.33,31.0,97.0,7.98,-6.73,13.45,1.86,6.67,0.88,14.80
18822,3.12,0.0,14.81,8.0,0.48,1687.0,0,0,14.68,16.0,31.68,31.5,97.0,7.98,-6.73,13.39,1.86,6.67,0.88,14.80
18893,3.12,0.0,14.81,8.0,0.47,1691.0,0,0,14.68,16.0,31.68,31.5,97.0,7.98,-6.73,13.21,1.86,7.06,0.88,14.80
18963,3.12,0.0,14.81,8.0,0.48,1698.0,0,0,14.68,16.0,32.03,31.5,97.0,7.98,-6.79,13.27,1.86,7.06,0.88,14.80
19034,3.91,0.0,14.81,8.0,0.48,1696.0,0,0,14.69,16.0,32.03,31.5,97.0,7.98,-6.79,13.2,1.86,6.67,0.88,14.80
19105,3.91,0.0,14.93,8.0,0.47,1694.0,0,0,14.69,16.0,32.03,31.5,97.0,7.84,-6.83,13.34,1.86,6.67,0.88,14.80
19176,3.91,0.0,14.93,8.0,0.47,1710.0,0,0,14.69,16.0,32.38,32.0,97.0,7.84,-6.83,13.45,1.86,7.06,0.88,14.80
19246,3.91,0.0,14.93,8.0,0.46,1721.0,0,0,14.69,16.0,32.38,32.0,97.0,7.84,-6.85,13.34,1.86,7.06,0.88,14.80
19318,3.91,0.0,14.93,8.0,0.46,1724.0,0,0,14.69,16.0,32.38,32.0,97.0,7.84,-6.88,13.32,1.86,7.06,0.88,14.80
19388,3.91,0.0,14.81,8.0,0.46,1732.0,0,0,14.69,16.0,32.73,32.0,97.0,7.84,-6.9,13.21,1.86,7.06,0.88,14.80
19459,3.91,0.0,14.81,8.0,0.46,1741.0,0,0,14.04,16.0,32.73,32.5,97.0,7.84,-6.92,13.39,1.86,7.06,0.88,14.80
19530,3.91,0.0,14.81,8.0,0.46,1742.0,0,0,14.69,16.0,33.09,32.5,97.0,7.69,-6.94,13.52,1.86,7.06,0.88,14.80
19601,3.91,0.0,14.81,8.0,0.46,1735.0,0,0,14.69,16.0,33.09,33.0,95.0,7.69,-6.96,13.64,1.88,7.06,0.88,14.80
19671,3.91,0.0,14.81,8.0,0.45,1746.0,0,0,14.69,16.0,33.09,32.5,95.0,7.69,-6.98,13.21,1.86,7.06,0.88,14.80
19743,3.91,0.0,14.7,8.0,0.45,1754.0,0,0,14.69,16.0,33.09,33.0,95.0,7.69,-7.02,13.45,1.86,7.06,0.88,14.80
19813,3.91,0.0,14.7,8.0,0.45,1762.0,0,0,14.69,16.0,33.09,33.0,95.0,7.69,-7.0,13.45,1.86,7.06,0.88,14.80
19884,3.91,0.0,14.7,8.0,0.46,1764.0,0,0,14.13,16.0,33.44,33.0,95.0,7.69,-7.06,13.52,1.86,7.06,0.88,14.80
19955,3.91,0.0,14.7,8.0,0.45,1778.0,0,0,14.69,16.0,33.44,33.0,95.0,7.69,-7.06,13.57,1.88,7.06,0.88,14.80
20025,3.91,0.0,14.7,8.0,0.45,1785.0,0,0,14.69,16.0,33.79,33.5,95.0,7.69,-7.08,13.27,1.86,7.06,0.88,14.80
20096,3.91,0.0,14.7,8.0,0.45,1791.0,0,0,14.7,16.0,33.79,33.5,95.0,7.55,-7.1,13.7,1.86,7.06,0.88,14.80
20166,3.91,0.0,14.59,8.0,0.44,1793.0,0,0,15.2,16.0,34.14,33.5,95.0,7.55,-7.1,13.39,1.86,7.06,0.88,14.80
20237,3.91,0.0,14.59,8.0,0.46,1806.0,0,0,14.7,16.0,34.14,34.0,95.0,7.55,-7.12,13.64,1.88,7.06,0.88,14.80
20308,4.69,0.0,14.59,8.0,0.44,1798.0,0,0,14.69,16.0,34.14,34.0,95.0,7.55,-7.14,13.39,1.86,7.06,0.88,14.80
20379,4.69,0.0,14.59,8.0,0.45,1813.0,0,0,14.7,16.0,34.14,34.0,95.0,7.55,-7.15,13.45,1.86,7.06,0.88,14.80
20449,4.69,0.0,14.7,8.0,0.42,1813.0,0,0,14.7,16.0,34.14,34.0,95.0,7.55,-7.17,12.79,1.82,7.06,0.88,14.80
20521,3.91,0.0,14.59,8.0,0.44,1820.0,0,0,14.07,16.0,34.14,34.0,95.0,7.55,-7.19,13.34,1.86,7.06,0.88,14.80
20591,4.69,0.0,14.47,8.0,0.45,1834.0,0,0,14.7,16.0,34.84,34.5,95.0,7.55,-7.19,13.57,1.86,7.06,0.88,14.80
20662,4.69,0.0,14.7,8.0,0.43,1831.0,0,0,14.7,16.0,34.49,34.0,95.0,7.55,-7.19,13.39,1.86,7.06,0.88,14.80
20733,4.69,0.0,14.81,8.0,0.43,1839.0,0,0,14.7,16.0,34.84,34.5,95.0,7.55,-7.21,13.45,1.86,6.67,0.88,14.80
20804,4.69,0.0,14.7,8.0,0.44,1848.0,0,0,14.7,16.0,34.84,34.5,95.0,7.4,-7.25,13.34,1.86,6.67,0.88,14.80
20875,3.91,0.0,14.59,8.0,0.43,1842.0,0,0,15.38,16.0,34.84,34.5,95.0,7.4,-7.25,13.45,1.84,7.06,0.88,14.80
20945,3.91,0.0,14.59,8.0,0.44,1854.0,0,0,14.7,16.0,34.84,34.5,95.0,7.4,-7.25,13.45,1.86,7.06,0.88,14.80
21016,3.12,0.0,14.59,8.0,0.44,1857.0,0,0,14.7,16.0,35.2,35.0,95.0,7.4,-7.25,13.51,1.86,7.06,0.88,14.80
21087,3.91,0.0,14.36,8.0,0.43,1859.0,0,0,14.7,16.0,35.2,35.0,95.0,7.4,-7.27,13.34,1.86,7.06,0.88,14.80
21158,4.69,0.0,14.47,8.0,0.43,1871.0,0,0,14.7,16.0,35.2,35.0,95.0,7.4,-7.27,13.57,1.86,7.06,0.88,14.80
21228,3.91,0.0,14.59,8.0,0.44,1867.0,0,0,14.7,16.0,35.2,35.0,95.0,7.4,-7.29,13.39,1.88,7.06,0.88,14.80
21299,3.91,0.0,14.47,8.0,0.44,1878.0,0,0,14.7,16.0,35.55,35.5,95.0,7.4,-7.29,13.64,1.88,7.06,0.88,14.80
21369,3.91,0.0,14.47,8.0,0.43,1880.0,0,0,14.7,16.0,35.55,35.5,95.0,7.4,-7.29,13.69,1.86,6.67,0.88,14.80
21440,2.34,0.0,14.47,8.0,0.43,1884.0,0,0,14.13,16.0,35.9,35.5,95.0,7.4,-7.29,13.45,1.86,7.06,0.88,14.80
21511,2.34,0.0,14.47,8.0,0.43,1884.0,0,0,14.7,16.0,35.55,35.5,95.0,7.4,-7.31,13.39,1.88,7.06,0.88,14.80
21581,1.56,0.0,14.36,8.0,0.43,1891.0,0,0,14.7,16.0,35.9,35.5,95.0,7.4,-7.33,13.27,1.86,6.67,0.88,14.80
21653,1.56,0.0,14.24,8.0,0.43,1891.0,0,0,14.7,16.0,36.25,35.5,95.0,7.4,-7.29,13.57,1.86,7.06,0.88,14.80
21723,2.34,0.0,14.36,8.0,0.42,1900.0,0,0,14.7,16.0,36.25,35.5,95.0,7.4,-7.35,13.57,1.86,7.06,0.88,14.80
21794,2.34,0.0,14.47,8.0,0.42,1904.0,0,0,14.7,16.0,35.9,35.5,95.0,7.4,-7.35,13.39,1.86,6.67,0.88,14.80
21864,3.12,0.0,14.59,8.0,0.42,1902.0,0,0,14.7,16.0,36.25,35.5,95.0,7.4,-7.33,13.52,1.86,7.06,0.88,14.80
21936,2.34,0.0,14.59,8.0,0.43,1925.0,0,0,14.7,16.0,36.25,36.0,95.0,7.4,-7.35,13.64,1.86,6.67,0.88,14.80
22006,2.34,0.0,14.59,8.0,0.42,1920.0,0,0,14.7,16.0,36.6,36.0,95.0,7.4,-7.37,13.57,1.86,6.67,0.88,14.80
22077,2.34,0.0,14.7,8.0,0.42,1932.0,0,0,14.7,16.0,36.25,36.5,95.0,7.4,-7.35,13.64,1.86,7.06,0.88,14.80
22148,1.56,0.0,14.59,8.0,0.41,1934.0,0,0,14.7,16.0,36.25,36.5,95.0,7.4,-7.37,13.21,1.86,7.06,0.88,14.80
22219,0.78,0.0,14.24,8.0,0.42,1930.0,0,0,14.7,16.0,36.6,36.5,95.0,7.4,-7.37,13.51,1.86,7.06,0.88,14.80
22289,1.56,0.0,14.36,8.0,0.42,1937.0,0,0,14.7,16.0,36.6,36.5,95.0,7.4,-7.37,13.64,1.86,7.06,0.88,14.80
22361,1.56,0.0,14.47,8.0,0.42,1942.0,0,0,14.7,16.0,36.95,36.5,95.0,7.25,-7.39,13.76,1.88,7.06,0.88,14.80
22431,2.34,0.0,14.59,8.0,0.42,1948.0,0,0,14.7,16.0,36.6,36.5,95.0,7.25,-7.39,13.57,1.88,7.06,0.88,14.80
22502,0.78,0.0,14.59,8.0,0.41,1954.0,0,0,14.7,16.0,36.95,36.5,95.0,7.25,-7.43,13.45,1.86,6.67,0.88,14.80
22572,0.78,0.0,14.47,8.0,0.42,1965.0,0,0,14.7,16.0,36.95,37.0,95.0,7.25,-7.43,13.45,1.86,7.06,0.88,14.80
22643,0.78,0.0,14.36,8.0,0.41,1965.0,0,0,14.7,16.0,37.3,37.0,95.0,7.25,-7.41,13.7,1.86,7.06,0.88,14.80
22713,0.78,0.0,14.36,8.0,0.41,1971.0,0,0,14.7,16.0,37.3,37.0,95.0,7.25,-7.44,13.39,1.88,6.67,0.88,14.80
22784,1.56,0.0,14.47,8.0,0.41,1964.0,0,0,14.7,16.0,36.95,36.5,95.0,7.25,-7.44,13.39,1.86,7.06,0.88,14.80
22855,1.56,0.0,14.59,8.0,0.41,1967.0,0,0,14.7,16.0,37.3,36.5,95.0,7.25,-7.46,13.45,1.86,7.06,0.88,14.80
22926,1.56,0.0,14.59,8.0,0.41,1971.0,0,0,14.7,16.0,37.66,37.0,95.0,7.25,-7.48,13.52,1.86,7.06,0.88,14.80
22996,0.78,0.0,14.7,8.0,0.4,1985.0,0,0,14.7,16.0,37.3,37.5,95.0,7.25,-7.48,13.4,1.86,7.06,0.88,14.80
23067,1.56,0.0,14.7,8.0,0.41,1991.0,0,0,14.7,16.0,37.3,37.5,95.0,7.25,-7.5,13.57,1.86,7.06,0.88,14.80
23137,1.56,0.0,14.7,8.0,0.41,1989.0,0,0,14.7,16.0,37.66,37.5,95.0,7.25,-7.5,13.51,1.86,7.06,0.88,14.80
23209,1.56,0.0,14.7,8.0,0.41,1986.0,0,0,14.7,16.0,37.66,37.5,95.0,7.11,-7.5,13.7,1.88,7.06,0.88,14.80
23279,1.56,0.0,14.59,8.0,0.4,1995.0,0,0,14.7,16.0,38.01,37.5,95.0,7.11,-7.54,13.45,1.86,7.06,0.88,14.80
23351,0.78,0.0,14.59,8.0,0.4,2007.0,0,0,14.7,16.0,37.66,37.5,95.0,7.11,-7.54,13.39,1.86,6.67,0.88,14.80
23421,0.0,0.0,14.47,8.0,0.4,2005.0,0,0,14.7,16.0,37.66,37.5,95.0,7.11,-7.56,13.39,1.86,7.06,0.88,14.80
23492,0.78,0.0,14.59,8.0,0.39,2007.0,0,0,14.7,16.0,37.66,38.0,95.0,7.11,-7.56,13.27,1.86,6.67,0.88,14.80
23562,1.56,0.0,14.59,8.0,0.41,2001.0,0,0,14.7,16.0,38.01,37.5,95.0,7.11,-7.56,13.52,1.86,7.06,0.88,14.80
23634,1.56,0.0,14.7,8.0,0.39,2010.0,0,0,15.07,16.0,37.66,38.0,95.0,7.11,-7.56,13.45,1.86,6.67,0.88,14.80
23705,1.56,0.0,14.81,8.0,0.4,2024.0,0,0,14.7,16.0,38.01,38.0,95.0,7.11,-7.6,13.39,1.86,7.06,0.88,14.80
23775,1.56,0.0,14.81,8.0,0.4,2021.0,0,0,14.7,16.0,38.01,38.0,95.0,7.11,-7.58,13.45,1.86,7.06,0.88,14.80
23845,1.56,0.0,14.7,8.0,0.4,2026.0,0,0,14.7,16.0,38.01,38.0,95.0,7.11,-7.58,13.45,1.86,7.06,0.88,14.80
23917,1.56,0.0,14.7,8.0,0.4,2017.0,0,0,14.7,16.0,38.01,38.0,95.0,7.11,-7.62,13.64,1.88,7.06,0.88,14.80
23987,1.56,0.0,14.7,8.0,0.4,2026.0,0,0,14.7,16.0,38.01,38.0,95.0,7.11,-7.66,13.57,1.86,7.06,0.88,14.80
24058,1.56,0.0,14.59,8.0,0.39,2042.0,0,0,14.7,16.0,38.01,38.0,95.0,7.11,-7.66,13.76,1.86,7.06,0.88,14.80
24129,0.78,0.0,14.7,8.0,0.39,2039.0,0,0,14.7,16.0,38.01,37.5,95.0,7.11,-7.66,13.21,1.86,7.06,0.88,14.80
24200,0.78,0.0,14.59,8.0,0.39,2041.0,0,0,14.7,16.0,38.01,38.0,95.0,7.11,-7.66,13.39,1.86,6.67,0.88,14.80
24271,0.78,0.0,14.47,8.0,0.39,2050.0,0,0,14.7,16.0,38.01,38.0,95.0,6.96,-7.66,13.51,1.86,6.67,0.88,14.80
24341,0.78,0.0,14.47,8.0,0.4,2063.0,0,0,14.7,16.0,38.01,38.0,95.0,6.96,-7.68,13.45,1.86,7.06,0.88,14.80
24412,0.78,0.0,14.59,8.0,0.4,2046.0,0,0,14.7,16.0,38.36,38.0,95.0,6.96,-7.68,13.45,1.86,7.06,0.88,14.80
24482,0.78,0.0,14.59,8.0,0.4,2051.0,0,0,14.7,16.0,38.36,38.0,95.0,6.96,-7.7,13.57,1.88,6.67,0.88,14.80
24553,0.78,0.0,14.59,8.0,0.39,2073.0,0,0,14.7,16.0,38.36,38.0,95.0,6.96,-7.72,13.33,1.88,7.06,0.88,14.80
24624,0.78,0.0,14.47,8.0,0.39,2068.0,0,0,14.7,16.0,38.01,38.0,95.0,6.96,-7.73,13.27,1.86,7.06,0.88,14.80
24695,0.0,0.0,14.59,8.0,0.39,2065.0,0,0,14.7,16.0,38.36,38.0,95.0,6.96,-7.75,13.52,1.86,7.06,0.88,14.80
24765,0.0,0.0,14.47,8.0,0.4,2064.0,0,0,14.7,16.0,38.36,38.0,95.0,6.96,-7.73,13.76,1.88,7.06,0.88,14.80
24837,0.0,0.0,14.59,8.0,0.39,2074.0,0,0,14.7,16.0,38.36,38.5,95.0,6.96,-7.75,13.57,1.88,7.06,0.88,14.80
24907,0.78,0.0,14.59,8.0,0.39,2090.0,0,0,14.7,16.0,38.36,38.0,95.0,6.96,-7.75,13.39,1.86,7.06,0.88,14.80
24978,0.0,0.0,14.59,8.0,0.39,2080.0,0,0,14.7,16.0,38.36,38.0,95.0,6.96,-7.75,13.34,1.86,7.06,0.88,14.80
25048,-0.78,0.0,14.36,8.0,0.39,2093.0,0,0,14.7,16.0,38.36,38.0,95.0,6.82,-7.79,13.21,1.88,7.06,0.88,14.80
25120,-0.78,0.0,14.47,8.0,0.39,2074.0,0,0,14.7,16.0,38.36,38.0,95.0,6.96,-7.77,13.39,1.86,6.67,0.88,14.80
25190,0.0,0.0,14.59,8.0,0.39,2094.0,0,0,14.7,16.0,38.36,38.0,95.0,6.96,-7.79,13.45,1.86,7.06,0.88,14.80
25262,0.0,0.0,14.59,8.0,0.39,2090.0,0,0,14.7,16.0,38.36,38.0,95.0,6.82,-7.81,13.52,1.86,7.06,0.88,14.80
25332,0.78,0.0,14.7,8.0,0.39,2106.0,0,0,14.7,16.0,38.71,38.0,95.0,6.82,-7.83,13.39,1.86,7.06,0.88,14.80
25403,0.0,0.0,14.59,8.0,0.39,2091.0,0,0,14.7,16.0,38.36,38.5,95.0,6.82,-7.83,13.45,1.86,6.67,0.88,14.80
25473,0.0,0.0,14.7,8.0,0.39,2084.0,0,0,14.7,16.0,38.71,38.0,95.0,6.82,-7.83,13.7,1.88,6.67,0.88,14.80
25544,0.0,0.0,14.59,8.0,0.38,2118.0,0,0,14.7,16.0,38.01,38.5,95.0,6.82,-7.83,13.14,1.86,7.06,0.88,14.80
25615,-0.78,0.0,14.59,8.0,0.38,2084.0,0,0,14.7,16.0,38.36,38.0,95.0,6.82,-7.85,13.33,1.86,7.06,0.88,14.80
25686,-0.78,0.0,14.59,8.0,0.38,2114.0,0,0,14.7,16.0,38.36,38.0,95.0,6.82,-7.83,13.39,1.86,7.06,0.88,14.80
25757,0.0,0.0,14.59,8.0,0.38,2114.0,0,0,14.7,16.0,38.71,38.5,95.0,6.82,-7.83,13.52,1.88,7.06,0.88,14.80
25828,0.0,0.0,14.7,8.0,0.39,2122.0,0,0,14.7,16.0,38.71,38.5,95.0,6.82,-7.89,13.69,1.86,7.06,0.88,14.80
25899,0.0,0.0,14.7,8.0,0.39,2112.0,0,0,14.7,16.0,38.71,38.5,95.0,6.82,-7.85,13.69,1.88,7.06,0.88,14.80
25969,0.0,0.0,14.7,8.0,0.38,2140.0,0,0,15.08,16.0,38.36,38.5,95.0,6.82,-7.87,13.45,1.88,7.06,0.88,14.80
26041,0.0,0.0,14.7,8.0,0.38,2117.0,0,0,14.7,16.0,38.36,38.5,95.0,6.82,-7.87,13.57,1.88,6.67,0.88,14.80
26111,0.0,0.0,14.7,8.0,0.37,2136.0,0,0,14.7,16.0,38.36,38.0,95.0,6.82,-7.87,13.39,1.86,7.06,0.88,14.80
26182,0.0,0.0,14.7,8.0,0.39,2148.0,0,0,14.7,16.0,39.06,38.5,93.0,6.82,-7.87,13.45,1.88,7.06,0.88,14.80
26253,0.78,0.0,14.7,8.0,0.38,2118.0,0,0,14.7,16.0,38.71,38.5,93.0,6.82,-7.85,13.82,1.88,7.06,0.88,14.80
26324,0.78,0.0,14.7,8.0,0.39,2155.0,0,0,14.7,16.0,39.06,38.5,93.0,6.82,-7.85,13.82,1.88,7.06,0.88,14.80
26395,0.78,0.0,14.81,8.0,0.38,2146.0,0,0,14.7,16.0,38.71,39.0,93.0,6.82,-7.85,13.64,1.86,7.06,0.88,14.80
26466,0.0,0.0,14.7,8.0,0.38,2138.0,0,0,14.7,16.0,39.06,38.5,93.0,6.82,-7.85,13.82,1.88,7.06,0.88,14.80
26537,0.0,0.0,14.7,8.0,0.39,2158.0,0,0,14.7,16.0,38.71,39.0,93.0,6.82,-7.83,13.69,1.88,7.06,0.88,14.80
26608,0.0,0.0,14.59,8.0,0.38,2143.0,0,0,14.7,16.0,39.06,39.0,93.0,6.82,-7.85,13.69,1.88,7.06,0.88,14.80
26678,0.78,0.0,14.59,8.0,0.39,2156.0,0,0,14.7,16.0,39.06,39.0,93.0,6.82,-7.83,13.82,1.88,7.06,0.88,14.80
26750,0.0,0.0,14.59,8.0,0.38,2155.0,0,0,14.7,16.0,38.71,39.0,93.0,6.82,-7.85,13.87,1.88,6.67,0.88,14.80
26820,0.0,0.0,14.7,8.0,0.39,2156.0,0,0,14.7,16.0,39.41,39.0,93.0,6.82,-7.83,13.82,1.88,7.06,0.88,14.80
26891,0.78,0.0,14.7,8.0,0.39,2158.0,0,0,14.7,16.0,39.41,39.0,93.0,6.82,-7.81,13.94,1.88,7.06,0.88,14.80
26961,0.78,0.0,14.7,8.0,0.38,2164.0,0,0,14.7,16.0,39.41,39.0,93.0,6.82,-7.83,13.99,1.88,7.06,0.88,14.80
27032,0.0,0.0,14.7,8.0,0.39,2156.0,0,0,14.7,16.0,39.41,39.0,93.0,6.82,-7.81,13.94,1.88,7.06,0.88,14.80
27102,0.0,0.0,14.59,8.0,0.38,2177.0,0,0,14.7,16.0,39.41,39.0,93.0,6.82,-7.81,13.99,1.9,7.06,0.88,14.80
27174,0.0,0.0,14.7,8.0,0.39,2170.0,0,0,14.7,16.0,39.41,39.0,93.0,6.96,-7.79,14.18,1.88,7.06,0.88,14.80
27244,0.0,0.0,14.59,8.0,0.39,2171.0,0,0,14.7,16.0,39.77,39.0,93.0,6.96,-7.77,14.42,1.92,7.06,0.88,14.80
27315,0.0,0.0,14.7,8.0,0.4,2193.0,0,0,14.7,16.0,39.77,39.5,93.0,6.96,-7.77,14.36,1.9,7.06,0.88,14.80
27385,0.78,0.0,14.7,8.0,0.4,2166.0,0,0,14.7,16.0,39.77,39.5,93.0,6.96,-7.73,14.78,1.9,7.06,0.88,14.80
27456,0.0,0.0,14.7,8.0,0.4,2194.0,0,0,14.7,16.0,39.77,40.0,93.0,6.96,-7.73,14.54,1.9,7.06,0.88,14.80
27526,0.0,0.0,14.47,8.0,0.4,2178.0,0,0,14.7,16.0,39.77,39.5,93.0,6.96,-7.72,14.36,1.92,7.06,0.88,14.80
27597,-0.78,0.0,14.47,8.0,0.4,2204.0,0,0,14.7,16.0,40.12,40.0,93.0,6.96,-7.7,14.54,1.92,7.06,0.88,14.80
27668,0.0,0.0,14.47,8.0,0.4,2185.0,0,0,14.7,16.0,40.12,39.5,93.0,6.96,-7.68,14.54,1.92,7.06,0.88,14.80
27739,0.0,0.0,14.47,8.0,0.4,2210.0,0,0,14.7,16.0,40.12,39.5,93.0,6.96,-7.68,14.29,1.9,7.06,0.88,14.80
27809,0.0,0.0,14.7,8.0,0.4,2192.0,0,0,14.7,16.0,39.77,40.0,93.0,7.11,-7.66,14.66,1.92,7.06,0.88,14.80
27880,0.78,0.0,14.7,8.0,0.39,2196.0,0,0,14.7,16.0,40.12,40.0,93.0,7.11,-7.66,14.54,1.92,7.06,0.88,14.80
27950,0.78,0.0,14.81,8.0,0.41,2216.0,0,0,14.7,16.0,40.47,40.0,93.0,7.11,-7.66,14.84,1.9,7.06,0.88,14.80
28022,0.78,0.0,14.81,8.0,0.4,2194.0,0,0,14.7,16.0,40.47,40.0,93.0,7.11,-7.64,14.91,1.92,7.06,0.88,14.80
28093,0.78,0.0,14.81,8.0,0.41,2225.0,0,0,14.7,16.0,40.12,40.0,93.0,7.11,-7.64,14.54,1.92,7.06,0.88,14.80
28164,0.0,0.0,14.7,8.0,0.39,2201.0,0,0,14.7,16.0,40.47,40.0,93.0,7.11,-7.64,14.78,1.92,7.06,0.88,14.80
28234,0.0,0.0,14.59,8.0,0.41,2228.0,0,0,14.7,16.0,40.47,40.0,93.0,7.11,-7.66,15.14,1.94,7.06,0.88,14.80
28305,0.78,0.0,14.59,8.0,0.41,2225.0,0,0,14.7,16.0,40.82,40.0,93.0,7.11,-7.64,15.2,1.94,7.06,0.88,14.80
28376,0.78,0.0,14.7,8.0,0.41,2214.0,0,0,14.7,16.0,40.82,40.5,93.0,7.11,-7.62,15.14,1.94,7.06,0.88,14.80
28446,0.78,0.0,14.81,8.0,0.41,2235.0,0,0,14.7,16.0,40.47,40.0,93.0,7.11,-7.62,15.09,1.92,7.06,0.88,14.80
28517,0.0,0.0,14.7,8.0,0.41,2242.0,0,0,14.7,16.0,40.82,40.5,93.0,7.11,-7.62,14.96,1.94,7.06,0.88,14.80
28588,0.0,0.0,14.59,8.0,0.41,2225.0,0,0,14.7,16.0,40.47,40.0,93.0,7.11,-7.62,15.03,1.92,7.06,0.88,14.80
28659,0.0,0.0,14.59,8.0,0.41,2242.0,0,0,14.7,16.0,40.82,40.0,93.0,7.11,-7.6,15.34,1.94,7.06,0.88,14.80
28729,0.0,0.0,14.59,8.0,0.42,2237.0,0,0,14.7,16.0,41.17,40.5,93.0,7.11,-7.62,15.26,1.94,7.06,0.88,14.80
28800,0.0,0.0,14.59,8.0,0.41,2230.0,0,0,14.7,16.0,40.82,40.5,93.0,7.11,-7.58,15.63,1.96,7.06,0.88,14.80
28871,0.0,0.0,14.59,8.0,0.41,2255.0,0,0,14.7,16.0,41.17,41.0,93.0,7.11,-7.58,15.48,1.94,7.06,0.88,14.80
28942,-0.78,0.0,14.47,8.0,0.42,2235.0,0,0,14.7,16.0,41.17,40.5,93.0,7.11,-7.58,15.7,1.94,7.06,0.88,14.80
29012,0.0,0.0,14.36,8.0,0.42,2265.0,0,0,14.7,16.0,41.17,41.0,93.0,7.11,-7.6,15.63,1.96,7.45,0.88,14.80
29084,0.0,0.0,14.47,8.0,0.41,2244.0,0,0,14.7,16.0,41.17,41.0,93.0,7.11,-7.56,15.41,1.94,7.06,0.88,14.80
29154,0.0,0.0,14.59,8.0,0.41,2262.0,0,0,14.7,16.0,41.17,41.0,93.0,7.11,-7.56,15.55,1.96,7.45,0.88,14.80
29225,0.0,0.0,14.59,8.0,0.42,2256.0,0,0,14.7,16.0,41.17,41.0,93.0,7.11,-7.54,15.7,1.96,7.45,0.88,14.80
29295,0.0,0.0,14.59,8.0,0.4,2268.0,0,0,15.2,16.0,41.17,40.5,93.0,7.11,-7.56,15.03,1.94,7.45,0.88,14.80
29367,0.0,0.0,14.7,8.0,0.42,2266.0,0,0,14.7,16.0,41.52,41.0,93.0,7.11,-7.54,15.55,1.96,7.45,0.88,14.80
29438,0.0,0.0,14.7,8.0,0.41,2274.0,0,0,15.03,16.0,41.17,41.0,93.0,7.11,-7.54,15.69,1.96,7.45,0.88,14.80
29508,0.78,0.0,14.81,8.0,0.42,2284.0,0,0,14.7,16.0,41.52,41.5,93.0,7.11,-7.52,15.92,1.96,7.45,0.88,14.80
29579,1.56,0.0,14.81,8.0,0.42,2270.0,0,0,15.08,16.0,41.52,41.0,93.0,7.25,-7.52,15.77,1.96,7.45,0.88,14.80
29650,0.78,0.0,14.93,8.0,0.43,2298.0,0,0,14.69,16.0,41.52,41.5,93.0,7.11,-7.48,16.06,1.98,7.45,0.88,14.80
29720,0.78,0.0,14.81,8.0,0.43,2268.0,0,0,14.7,16.0,41.88,41.5,93.0,7.25,-7.46,16.06,1.96,7.45,0.88,14.80
29791,0.78,0.0,14.7,8.0,0.42,2303.0,0,0,14.7,16.0,41.88,41.5,93.0,7.25,-7.48,16.21,1.96,7.45,0.88,14.80
29862,0.78,0.0,14.7,8.0,0.42,2281.0,0,0,14.7,16.0,41.88,41.5,93.0,7.25,-7.46,16.27,1.96,7.45,0.88,14.80
29933,0.78,0.0,14.7,8.0,0.42,2300.0,0,0,14.7,16.0,41.88,41.5,93.0,7.25,-7.46,16.35,1.96,7.45,0.88,14.80
30004,0.78,0.0,14.7,8.0,0.42,2296.0,0,0,14.7,16.0,41.88,41.5,93.0,7.25,-7.46,16.35,1.98,7.45,0.88,14.80
30075,1.56,0.0,14.7,8.0,0.43,2305.0,0,0,14.7,16.0,42.23,41.5,93.0,7.25,-7.46,16.42,1.98,7.45,0.88,14.80
30146,1.56,0.0,14.7,8.0,0.43,2300.0,0,0,14.7,16.0,41.88,42.0,93.0,7.25,-7.44,16.49,1.98,7.45,0.88,14.80
30216,0.78,0.0,14.81,8.0,0.43,2310.0,0,0,14.7,16.0,41.88,42.0,93.0,7.25,-7.44,16.64,1.96,7.45,0.88,14.80
30287,0.78,0.0,14.59,8.0,0.43,2319.0,0,0,14.7,16.0,42.23,42.0,93.0,7.25,-7.44,16.71,1.98,7.45,0.88,14.80
30357,0.0,0.0,14.59,8.0,0.42,2313.0,0,0,14.7,16.0,42.23,42.0,93.0,7.25,-7.43,16.71,1.98,7.45,0.88,14.80
30428,0.78,0.0,14.47,8.0,0.43,2326.0,0,0,14.7,16.0,42.23,42.0,93.0,7.25,-7.39,16.42,1.98,7.45,0.88,14.80
30499,0.78,0.0,14.47,8.0,0.42,2315.0,0,0,14.7,16.0,41.88,42.0,93.0,7.25,-7.43,16.49,1.98,7.45,0.88,14.80
30569,0.78,0.0,14.59,8.0,0.43,2338.0,0,0,14.04,16.0,42.58,42.0,93.0,7.25,-7.41,16.42,2.0,7.45,0.9,14.80
30640,0.78,0.0,14.7,8.0,0.44,2322.0,0,0,14.7,16.0,42.58,42.0,93.0,7.25,-7.39,16.93,1.98,7.45,0.88,14.80
30711,0.78,0.0,14.81,8.0,0.43,2342.0,0,0,14.7,16.0,42.23,42.5,93.0,7.4,-7.37,16.71,2.0,7.45,0.9,14.80
30782,0.78,0.0,14.7,8.0,0.43,2344.0,0,0,14.7,16.0,42.58,42.0,93.0,7.4,-7.41,16.86,2.0,7.45,0.88,14.80
30853,0.78,0.0,14.47,8.0,0.44,2341.0,0,0,14.7,16.0,42.58,42.5,93.0,7.25,-7.39,17.0,2.0,7.45,0.88,14.80
30923,0.78,0.78,14.47,8.0,0.43,2347.0,0,0,14.7,16.0,42.58,42.5,93.0,7.4,-7.37,16.93,1.98,7.45,0.9,14.80
30993,0.78,0.78,14.7,8.0,0.43,2352.0,0,0,14.7,16.0,42.58,42.5,93.0,7.25,-7.39,17.0,2.0,7.45,0.88,14.80
31064,0.0,0.78,14.59,8.0,0.43,2355.0,0,0,14.7,16.0,42.58,42.5,93.0,7.4,-7.37,16.64,1.96,7.45,0.88,14.80
31136,0.78,0.78,14.7,8.0,0.43,2370.0,0,0,14.17,16.0,42.93,42.5,93.0,7.25,-7.37,17.15,2.0,7.45,0.88,14.80
31206,0.78,0.78,14.59,8.0,0.44,2350.0,0,0,14.7,16.0,43.28,42.5,93.0,7.4,-7.37,17.22,2.0,7.45,0.88,14.80
31277,0.78,0.78,14.7,8.0,0.44,2368.0,0,0,14.7,16.0,43.28,42.5,93.0,7.4,-7.39,17.37,2.02,7.45,0.88,14.80
31347,0.78,0.78,14.59,8.0,0.44,2375.0,0,0,14.7,16.0,43.28,43.0,93.0,7.4,-7.33,17.37,2.02,7.45,0.9,14.80
31419,0.0,0.78,14.7,8.0,0.43,2376.0,0,0,14.7,16.0,42.93,43.0,93.0,7.4,-7.35,17.51,2.02,7.45,0.88,14.80
31489,-0.78,0.78,14.36,8.0,0.44,2383.0,0,0,14.7,16.0,43.28,43.0,93.0,7.4,-7.31,17.37,2.02,7.45,0.88,14.80
31560,0.0,0.78,14.36,8.0,0.44,2380.0,0,0,14.7,16.0,43.63,43.0,93.0,7.4,-7.35,17.75,2.02,7.45,0.9,14.80
31631,0.0,0.78,14.59,8.0,0.44,2380.0,0,0,14.7,16.0,43.28,43.5,93.0,7.4,-7.35,17.5,2.02,7.45,0.88,14.80
31702,0.0,0.78,14.47,8.0,0.44,2400.0,0,0,14.7,16.0,43.28,43.0,93.0,7.4,-7.35,17.58,2.02,7.45,0.88,14.80
31772,0.0,0.78,14.47,8.0,0.44,2392.0,0,0,14.7,16.0,43.63,43.0,93.0,7.4,-7.37,17.76,2.04,7.45,0.88,14.80
31844,0.0,0.78,14.7,8.0,0.44,2405.0,0,0,14.7,16.0,43.63,43.0,93.0,7.4,-7.35,17.68,2.02,7.45,0.9,14.80
31914,0.78,0.78,14.7,8.0,0.44,2416.0,0,0,14.7,16.0,43.63,43.5,93.0,7.4,-7.37,17.84,2.02,7.45,0.88,14.80
31985,0.0,0.78,14.7,8.0,0.44,2400.0,0,0,15.02,16.0,43.63,43.5,93.0,7.4,-7.35,17.76,2.02,7.45,0.88,14.80
32056,0.0,0.78,14.59,8.0,0.44,2402.0,0,0,14.7,16.0,43.63,43.5,93.0,7.4,-7.35,18.01,2.02,7.45,0.88,14.80
32127,0.78,0.78,14.7,8.0,0.44,2418.0,0,0,14.7,16.0,43.28,43.5,93.0,7.4,-7.37,17.93,2.02,7.45,0.9,14.80
32197,0.78,0.78,14.81,8.0,0.42,2428.0,0,0,14.7,16.0,42.93,43.0,93.0,7.25,-7.37,17.43,2.0,7.45,0.88,14.80
32269,0.0,0.78,14.7,8.0,0.43,2418.0,0,0,14.7,16.0,43.28,43.0,93.0,7.4,-7.41,17.3,2.02,7.45,0.88,14.80
32339,0.78,0.78,14.7,8.0,0.44,2427.0,0,0,14.7,16.0,43.63,43.5,93.0,7.25,-7.39,17.74,2.02,7.45,0.9,14.80
32409,1.56,0.78,14.81,8.0,0.43,2440.0,0,0,15.13,16.0,43.28,43.5,93.0,7.25,-7.44,17.75,2.02,7.45,0.88,14.80
32480,1.56,0.78,14.93,8.0,0.44,2434.0,0,0,14.7,16.0,43.63,43.5,93.0,7.25,-7.43,17.39,2.04,7.45,0.88,14.80
32551,1.56,0.78,14.93,8.0,0.45,2433.0,0,0,14.7,16.0,43.63,43.5,93.0,7.25,-7.43,17.92,2.02,7.45,0.88,14.80
32622,1.56,0.78,14.93,8.0,0.44,2452.0,0,0,14.7,16.0,43.63,43.5,93.0,7.25,-7.44,17.74,2.02,7.45,0.88,14.80
32693,1.56,0.78,14.81,8.0,0.44,2439.0,0,0,14.7,16.0,43.63,43.5,93.0,7.25,-7.43,18.1,2.04,7.45,0.9,14.80
32763,0.78,0.78,14.59,8.0,0.44,2444.0,0,0,14.7,16.0,43.63,43.5,93.0,7.25,-7.44,18.01,2.02,7.45,0.9,14.80
32834,1.56,0.78,14.7,8.0,0.45,2465.0,0,0,14.7,16.0,43.63,43.5,93.0,7.25,-7.46,18.27,2.04,7.45,0.88,14.80
32905,0.78,0.78,14.7,8.0,0.44,2450.0,0,0,14.7,16.0,43.63,43.5,93.0,7.25,-7.46,18.1,2.04,7.45,0.9,14.80
32975,0.78,0.78,14.7,8.0,0.45,2479.0,0,0,14.7,16.0,43.98,43.5,93.0,7.25,-7.48,18.19,2.04,7.45,0.9,14.80
33046,0.78,0.78,14.7,8.0,0.44,2453.0,0,0,14.7,16.0,43.63,43.5,93.0,7.25,-7.48,18.1,2.04,7.45,0.9,14.80
33117,0.0,0.78,14.47,8.0,0.43,2476.0,0,0,14.7,16.0,43.63,43.5,93.0,7.25,-7.48,17.84,2.04,7.45,0.9,14.80
33188,0.78,0.78,14.47,8.0,0.44,2486.0,0,0,14.7,16.0,43.63,43.5,93.0,7.25,-7.48,18.01,2.04,7.45,0.9,14.80
33258,0.78,0.78,14.36,8.0,0.44,2492.0,0,0,14.7,16.0,43.63,43.5,93.0,7.11,-7.5,18.28,2.04,7.45,0.9,14.80
33330,1.56,0.78,14.59,8.0,0.44,2484.0,0,0,14.7,16.0,43.63,43.5,93.0,7.25,-7.54,18.27,2.02,7.45,0.9,14.80
33400,0.0,0.78,14.7,8.0,0.44,2482.0,0,0,14.7,16.0,43.63,43.5,93.0,7.25,-7.48,18.18,2.04,7.45,0.9,14.80
33471,0.78,0.78,14.47,8.0,0.44,2505.0,0,0,14.7,16.0,43.63,43.5,93.0,7.11,-7.54,18.37,2.04,7.45,0.9,14.80
33542,0.0,0.78,14.59,8.0,0.44,2507.0,0,0,14.7,16.0,43.98,43.5,93.0,7.11,-7.54,18.46,2.04,7.45,0.9,14.80
33613,0.78,0.78,14.59,8.0,0.43,2496.0,0,0,14.7,16.0,43.63,43.5,93.0,7.11,-7.54,18.1,2.04,7.45,0.9,14.80
33683,0.0,0.78,14.7,8.0,0.44,2514.0,0,0,14.7,16.0,43.63,43.5,93.0,7.11,-7.56,18.37,2.04,7.45,0.9,14.80
33755,0.78,0.78,14.59,8.0,0.44,2506.0,0,0,14.25,16.0,43.98,43.5,93.0,7.11,-7.56,18.81,2.06,7.45,0.9,14.80
33826,0.0,0.78,14.59,8.0,0.44,2515.0,0,0,14.7,16.0,43.63,43.5,93.0,7.11,-7.58,18.54,2.04,7.45,0.9,14.80
33897,0.0,0.78,14.59,8.0,0.44,2534.0,0,0,14.7,16.0,43.63,43.5,93.0,7.11,-7.56,18.37,2.04,7.45,0.9,14.80
33967,-0.78,0.78,14.36,8.0,0.44,2534.0,0,0,14.7,16.0,43.63,43.5,93.0,7.11,-7.58,18.55,2.06,7.45,0.9,14.80
34039,0.0,0.78,14.59,8.0,0.44,2543.0,0,0,14.7,16.0,43.63,43.5,93.0,7.11,-7.56,18.27,2.04,7.45,0.9,14.80
34109,0.0,0.78,14.59,8.0,0.43,2526.0,0,0,14.7,16.0,43.63,43.5,93.0,7.11,-7.58,18.63,2.06,7.45,0.9,14.80
34180,0.0,0.78,14.59,8.0,0.43,2533.0,0,0,14.7,16.0,43.63,43.5,93.0,7.11,-7.58,18.37,2.04,7.45,0.9,14.80
34250,0.0,0.78,14.7,8.0,0.44,2551.0,0,0,14.7,16.0,43.98,43.5,93.0,7.11,-7.58,18.8,2.04,7.45,0.9,14.80
34322,0.78,0.78,14.7,8.0,0.43,2555.0,0,0,14.7,16.0,43.63,43.5,93.0,7.11,-7.58,18.63,2.04,7.45,0.9,14.80
34392,0.0,0.78,14.7,8.0,0.43,2541.0,0,0,14.7,16.0,43.63,43.5,93.0,7.11,-7.58,18.37,2.04,7.45,0.9,14.80
34463,0.78,0.78,14.7,8.0,0.44,2548.0,0,0,14.0,16.0,43.63,43.5,93.0,7.11,-7.58,18.81,2.06,7.45,0.9,14.80
34534,0.0,0.78,14.7,8.0,0.43,2568.0,0,0,15.01,16.0,43.63,43.5,91.0,7.11,-7.6,18.27,2.04,7.45,0.9,14.80
34605,0.0,0.78,14.47,8.0,0.43,2573.0,0,0,14.7,16.0,43.63,43.5,91.0,7.11,-7.6,18.54,2.04,7.45,0.9,14.80
34676,0.0,0.78,14.59,8.0,0.44,2562.0,0,0,15.0,16.0,43.98,43.5,91.0,7.11,-7.62,18.28,2.06,7.45,0.9,14.80
34747,0.78,0.78,14.81,8.0,0.43,2569.0,0,0,15.05,16.0,43.63,43.5,91.0,7.11,-7.64,18.46,2.04,7.45,0.9,14.80
34818,0.0,0.78,14.7,8.0,0.43,2566.0,0,0,14.7,16.0,43.63,43.5,91.0,7.11,-7.58,18.28,2.04,7.45,0.9,14.80
34889,0.78,0.78,14.7,8.0,0.42,2595.0,0,0,14.7,16.0,43.63,43.5,91.0,7.11,-7.64,18.19,2.04,7.45,0.9,14.80
34960,0.78,0.78,14.59,8.0,0.44,2590.0,0,0,14.7,16.0,43.98,43.5,91.0,7.11,-7.6,18.8,2.04,7.45,0.9,14.80
35031,0.78,0.78,14.7,8.0,0.43,2579.0,0,0,14.7,16.0,43.98,43.5,91.0,7.11,-7.64,18.71,2.06,7.45,0.9,14.80
35102,0.0,0.78,14.81,8.0,0.43,2592.0,0,0,14.7,16.0,43.63,43.5,91.0,7.11,-7.6,18.54,2.06,7.45,0.9,14.80
35172,0.0,0.78,14.59,8.0,0.43,2582.0,0,0,14.7,16.0,43.98,43.5,91.0,7.11,-7.64,18.8,2.06,7.45,0.9,14.80
35243,0.0,0.78,14.59,8.0,0.44,2593.0,0,0,14.7,16.0,43.98,43.5,91.0,7.11,-7.62,19.07,2.06,7.45,0.9,14.80
35313,-0.78,0.78,14.47,8.0,0.44,2610.0,0,0,14.7,16.0,43.98,43.5,91.0,7.11,-7.62,18.89,2.06,7.45,0.9,14.80
35385,0.0,0.78,14.47,8.0,0.43,2607.0,0,0,14.7,16.0,43.63,43.5,91.0,7.11,-7.62,18.71,2.06,7.45,0.9,14.80
35455,-0.78,0.78,14.47,8.0,0.42,2620.0,0,0,14.7,16.0,43.63,43.5,91.0,7.11,-7.62,18.62,2.02,7.45,0.9,14.80
35527,0.0,0.78,14.59,8.0,0.43,2605.0,0,0,14.7,16.0,43.63,43.5,91.0,7.11,-7.62,18.37,2.04,7.45,0.9,14.80
35597,0.78,0.78,14.7,8.0,0.43,2610.0,0,0,14.7,16.0,43.98,43.5,91.0,7.11,-7.64,19.07,2.06,7.45,0.9,14.80
35668,0.78,0.78,14.7,8.0,0.43,2626.0,0,0,14.7,16.0,43.98,43.5,91.0,7.11,-7.64,18.81,2.06,7.45,0.9,14.80
35739,0.78,0.78,14.81,8.0,0.43,2628.0,0,0,14.7,16.0,43.98,43.5,91.0,7.11,-7.64,18.98,2.06,7.45,0.9,14.80
35810,0.78,0.78,14.81,8.0,0.41,2631.0,0,0,14.7,16.0,43.63,43.5,91.0,7.11,-7.64,19.07,2.04,7.45,0.9,14.80
35881,0.0,0.78,14.59,8.0,0.43,2638.0,0,0,14.7,16.0,43.98,43.5,91.0,7.11,-7.64,18.81,2.06,7.45,0.9,14.80
35952,0.0,0.78,14.59,8.0,0.42,2626.0,0,0,14.7,16.0,43.98,43.5,91.0,7.11,-7.66,18.72,2.06,7.45,0.9,14.80
36022,0.0,0.78,14.59,8.0,0.43,2627.0,0,0,14.7,16.0,43.98,43.5,91.0,7.11,-7.62,18.62,2.06,7.45,0.9,14.80
36094,0.78,0.78,14.59,8.0,0.42,2628.0,0,0,14.7,16.0,43.98,43.5,91.0,7.11,-7.64,18.63,2.06,7.45,0.9,14.80
36164,0.78,0.78,14.7,8.0,0.43,2637.0,0,0,14.7,16.0,43.98,43.5,91.0,7.11,-7.64,19.07,2.06,7.45,0.9,14.80
36235,0.78,0.78,14.81,8.0,0.44,2658.0,0,0,14.7,16.0,43.98,43.5,91.0,7.11,-7.64,19.17,2.06,7.45,0.9,14.80
36305,0.78,0.78,14.81,8.0,0.42,2651.0,0,0,15.56,16.0,43.98,43.5,91.0,7.11,-7.64,18.46,2.04,7.45,0.9,14.80
36377,0.0,0.78,14.7,8.0,0.42,2664.0,0,0,14.7,16.0,43.98,43.5,91.0,7.11,-7.64,18.37,2.06,7.45,0.9,14.80
36447,0.78,0.78,14.7,8.0,0.43,2672.0,0,0,14.7,16.0,43.98,43.5,91.0,7.11,-7.66,19.24,2.06,7.45,0.9,14.80
36518,1.56,0.78,14.81,8.0,0.42,2654.0,0,0,14.7,16.0,43.98,43.5,91.0,6.96,-7.66,18.98,2.06,7.45,0.9,14.80
36589,0.78,0.78,14.81,8.0,0.43,2658.0,0,0,14.7,16.0,43.98,43.5,91.0,6.96,-7.66,19.24,2.06,7.45,0.9,14.80
36660,0.78,0.78,14.59,8.0,0.44,2656.0,0,0,14.08,16.0,43.98,43.5,91.0,6.96,-7.68,18.89,2.08,7.45,0.9,14.80
36730,0.0,0.78,14.59,8.0,0.42,2662.0,0,0,14.7,16.0,43.98,43.5,91.0,7.11,-7.66,19.07,2.06,7.45,0.9,14.80
36802,0.0,0.78,14.36,8.0,0.43,2663.0,0,0,14.7,16.0,43.98,43.5,91.0,7.11,-7.68,19.42,2.06,7.45,0.9,14.80
36872,0.0,0.78,14.47,8.0,0.42,2671.0,0,0,14.7,16.0,43.98,43.5,91.0,6.96,-7.66,19.07,2.06,7.45,0.9,14.80
36943,0.0,0.78,14.59,8.0,0.43,2698.0,0,0,14.7,16.0,43.98,43.5,91.0,6.96,-7.68,19.07,2.06,7.45,0.9,14.80
37015,0.0,0.78,14.59,8.0,0.4,2687.0,0,0,14.7,16.0,43.98,43.5,91.0,6.96,-7.68,18.01,2.04,7.45,0.9,14.80
37085,0.0,0.78,14.59,8.0,0.42,2702.0,0,0,14.7,16.0,43.98,43.5,91.0,6.96,-7.7,19.15,2.06,7.45,0.9,14.80
37156,0.78,0.78,14.7,8.0,0.43,2692.0,0,0,14.7,16.0,43.98,43.5,91.0,6.96,-7.7,19.42,2.08,7.45,0.9,14.80
37227,0.78,0.78,14.81,8.0,0.42,2706.0,0,0,14.7,16.0,43.98,43.5,91.0,6.96,-7.7,18.89,2.04,7.45,0.9,14.80
37298,0.0,0.78,14.7,8.0,0.43,2702.0,0,0,14.24,16.0,43.98,43.5,91.0,6.96,-7.7,19.24,2.06,7.45,0.9,14.80
37368,0.78,0.78,14.7,8.0,0.41,2721.0,0,0,14.7,16.0,43.98,43.5,91.0,6.96,-7.68,19.16,2.06,7.45,0.9,14.80
37440,0.78,0.78,14.7,8.0,0.43,2708.0,0,0,13.7,16.0,43.98,43.5,91.0,6.96,-7.72,19.42,2.08,7.45,0.9,14.80
37510,0.78,0.78,14.7,8.0,0.42,2704.0,0,0,14.7,16.0,43.98,43.5,91.0,6.96,-7.7,19.51,2.08,7.45,0.9,14.80
37581,0.0,0.78,14.81,8.0,0.43,2712.0,0,0,14.7,16.0,43.98,43.5,91.0,6.96,-7.72,18.98,2.06,7.45,0.9,14.80
37651,0.0,0.78,14.47,8.0,0.43,2704.0,0,0,14.7,16.0,44.34,43.5,91.0,6.96,-7.7,19.51,2.06,7.45,0.9,14.80
37722,0.0,0.78,14.59,8.0,0.42,2722.0,0,0,15.08,16.0,43.98,43.5,91.0,6.96,-7.75,19.25,2.06,7.45,0.9,14.80
37793,0.0,0.78,14.59,8.0,0.42,2715.0,0,0,15.19,16.0,43.98,43.5,91.0,6.96,-7.73,19.07,2.08,7.45,0.9,14.80
37864,0.78,0.78,14.59,8.0,0.43,2721.0,0,0,15.02,16.0,44.34,43.5,91.0,6.96,-7.75,19.6,2.08,7.45,0.9,14.80
37935,0.78,0.78,14.7,8.0,0.42,2728.0,0,0,14.7,16.0,43.98,43.5,91.0,6.96,-7.72,19.24,2.06,7.45,0.9,14.80
38005,0.78,0.78,14.81,8.0,0.42,2721.0,0,0,14.7,16.0,43.98,43.5,91.0,6.96,-7.73,19.34,2.06,7.45,0.9,14.80
38077,0.0,0.78,14.59,8.0,0.43,2739.0,0,0,14.25,16.0,43.98,43.5,91.0,6.96,-7.75,19.6,2.08,7.45,0.9,14.80
38148,0.0,0.78,14.59,8.0,0.42,2744.0,0,0,14.7,16.0,44.34,43.5,91.0,6.96,-7.73,19.17,2.06,7.45,0.9,14.80
38219,0.0,0.78,14.7,8.0,0.42,2735.0,0,0,14.7,16.0,44.34,43.5,91.0,6.96,-7.75,19.34,2.08,7.45,0.9,14.80
38289,0.0,0.78,14.36,8.0,0.43,2749.0,0,0,14.7,16.0,44.34,44.0,91.0,6.96,-7.75,19.42,2.08,7.45,0.9,14.80
38360,0.0,0.78,14.7,8.0,0.43,2748.0,0,0,15.21,16.0,44.34,44.0,91.0,6.96,-7.75,19.6,2.06,7.45,0.9,14.80
38431,0.0,0.78,14.59,8.0,0.42,2748.0,0,0,14.7,16.0,44.34,44.0,91.0,6.96,-7.75,19.7,2.08,7.45,0.9,14.80
38502,0.0,0.78,14.7,8.0,0.43,2758.0,0,0,14.7,16.0,44.34,44.0,91.0,6.96,-7.77,19.42,2.06,7.45,0.9,14.80
38572,0.0,0.78,14.59,8.0,0.42,2756.0,0,0,14.7,16.0,44.34,44.0,91.0,6.96,-7.77,19.7,2.06,7.45,0.9,14.80
38643,0.0,0.78,14.7,8.0,0.43,2768.0,0,0,14.7,16.0,44.34,44.0,91.0,6.96,-7.75,19.77,2.08,7.45,0.9,14.80
38713,0.0,0.78,14.59,8.0,0.44,2765.0,0,0,14.7,16.0,44.34,44.0,91.0,6.96,-7.75,20.13,2.08,7.45,0.9,14.80
38784,0.0,0.78,14.7,8.0,0.43,2768.0,0,0,14.7,16.0,44.34,44.0,91.0,6.96,-7.77,19.43,2.08,7.45,0.9,14.80
38855,-0.78,0.78,14.59,8.0,0.42,2778.0,0,0,14.7,16.0,44.34,44.0,91.0,6.96,-7.75,19.77,2.08,7.45,0.9,14.80
38925,-0.78,0.78,14.59,8.0,0.42,2793.0,0,0,14.7,16.0,44.34,44.0,91.0,6.96,-7.79,19.51,2.08,7.45,0.9,14.80
38996,0.0,0.78,14.59,8.0,0.42,2799.0,0,0,14.7,16.0,44.34,44.0,91.0,6.96,-7.77,19.6,2.08,7.45,0.9,14.80
39067,0.0,0.78,14.7,8.0,0.42,2802.0,0,0,14.7,16.0,44.34,44.0,91.0,6.96,-7.77,19.7,2.08,7.45,0.9,14.80
39138,0.0,0.78,14.81,8.0,0.43,2804.0,0,0,14.7,16.0,44.34,44.0,91.0,6.96,-7.77,19.6,2.08,7.45,0.9,14.80
39208,0.0,0.78,14.7,8.0,0.42,2808.0,0,0,14.7,16.0,44.34,44.0,91.0,6.96,-7.79,19.7,2.06,7.45,0.9,14.80
39279,0.0,0.78,14.7,8.0,0.43,2813.0,0,0,14.7,16.0,44.34,44.0,91.0,6.96,-7.79,20.21,2.08,7.45,0.9,14.80
39350,-0.78,0.78,14.7,8.0,0.43,2811.0,0,0,14.7,16.0,44.34,44.0,91.0,6.96,-7.79,19.7,2.08,7.45,0.9,14.80
39421,-0.78,0.78,14.47,8.0,0.43,2808.0,0,0,14.7,16.0,44.34,44.0,91.0,6.96,-7.79,19.95,2.08,7.45,0.9,14.80
39491,-0.78,0.78,14.36,8.0,0.4,2802.0,0,0,15.02,16.0,44.34,44.0,91.0,6.82,-7.79,19.77,2.08,7.45,0.9,14.80
39563,-1.56,0.78,14.47,8.0,0.42,2802.0,0,0,14.7,16.0,44.34,44.0,91.0,6.96,-7.81,19.77,2.08,7.45,0.9,14.80
39634,0.0,0.78,14.47,8.0,0.41,2813.0,0,0,14.7,16.0,44.34,44.0,91.0,6.82,-7.83,19.6,2.06,7.45,0.9,14.80
39705,-0.78,0.78,14.7,8.0,0.42,2806.0,0,0,14.7,16.0,44.34,44.0,91.0,6.82,-7.81,19.86,2.08,7.45,0.9,14.80
39775,0.0,0.78,14.7,8.0,0.42,2810.0,0,0,15.0,16.0,44.34,44.0,91.0,6.82,-7.83,19.51,2.08,7.45,0.9,14.80
39846,0.0,0.78,14.81,8.0,0.41,2820.0,0,0,14.7,16.0,44.34,44.0,91.0,6.82,-7.83,19.51,2.08,7.45,0.9,14.80
39917,-0.78,0.78,14.7,8.0,0.41,2838.0,0,0,14.7,16.0,44.34,44.0,91.0,6.82,-7.83,19.24,2.08,7.45,0.9,14.80
39988,0.0,0.78,14.59,8.0,0.42,2843.0,0,0,14.7,16.0,44.34,44.0,91.0,6.82,-7.83,19.7,2.08,7.45,0.9,14.80
40058,0.0,0.78,14.81,8.0,0.42,2838.0,0,0,14.7,16.0,44.34,44.0,91.0,6.82,-7.85,20.04,2.08,7.45,0.9,14.80
40130,0.0,0.78,14.7,8.0,0.42,2852.0,0,0,14.7,16.0,44.34,44.0,91.0,6.82,-7.83,19.77,2.08,7.45,0.9,14.80
40200,-0.78,0.78,14.7,8.0,0.42,2831.0,0,0,14.7,16.0,44.34,44.0,91.0,6.82,-7.87,20.04,2.08,7.45,0.9,14.80
40271,-0.78,0.78,14.47,8.0,0.42,2844.0,0,0,14.7,16.0,44.34,44.0,91.0,6.82,-7.85,20.04,2.08,7.45,0.9,14.80
40341,-1.56,0.78,14.36,8.0,0.42,2836.0,0,0,14.7,16.0,44.34,44.0,91.0,6.82,-7.83,19.86,2.08,7.45,0.9,14.80
40412,-0.78,0.78,14.36,8.0,0.41,2845.0,0,0,14.7,16.0,44.34,44.0,91.0,6.82,-7.85,19.6,2.08,7.45,0.9,14.80
40483,-0.78,0.78,14.59,8.0,0.42,2848.0,0,0,14.7,16.0,44.34,44.0,91.0,6.82,-7.87,19.77,2.08,7.45,0.9,14.80
40554,-0.78,0.78,14.59,8.0,0.41,2867.0,0,0,14.7,16.0,44.34,44.0,91.0,6.82,-7.87,19.78,2.08,7.45,0.9,14.80
40625,-0.78,0.78,14.59,8.0,0.42,2871.0,0,0,14.7,16.0,44.34,44.0,91.0,6.82,-7.91,19.95,2.08,7.45,0.9,14.80
40696,-0.78,0.78,14.47,8.0,0.41,2872.0,0,0,14.7,16.0,44.34,44.0,91.0,6.82,-7.91,19.7,2.08,7.45,0.9,14.80
40766,-1.56,0.78,14.59,8.0,0.42,2855.0,0,0,14.7,16.0,44.34,44.0,91.0,6.82,-7.91,19.7,2.08,7.45,0.9,14.80
40838,-1.56,0.78,14.47,8.0,0.42,2868.0,0,0,14.7,16.0,44.34,44.0,91.0,6.82,-7.89,20.22,2.08,7.45,0.9,14.80
40908,-0.78,0.78,14.59,8.0,0.42,2864.0,0,0,14.7,16.0,44.34,44.0,91.0,6.82,-7.93,19.86,2.08,7.45,0.9,14.80
40979,-2.34,0.78,14.47,8.0,0.41,2868.0,0,0,14.7,16.0,44.34,44.0,91.0,6.82,-7.93,19.77,2.08,7.45,0.9,14.80
41050,-2.34,0.78,14.36,8.0,0.42,2890.0,0,0,14.7,16.0,44.34,44.0,91.0,6.82,-7.91,19.7,2.08,7.45,0.9,14.80
41121,-1.56,0.78,14.47,8.0,0.41,2890.0,0,0,14.7,16.0,44.34,44.0,91.0,6.82,-7.93,19.7,2.08,7.45,0.9,14.80
41191,-1.56,0.78,14.59,8.0,0.41,2900.0,0,0,14.12,16.0,44.34,44.0,91.0,6.82,-7.95,19.86,2.08,7.45,0.9,14.80
41263,-2.34,0.78,14.59,8.0,0.4,2876.0,0,0,14.7,16.0,44.34,44.0,91.0,6.82,-7.93,19.6,2.08,7.45,0.9,14.80
41333,-3.12,0.78,14.47,8.0,0.41,2886.0,0,0,14.7,16.0,44.34,44.0,91.0,6.82,-7.95,19.77,2.08,7.45,0.9,14.80
41404,-2.34,0.78,14.47,8.0,0.4,2886.0,0,0,14.7,16.0,44.34,44.0,91.0,6.82,-7.95,19.6,2.08,7.45,0.9,14.80
41474,-1.56,0.78,14.7,8.0,0.41,2909.0,0,0,14.7,16.0,44.34,44.0,91.0,6.82,-7.93,19.86,2.08,7.45,0.9,14.80
41545,-2.34,0.78,14.7,8.0,0.41,2904.0,0,0,14.7,16.0,44.34,44.0,91.0,6.82,-7.95,19.86,2.08,7.45,0.9,14.80
41616,-2.34,0.78,14.59,8.0,0.41,2908.0,0,0,14.7,16.0,44.34,44.0,91.0,6.82,-7.95,19.51,2.08,7.45,0.9,14.80
41688,-2.34,0.78,14.59,8.0,0.41,2874.0,0,0,14.23,16.0,44.34,44.0,91.0,6.82,-7.93,20.13,2.1,7.45,0.9,14.80
41758,-2.34,0.78,14.47,8.0,0.4,2904.0,0,0,14.7,16.0,44.34,44.0,91.0,6.67,-7.93,19.77,2.08,7.45,0.9,14.80
41828,-3.12,0.78,14.47,8.0,0.41,2924.0,0,0,15.08,16.0,44.34,44.0,91.0,6.67,-7.95,19.43,2.06,7.45,0.9,14.80
41899,-2.34,0.78,14.59,8.0,0.41,2932.0,0,0,14.7,16.0,44.34,44.0,91.0,6.67,-7.95,19.6,2.08,7.45,0.9,14.80
41970,-2.34,0.78,14.7,8.0,0.41,2916.0,0,0,14.7,16.0,44.34,44.0,91.0,6.82,-7.95,20.04,2.08,7.45,0.9,14.80
42040,-2.34,0.78,14.7,8.0,0.41,2898.0,0,0,14.7,16.0,44.34,44.0,91.0,6.82,-7.95,19.86,2.08,7.45,0.9,14.80
42112,-3.12,0.78,14.7,8.0,0.41,2899.0,0,0,14.7,16.0,44.34,44.0,91.0,6.67,-7.97,19.95,2.08,7.45,0.9,14.80
42183,-2.34,0.78,14.59,8.0,0.4,2900.0,0,0,14.7,16.0,43.98,44.0,91.0,6.67,-7.97,18.98,2.08,7.45,0.9,14.80
42253,-3.12,0.78,14.59,8.0,0.4,2928.0,0,0,14.7,16.0,43.98,43.5,91.0,6.82,-7.95,19.34,2.02,7.45,0.9,14.80
42323,-2.34,0.78,14.47,8.0,0.4,2920.0,0,0,14.7,16.0,44.34,44.0,91.0,6.67,-7.97,19.42,2.08,7.45,0.9,14.80
42394,-2.34,0.78,14.81,8.0,0.4,2914.0,0,0,14.7,16.0,44.34,44.0,91.0,6.67,-7.99,19.77,2.08,7.45,0.9,14.80
42465,-1.56,0.78,14.93,8.0,0.4,2912.0,0,0,14.7,16.0,44.34,44.0,91.0,6.67,-7.97,19.51,2.08,7.45,0.9,14.80
42536,-1.56,0.78,14.81,8.0,0.4,2938.0,0,0,14.7,16.0,44.34,44.0,91.0,6.67,-7.97,19.77,2.08,7.45,0.9,14.80
42607,-1.56,0.78,14.81,8.0,0.41,2930.0,0,0,14.7,16.0,44.34,44.0,91.0,6.67,-7.97,19.7,2.08,7.45,0.9,14.80
42677,-1.56,0.78,14.7,8.0,0.4,2918.0,0,0,14.7,16.0,44.34,44.0,91.0,6.67,-7.97,19.7,2.08,7.45,0.9,14.80
42749,-2.34,0.78,14.59,8.0,0.4,2924.0,0,0,14.7,16.0,44.34,44.0,91.0,6.67,-7.99,19.6,2.08,7.45,0.9,14.80
42820,-2.34,0.78,14.59,8.0,0.4,2919.0,0,0,14.7,16.0,44.34,44.0,91.0,6.67,-7.97,19.95,2.08,7.45,0.9,14.80
42890,-2.34,0.78,14.59,8.0,0.4,2943.0,0,0,14.7,16.0,44.34,44.0,91.0,6.67,-8.01,19.6,2.08,7.45,0.9,14.80
42961,-1.56,0.78,14.59,8.0,0.4,2941.0,0,0,14.7,16.0,44.34,44.0,91.0,6.67,-7.99,19.86,2.08,7.45,0.9,14.80
43031,-1.56,0.78,14.7,8.0,0.4,2924.0,0,0,14.7,16.0,44.34,44.0,91.0,6.67,-7.99,19.6,2.08,7.45,0.9,14.80
43103,-1.56,0.78,14.7,8.0,0.4,2928.0,0,0,14.7,16.0,44.34,44.0,91.0,6.67,-8.01,19.52,2.08,7.45,0.9,14.80
43173,-2.34,0.78,14.7,8.0,0.4,2925.0,0,0,14.7,16.0,44.34,44.0,90.0,6.67,-8.01,19.78,2.08,7.45,0.9,14.80
43244,-1.56,0.78,14.59,8.0,0.41,2952.0,0,0,14.7,16.0,44.34,44.0,90.0,6.67,-7.97,19.86,2.08,7.45,0.9,14.80
43314,-1.56,0.78,14.7,8.0,0.41,2946.0,0,0,14.7,16.0,44.34,44.0,90.0,6.67,-7.97,19.95,2.08,7.45,0.9,14.80
43386,-1.56,0.78,14.7,8.0,0.41,2938.0,0,0,14.7,16.0,44.34,44.0,90.0,6.67,-7.99,19.86,2.08,7.45,0.9,14.80
43456,-2.34,0.78,14.59,8.0,0.41,2957.0,0,0,14.7,16.0,44.34,44.0,90.0,6.67,-7.99,20.22,2.1,7.45,0.9,14.80
43527,-3.12,0.78,14.47,8.0,0.4,2956.0,0,0,14.7,16.0,44.34,44.0,90.0,6.67,-8.01,20.04,2.08,7.45,0.9,14.80
43597,-3.91,0.78,14.36,8.0,0.4,2956.0,0,0,14.7,16.0,44.34,44.0,90.0,6.67,-7.97,20.12,2.08,7.45,0.9,14.80
43669,-2.34,0.78,14.47,8.0,0.4,2940.0,0,0,14.7,16.0,44.34,44.0,90.0,6.67,-7.99,19.95,2.08,7.45,0.9,14.80
43739,-2.34,0.78,14.59,8.0,0.4,2944.0,0,0,14.7,16.0,44.34,44.0,90.0,6.67,-8.01,20.12,2.1,7.45,0.9,14.80
43810,-2.34,0.78,14.81,8.0,0.41,2962.0,0,0,14.7,16.0,44.34,44.0,90.0,6.67,-7.99,19.95,2.08,7.45,0.9,14.80
43880,-2.34,0.78,14.81,8.0,0.4,2968.0,0,0,14.7,16.0,44.34,44.0,90.0,6.67,-8.01,19.6,2.08,7.45,0.9,14.80
43951,-2.34,0.0,14.7,8.0,0.4,2948.0,0,0,14.7,16.0,44.34,44.0,90.0,6.67,-7.99,19.51,2.08,7.45,0.9,14.80
44022,-2.34,0.0,14.81,8.0,0.4,2949.0,0,0,14.7,16.0,44.34,44.0,90.0,6.67,-7.99,19.7,2.08,7.45,0.9,14.80
44093,-2.34,0.0,14.7,8.0,0.4,2963.0,0,0,14.7,16.0,44.34,44.0,90.0,6.67,-7.97,19.7,2.08,7.45,0.9,14.80
44163,-1.56,0.0,14.7,8.0,0.4,2969.0,0,0,14.7,16.0,44.34,44.0,90.0,6.67,-7.99,19.86,2.08,7.45,0.9,14.80
44235,-1.56,0.0,14.81,8.0,0.4,2948.0,0,0,14.7,16.0,44.34,43.5,90.0,6.67,-7.99,19.51,2.06,7.45,0.9,14.80
44306,-1.56,0.0,14.81,8.0,0.4,2955.0,0,0,14.7,16.0,44.34,44.0,90.0,6.67,-8.01,19.95,2.08,7.45,0.9,14.80
44377,-1.56,0.0,14.7,8.0,0.4,2972.0,0,0,14.7,16.0,44.34,44.0,90.0,6.67,-8.01,19.86,2.08,7.45,0.9,14.80
44447,-1.56,0.0,14.7,8.0,0.4,2976.0,0,0,14.7,16.0,44.34,44.0,90.0,6.67,-8.01,20.04,2.08,7.45,0.9,14.80
44519,-1.56,0.0,14.7,8.0,0.4,2960.0,0,0,14.7,16.0,44.34,44.0,90.0,6.67,-7.99,19.95,2.08,7.45,0.9,14.80
44589,-1.56,0.0,14.59,8.0,0.41,2960.0,0,0,14.7,16.0,44.34,44.0,90.0,6.67,-8.01,19.7,2.08,7.45,0.9,14.80
44660,-2.34,0.0,14.59,8.0,0.4,2981.0,0,0,14.7,16.0,44.34,44.0,90.0,6.67,-8.01,20.12,2.08,7.45,0.9,14.80
44731,-2.34,0.0,14.59,8.0,0.4,2980.0,0,0,14.7,16.0,44.34,44.0,90.0,6.67,-7.99,19.86,2.08,7.45,0.9,14.80
44801,-1.56,0.0,14.59,8.0,0.41,2970.0,0,0,14.7,16.0,44.34,44.0,90.0,6.67,-7.99,20.04,2.08,7.45,0.9,14.80
44872,-1.56,0.0,14.59,8.0,0.4,2964.0,0,0,14.7,16.0,44.34,44.0,90.0,6.67,-7.99,19.95,2.08,7.45,0.9,14.80
44943,-1.56,0.0,14.7,8.0,0.4,2990.0,0,0,14.7,16.0,44.34,44.0,90.0,6.67,-7.97,19.77,2.08,7.45,0.9,14.80
45014,-1.56,0.0,14.7,8.0,0.4,2989.0,0,0,14.7,16.0,44.34,44.0,90.0,6.67,-7.97,20.04,2.08,7.45,0.9,14.80
45084,-1.56,0.0,14.7,8.0,0.41,2976.0,0,0,14.7,16.0,44.34,43.5,90.0,6.67,-7.97,19.77,2.08,7.45,0.9,14.80
45156,-1.56,0.0,14.81,8.0,0.4,2995.0,0,0,15.0,16.0,44.34,43.5,90.0,6.82,-7.95,19.6,2.08,7.45,0.9,14.80
45226,-1.56,0.0,14.7,8.0,0.41,2977.0,0,0,14.7,16.0,44.34,44.0,90.0,6.82,-7.93,20.55,2.1,7.84,0.9,14.80
45297,-1.56,0.0,14.7,8.0,0.4,2984.0,0,0,14.7,16.0,44.34,44.0,90.0,6.82,-7.95,19.95,2.08,7.84,0.9,14.80
45367,-1.56,0.0,14.7,8.0,0.41,3000.0,0,0,14.7,16.0,44.34,44.0,90.0,6.82,-7.93,20.14,2.08,7.84,0.9,14.80
45439,-1.56,0.0,14.7,8.0,0.41,3006.0,0,0,14.7,16.0,44.34,44.0,90.0,6.82,-7.93,20.4,2.08,7.84,0.9,14.80
45510,-1.56,0.0,14.59,8.0,0.41,2990.0,0,0,14.7,16.0,44.34,44.0,90.0,6.82,-7.91,20.31,2.1,7.84,0.9,14.80
45581,-1.56,0.0,14.7,8.0,0.41,2986.0,0,0,14.7,16.0,44.34,44.0,90.0,6.82,-7.89,20.4,2.1,7.84,0.9,14.80
45651,-2.34,0.0,14.59,8.0,0.41,3008.0,0,0,14.7,16.0,44.34,44.0,90.0,6.82,-7.87,20.31,2.08,7.84,0.9,14.80
45722,-2.34,0.0,14.59,8.0,0.4,3010.0,0,0,14.7,16.0,44.34,44.0,90.0,6.82,-7.87,20.04,2.08,7.84,0.9,14.80
45793,-1.56,0.0,14.47,8.0,0.4,2994.0,0,0,14.7,16.0,44.34,44.0,90.0,6.82,-7.87,20.04,2.08,7.84,0.9,14.80
45864,-1.56,0.0,14.59,8.0,0.41,2995.0,0,0,14.7,16.0,44.34,44.0,90.0,6.82,-7.87,20.61,2.1,7.84,0.9,14.80
45934,-0.78,0.0,14.81,8.0,0.41,3016.0,0,0,14.7,16.0,44.34,44.0,90.0,6.82,-7.85,20.4,2.1,7.84,0.9,14.80
46005,-1.56,0.0,14.7,8.0,0.41,3000.0,0,0,14.7,16.0,44.34,44.0,90.0,6.82,-7.85,20.31,2.1,7.84,0.9,14.80
46076,-1.56,0.0,14.59,8.0,0.41,3017.0,0,0,14.7,16.0,44.34,44.0,90.0,6.82,-7.85,20.49,2.1,7.84,0.9,14.80
46147,-1.56,0.0,14.59,8.0,0.41,3017.0,0,0,14.7,16.0,44.34,44.0,90.0,6.82,-7.87,20.52,2.1,7.84,0.9,14.80
46217,-1.56,0.0,14.59,8.0,0.41,3001.0,0,0,14.7,16.0,44.34,44.0,90.0,6.82,-7.83,20.55,2.1,7.84,0.9,14.80
46289,-1.56,0.0,14.59,8.0,0.42,3002.0,0,0,14.7,16.0,44.34,44.0,90.0,6.82,-7.85,20.67,2.12,7.84,0.9,14.80
46359,-2.34,0.0,14.59,8.0,0.41,3019.0,0,0,14.7,16.0,44.34,44.0,90.0,6.82,-7.85,20.52,2.1,7.84,0.9,14.80
46430,-2.34,0.0,14.47,8.0,0.41,3002.0,0,0,14.7,16.0,44.34,44.0,90.0,6.82,-7.85,20.04,2.1,7.84,0.9,14.80
46501,-1.56,0.0,14.59,8.0,0.41,3006.0,0,0,14.7,16.0,44.34,44.0,90.0,6.82,-7.85,20.59,2.08,7.84,0.9,14.80
46572,-1.56,0.0,14.7,8.0,0.41,3025.0,0,0,14.7,16.0,44.34,44.0,90.0,6.82,-7.85,20.61,2.1,7.84,0.9,14.80
46643,-1.56,0.0,14.7,8.0,0.41,3026.0,0,0,14.7,16.0,44.34,44.0,90.0,6.82,-7.85,20.55,2.1,7.84,0.9,14.80
46713,-1.56,0.0,14.81,8.0,0.41,3016.0,0,0,14.7,16.0,44.34,44.0,90.0,6.82,-7.83,20.55,2.1,7.84,0.9,14.80
46784,-1.56,0.0,14.59,8.0,0.41,3029.0,0,0,14.7,16.0,44.34,44.0,90.0,6.82,-7.83,20.67,2.1,7.84,0.9,14.80
46855,-1.56,0.0,14.59,8.0,0.41,3036.0,0,0,14.7,16.0,44.34,44.0,90.0,6.82,-7.83,20.55,2.1,7.84,0.9,14.80
46926,-2.34,0.0,14.59,8.0,0.41,3020.0,0,0,14.7,16.0,44.34,44.0,90.0,6.82,-7.85,20.54,2.1,7.84,0.9,14.80
46997,-1.56,0.0,14.59,8.0,0.41,3040.0,0,0,14.7,16.0,44.34,44.0,90.0,6.82,-7.83,20.31,2.1,7.84,0.9,14.80
47068,-1.56,0.0,14.7,8.0,0.4,3026.0,0,0,14.98,16.0,44.34,44.0,90.0,6.82,-7.85,20.04,2.1,7.84,0.9,14.80
47139,-1.56,0.0,14.7,8.0,0.4,3026.0,0,0,14.7,16.0,44.34,44.0,90.0,6.82,-7.85,20.4,2.1,7.84,0.9,14.80
47209,-0.78,0.0,14.81,8.0,0.4,3045.0,0,0,14.7,16.0,44.34,44.0,90.0,6.82,-7.85,20.4,2.1,7.84,0.9,14.80
47281,-0.78,0.0,14.7,8.0,0.4,3034.0,0,0,14.7,16.0,44.34,43.5,90.0,6.82,-7.85,20.61,2.08,7.84,0.9,14.80
47351,-0.78,0.0,14.7,8.0,0.4,3034.0,0,0,14.7,16.0,44.34,44.0,90.0,6.82,-7.85,20.31,2.1,7.84,0.9,14.80
47423,-0.78,0.0,14.7,8.0,0.4,3050.0,0,0,14.7,16.0,44.34,44.0,90.0,6.82,-7.85,20.55,2.1,7.84,0.9,14.80
47493,-0.78,0.0,14.7,8.0,0.4,3051.0,0,0,14.7,16.0,44.34,44.0,90.0,6.82,-7.85,20.4,2.1,7.84,0.9,14.80
47563,-0.78,0.0,14.7,8.0,0.4,3038.0,0,0,14.7,16.0,44.34,44.0,90.0,6.82,-7.87,20.21,2.1,7.84,0.9,14.80
47635,-0.78,0.0,14.7,8.0,0.41,3055.0,0,0,14.7,16.0,44.34,44.0,90.0,6.82,-7.85,20.54,2.1,7.84,0.9,14.80
47705,-0.78,0.0,14.7,8.0,0.4,3056.0,0,0,14.7,16.0,44.34,44.0,90.0,6.82,-7.85,20.54,2.1,7.84,0.9,14.80
47776,-0.78,0.0,14.7,8.0,0.4,3041.0,0,0,14.7,16.0,44.34,44.0,90.0,6.82,-7.85,20.67,2.1,7.84,0.9,14.80
47847,-0.78,0.0,14.7,8.0,0.41,3062.0,0,0,14.7,16.0,44.34,44.0,90.0,6.82,-7.85,20.61,2.1,7.84,0.9,14.80
47918,-1.56,0.0,14.59,8.0,0.4,3044.0,0,0,14.7,16.0,44.34,44.0,90.0,6.82,-7.85,20.4,2.1,7.84,0.92,14.80
47988,-1.56,0.0,14.47,8.0,0.41,3060.0,0,0,14.7,16.0,44.34,44.0,90.0,6.82,-7.85,20.54,2.1,7.84,0.9,14.80
48059,-1.56,0.0,14.59,8.0,0.41,3065.0,0,0,14.7,16.0,44.34,44.0,90.0,6.82,-7.85,20.4,2.1,7.84,0.9,14.80
48130,-0.78,0.0,14.59,8.0,0.4,3050.0,0,0,14.7,16.0,44.34,44.0,90.0,6.82,-7.85,20.61,2.1,7.84,0.9,14.80
48201,-0.78,0.0,14.59,8.0,0.4,3070.0,0,0,14.7,16.0,44.34,44.0,90.0,6.82,-7.85,20.45,2.1,7.84,0.9,14.80
48272,-1.56,0.0,14.7,8.0,0.41,3068.0,0,0,14.7,16.0,44.34,44.0,90.0,6.82,-7.85,20.67,2.1,7.84,0.9,14.80
48343,-1.56,0.0,14.59,8.0,0.39,3054.0,0,0,14.7,16.0,43.98,44.0,90.0,6.82,-7.83,20.04,2.1,7.84,0.9,14.80
48414,-1.56,0.0,14.59,8.0,0.41,3072.0,0,0,14.7,16.0,44.34,43.5,90.0,6.82,-7.85,20.61,2.1,7.84,0.9,14.80
48485,-1.56,0.0,14.47,8.0,0.4,3052.0,0,0,14.7,16.0,44.34,44.0,90.0,6.82,-7.83,20.87,2.1,7.84,0.9,14.80
48556,-2.34,0.0,14.47,8.0,0.4,3062.0,0,0,14.7,16.0,44.34,44.0,90.0,6.82,-7.83,20.61,2.1,7.84,0.9,14.80
48627,-2.34,0.0,14.47,8.0,0.41,3078.0,0,0,14.7,16.0,44.34,44.0,90.0,6.82,-7.83,20.68,2.12,7.84,0.9,14.80
48698,-2.34,0.0,14.47,8.0,0.4,3064.0,0,0,14.7,16.0,44.34,44.0,90.0,6.82,-7.83,20.31,2.1,7.84,0.9,14.80
48768,-1.56,0.0,14.59,8.0,0.4,3084.0,0,0,14.7,16.0,44.34,44.0,90.0,6.82,-7.85,20.61,2.1,7.84,0.92,14.80
48840,-1.56,0.0,14.7,8.0,0.4,3065.0,0,0,14.7,16.0,44.34,44.0,90.0,6.82,-7.85,20.61,2.1,7.84,0.9,14.80
48910,-1.56,0.0,14.7,8.0,0.41,3084.0,0,0,14.7,16.0,44.34,44.0,90.0,6.82,-7.83,20.8,2.12,8.24,0.9,14.80
48981,-1.56,0.0,14.59,8.0,0.4,3084.0,0,0,14.7,16.0,44.34,44.0,90.0,6.82,-7.83,20.68,2.1,7.84,0.9,14.80
49052,-2.34,0.0,14.59,8.0,0.4,3066.0,0,0,14.7,16.0,44.34,44.0,90.0,6.82,-7.81,20.68,2.1,7.84,0.9,14.80
49122,-2.34,0.0,14.59,8.0,0.4,3088.0,0,0,14.7,16.0,44.34,44.0,90.0,6.82,-7.81,20.61,2.1,8.24,0.9,14.80
49194,-1.56,0.0,14.59,8.0,0.41,3086.0,0,0,14.7,16.0,44.34,44.0,90.0,6.82,-7.81,20.8,2.1,7.84,0.9,14.80
49264,-1.56,0.0,14.7,8.0,0.4,3070.0,0,0,14.7,16.0,44.34,44.0,90.0,6.82,-7.81,20.8,2.1,8.24,0.9,14.80
49335,-1.56,0.0,14.7,8.0,0.4,3090.0,0,0,14.7,16.0,44.34,44.0,90.0,6.82,-7.81,20.87,2.12,7.84,0.9,14.80
49406,-1.56,0.0,14.59,8.0,0.41,3072.0,0,0,14.7,16.0,44.34,44.0,90.0,6.96,-7.81,20.74,2.12,8.24,0.9,14.80
49477,-1.56,0.0,14.7,8.0,0.41,3074.0,0,0,14.7,16.0,44.34,44.0,90.0,6.96,-7.79,20.81,2.1,8.24,0.92,14.80
49548,-1.56,0.0,14.7,8.0,0.41,3075.0,0,0,14.7,16.0,44.34,44.0,90.0,6.96,-7.79,20.81,2.12,8.24,0.92,14.80
49619,-1.56,0.0,14.7,8.0,0.4,3096.0,0,0,14.7,16.0,44.34,44.0,90.0,6.96,-7.77,20.87,2.12,8.24,0.92,14.80
49689,-1.56,0.0,14.7,8.0,0.41,3100.0,0,0,14.7,16.0,44.34,44.0,90.0,6.96,-7.79,20.87,2.12,8.24,0.92,14.80
49760,-1.56,0.0,14.59,8.0,0.41,3081.0,0,0,14.7,16.0,44.34,44.0,90.0,6.96,-7.75,20.92,2.12,8.24,0.92,14.80
49831,-1.56,0.0,14.7,8.0,0.4,3099.0,0,0,14.7,16.0,44.34,44.0,90.0,6.96,-7.75,20.87,2.1,8.24,0.92,14.80
49902,-2.34,0.0,14.59,8.0,0.4,3088.0,0,0,14.7,16.0,44.34,44.0,90.0,6.96,-7.75,20.8,2.1,8.24,0.92,14.80
49973,-1.56,0.0,14.47,8.0,0.41,3084.0,0,0,14.7,16.0,44.34,44.0,90.0,6.96,-7.75,20.99,2.1,8.24,0.92,14.80
50044,-1.56,-0.78,14.7,8.0,0.4,3110.0,0,0,14.7,16.0,44.34,44.0,90.0,6.96,-7.75,20.8,2.1,8.24,0.92,14.80
50114,-1.56,-0.78,14.7,8.0,0.4,3090.0,0,0,14.7,16.0,44.34,44.0,90.0,6.96,-7.73,20.87,2.12,8.24,0.92,14.80
50185,-1.56,-0.78,14.81,8.0,0.4,3109.0,0,0,14.7,16.0,44.34,44.0,90.0,6.96,-7.73,20.8,2.1,8.24,0.92,14.80
50256,-1.56,-0.78,14.81,8.0,0.41,3109.0,0,0,14.7,16.0,44.34,44.0,90.0,6.96,-7.72,21.05,2.12,8.24,0.92,14.80
50327,-0.78,-0.78,14.7,8.0,0.4,3094.0,0,0,14.7,16.0,44.34,44.0,90.0,6.96,-7.72,20.92,2.12,8.24,0.92,14.80
50397,-0.78,-0.78,14.7,8.0,0.41,3095.0,0,0,14.7,16.0,44.34,44.0,90.0,6.96,-7.7,21.18,2.12,8.24,0.92,14.80
50469,-0.78,-0.78,14.7,8.0,0.4,3096.0,0,0,14.7,16.0,44.34,44.0,90.0,6.96,-7.7,21.18,2.14,8.24,0.92,14.80
50539,-0.78,-0.78,14.7,8.0,0.42,3110.0,0,0,14.7,16.0,44.34,44.0,90.0,6.96,-7.7,21.12,2.12,8.24,0.92,14.80
50610,-0.78,-0.78,14.7,8.0,0.41,3096.0,0,0,14.7,16.0,44.34,44.0,90.0,6.96,-7.68,21.05,2.1,8.24,0.92,14.80
50681,-0.78,-0.78,14.7,8.0,0.41,3120.0,0,0,14.7,16.0,44.34,44.0,90.0,7.11,-7.66,21.18,2.12,8.63,0.92,14.80
50751,-0.78,-0.78,14.81,8.0,0.41,3104.0,0,0,14.7,16.0,44.34,44.0,90.0,7.11,-7.66,21.05,2.12,8.63,0.92,14.80
50823,-0.78,-0.78,14.7,8.0,0.41,3108.0,0,0,14.7,16.0,44.34,44.0,90.0,7.11,-7.64,21.18,2.12,8.63,0.92,14.80
50893,-0.78,-0.78,14.81,8.0,0.41,3125.0,0,0,14.7,16.0,44.34,44.0,90.0,7.11,-7.64,21.18,2.12,8.63,0.92,14.80
50964,-0.78,-0.78,14.7,8.0,0.41,3108.0,0,0,14.7,16.0,44.34,44.0,90.0,7.11,-7.64,21.44,2.12,8.63,0.92,14.80
51035,0.0,-0.78,14.7,8.0,0.41,3131.0,0,0,14.7,16.0,44.34,44.0,90.0,7.11,-7.62,21.44,2.12,8.63,0.92,14.80
51106,-0.78,-0.78,14.7,8.0,0.4,3110.0,0,0,14.7,16.0,44.34,44.0,90.0,7.11,-7.62,20.98,2.12,8.63,0.92,14.80
51177,-0.78,-0.78,14.7,8.0,0.41,3129.0,0,0,14.7,16.0,44.34,44.0,90.0,7.11,-7.58,21.37,2.14,8.63,0.92,14.80
51248,0.0,-0.78,14.7,8.0,0.42,3118.0,0,0,14.7,16.0,44.34,44.0,90.0,7.11,-7.56,21.56,2.14,8.63,0.94,14.80
51318,0.0,-0.78,14.7,8.0,0.41,3140.0,0,0,14.7,16.0,44.34,44.0,90.0,7.11,-7.54,21.37,2.14,8.63,0.94,14.80
51390,0.0,-0.78,14.81,8.0,0.42,3118.0,0,0,14.7,16.0,44.34,44.0,90.0,7.11,-7.52,21.56,2.14,8.63,0.94,14.80
51460,0.0,-0.78,14.7,8.0,0.42,3139.0,0,0,14.7,16.0,44.34,44.0,90.0,7.25,-7.52,21.76,2.14,8.63,0.94,14.80
51531,0.0,-0.78,14.7,8.0,0.42,3126.0,0,0,14.7,16.0,44.34,44.0,90.0,7.11,-7.5,21.82,2.14,8.63,0.94,14.80
51602,0.0,-0.78,14.81,8.0,0.41,3128.0,0,0,14.7,16.0,44.34,44.0,90.0,7.25,-7.46,21.62,2.16,8.63,0.94,14.80
51673,0.0,-0.78,14.7,8.0,0.42,3148.0,0,0,14.7,16.0,44.34,44.0,90.0,7.25,-7.46,21.95,2.14,8.63,0.94,14.80
51744,0.0,-0.78,14.7,8.0,0.42,3128.0,0,0,14.7,16.0,44.34,44.0,90.0,7.25,-7.44,21.82,2.14,9.02,0.94,14.80
51815,0.0,-0.78,14.7,8.0,0.42,3148.0,0,0,14.7,16.0,44.34,44.0,90.0,7.25,-7.43,21.82,2.16,9.02,0.94,14.80
51886,0.0,-0.78,14.7,8.0,0.42,3134.0,0,0,14.7,16.0,44.34,44.0,90.0,7.25,-7.43,22.13,2.16,9.02,0.94,14.80
51957,0.78,-0.78,14.59,8.0,0.42,3152.0,0,0,14.7,16.0,44.34,44.0,90.0,7.25,-7.39,22.08,2.16,9.02,0.94,14.80
52028,0.78,-0.78,14.7,8.0,0.42,3136.0,0,0,14.7,16.0,44.34,44.0,90.0,7.4,-7.37,21.89,2.16,9.02,0.94,14.80
52099,0.78,-0.78,14.81,8.0,0.42,3156.0,0,0,14.7,16.0,44.34,44.0,90.0,7.4,-7.37,22.08,2.16,9.02,0.94,14.80
52169,0.78,-0.78,14.7,8.0,0.42,3139.0,0,0,14.7,16.0,44.34,44.0,90.0,7.4,-7.35,21.89,2.16,9.02,0.94,14.80
52240,0.78,-0.78,14.7,8.0,0.42,3162.0,0,0,14.7,16.0,44.34,44.0,90.0,7.4,-7.35,22.13,2.18,9.02,0.94,14.80
52311,0.78,-0.78,14.7,8.0,0.42,3144.0,0,0,14.7,16.0,44.34,44.0,90.0,7.4,-7.33,22.08,2.16,9.02,0.94,14.80
52382,0.78,-0.78,14.7,8.0,0.42,3162.0,0,0,14.7,16.0,44.34,44.0,90.0,7.4,-7.29,22.08,2.16,9.02,0.94,14.80
52453,0.78,-0.78,14.7,8.0,0.42,3146.0,0,0,14.7,16.0,44.34,44.0,90.0,7.4,-7.29,22.08,2.16,9.02,0.94,14.80
52523,1.56,-0.78,14.7,8.0,0.43,3170.0,0,0,14.7,16.0,44.34,44.0,90.0,7.4,-7.29,22.47,2.16,9.02,0.94,14.80
52594,0.78,-0.78,14.7,8.0,0.42,3168.0,0,0,14.7,16.0,44.34,44.0,90.0,7.4,-7.27,22.26,2.16,9.41,0.96,14.80
52664,0.78,-0.78,14.7,8.0,0.42,3158.0,0,0,14.7,16.0,44.34,44.0,90.0,7.4,-7.27,22.19,2.16,9.41,0.94,14.80
52736,0.78,-0.78,14.59,8.0,0.42,3170.0,0,0,14.7,16.0,44.34,44.0,90.0,7.4,-7.25,22.32,2.16,9.41,0.96,14.80
52806,0.78,-0.78,14.7,8.0,0.42,3158.0,0,0,14.7,16.0,44.34,44.0,90.0,7.4,-7.23,22.32,2.16,9.41,0.96,14.80
52877,1.56,-0.78,14.7,8.0,0.42,3180.0,0,0,14.7,16.0,44.34,44.0,90.0,7.4,-7.23,22.45,2.18,9.41,0.96,14.80
52947,1.56,-0.78,14.7,8.0,0.42,3162.0,0,0,14.7,16.0,44.34,44.0,90.0,7.4,-7.23,22.26,2.16,9.41,0.96,14.80
53019,1.56,-0.78,14.81,8.0,0.43,3164.0,0,0,14.7,16.0,44.34,44.0,90.0,7.55,-7.19,22.6,2.18,9.41,0.96,14.80
53089,1.56,-0.78,14.7,8.0,0.43,3184.0,0,0,14.7,16.0,44.34,44.0,90.0,7.55,-7.19,22.53,2.18,9.41,0.96,14.80
53160,2.34,-0.78,14.7,8.0,0.42,3164.0,0,0,14.7,16.0,44.34,44.0,90.0,7.55,-7.17,22.33,2.18,9.41,0.96,14.80
53230,1.56,-0.78,14.81,8.0,0.42,3186.0,0,0,14.7,16.0,44.34,44.0,90.0,7.55,-7.17,22.77,2.18,9.41,0.96,14.80
53302,1.56,-0.78,14.7,8.0,0.43,3175.0,0,0,14.7,16.0,44.34,44.0,90.0,7.55,-7.15,22.77,2.18,9.41,0.96,14.80
53372,1.56,-0.78,14.7,8.0,0.42,3191.0,0,0,14.7,16.0,44.34,44.0,90.0,7.55,-7.15,22.6,2.18,9.41,0.96,14.80
53443,1.56,-0.78,14.7,8.0,0.42,3175.0,0,0,14.7,16.0,44.34,44.0,90.0,7.55,-7.15,22.69,2.18,9.41,0.96,14.80
53514,1.56,-0.78,14.59,8.0,0.42,3198.0,0,0,14.7,16.0,44.34,44.0,90.0,7.55,-7.12,22.6,2.18,9.41,0.96,14.80
53584,2.34,-0.78,14.59,8.0,0.43,3178.0,0,0,14.7,16.0,44.34,44.0,90.0,7.55,-7.14,22.77,2.18,9.41,0.96,14.80
53656,2.34,-0.78,14.7,8.0,0.43,3202.0,0,0,14.7,16.0,44.34,44.0,90.0,7.55,-7.1,22.86,2.2,9.41,0.96,14.80
53727,2.34,-0.78,14.7,8.0,0.43,3201.0,0,0,14.7,16.0,44.34,44.0,90.0,7.55,-7.1,23.12,2.18,9.41,0.96,14.80
53798,2.34,-0.78,14.7,8.0,0.44,3186.0,0,0,14.7,16.0,44.34,44.0,90.0,7.69,-7.08,22.95,2.2,9.8,0.96,14.80
53869,1.56,-0.78,14.59,8.0,0.42,3188.0,0,0,14.7,16.0,44.34,44.0,90.0,7.69,-7.06,23.04,2.18,9.41,0.96,14.80
53941,1.56,0.0,14.59,8.0,0.44,3209.0,0,0,14.7,16.0,44.34,44.0,90.0,7.69,-7.06,22.86,2.2,9.8,0.96,14.80
54011,1.56,0.0,14.59,8.0,0.43,3193.0,0,0,14.7,16.0,44.34,44.0,90.0,7.69,-7.06,23.28,2.2,9.8,0.96,14.80
54082,1.56,0.0,14.7,8.0,0.43,3214.0,0,0,14.7,16.0,44.34,44.0,90.0,7.69,-7.06,23.12,2.2,9.41,0.96,14.80
54153,1.56,0.0,14.59,8.0,0.44,3196.0,0,0,14.7,16.0,44.34,44.0,90.0,7.69,-7.06,22.86,2.2,9.8,0.96,14.80
54224,2.34,0.0,14.7,8.0,0.44,3220.0,0,0,14.7,16.0,44.34,44.0,90.0,7.69,-7.04,23.46,2.2,9.8,0.96,14.80
54295,1.56,0.0,14.7,8.0,0.44,3204.0,0,0,14.7,16.0,44.34,44.0,90.0,7.69,-7.06,23.63,2.2,9.8,0.96,14.80
54366,1.56,0.0,14.7,8.0,0.44,3224.0,0,0,14.7,16.0,44.34,44.0,90.0,7.69,-7.06,23.46,2.2,9.8,0.96,14.80
54436,0.78,0.0,14.59,8.0,0.43,3226.0,0,0,14.7,16.0,44.34,44.0,90.0,7.69,-7.06,23.21,2.2,9.8,0.96,14.80
54507,1.56,0.0,14.47,8.0,0.44,3209.0,0,0,14.7,16.0,44.34,44.0,90.0,7.69,-7.0,23.38,2.2,9.8,0.96,14.80
54578,1.56,0.0,14.47,8.0,0.43,3234.0,0,0,14.7,16.0,44.34,44.0,90.0,7.69,-7.0,23.28,2.2,9.8,0.96,14.80
54649,2.34,0.0,14.81,8.0,0.43,3209.0,0,0,14.7,16.0,44.34,44.0,90.0,7.69,-7.0,23.12,2.2,9.8,0.96,14.80
54720,1.56,0.0,14.81,8.0,0.43,3240.0,0,0,14.7,16.0,44.34,44.0,90.0,7.69,-7.0,23.38,2.2,9.8,0.96,14.80
54792,2.34,0.0,14.7,8.0,0.44,3245.0,0,0,14.7,16.0,44.34,44.0,90.0,7.69,-7.0,23.38,2.2,9.8,0.96,14.80
54862,1.56,0.0,14.7,8.0,0.44,3224.0,0,0,14.7,16.0,44.34,44.0,90.0,7.69,-7.0,23.98,2.22,9.8,0.96,14.80
54934,1.56,0.0,14.7,8.0,0.44,3251.0,0,0,14.95,16.0,44.34,44.0,90.0,7.69,-7.0,23.72,2.2,9.8,0.96,14.80
55004,0.78,0.0,14.59,8.0,0.43,3231.0,0,0,14.7,16.0,44.34,44.0,90.0,7.69,-7.0,23.63,2.2,9.8,0.96,14.80
55075,0.78,0.0,14.36,8.0,0.43,3255.0,0,0,14.7,16.0,44.34,44.0,90.0,7.69,-7.02,23.21,2.2,9.8,0.96,14.80
55146,1.56,0.0,14.47,8.0,0.44,3240.0,0,0,14.7,16.0,44.34,44.0,90.0,7.69,-7.0,23.46,2.2,9.8,0.96,14.80
55217,1.56,0.0,14.59,8.0,0.43,3259.0,0,0,14.7,16.0,44.34,44.0,90.0,7.69,-7.04,23.46,2.2,9.8,0.96,14.80
55287,1.56,0.0,14.7,8.0,0.43,3242.0,0,0,14.7,16.0,44.34,44.0,90.0,7.69,-7.0,23.46,2.2,9.8,0.98,14.80
55359,1.56,0.0,14.7,8.0,0.43,3265.0,0,0,14.7,16.0,44.34,44.0,90.0,7.69,-7.04,23.28,2.2,9.8,0.96,14.80
55430,1.56,0.0,14.59,8.0,0.43,3270.0,0,0,14.7,16.0,44.34,44.0,90.0,7.69,-7.04,23.28,2.2,9.8,0.98,14.80
55501,0.78,0.0,14.59,8.0,0.43,3252.0,0,0,14.7,16.0,44.34,44.0,90.0,7.69,-7.04,23.55,2.2,9.8,0.98,14.80
55571,1.56,0.0,14.59,8.0,0.43,3262.0,0,0,14.7,16.0,44.34,44.0,90.0,7.69,-7.04,23.63,2.2,9.8,0.96,14.80
55643,1.56,0.0,14.47,8.0,0.44,3278.0,0,0,14.7,16.0,44.34,44.0,90.0,7.69,-7.06,23.8,2.22,9.8,0.96,14.80
55713,1.56,0.0,14.7,8.0,0.43,3270.0,0,0,14.7,16.0,44.34,44.0,90.0,7.69,-7.06,23.28,2.2,9.8,0.98,14.80
55784,0.78,0.0,14.59,8.0,0.43,3285.0,0,0,14.7,16.0,44.34,44.0,90.0,7.69,-7.06,23.72,2.2,9.8,0.96,14.80
55854,1.56,0.0,14.59,8.0,0.43,3294.0,0,0,14.7,16.0,44.34,44.0,90.0,7.69,-7.08,23.63,2.22,9.8,0.96,14.80
55925,0.78,0.0,14.59,8.0,0.43,3274.0,0,0,14.7,16.0,44.34,44.0,90.0,7.69,-7.08,23.46,2.2,9.8,0.96,14.80
55995,0.78,0.0,14.59,8.0,0.42,3295.0,0,0,14.7,16.0,44.34,44.0,90.0,7.69,-7.08,23.28,2.2,9.8,0.96,14.80
56067,1.56,0.0,14.59,8.0,0.43,3280.0,0,0,14.7,16.0,44.34,44.0,90.0,7.69,-7.08,23.8,2.22,9.8,0.96,14.80
56137,1.56,0.0,14.7,8.0,0.43,3298.0,0,0,14.7,16.0,44.34,44.0,90.0,7.69,-7.08,23.55,2.2,9.8,0.98,14.80
56208,0.78,0.0,14.81,8.0,0.43,3302.0,0,0,14.7,16.0,44.34,44.0,90.0,7.55,-7.08,23.63,2.2,9.8,0.98,14.80
56278,0.78,0.0,14.59,8.0,0.42,3282.0,0,0,14.7,16.0,44.34,44.0,90.0,7.55,-7.1,23.28,2.2,9.8,0.98,14.80
56349,1.56,0.0,14.59,8.0,0.43,3312.0,0,0,14.7,16.0,44.34,44.0,90.0,7.55,-7.1,23.37,2.2,9.8,0.96,14.80
56421,1.56,0.0,14.7,8.0,0.42,3292.0,0,0,14.7,16.0,44.34,44.0,90.0,7.55,-7.1,23.46,2.2,9.8,0.96,14.80
56491,1.56,0.0,14.7,8.0,0.42,3318.0,0,0,14.26,16.0,44.34,44.0,90.0,7.55,-7.1,23.55,2.2,9.8,0.96,14.80
56562,1.56,0.0,14.7,8.0,0.43,3299.0,0,0,14.7,16.0,44.34,44.0,90.0,7.55,-7.1,23.55,2.22,9.8,0.98,14.80
56632,0.78,0.0,14.7,8.0,0.42,3321.0,0,0,14.7,16.0,44.34,44.0,90.0,7.55,-7.1,23.12,2.2,9.8,0.96,14.80
56704,1.56,0.0,14.59,8.0,0.42,3304.0,0,0,14.7,16.0,44.34,44.0,90.0,7.55,-7.12,23.55,2.2,9.8,0.98,14.80
56774,1.56,0.0,14.59,8.0,0.42,3302.0,0,0,14.7,16.0,44.34,44.0,90.0,7.55,-7.12,23.38,2.2,9.8,0.96,14.80
56845,1.56,0.0,14.59,8.0,0.43,3326.0,0,0,14.7,16.0,44.34,44.0,90.0,7.55,-7.12,23.72,2.2,9.8,0.96,14.80
56916,0.78,0.0,14.59,8.0,0.43,3310.0,0,0,14.7,16.0,44.34,44.0,90.0,7.55,-7.14,23.72,2.2,9.8,0.96,14.80
56987,0.78,0.0,14.47,8.0,0.42,3328.0,0,0,14.7,16.0,44.34,44.0,90.0,7.55,-7.12,23.46,2.2,9.8,0.96,14.80
57057,0.78,0.0,14.47,8.0,0.42,3333.0,0,0,14.7,16.0,44.34,44.0,90.0,7.55,-7.1,23.28,2.2,9.8,0.96,14.80
57128,0.78,0.0,14.47,8.0,0.42,3316.0,0,0,14.7,16.0,44.34,44.0,90.0,7.55,-7.15,23.63,2.22,9.8,0.96,14.80
57199,0.78,0.0,14.59,8.0,0.42,3339.0,0,0,14.7,16.0,44.34,44.0,90.0,7.55,-7.14,23.63,2.2,9.8,0.96,14.80
57270,0.78,0.0,14.59,8.0,0.42,3321.0,0,0,14.7,16.0,44.34,44.0,90.0,7.55,-7.15,23.46,2.2,9.8,0.98,14.80
57340,0.78,0.0,14.59,8.0,0.42,3324.0,0,0,14.7,16.0,44.34,44.0,90.0,7.55,-7.15,23.63,2.2,9.8,0.98,14.80
57412,0.78,0.0,14.7,8.0,0.42,3328.0,0,0,14.7,16.0,44.34,44.0,90.0,7.55,-7.15,23.46,2.2,9.8,0.96,14.80
57482,1.56,0.0,14.7,8.0,0.43,3352.0,0,0,14.7,16.0,44.34,44.0,90.0,7.55,-7.17,23.46,2.22,9.8,0.96,14.80
57554,0.78,0.0,14.7,8.0,0.43,3354.0,0,0,14.7,16.0,44.34,44.0,90.0,7.55,-7.17,23.55,2.2,9.8,0.98,14.80
57624,0.78,0.0,14.7,8.0,0.42,3340.0,0,0,14.7,16.0,44.34,44.0,90.0,7.55,-7.17,23.46,2.22,9.8,0.96,14.80
57695,0.78,0.0,14.59,8.0,0.42,3360.0,0,0,14.7,16.0,44.34,44.0,90.0,7.55,-7.17,23.72,2.22,9.8,0.96,14.80
57766,0.78,0.0,14.59,8.0,0.42,3364.0,0,0,14.7,16.0,44.34,44.0,90.0,7.55,-7.17,23.46,2.22,9.8,0.96,14.80
57837,0.78,0.0,14.59,8.0,0.42,3346.0,0,0,14.7,16.0,44.34,44.0,90.0,7.55,-7.19,23.63,2.22,9.8,0.96,14.80
57907,0.78,0.0,14.59,8.0,0.42,3369.0,0,0,14.7,16.0,44.34,44.0,90.0,7.55,-7.19,23.63,2.2,9.8,0.96,14.80
57978,0.78,0.0,14.7,8.0,0.42,3369.0,0,0,14.7,16.0,44.34,44.0,90.0,7.55,-7.19,23.63,2.2,9.8,0.98,14.80
58049,0.78,0.0,14.7,8.0,0.42,3360.0,0,0,14.7,16.0,44.34,44.0,90.0,7.55,-7.21,23.63,2.22,9.8,0.98,14.80
58120,0.78,0.0,14.59,8.0,0.42,3360.0,0,0,14.7,16.0,44.34,44.0,90.0,7.55,-7.19,23.55,2.22,9.8,0.96,14.80
58191,0.0,0.0,14.59,8.0,0.41,3368.0,0,0,14.7,16.0,44.34,44.0,90.0,7.55,-7.23,23.55,2.2,9.8,0.98,14.80
58262,0.78,0.0,14.59,8.0,0.42,3372.0,0,0,14.7,16.0,44.34,44.0,90.0,7.4,-7.23,23.63,2.22,9.8,0.98,14.80
58332,0.78,0.0,14.7,8.0,0.42,3395.0,0,0,14.7,16.0,44.34,44.0,90.0,7.4,-7.25,23.38,2.2,9.8,0.98,14.80
58403,0.78,0.78,14.59,8.0,0.42,3378.0,0,0,14.7,16.0,44.34,44.0,90.0,7.4,-7.25,23.63,2.22,9.8,0.96,14.80
58474,0.78,0.78,14.7,8.0,0.42,3383.0,0,0,14.7,16.0,44.34,44.0,90.0,7.4,-7.25,23.55,2.22,9.8,0.96,14.80
58545,0.78,0.78,14.59,8.0,0.41,3402.0,0,0,14.7,16.0,44.34,44.0,90.0,7.4,-7.25,23.63,2.22,9.8,0.96,14.80
58615,0.78,0.78,14.59,8.0,0.42,3402.0,0,0,14.7,16.0,44.34,44.0,90.0,7.4,-7.25,23.46,2.2,9.8,0.96,14.80
58686,0.78,0.78,14.59,8.0,0.41,3390.0,0,0,14.7,16.0,44.34,44.0,90.0,7.4,-7.29,23.55,2.2,9.8,0.98,14.80
58757,0.78,0.78,14.7,8.0,0.42,3415.0,0,0,14.7,16.0,44.34,44.0,90.0,7.4,-7.29,23.98,2.22,9.8,0.96,14.80
58828,0.78,0.78,14.7,8.0,0.42,3418.0,0,0,14.7,16.0,44.34,44.0,90.0,7.4,-7.29,23.63,2.2,9.8,0.96,14.80
58898,0.0,0.78,14.7,8.0,0.42,3398.0,0,0,14.7,16.0,44.34,44.0,90.0,7.4,-7.29,23.55,2.2,9.8,0.96,14.80
58969,0.0,0.78,14.36,8.0,0.41,3404.0,0,0,14.7,16.0,44.34,44.0,90.0,7.4,-7.29,23.21,2.2,9.8,0.96,14.80
59039,0.78,0.78,14.59,8.0,0.41,3423.0,0,0,14.7,16.0,44.34,44.0,90.0,7.4,-7.33,23.46,2.2,9.8,0.96,14.80
59111,0.78,0.78,14.7,8.0,0.41,3410.0,0,0,14.7,16.0,44.34,44.0,90.0,7.4,-7.33,23.63,2.2,9.8,0.96,14.80
59181,0.78,0.78,14.7,8.0,0.41,3415.0,0,0,14.7,16.0,44.34,44.0,90.0,7.4,-7.35,23.46,2.2,9.8,0.96,14.80
59253,0.0,0.78,14.59,8.0,0.41,3436.0,0,0,14.7,16.0,44.34,44.0,90.0,7.4,-7.35,23.28,2.2,9.8,0.96,14.80
59323,0.0,0.78,14.59,8.0,0.41,3437.0,0,0,14.7,16.0,44.34,44.0,90.0,7.4,-7.35,23.38,2.2,9.8,0.96,14.80
59394,0.78,0.78,14.59,8.0,0.4,3421.0,0,0,14.7,16.0,44.34,44.0,90.0,7.4,-7.37,23.21,2.2,9.8,0.96,14.80
59464,0.0,0.78,14.7,8.0,0.4,3424.0,0,0,14.7,16.0,44.34,44.0,90.0,7.4,-7.39,23.21,2.2,9.8,0.96,14.80
59536,0.78,0.78,14.59,8.0,0.4,3451.0,0,0,14.7,16.0,44.34,44.0,90.0,7.25,-7.37,23.04,2.2,9.8,0.96,14.80
59606,0.78,0.78,14.81,8.0,0.41,3450.0,0,0,14.7,16.0,44.34,44.0,90.0,7.25,-7.41,23.21,2.2,9.8,0.96,14.80
59677,0.78,0.78,14.7,8.0,0.41,3436.0,0,0,14.7,16.0,44.34,44.0,90.0,7.25,-7.44,23.55,2.2,9.8,0.96,14.80
59747,0.78,0.78,14.7,8.0,0.4,3437.0,0,0,14.7,16.0,44.34,44.0,90.0,7.25,-7.44,22.95,2.2,9.8,0.96,14.80
59818,0.0,0.78,14.7,8.0,0.4,3459.0,0,0,14.7,16.0,44.34,44.0,90.0,7.25,-7.44,23.11,2.18,9.41,0.96,14.80
59889,0.0,0.78,14.47,8.0,0.4,3462.0,0,0,14.7,16.0,44.34,44.0,90.0,7.25,-7.46,23.46,2.2,9.41,0.96,14.80
59961,0.78,0.78,14.7,8.0,0.4,3442.0,0,0,14.7,16.0,44.34,44.0,90.0,7.25,-7.48,23.12,2.18,9.41,0.96,14.80
60031,0.0,0.78,14.7,8.0,0.4,3466.0,0,0,14.7,16.0,44.34,44.0,90.0,7.25,-7.5,22.86,2.2,9.41,0.96,14.80
60102,0.78,0.78,14.7,8.0,0.4,3477.0,0,0,14.7,16.0,43.98,44.0,90.0,7.11,-7.52,22.94,2.2,9.41,0.96,14.80
60173,0.78,0.78,14.7,8.0,0.39,3475.0,0,0,14.7,16.0,43.98,44.0,90.0,7.11,-7.52,23.12,2.2,9.41,0.96,14.80
60244,0.0,0.78,14.7,8.0,0.4,3456.0,0,0,14.7,16.0,44.34,44.0,90.0,7.11,-7.54,23.12,2.2,9.41,0.96,14.80
60315,0.0,0.78,14.59,8.0,0.39,3464.0,0,0,14.7,16.0,44.34,44.0,90.0,7.11,-7.58,22.94,2.18,9.41,0.96,14.80
60385,0.78,0.78,14.59,8.0,0.4,3480.0,0,0,14.7,16.0,44.34,44.0,90.0,7.11,-7.56,22.94,2.2,9.41,0.96,14.80
60456,0.78,0.78,14.7,8.0,0.4,3486.0,0,0,14.7,16.0,44.34,44.0,90.0,7.11,-7.58,22.69,2.18,9.41,0.96,14.80
60527,0.78,0.78,14.7,8.0,0.39,3482.0,0,0,14.7,16.0,43.98,44.0,90.0,7.11,-7.58,22.77,2.18,9.41,0.96,14.80
60598,0.78,0.78,14.7,8.0,0.39,3470.0,0,0,14.7,16.0,43.98,43.5,90.0,7.11,-7.6,22.77,2.18,9.41,0.96,14.80
60668,0.78,0.78,14.59,8.0,0.39,3474.0,0,0,14.7,16.0,43.98,43.5,90.0,7.11,-7.6,22.86,2.18,9.41,0.96,14.80
60739,0.78,0.78,14.7,8.0,0.4,3488.0,0,0,14.7,16.0,43.98,43.5,90.0,7.11,-7.62,22.86,2.2,9.41,0.96,14.80
60810,0.78,0.78,14.7,8.0,0.4,3498.0,0,0,14.7,16.0,43.98,44.0,90.0,7.11,-7.64,23.21,2.2,9.41,0.96,14.80
60881,0.78,0.78,14.7,8.0,0.4,3478.0,0,0,14.7,16.0,44.34,43.5,90.0,7.11,-7.62,23.04,2.2,9.41,0.96,14.80
60952,0.0,0.78,14.59,8.0,0.4,3483.0,0,0,14.7,16.0,43.98,43.5,90.0,7.11,-7.64,22.86,2.18,9.41,0.96,14.80
61022,0.78,0.78,14.59,8.0,0.39,3504.0,0,0,14.7,16.0,43.98,43.5,90.0,7.11,-7.64,22.77,2.2,9.41,0.96,14.80
61093,0.78,0.78,14.7,8.0,0.39,3508.0,0,0,14.7,16.0,43.98,43.5,90.0,7.11,-7.64,22.77,2.18,9.41,0.96,14.80
61163,0.78,0.78,14.7,8.0,0.4,3508.0,0,0,14.7,16.0,44.34,43.5,90.0,7.11,-7.64,22.69,2.18,9.41,0.96,14.80
61235,0.78,0.78,14.7,8.0,0.4,3492.0,0,0,14.7,16.0,44.34,44.0,90.0,7.11,-7.64,23.12,2.2,9.41,0.96,14.80
61305,0.78,0.78,14.81,8.0,0.39,3494.0,0,0,14.7,16.0,43.98,44.0,90.0,7.11,-7.62,22.77,2.2,9.41,0.96,14.80
61376,0.78,0.78,14.7,8.0,0.39,3492.0,0,0,14.7,16.0,43.98,43.5,90.0,7.11,-7.58,22.94,2.2,9.41,0.96,14.80
61446,0.78,0.78,14.59,8.0,0.39,3519.0,0,0,14.7,16.0,44.34,43.5,90.0,7.11,-7.58,23.12,2.2,9.8,0.96,14.80
61518,1.56,0.78,14.7,8.0,0.39,3518.0,0,0,14.7,16.0,43.98,43.5,90.0,7.11,-7.64,22.94,2.18,9.8,0.96,14.80
61588,1.56,0.78,14.81,8.0,0.39,3522.0,0,0,14.7,16.0,44.34,43.5,90.0,7.11,-7.6,22.86,2.2,9.8,0.96,14.80
61659,1.56,0.78,14.81,8.0,0.39,3501.0,0,0,14.7,16.0,43.98,44.0,90.0,7.11,-7.58,23.28,2.18,9.8,0.96,14.80
61730,1.56,0.78,14.81,8.0,0.39,3503.0,0,0,14.7,16.0,43.98,43.5,90.0,7.11,-7.6,22.86,2.2,9.8,0.96,14.80
61801,1.56,0.78,14.7,8.0,0.39,3522.0,0,0,14.7,16.0,43.98,43.5,90.0,7.11,-7.58,23.04,2.18,9.8,0.96,14.80
61871,1.56,0.78,14.7,8.0,0.39,3532.0,0,0,14.7,16.0,43.98,43.5,90.0,7.11,-7.58,23.04,2.2,9.8,0.96,14.80
61943,2.34,0.78,14.7,8.0,0.4,3528.0,0,0,14.7,16.0,44.34,44.0,90.0,7.11,-7.58,23.63,2.2,9.8,0.96,14.80
62014,2.34,0.78,14.7,8.0,0.4,3514.0,0,0,14.7,16.0,44.34,44.0,90.0,7.11,-7.56,23.12,2.2,9.8,0.96,14.80
62084,1.56,0.78,14.7,8.0,0.4,3512.0,0,0,14.7,16.0,44.34,44.0,90.0,7.11,-7.56,23.46,2.2,9.8,0.96,14.80
62156,1.56,0.78,14.59,8.0,0.4,3521.0,0,0,14.7,16.0,44.34,44.0,90.0,7.11,-7.56,23.72,2.2,9.8,0.98,14.80
62226,2.34,0.78,14.7,8.0,0.4,3522.0,0,0,14.7,16.0,44.34,44.0,90.0,7.11,-7.54,23.72,2.2,9.8,0.98,14.80
62297,2.34,0.78,14.7,8.0,0.4,3548.0,0,0,14.7,16.0,44.34,44.0,90.0,7.11,-7.54,23.9,2.22,9.8,0.98,14.80
62367,1.56,0.78,14.7,8.0,0.4,3551.0,0,0,14.7,16.0,44.34,44.0,90.0,7.25,-7.5,23.97,2.22,10.2,0.98,14.80
62438,1.56,0.78,14.7,8.0,0.41,3554.0,0,0,14.7,16.0,44.34,44.0,90.0,7.25,-7.5,24.15,2.22,10.2,0.98,14.80
62509,1.56,0.78,14.59,8.0,0.42,3554.0,0,0,14.29,16.0,44.34,44.0,90.0,7.25,-7.48,24.25,2.24,10.2,0.98,14.80
62580,0.78,0.78,14.47,8.0,0.41,3536.0,0,0,14.7,16.0,44.34,44.0,90.0,7.25,-7.48,23.8,2.22,10.2,0.98,14.80
62651,0.0,0.78,14.47,8.0,0.41,3536.0,0,0,14.7,16.0,44.34,44.0,90.0,7.25,-7.48,24.07,2.22,10.2,0.98,14.80
62722,1.56,0.78,14.47,8.0,0.4,3548.0,0,0,14.7,16.0,44.34,44.0,90.0,7.25,-7.48,23.98,2.22,10.2,0.98,14.80
62793,0.78,0.78,14.7,8.0,0.41,3568.0,0,0,14.7,16.0,44.34,44.0,90.0,7.11,-7.5,23.98,2.22,10.2,0.98,14.80
62864,1.56,0.78,14.59,8.0,0.4,3570.0,0,0,14.7,16.0,44.34,44.0,90.0,7.25,-7.48,23.9,2.22,10.2,0.98,14.80
62935,1.56,0.78,14.81,8.0,0.41,3576.0,0,0,14.7,16.0,44.34,44.0,90.0,7.11,-7.52,24.07,2.22,10.2,0.98,14.80
63005,1.56,0.78,14.7,8.0,0.4,3576.0,0,0,14.7,16.0,44.34,44.0,90.0,7.25,-7.48,23.81,2.24,10.2,0.98,14.80
63076,1.56,0.78,14.81,8.0,0.41,3563.0,0,0,14.7,16.0,44.34,44.0,90.0,7.25,-7.5,24.49,2.22,10.2,0.98,14.80
63147,1.56,0.78,14.7,8.0,0.41,3563.0,0,0,14.7,16.0,44.34,44.0,90.0,7.25,-7.48,24.24,2.22,10.2,0.98,14.80
63219,1.56,0.78,14.7,8.0,0.41,3571.0,0,0,14.7,16.0,44.34,44.0,90.0,7.25,-7.48,24.33,2.24,10.2,0.98,14.80
63289,1.56,0.78,14.7,8.0,0.41,3570.0,0,0,14.7,16.0,44.34,44.0,90.0,7.25,-7.44,24.33,2.24,10.2,1.0,14.80
63360,2.34,0.78,14.7,8.0,0.41,3571.0,0,0,14.7,16.0,44.34,44.0,90.0,7.25,-7.44,24.49,2.24,10.59,1.0,14.80
63430,1.56,0.78,14.81,8.0,0.41,3576.0,0,0,14.7,16.0,44.34,44.0,90.0,7.25,-7.43,24.49,2.24,10.59,1.0,14.80
63502,1.56,0.78,14.59,8.0,0.42,3609.0,0,0,14.95,16.0,44.34,44.0,90.0,7.25,-7.44,24.49,2.24,10.59,1.0,14.80
63572,2.34,0.78,14.7,8.0,0.41,3607.0,0,0,14.7,16.0,44.34,44.0,90.0,7.25,-7.41,24.84,2.24,10.59,1.0,14.80
63643,1.56,0.78,14.7,8.0,0.41,3611.0,0,0,14.7,16.0,44.34,44.0,90.0,7.25,-7.39,24.84,2.26,10.59,1.0,14.80
63713,1.56,0.78,14.47,8.0,0.42,3616.0,0,0,14.7,16.0,44.34,44.0,90.0,7.25,-7.39,24.84,2.24,10.59,1.0,14.80
63784,2.34,0.78,14.59,8.0,0.42,3616.0,0,0,14.7,16.0,44.34,44.0,90.0,7.25,-7.39,25.1,2.26,10.59,1.0,14.80
63854,2.34,0.78,14.7,8.0,0.42,3616.0,0,0,14.32,16.0,44.34,44.0,90.0,7.25,-7.37,25.11,2.26,10.59,1.0,14.80
63926,2.34,0.78,14.7,8.0,0.42,3606.0,0,0,14.7,16.0,44.34,44.0,90.0,7.4,-7.37,25.43,2.24,10.59,1.0,14.80
63996,1.56,0.78,14.7,8.0,0.41,3597.0,0,0,14.7,16.0,44.34,44.0,90.0,7.4,-7.37,24.93,2.24,10.59,1.0,14.80
64068,1.56,0.78,14.59,8.0,0.42,3607.0,0,0,14.7,16.0,44.34,44.0,90.0,7.4,-7.37,25.2,2.26,10.59,1.0,14.80
64138,2.34,0.78,14.59,8.0,0.42,3607.0,0,0,14.7,16.0,44.34,44.0,90.0,7.4,-7.35,25.11,2.26,10.59,1.0,14.80
64209,2.34,0.78,14.7,8.0,0.42,3609.0,0,0,14.7,16.0,44.34,44.0,90.0,7.4,-7.37,25.2,2.26,10.59,1.0,14.80
64279,2.34,0.78,14.7,8.0,0.41,3612.0,0,0,14.7,16.0,44.34,44.0,90.0,7.25,-7.39,24.84,2.24,10.59,1.0,14.80
64351,2.34,0.78,14.59,8.0,0.41,3620.0,0,0,14.7,16.0,44.34,44.0,90.0,7.25,-7.44,24.84,2.26,10.59,1.0,14.80
64421,2.34,0.78,14.7,8.0,0.41,3623.0,0,0,14.7,16.0,44.34,44.0,90.0,7.25,-7.44,24.93,2.24,10.59,1.0,14.80
64492,2.34,0.78,14.7,8.0,0.41,3626.0,0,0,14.7,16.0,44.34,44.0,90.0,7.25,-7.46,25.02,2.24,10.59,1.0,14.80
64563,2.34,0.78,14.7,8.0,0.41,3634.0,0,0,14.7,16.0,44.34,44.0,90.0,7.11,-7.5,25.2,2.24,10.2,0.98,14.80
64634,2.34,0.78,14.7,8.0,0.41,3637.0,0,0,14.7,16.0,44.34,44.0,90.0,7.25,-7.56,24.67,2.24,10.2,0.98,14.80
64705,2.34,0.78,14.7,8.0,0.4,3642.0,0,0,14.7,16.0,44.34,44.0,90.0,7.11,-7.56,24.41,2.24,10.2,0.98,14.80
64775,2.34,0.78,14.7,8.0,0.41,3640.0,0,0,14.7,16.0,44.34,44.0,90.0,7.11,-7.58,24.84,2.24,10.2,0.98,14.80
64846,2.34,0.78,14.7,8.0,0.41,3646.0,0,0,14.7,16.0,44.34,44.0,90.0,7.11,-7.6,24.76,2.24,10.2,0.98,14.80
64917,2.34,0.78,14.7,8.0,0.4,3644.0,0,0,14.7,16.0,44.34,44.0,90.0,7.11,-7.6,24.84,2.24,10.2,0.98,14.80
64988,1.56,0.78,14.59,8.0,0.4,3656.0,0,0,14.7,16.0,44.34,44.0,90.0,7.11,-7.66,24.66,2.24,10.2,0.98,14.80
65059,2.34,0.78,14.47,8.0,0.4,3658.0,0,0,14.7,16.0,44.34,44.0,90.0,7.11,-7.64,24.16,2.22,10.2,0.98,14.80
65130,2.34,0.78,14.59,8.0,0.4,3655.0,0,0,14.7,16.0,44.34,44.0,90.0,6.96,-7.68,24.33,2.24,10.2,0.98,14.80
65201,3.12,0.78,14.7,8.0,0.4,3655.0,0,0,14.7,16.0,44.34,44.0,90.0,6.96,-7.68,24.32,2.22,10.2,0.98,14.80
65272,3.12,0.78,14.81,8.0,0.4,3660.0,0,0,14.7,16.0,44.34,44.0,90.0,6.96,-7.68,24.41,2.24,10.2,0.98,14.80
65343,3.12,0.78,14.7,8.0,0.4,3666.0,0,0,14.7,16.0,44.34,43.5,90.0,6.96,-7.68,24.33,2.24,10.2,0.98,14.80
65413,3.12,0.78,14.7,8.0,0.4,3667.0,0,0,14.7,16.0,44.34,44.0,90.0,6.96,-7.68,24.49,2.24,10.2,0.98,14.80
65485,3.12,0.78,14.7,8.0,0.4,3674.0,0,0,14.7,16.0,44.34,44.0,90.0,6.96,-7.73,24.33,2.22,10.2,0.98,14.80
65554,3.12,0.78,14.7,8.0,0.4,3669.0,0,0,14.7,16.0,44.34,44.0,90.0,6.96,-7.7,24.67,2.22,10.2,0.98,14.80
65626,3.12,0.78,14.7,8.0,0.41,3678.0,0,0,14.7,16.0,44.34,44.0,90.0,6.96,-7.72,24.84,2.24,10.2,0.98,14.80
65696,3.12,1.56,14.7,8.0,0.4,3678.0,0,0,14.7,16.0,44.34,44.0,90.0,6.96,-7.73,24.67,2.24,10.2,0.98,14.80
65767,2.34,1.56,14.7,8.0,0.4,3684.0,0,0,14.7,16.0,44.34,44.0,90.0,6.96,-7.73,24.58,2.24,10.2,0.98,14.80
65838,2.34,1.56,14.59,8.0,0.4,3680.0,0,0,14.7,16.0,44.34,44.0,90.0,6.96,-7.73,24.84,2.24,10.2,0.98,14.80
65909,3.12,1.56,14.59,8.0,0.4,3687.0,0,0,14.7,16.0,44.34,44.0,90.0,6.96,-7.73,24.41,2.22,10.2,0.98,14.80
65980,3.12,1.56,14.7,8.0,0.4,3687.0,0,0,14.7,16.0,44.34,44.0,90.0,6.96,-7.79,24.66,2.24,10.2,0.98,14.80
66051,3.12,1.56,14.81,8.0,0.4,3689.0,0,0,14.7,16.0,44.34,44.0,90.0,6.96,-7.75,24.76,2.24,10.2,0.98,14.80
66122,3.12,1.56,14.7,8.0,0.4,3696.0,0,0,14.7,16.0,44.34,44.0,90.0,6.96,-7.75,25.02,2.26,10.2,0.98,14.80
66192,2.34,1.56,14.59,8.0,0.4,3718.0,0,0,14.7,16.0,44.34,44.0,90.0,6.96,-7.77,24.66,2.24,10.2,0.98,14.80
66264,2.34,1.56,14.47,8.0,0.4,3724.0,0,0,14.7,16.0,44.34,44.0,90.0,6.96,-7.75,24.66,2.24,10.2,0.98,14.80
66334,2.34,1.56,14.59,8.0,0.4,3722.0,0,0,14.7,16.0,44.34,44.0,90.0,6.96,-7.77,24.67,2.24,10.2,0.98,14.80
66404,2.34,1.56,14.59,8.0,0.4,3729.0,0,0,14.7,16.0,43.98,44.0,90.0,6.96,-7.79,24.58,2.24,10.2,0.98,14.80
66476,3.12,1.56,14.59,8.0,0.4,3728.0,0,0,14.7,16.0,44.34,44.0,90.0,6.96,-7.77,24.84,2.24,10.2,0.98,14.80
66546,3.12,1.56,14.7,8.0,0.39,3735.0,0,0,14.7,16.0,44.34,44.0,90.0,6.96,-7.77,24.66,2.26,10.2,0.98,14.80
66618,3.12,1.56,14.7,8.0,0.4,3733.0,0,0,14.7,16.0,44.34,44.0,90.0,6.82,-7.75,24.58,2.24,10.2,0.98,14.80
66688,3.12,1.56,14.7,8.0,0.39,3737.0,0,0,14.7,16.0,44.34,44.0,90.0,6.96,-7.79,24.67,2.24,10.2,0.98,14.80
66759,3.12,1.56,14.59,8.0,0.4,3722.0,0,0,14.7,16.0,44.34,43.5,90.0,6.96,-7.81,24.84,2.24,10.2,0.98,14.80
66829,3.12,1.56,14.7,8.0,0.4,3724.0,0,0,14.7,16.0,44.34,44.0,90.0,6.96,-7.75,24.84,2.24,10.2,0.98,14.80
66901,3.12,1.56,14.7,8.0,0.39,3720.0,0,0,14.7,16.0,43.98,44.0,90.0,6.96,-7.75,24.67,2.24,10.2,0.98,14.80
66971,2.34,1.56,14.59,8.0,0.4,3728.0,0,0,14.7,16.0,44.34,44.0,90.0,6.96,-7.77,24.66,2.24,10.2,0.98,14.80
67042,3.12,1.56,14.7,8.0,0.4,3735.0,0,0,14.7,16.0,44.34,44.0,90.0,6.96,-7.79,24.67,2.24,10.2,0.98,14.80
67112,3.12,1.56,14.7,8.0,0.4,3755.0,0,0,14.7,16.0,44.34,44.0,90.0,6.96,-7.79,25.1,2.26,10.2,0.98,14.80
67183,3.12,1.56,14.7,8.0,0.4,3759.0,0,0,14.7,16.0,44.34,44.0,90.0,6.96,-7.79,25.01,2.26,10.2,0.98,14.80
67255,3.12,1.56,14.7,8.0,0.4,3761.0,0,0,14.7,16.0,44.34,44.0,90.0,6.96,-7.77,25.01,2.24,10.2,0.98,14.80
67325,2.34,1.56,14.59,8.0,0.4,3757.0,0,0,14.7,16.0,44.34,44.0,90.0,6.96,-7.77,24.76,2.24,10.2,0.98,14.80
67396,3.12,1.56,14.59,8.0,0.4,3763.0,0,0,14.7,16.0,44.34,44.0,90.0,6.96,-7.77,24.67,2.24,10.2,0.98,14.80
67467,3.12,1.56,14.7,8.0,0.41,3746.0,0,0,14.7,16.0,44.34,44.0,90.0,6.96,-7.75,25.83,2.24,10.2,0.98,14.80
67538,3.12,1.56,14.7,8.0,0.41,3742.0,0,0,14.7,16.0,44.34,44.0,90.0,6.96,-7.75,25.34,2.26,10.2,0.98,14.80
67609,1.56,1.56,14.59,8.0,0.4,3752.0,0,0,14.7,16.0,44.34,44.0,90.0,6.96,-7.73,25.11,2.26,10.2,0.98,14.80
67680,2.34,1.56,14.47,8.0,0.4,3754.0,0,0,14.7,16.0,44.34,44.0,90.0,6.96,-7.75,24.93,2.24,10.59,0.98,14.80
67750,3.12,1.56,14.7,8.0,0.4,3754.0,0,0,14.7,16.0,44.34,44.0,90.0,6.96,-7.77,25.1,2.26,10.59,1.0,14.80
67821,3.12,1.56,14.81,8.0,0.41,3782.0,0,0,14.7,16.0,44.34,44.0,90.0,6.96,-7.75,25.2,2.26,10.59,1.0,14.80
67892,3.12,1.56,14.81,8.0,0.4,3786.0,0,0,14.7,16.0,44.34,44.0,90.0,6.96,-7.75,25.2,2.26,10.59,1.0,14.80
67963,3.12,1.56,14.81,8.0,0.4,3790.0,0,0,14.7,16.0,44.34,44.0,90.0,6.96,-7.75,25.11,2.26,10.59,1.0,14.80
68033,3.12,1.56,14.7,8.0,0.4,3772.0,0,0,14.7,16.0,44.34,44.0,90.0,6.96,-7.73,25.43,2.26,10.59,1.0,14.80
68104,3.91,1.56,14.7,8.0,0.41,3774.0,0,0,14.7,16.0,44.34,44.0,90.0,6.96,-7.72,25.69,2.26,10.59,1.0,14.80
68175,3.91,1.56,14.81,8.0,0.42,3776.0,0,0,14.95,16.0,44.34,44.0,90.0,6.96,-7.7,26.78,2.28,10.59,1.0,14.80
68246,3.12,1.56,14.7,8.0,0.41,3778.0,0,0,14.7,16.0,44.34,44.0,90.0,6.96,-7.72,25.96,2.26,10.59,1.0,14.80
68316,0.0,1.56,14.47,8.0,0.41,3805.0,0,0,15.01,16.0,44.34,44.0,90.0,6.96,-7.73,26.1,2.26,10.59,1.0,14.80