<rom>
	<romid>
		<xmlid>23490006</xmlid>
		<internalidaddress>1021a</internalidaddress>
		<internalidhex>23490006</internalidhex>
		<caseid>MINES</caseid>
		<ecuid>MINES</ecuid>
		<make>Mitsubishi</make>
		<market>JDM</market>
		<model>Evo</model>
		<submodel>5/6</submodel>
		<transmission>Manual</transmission>
		<year>1998/1999</year>
		<flashmethod>mitsukernel</flashmethod>
		<memmodel>H8539F</memmodel>
	</romid>
	
	<notes>
		2012/11/19 [Tactrix] Updated to standardized file naming.
	</notes>

	<include>evo5base</include>
	
	<!--  *** Fuel ***  -->

	<table name="High Octane Fuel Map" category="Fuel" address="118a7" level="4">
		<table name="Load" address="2c7d6" elements="18"/>
		<table name="RPM" address="2c7b2" elements="15"/>
	</table>

	<table name="Low Octane Fuel Map" category="Fuel" address="119bd" level="4">
		<table name="Load" address="2c7d6"/>
		<table name="RPM" address="2c7b2"/>
	</table>

	<table name="Injector Battery Voltage Latency Compensation" category="Fuel" address="11c10">
		<table name="Battery Voltage" address="2c732"/>
	</table>

	<table name="Injector Scaling" category="Fuel" address="10806"/>

	<table name="Min Coolant Temp for Closed Loop" category="Fuel" address="108aa"/>

	<table name="Accel Enrichment" category="Fuel" address="11abc">
		<table name="RPM" address="2c7b2"/>
	</table>

	<table name="Open Loop Load # 1" category="Fuel" address="11b04">
		<table name="RPM" address="2c59c"/>
	</table>

	<table name="Open Loop Load # 2" category="Fuel" address="11b18">
		<table name="RPM" address="2c59c"/>
	</table>

	<table name="Open Loop Throttle Low Load" category="Fuel" address="12b56">
		<table name="RPM" address="2c520"/>
	</table>

	<table name="Open Loop Throttle High Load" category="Fuel" address="12b6c">
		<table name="RPM" address="2c520"/>
	</table>

	<table name="Limp Home - TPS Table" category="Fuel" address="11be9" type="3D" level="2" swapxy="true" scaling="uint8">
		<table name="TPS" address="2c88a" type="X Axis" elements="7" scaling="Volts16"/>
		<table name="RPM" address="2c89e" type="Y Axis" elements="5" scaling="RPM"/>
	</table>

	<table name="Decel Fuel Cut Resume RPM Offset" category="Fuel" address="11ad8" type="2D" level="2" scaling="RPM8">
		<table name="Engine Temp" address="2c940" type="X Axis" elements="8" scaling="Temp"/>
	</table>

	<table name="Decel Fuel Cut Resume Enrich" category="Fuel" address="11d34" type="2D" level="2" swapxy="true" scaling="EnrichmentAdj">
		<table name="Engine Temp" address="2c8d8" type="X Axis" elements="9" scaling="Temp"/>
	</table>

	<table name="Decel Fuel Cut Delay - Neutral A/C Off" category="Fuel" address="1234e" type="2D" level="2" scaling="uint8">
		<table name="Engine Load" address="2c8ae" type="X Axis" elements="7" scaling="Load"/>
	</table>

	<table name="Decel Fuel Cut Delay - In Gear A/C Off" category="Fuel" address="1235a" type="2D" level="2" scaling="uint8">
		<table name="Engine Load" address="2c8ae" type="X Axis" elements="7" scaling="Load"/>
	</table>

	<table name="Decel Fuel Cut Delay - Neutral A/C On" category="Fuel" address="12366" type="2D" level="2" scaling="uint8">
		<table name="Engine Load" address="2c8ae" type="X Axis" elements="7" scaling="Load"/>
	</table>

	<table name="Decel Fuel Cut Delay - In Gear A/C On" category="Fuel" address="12372" type="2D" level="2" scaling="uint8">
		<table name="Engine Load" address="2c8ae" type="X Axis" elements="7" scaling="Load"/>
	</table>

	<table name="Decel Fuel Cut Ignition Retard" category="Fuel" address="12386" type="2D" level="2" scaling="Timing">
		<table name="Engine Speed" address="2c576" type="X Axis" elements="10" scaling="RPM"/>
	</table>

	<table name="Cranking Primer - First Pulse" category="Fuel" address="11c5e" type="2D" level="3" scaling="uint8">
		<table name="Temp" address="2c8f0" type="X Axis" elements="11" scaling="Temp"/>
	</table>

	<table name="Post Start Enrich Trim vs Load" category="Fuel" address="11baa" type="2D" level="2" scaling="Percent (128)">
		<table name="Load" address="2c650" type="X Axis" elements="14" scaling="Load"/>
	</table>

	<table name="Post Start Enrich Decay Multiplier" category="Fuel" address="11bbc" type="2D" level="2" scaling="EnrichmentAdj">
		<table name="Time" address="2c8d8" type="X Axis" elements="9" scaling="Temp"/>
	</table>

	<table name="Post Start Enrichment" category="Fuel" address="11bca" type="2D" level="2" scaling="uint8">
		<table name="Engine Temp" address="2c8d8" type="X Axis" elements="9" scaling="Temp"/>
	</table>

	<table name="Accel Enrich Base vs Engine Temp" category="Fuel" address="11c9e" type="2D" level="4" scaling="uint8">
		<table name="Engine Temp" address="2c940" type="X Axis" elements="8" scaling="Temp"/>
	</table>

	<!--  *** Air ***  -->
	
	<table name="MAF Scaling" category="Air" address="11804">
		<table name="Load" address="2c6ea"/>
	</table>

	<table name="MAF Smoothing Table" category="Air" address="1181e">
		<table name="Load" address="2c6ea"/>
	</table>

	<table name="Air Temperature Compensation" category="Air" address="2ad4c">
		<table name="Degrees" address="2c8f6"/>
	</table>

	<table name="Barometric Pressure Compensation" category="Air" address="11847">
		<table name="Atmosphere Pressure" address="2c6dc"/>
		<table name="RPM" address="2c71a"/>
	</table>

	<table name="MAF Sensor Filtering" category="Air" address="10808">
	</table>

	<table name="MAF Size" category="Air" address="1080c" scaling="AirFlow16"/>

	<!-- *** Timing *** -->

	<table name="High Octane Ignition Map 1" category="Timing" address="11def">
		<table name="Load" address="2c82c"/>
		<table name="RPM" address="2c800" elements="19"/>
	</table>

	<table name="Low Octane Ignition Map 1" category="Timing" address="11f5f">
		<table name="Load" address="2c82c"/>
		<table name="RPM" address="2c800" elements="19"/>
	</table>

	<table name="Knock Control Above Load" category="Timing" address="122c6" type="2D" level="2" scaling="Load8">
		<table name="Engine Load" address="2c576" type="X Axis" elements="10" scaling="RPM"/>
	</table>

	<table name="Octane Control Above Load" category="Timing" address="122d4" type="2D" level="2" scaling="Load8">
		<table name="Engine Load" address="2c576" type="X Axis" elements="10" scaling="RPM"/>
	</table>

	<table name="Ignition Coil Charge Time - Normal" category="Timing" address="1229c" type="2D" level="2" scaling="uint8">
		<table name="Battery" address="2c746" type="X Axis" elements="9" scaling="BatteryVoltage"/>
	</table>

	<table name="Ignition Trim vs Eng Temp" category="Timing" address="12260" type="2D" level="3" scaling="Enrich">
		<table name="Engine Temp" address="2c940" type="X Axis" elements="8" scaling="Temp"/>
	</table>

	<table name="Ignition Trim vs Air Temp" category="Timing" address="1226c" type="2D" level="3" scaling="Enrich">
		<table name="Air Temp" address="2c940" type="X Axis" elements="8" scaling="Temp"/>
	</table>

	<table name="Ignition Trim - Baro" category="Timing" address="12278" type="2D" level="2" scaling="Enrich">
		<table name="Baro Press." address="2c75e" type="X Axis" elements="5" scaling="Load16"/>
	</table>

	<table name="Ignition Trim vs Air Temp Active Above Load" category="Timing" address="12282" type="2D" level="3" scaling="Load8">
		<table name="Engine Speed" address="2c576" type="X Axis" elements="10" scaling="RPM"/>
	</table>

	<table name="Warmup Ignition Control vs Eng Temp" category="Timing" address="12290" type="2D" level="2" scaling="Percent (256)">
		<table name="Engine Temp" address="2c92a" type="X Axis" elements="8" scaling="Temp"/>
	</table>

	<table name="Warmup Retard" category="Timing" address="120cf">
	</table>

	<!-- *** ALS *** -->

	<table name="ALS minimum vehicle speed to trigger" category="ALS" address="11524" type="1D" level="1" scaling="VehicleSpeed"/>

	<table name="ALS minimum coolant temperature to trigger" category="ALS" address="11526" type="1D" level="1" scaling="Temp"/>

	<table name="ALS minimum RPM to trigger" category="ALS" address="11528" type="1D" level="1" scaling="RPMStatLimit"/>

	<table name="ALS minimum load to trigger" category="ALS" address="1152a" type="1D" level="1" scaling="Load16"/>

	<table name="ALS minimum time to trigger" category="ALS" address="1152c" type="1D" level="1" scaling="TimeSec"/>

	<table name="ALS trigger valid time" category="ALS" address="1152e" type="1D" level="1" scaling="TimeSec"/>

	<table name="ALS Load below which active" category="ALS" address="11530" type="1D" level="1" scaling="Load16"/>

	<table name="ALS active time limit" category="ALS" address="11532" type="1D" level="1" scaling="TimeSec"/>

	<table name="ALS Delay before air injection" category="ALS" address="11534" type="1D" level="1" scaling="TimeSec"/>

	<table name="ALS Delay before fuel injection" category="ALS" address="11536" type="1D" level="1" scaling="TimeSec"/>

	<table name="ALS Fuel injector time" category="ALS" address="11538" type="1D" level="1" scaling="TimeSec"/>

	<table name="ALS Air injection time" category="ALS" address="128c6" type="2D" level="1" scaling="Timesecbyte">
		<table name="RPM" address="2c7b8" type="X Axis" elements="9" scaling="RPM"/>
	</table>

	<!-- *** SD *** -->
	
	<!-- *** DMA *** -->

	<!-- *** Limits *** -->

	<table name="Boost Limit" category="Limits" address="11af6">
		<table name="RPM" address="2c7bc" elements="9"/>
	</table>

	<table name="Rev Limit" category="Limits" address="1088c"/>

	<table name="Stationary Rev Limit" category="Limits" address="10878"/>

	<table name="Speed Limit" category="Limits" address="1088e">
	</table>

	<table name="Timing Retard Limit" category="Limits" address="10a3e" scaling="Timing Retard"/>

	<!-- *** IC Spray *** -->
	
	<!-- *** ISCV Control *** -->

	<table name="Desired ISCV initial step position with AC on-Drive" category="ISCV Control" address="12336" type="2D" level="4" scaling="ISCVSteps">
		<table name="Engine Temp" address="2c940" type="Y Axis" elements="8" scaling="Temp"/>
	</table>

	<table name="Desired ISCV intial step position with AC off-Neutral" category="ISCV Control" address="12312">
		<table name="Engine Temp" address="2c940"/>
	</table>

	<table name="Desired ISCV intial step position with AC off-Drive" category="ISCV Control" address="1231e">
		<table name="Engine Temp" address="2c940"/>
	</table>

	<table name="Desired ISCV intial step position with AC on-Neutral" category="ISCV Control" address="1232a">
		<table name="Engine Temp" address="2c940"/>
	</table>

	<table name="Desired Idle RPM-Neutral" category="ISCV Control" address="122fa">
		<table name="Engine Temp" address="2c940"/>
	</table>

	<table name="Desired Idle RPM-Drive" category="ISCV Control" address="12306">
		<table name="Engine Temp" address="2c940"/>
	</table>

	<table name="Desired Idle RPM with AC on" category="ISCV Control" address="10b6c">
	</table>

	<table name="High Intake Air Temp Idle Speed Target" category="ISCV Control" address="11508">
	</table>

	<table name="High Intake Air Temp ISCV Increase" category="ISCV Control" address="1150c">
		<table name="Condition" elements="2"/>
	</table>

	<table name="Idle Post Start Step Incr vs Air Temp" category="ISCV Control" address="12398" type="2D" level="3" scaling="ISCVSteps">
		<table name="Air temp" address="2c96c" type="X Axis" elements="8" scaling="Temp"/>
	</table>

	<table name="Idle Post Start Decay Time" category="ISCV Control" address="123a4" type="2D" level="3" scaling="uint8">
		<table name="Air Temp" address="2c96c" type="X Axis" elements="8" scaling="Temp"/>
	</table>

	<table name="Idle Error Correction - Neutral" category="ISCV Control" address="123c2" type="2D" level="3" scaling="ISCVSteps">
		<table name="Error" address="2c9e2" type="X Axis" elements="9" scaling="RPM"/>
	</table>

	<table name="Idle Error Correction - Drive AC On" category="ISCV Control" address="123d0" type="2D" level="3" scaling="uint8">
		<table name="Error" address="2c9e2" type="X Axis" elements="9" scaling="RPM"/>
	</table>

	<table name="Idle Stepper Lookup Table" category="ISCV Control" type="3D" address="12403" scaling="ISCVSteps">
		<table name="Coolant Temp" type="X Axis" elements="8" address="2c96c" scaling="Temp"/>
		<table name="ISCV Demand" type="Y Axis" elements="27"  address="2c982" scaling="ISCV_AX2_16"/>
	</table>

		
	<table name="Idle Stability Timing Control" category="ISCV Control" address="10a4e" type="2D" level="2" scaling="uint16">
		<table name="Settings" type="Static X Axis" elements="3">
			<data>Sensitivity</data>
			<data>Timing Limit</data>
			<data>Untested</data>
		</table>
	</table>

	<!-- *** Knock Control *** --> 
	<table name="Knock Sensor Filter Map 1" category="Knock Control">
		<table name="TAR" address="2cae8"/>
	</table>

	<table name="Knock Load Table 1" category="Knock Control" address="122c6">
		<table name="X" address="2c7b2"/>
	</table>

	<table name="Knock Load Table 2" category="Knock Control" address="122d4">
		<table name="Engine Speed" address="2c7b2"/>
	</table>

	<table name="Knock Load Table 3" category="Knock Control" address="122ee">
		<table name="Engine Speed" address="2c7b2"/>
	</table>

	<table name="Knock Multiplier - Low RPM" category="Knock Control" address="10a7a"/>

	<table name="Knock Multiplier - High RPM" category="Knock Control" address="114f2"/>

	<table name="Knock Adder - Single Gain" category="Knock Control" address="10a80"/>

	<table name="Knock Adder - Triple Gain" category="Knock Control" address="10a7c"/>

	<table name="KnockSum Decay Timer" category="Knock Control"/>
	
	<!-- *** Lean Spool *** -->

	<table name="Lean Spool Trailing Time - Rich Side" category="Lean Spool" address="11da2" type="2D" level="2" scaling="uint8">
		<table name="RPM" address="2c7b2" type="X Axis" elements="14" scaling="RPM"/>
	</table>

	<table name="Lean Spool Trailing Time - Lean Side" category="Lean Spool" address="11db4" type="2D" level="2" scaling="uint8">
		<table name="RPM" address="2c7b2" type="X Axis" elements="14" scaling="RPM"/>
	</table>

	<table name="Lean Spool Load" category="Lean Spool" address="11dc6" type="2D" level="2" scaling="Load8">
		<table name="RPM" address="2c7b2" type="X Axis" elements="14" scaling="RPM"/>
	</table>

	<table name="Lean Spool Fuel AFR Table" category="Lean Spool" address="11dd8" type="2D" level="2" scaling="AFR">
		<table name="RPM" address="2c79e" type="X Axis" elements="7" scaling="RPMStatLimit"/>
	</table>

	<table name="Lean Spool Start RPM" category="Lean Spool" address="10980"/>

	<table name="Lean Spool Stop RPM" category="Lean Spool" address="10984"/>

	<!-- *** Turbo *** -->

	<table name="Boost Control Load Offset" category="Turbo" address="10d6e"/>

	<table name="Turbo Boost Error Correction" category="Turbo" address="124ef" type="2D" level="1" scaling="DynamicBoost">
		<table name="Boost Error" address="2ca48" type="Y Axis" elements="16" scaling="BoostError"/>
	</table>

	<table name="Max Wastegate Duty # 1" category="Turbo" address="12504">
		<table name="RPM" address="2c802"/>
	</table>

	<table name="Max Wastegate Duty # 2" category="Turbo" address="12518">
		<table name="RPM" address="2c802"/>
	</table>

	<table name="Max Wastegate Duty # 3" category="Turbo" address="1252c">
		<table name="RPM" address="2c802"/>
	</table>

	<table name="Octane Below to Disable Boost Control" category="Turbo" address="10d5f" type="1D" level="2" scaling="Percent (256)"/>

	<table name="Octane Above to Enable Boost Control" category="Turbo" address="10d61" type="1D" level="2" scaling="Percent (256)"/>

	<table name="Max Total Upward WGDC Correction vs TPS" category="Turbo" address="124e0" type="2D" level="2" scaling="DynamicBoost">
		<table name="TPS" address="2c872" type="X Axis" elements="9" scaling="TPS Percent"/>
	</table>

	<table name="Max Wastegate Duty # 4" category="Turbo" address="13646"/>

	<table name="Boost Desired Engine Load # 4" category="Turbo" address="13688"/>

	<table name="Boost Enhancement (Anti-Lag) Start RPM" category="Turbo" address="10980"/>

	<table name="Boost Enhancement (Anti-lag) Stop RPM"  category="Turbo" address="10982"/>

	<table name="Wastgate Solenoid Activation RPM" category="Turbo" address="10d66">
	</table>

	<table name="Boost Cut Delay Timer" category="Turbo" address="1089a"/>

	<table name="Min Temp for Full Boost Control" category="Turbo" address="114fe"/>

	<table name="Boost Enhancement (Anti-lag) Table" category="Turbo" address="11dc9">
		<table name="RPM" address="2c79e"/>
	</table>

	<table name="Boost Enhancement Enrich/Enlean (Anti-lag) Map" category="Turbo" address="120cf">
		<table name="Load" address="2c82c"/>
		<table name="RPM" address="2c800" elements="19"/>
	</table>

	<table name="Boost Desired Engine Load # 1" category="Turbo" address="12540">
		<table name="RPM" address="2c802"/>
	</table>

	<table name="Boost Desired Engine Load # 2" category="Turbo" address="12554">
		<table name="RPM" address="2c802"/>
	</table>

	<table name="Boost Desired Engine Load # 3" category="Turbo" address="12568">
		<table name="RPM" address="2c802"/>
	</table>

	<table name="WGDC Correction update delay #1" category="Turbo" address="10d54"/>

	<table name="WGDC Correction update delay #2" category="Turbo" address="10d56"/>

	<!-- *** TURBO BOOST SINGLE SOLENOID ***  -->

	<!-- *** TURBO BOOST DUAL SOLENOID***  -->

	<!-- *** MISC ***  -->

	<!-- *** OBD-II ***  -->

	<!-- *** OBD-II EVAP ***  -->

	<!-- *** EMISSIONS EGR ***  -->

	<!-- *** ECU *** -->

	<!-- *** ECU Periphery *** -->

	<!-- *** MAT *** -->

	<!-- *** MUT ***  -->
	
</rom>
