<rom>
	<romid>
		<xmlid>25570000</xmlid>
		<internalidaddress>1021a</internalidaddress>
		<internalidhex>25570000</internalidhex>
		<caseid>RA420996R1</caseid>
		<ecuid>Ralliart</ecuid>
		<make>Mitsubishi</make>
		<market>JDM</market>
		<model>Evo</model>
		<submodel>5/6</submodel>
		<transmission>Manual</transmission>
		<year>1998/1999</year>
		<flashmethod>mitsukernel</flashmethod>
		<memmodel>H8539F</memmodel>
	</romid>
	
	<notes>
		2012/11/19 [Tactrix] Updated to standardized file naming.
	</notes>

	<include>evo5base</include>
	
	<!--  *** Fuel ***  -->

	<table name="High Octane Fuel Map" category="Fuel" address="118a9" level="4">
		<table name="Load" address="2c858" elements="18"/>
		<table name="RPM" address="2c834" elements="15"/>
	</table>

	<table name="Low Octane Fuel Map" category="Fuel" address="119bf" level="4">
		<table name="Load" address="2c858"/>
		<table name="RPM" address="2c834"/>
	</table>

	<table name="Injector Scaling" category="Fuel" address="10806"/>

	<table name="Injector Battery Voltage Latency Compensation" category="Fuel" address="11c12">
		<table name="Battery Voltage" address="2c7b4"/>
	</table>

	<table name="Accel Enrichment" category="Fuel" address="11abe">
		<table name="RPM" address="2c834"/>
	</table>

	<table name="Open Loop Load # 1" category="Fuel" address="1193c">
		<table name="RPM" address="2c5a0"/>
	</table>

	<table name="Open Loop Load # 2" category="Fuel" address="1194c">
		<table name="RPM" address="2c5a0"/>
	</table>

	<table name="Open Loop Throttle Low Load" category="Fuel" address="12b56">
		<table name="RPM" address="2c5a0"/>
	</table>

	<table name="Open Loop Throttle High Load" category="Fuel" address="12b6c">
		<table name="RPM" address="2c5a0"/>
	</table>

	<table name="Min Coolant Temp for Closed Loop" category="Fuel" address="108aa"/>

	<table name="Limp Home - TPS Table" category="Fuel" address="11beb" type="3D" level="2" swapxy="true" scaling="uint8">
		<table name="TPS" address="2c90c" type="X Axis" elements="7" scaling="Volts16"/>
		<table name="RPM" address="2c920" type="Y Axis" elements="5" scaling="RPM"/>
	</table>

	<table name="Decel Fuel Cut Resume RPM Offset" category="Fuel" address="11ada" type="2D" level="2" scaling="RPM8">
		<table name="Engine Temp" address="2c944" type="X Axis" elements="8" scaling="Temp"/>
	</table>

	<table name="Decel Fuel Cut Resume Enrich" category="Fuel" address="11d36" type="2D" level="2" swapxy="true" scaling="EnrichmentAdj">
		<table name="Engine Temp" address="2c95a" type="X Axis" elements="9" scaling="Temp"/>
	</table>

	<table name="Decel Fuel Cut Delay - Neutral A/C Off" category="Fuel" address="12350" type="2D" level="2" scaling="uint8">
		<table name="Engine Load" address="2c930" type="X Axis" elements="7" scaling="Load"/>
	</table>

	<table name="Decel Fuel Cut Delay - In Gear A/C Off" category="Fuel" address="1235c" type="2D" level="2" scaling="uint8">
		<table name="Engine Load" address="2c930" type="X Axis" elements="7" scaling="Load"/>
	</table>

	<table name="Decel Fuel Cut Delay - Neutral A/C On" category="Fuel" address="12368" type="2D" level="2" scaling="uint8">
		<table name="Engine Load" address="2c930" type="X Axis" elements="7" scaling="Load"/>
	</table>

	<table name="Decel Fuel Cut Delay - In Gear A/C On" category="Fuel" address="12374" type="2D" level="2" scaling="uint8">
		<table name="Engine Load" address="2c930" type="X Axis" elements="7" scaling="Load"/>
	</table>

	<table name="Decel Fuel Cut Ignition Retard" category="Fuel" address="12388" type="2D" level="2" scaling="Timing">
		<table name="Engine Speed" address="2c586" type="X Axis" elements="10" scaling="RPM"/>
	</table>

	<table name="Cranking Primer - First Pulse" category="Fuel" address="11c60" type="2D" level="3" scaling="uint8">
		<table name="Temp" address="2c972" type="X Axis" elements="11" scaling="Temp"/>
	</table>

	<table name="Post Start Enrich Trim vs Load" category="Fuel" address="11bac" type="2D" level="2" scaling="Percent (128)">
		<table name="Load" address="2c6d2" type="X Axis" elements="14" scaling="Load"/>
	</table>

	<table name="Post Start Enrich Decay Multiplier" category="Fuel" address="11bbe" type="2D" level="2" scaling="EnrichmentAdj">
		<table name="Time" address="2c95a" type="X Axis" elements="9" scaling="Temp"/>
	</table>

	<table name="Post Start Enrichment" category="Fuel" address="11bcc" type="2D" level="2" scaling="uint8">
		<table name="Engine Temp" address="2c95a" type="X Axis" elements="9" scaling="Temp"/>
	</table>

	<table name="Accel Enrich Base vs Engine Temp" category="Fuel" address="11ca0" type="2D" level="4" scaling="uint8">
		<table name="Engine Temp" address="2c944" type="X Axis" elements="8" scaling="Temp"/>
	</table>

	<!--  *** Air ***  -->

	<table name="MAF Sensor Filtering" category="Air" address="10808">
	</table>

	<table name="MAF Size" category="Air" address="1080c" scaling="AirFlow16"/>

	<table name="MAF Scaling" category="Air" address="11804" scaling="uint8">
		<table name="Load" address="2c76c" scaling="Airflow Hz"/>
	</table>

	<table name="MAF Smoothing Table" category="Air" address="1181e">
		<table name="Load" address="2c76c"/>
	</table>

	<table name="Air Temperature Compensation" category="Air" address="2ad4c">
		<table name="Degrees" address="2c8f6"/>
	</table>

	<table name="Barometric Pressure Compensation" category="Air" address="11847">
		<table name="Atmosphere Pressure" address="2c75e"/>
		<table name="RPM" address="2c79c"/>
	</table>

	<!-- *** Timing *** -->

	<table name="High Octane Ignition Map 1" category="Timing" address="11df1">
		<table name="Load" address="2c8ae"/>
		<table name="RPM" address="2c882" elements="19"/>
	</table>

	<table name="Low Octane Ignition Map 1" category="Timing" address="11f61">
		<table name="Load" address="2c8ae"/>
		<table name="RPM" address="2c882" elements="19"/>
	</table>

	<table name="Knock Control Above Load" category="Timing" address="122c8" type="2D" level="2" scaling="Load8">
		<table name="Engine Load" address="2c586" type="X Axis" elements="10" scaling="RPM"/>
	</table>

	<table name="Octane Control Above Load" category="Timing" address="122d6" type="2D" level="2" scaling="Load8">
		<table name="Engine Load" address="2c586" type="X Axis" elements="10" scaling="RPM"/>
	</table>

	<table name="Ignition Coil Charge Time - Normal" category="Timing" address="1229e" type="2D" level="2" scaling="uint8">
		<table name="Battery" address="2c7c8" type="X Axis" elements="9" scaling="BatteryVoltage"/>
	</table>

	<table name="Ignition Trim vs Eng Temp" category="Timing" address="12262" type="2D" level="3" scaling="Enrich">
		<table name="Engine Temp" address="2c944" type="X Axis" elements="8" scaling="Temp"/>
	</table>

	<table name="Ignition Trim vs Air Temp" category="Timing" address="1226e" type="2D" level="3" scaling="Enrich">
		<table name="Air Temp" address="2c944" type="X Axis" elements="8" scaling="Temp"/>
	</table>

	<table name="Ignition Trim - Baro" category="Timing" address="1227a" type="2D" level="2" scaling="Enrich">
		<table name="Baro Press." address="2c7e0" type="X Axis" elements="5" scaling="Load16"/>
	</table>

	<table name="Ignition Trim vs Air Temp Active Above Load" category="Timing" address="12284" type="2D" level="3" scaling="Load8">
		<table name="Engine Speed" address="2c586" type="X Axis" elements="10" scaling="RPM"/>
	</table>

	<table name="Warmup Ignition Control vs Eng Temp" category="Timing" address="12292" type="2D" level="2" scaling="Percent (256)">
		<table name="Engine Temp" address="2c9ac" type="X Axis" elements="8" scaling="Temp"/>
	</table>

	<!-- *** ALS *** -->

	<table name="ALS minimum vehicle speed to trigger" category="ALS" address="11524" type="1D" level="1" scaling="VehicleSpeed"/>

	<table name="ALS minimum coolant temperature to trigger" category="ALS" address="11526" type="1D" level="1" scaling="Temp"/>

	<table name="ALS minimum RPM to trigger" category="ALS" address="11528" type="1D" level="1" scaling="RPMStatLimit"/>

	<table name="ALS minimum load to trigger" category="ALS" address="1152a" type="1D" level="1" scaling="Load16"/>

	<table name="ALS minimum time to trigger" category="ALS" address="1152c" type="1D" level="1" scaling="TimeSec"/>

	<table name="ALS trigger valid time" category="ALS" address="1152e" type="1D" level="1" scaling="TimeSec"/>

	<table name="ALS Load below which active" category="ALS" address="11530" type="1D" level="1" scaling="Load16"/>

	<table name="ALS active time limit" category="ALS" address="11532" type="1D" level="1" scaling="TimeSec"/>

	<table name="ALS Delay before air injection" category="ALS" address="11534" type="1D" level="1" scaling="TimeSec"/>

	<table name="ALS Delay before fuel injection" category="ALS" address="11536" type="1D" level="1" scaling="TimeSec"/>

	<table name="ALS Fuel injector time" category="ALS" address="11538" type="1D" level="1" scaling="TimeSec"/>

	<table name="ALS Air injection time" category="ALS" address="128c8" type="2D" level="1" scaling="Timesecbyte">
		<table name="RPM" address="2c83a" type="X Axis" elements="9" scaling="RPM"/>
	</table>

	<!-- *** SD *** -->
	
	<!-- *** DMA *** -->

	<!-- *** Limits *** -->

	<table name="Rev Limit" category="Limits" address="1088c"/>

	<table name="Stationary Rev Limit" category="Limits" address="1154e" scaling="RPMLimit"/>

	<table name="Boost Limit" category="Limits" address="11af8">
		<table name="RPM" address="2c83e" elements="9"/>
	</table>

	<table name="Speed Limit" category="Limits" address="1088e">
	</table>

	<table name="Timing Retard Limit" category="Limits" address="10a3e" scaling="Timing Retard"/>

	<table name="Launch Control Speed Limit" category="Limits" address="11550" scaling="VehicleSpeed"/>

	<!-- *** IC Spray *** -->
	
	<!-- *** ISCV Control *** -->

	<table name="Desired ISCV intial step position with AC off-Neutral" category="ISCV Control" address="12314">
		<table name="Engine Temp" address="2c944"/>
	</table>

	<table name="Desired ISCV intial step position with AC off-Drive" category="ISCV Control" address="12320">
		<table name="Engine Temp" address="2c944"/>
	</table>

	<table name="Desired ISCV intial step position with AC on-Neutral" category="ISCV Control" address="1232c">
		<table name="Engine Temp" address="2c944"/>
	</table>

	<table name="Desired Idle RPM-Neutral" category="ISCV Control" address="122fc">
		<table name="Engine Temp" address="2c944"/>
	</table>

	<table name="Desired Idle RPM-Drive" category="ISCV Control" address="12308">
		<table name="Engine Temp" address="2c944"/>
	</table>

	<table name="Desired Idle RPM with AC on" category="ISCV Control" address="10b6c">
	</table>

	<table name="High Intake Air Temp Idle Speed Target" category="ISCV Control" address="11508">
	</table>

	<table name="High Intake Air Temp ISCV Increase" category="ISCV Control" address="1150c">
		<table name="Condition" elements="2"/>
	</table>

	<table name="Desired ISCV initial step position with AC on-Drive" category="ISCV Control" address="12338" type="2D" level="4" scaling="ISCVSteps">
		<table name="Engine Temp" address="2c944" type="Y Axis" elements="8" scaling="Temp"/>
	</table>

	<table name="Idle Post Start Step Incr vs Air Temp" category="ISCV Control" address="1239a" type="2D" level="3" scaling="ISCVSteps">
		<table name="Air temp" address="2c9ee" type="X Axis" elements="8" scaling="Temp"/>
	</table>

	<table name="Idle Post Start Decay Time" category="ISCV Control" address="123a6" type="2D" level="3" scaling="uint8">
		<table name="Air Temp" address="2c9ee" type="X Axis" elements="8" scaling="Temp"/>
	</table>

	<table name="Idle Error Correction - Neutral" category="ISCV Control" address="123c4" type="2D" level="3" scaling="ISCVSteps">
		<table name="Error" address="2ca64" type="X Axis" elements="9" scaling="RPM"/>
	</table>

	<table name="Idle Error Correction - Drive AC On" category="ISCV Control" address="123d2" type="2D" level="3" scaling="uint8">
		<table name="Error" address="2ca64" type="X Axis" elements="9" scaling="RPM"/>
	</table>

	<table name="Idle Stability Timing Control" category="ISCV Control" address="10a4e" type="2D" level="2" scaling="uint16">
		<table name="Settings" type="Static X Axis" elements="3">
			<data>Sensitivity</data>
			<data>Timing Limit</data>
			<data>Untested</data>
		</table>
	</table>

	<table name="Idle Stepper Lookup Table" category="ISCV Control" type="3D" address="12405" scaling="ISCVSteps">
		<table name="Coolant Temp" type="X Axis" elements="8" address="2c9ee" scaling="Temp"/>
		<table name="ISCV Demand" type="Y Axis" elements="27" address="2ca04"  scaling="ISCV_AX2_16"/>
	</table>
	
	<!-- *** Knock Control *** -->
	
	<table name="Knock Sensor Filter Map 1" category="Knock Control" address="1377b">
	</table>

	<!-- *** Lean Spool *** -->

	<table name="Lean Spool Start RPM" category="Lean Spool" address="10980"/>

	<table name="Lean Spool Stop RPM" category="Lean Spool" address="10984"/>

	<table name="Lean Spool Trailing Time - Rich Side" category="Lean Spool" address="11da4" type="2D" level="2" scaling="uint8">
		<table name="RPM" address="2c7fe" type="X Axis" elements="14" scaling="RPM"/>
	</table>

	<table name="Lean Spool Trailing Time - Lean Side" category="Lean Spool" address="11db6" type="2D" level="2" scaling="uint8">
		<table name="RPM" address="2c7fe" type="X Axis" elements="14" scaling="RPM"/>
	</table>

	<table name="Lean Spool Load" category="Lean Spool" address="11dc8" type="2D" level="2" scaling="Load8">
		<table name="RPM" address="2c7fe" type="X Axis" elements="14" scaling="RPM"/>
	</table>

	<table name="Lean Spool Fuel AFR Table" category="Lean Spool" address="11dda" type="2D" level="2" scaling="AFR">
		<table name="RPM" address="2c820" type="X Axis" elements="7" scaling="RPMStatLimit"/>
	</table>

	<!-- *** Turbo *** -->

	<table name="Wastgate Solenoid Activation RPM" category="Turbo" address="10d66">
	</table>

	<table name="Octane Below to Disable Boost Control" category="Turbo" address="10d5f" type="1D" level="2" scaling="Percent (256)"/>

	<table name="Octane Above to Enable Boost Control" category="Turbo" address="10d61" type="1D" level="2" scaling="Percent (256)"/>

	<table name="Max Total Upward WGDC Correction vs TPS" category="Turbo" address="124e2" type="2D" level="2" scaling="DynamicBoost">
		<table name="TPS" address="2c8f4" type="X Axis" elements="9" scaling="TPS Percent"/>
	</table>

	<table name="Boost Control Load Offset" category="Turbo" address="10d6e"/>

	<table name="Turbo Boost Error Correction" category="Turbo" address="124f0" type="2D" level="1" scaling="DynamicBoost">
		<table name="Boost Error" address="2caca" type="Y Axis" scaling="BoostError"/>
	</table>

	<table name="Max Wastegate Duty # 1" category="Turbo" address="12506">
		<table name="RPM" address="2c884"/>
	</table>

	<table name="Max Wastegate Duty # 2" category="Turbo" address="1251a">
		<table name="RPM" address="2c884"/>
	</table>

	<table name="Max Wastegate Duty # 3" category="Turbo" address="1252e">
		<table name="RPM" address="2c884"/>
	</table>

	<table name="Max Wastegate Duty # 4" category="Turbo" address="13648">
		<table name="RPM" address="2c884"/>
	</table>

	<table name="Min Temp for Full Boost Control" category="Turbo" address="11512"/>

	<table name="Boost Cut Delay Timer" category="Turbo" address="1089a"/>

	<table name="Boost Control Limiting Vehicle Speed" category="Turbo" address="12f84">
	</table>

	<table name="Boost Enhancement (Anti-Lag) Start RPM" category="Turbo" address="10980"/>

	<table name="Boost Enhancement (Anti-lag) Stop RPM" category="Turbo" address="10982"/>

	<table name="Boost Enhancement (Anti-lag) Table" category="Turbo" address="11dcb">
		<table name="RPM" address="2c820"/>
	</table>

	<table name="Boost Enhancement Enrich/Enlean (Anti-lag) Map" category="Turbo" address="120d1">
		<table name="Load" address="2c8ae"/>
		<table name="RPM" address="2c882" elements="19"/>
	</table>


	<table name="Boost Desired Engine Load # 1" category="Turbo" address="12542">
		<table name="RPM" address="2c884"/>
	</table>

	<table name="Boost Desired Engine Load # 2" category="Turbo" address="12556">
		<table name="RPM" address="2c884"/>
	</table>

	<table name="Boost Desired Engine Load # 3" category="Turbo" address="1256a">
		<table name="RPM" address="2c884"/>
	</table>

	<table name="Boost Desired Engine Load # 4" category="Turbo" address="1368a">
		<table name="RPM" address="2c884"/>
	</table>

	<table name="WGDC Correction update delay #1" category="Turbo" address="10d54"/>

	<table name="WGDC Correction update delay #2" category="Turbo" address="10d56"/>

	<table name="Boost Control RPM/MPH Crossover" category="Turbo" address="12f84"/>

	<!-- *** TURBO BOOST SINGLE SOLENOID ***  -->

	<!-- *** TURBO BOOST DUAL SOLENOID***  -->

	<!-- *** MISC ***  -->

	<!-- *** OBD-II ***  -->

	<!-- *** OBD-II EVAP ***  -->

	<!-- *** EMISSIONS EGR ***  -->

	<!-- *** ECU *** -->

	<!-- *** ECU Periphery *** -->

	<!-- *** MAT *** -->

	<!-- *** MUT ***  -->
	
	
</rom>
