<rom>
	<romid>
		<xmlid>56880009</xmlid>
		<internalidaddress>5002a</internalidaddress>
		<internalidhex>56880009</internalidhex>
		<make>Mitsubishi</make>
		<market>JDM</market>
		<model>Lancer</model>
		<submodel>Evolution X</submodel>
		<transmission>SST</transmission>
		<year>2011</year>
		<flashmethod>mitsucan</flashmethod>
		<memmodel>M32186F8</memmodel>
		<checksummodule>mitsucan</checksummodule>
	</romid>

	<include>evo10base</include>

	<notes>2014/05/01 [Tactrix] Original file from Golden Evo repository.  If this file is useful to you, please consider donating at http://goldenevo.com/
2014/05/01 [Tactrix] Moved most non-address attributes to evoxbase.xml base class. Standardized file naming.
2014/05/01 [Tactrix] Visually examined tables for obvious errors, but no in-car verification has been done.
2014/05/20 [Tactrix] Tactrix definition auto cleaned|merged w/ GoldenEvoMay2014.
</notes>


	<table name="Mode 23 - IFMode 0x05 -> 0x23 #1" address="7f727" scaling="Mode 23 - IFMode 0x05 -> 0x23 #1"/>

	<table name="Mode 23 - IFMode 0x05 -> 0x23 #2" address="8ac87" scaling="Mode 23 - IFMode 0x05 -> 0x23 #2"/>

	<table name="ASC OFF, SST OFF Fix 0x00E9 -> 0x0100" address="53b14" scaling="ASC OFF, SST OFF Fix 0x00E9 -> 0x0100"/>

	<table name="DTC P1238 0x0384 -> 0xFFFF Mass airflow sensor plausibility (Torque Monitor)" address="63c68" scaling="DTC P1238 0x0384 -> 0xFFFF Mass airflow sensor plausibility (Torque Monitor)"/>

	<table name="DTC P1241 0x03E8 -> 0xFFFF Torque monitor" address="63c5e" scaling="DTC P1241 0x03E8 -> 0xFFFF Torque monitor"/>

	<table name="DTC P1235 0x0026 -> 0xFFFF Mass airflow sensor plausibility" address="54a12" scaling="DTC P1235 0x0026 -> 0xFFFF Mass airflow sensor plausibility"/>

	<table name="DTC P1233 0x0028 -> 0xFFFF Throttle position sensor (main) plausibility" address="54a0e" scaling="DTC P1233 0x0028 -> 0xFFFF Throttle position sensor (main) plausibility"/>

	<table name="DTC P1234 0x0028 -> 0xFFFF Throttle position sensor (sub) plausibility" address="54a10" scaling="DTC P1234 0x0028 -> 0xFFFF Throttle position sensor (sub) plausibility"/>

	<table name="ECU ID" address="5002a" scaling="ECU ID"/>

	<table name="High Octane Timing Map" address="55957" scaling="Timing">
		<table name="Load" address="618ca"/>
		<table name="RPM" address="61896"/>
	</table>

	<table name="Low Octane Timing Map" address="55b59" scaling="Timing">
		<table name="Load" address="618ca"/>
		<table name="RPM" address="61896"/>
	</table>

	<table name="Ignition Warmup Retard" address="5bc11" scaling="Timing">
		<table name="Load" address="618ca"/>
		<table name="RPM" address="61896"/>
	</table>

	<table name="EGR Timing Advance" address="57371" scaling="Timing">
		<table name="Load" address="61f52"/>
		<table name="RPM" address="61f38"/>
	</table>

	<table name="MIVEC Intake Normal Coolant Temp" address="5dec3" scaling="ValveTimingIntake">
		<table name="Load" address="61fee"/>
		<table name="RPM" address="6201e"/>
	</table>

	<table name="MIVEC Intake Low Coolant Temp" address="5e0c3" scaling="ValveTimingIntake">
		<table name="Load" address="61fee"/>
		<table name="RPM" address="6201e"/>
	</table>

	<table name="MIVEC Exhaust Normal Coolant Temp" address="5e2c3" scaling="ValveTimingExhaust">
		<table name="Load" address="61fee"/>
		<table name="RPM" address="6201e"/>
	</table>

	<table name="MIVEC Exhaust Low Coolant Temp" address="5e4c3" scaling="ValveTimingExhaust">
		<table name="Load" address="61fee"/>
		<table name="RPM" address="6201e"/>
	</table>

	<table name="High Octane Fuel Map" address="55027" scaling="AFR">
		<table name="Load" address="61850"/>
		<table name="RPM" address="6182a"/>
	</table>

	<table name="Low Octane Fuel Map" address="552d7" scaling="AFR">
		<table name="Load" address="61850"/>
		<table name="RPM" address="6182a"/>
	</table>

	<table name="Cylinder Fuel Trim #1" address="57ec9" scaling="Percent_128_add_385_div_512">
		<table name="Load" address="61850"/>
		<table name="RPM" address="6243c"/>
	</table>

	<table name="Cylinder Fuel Trim #2" address="580b3" scaling="Percent_128_add_385_div_512">
		<table name="Load" address="61850"/>
		<table name="RPM" address="6243c"/>
	</table>

	<table name="Cylinder Fuel Trim #3" address="5829d" scaling="Percent_128_add_385_div_512">
		<table name="Load" address="61850"/>
		<table name="RPM" address="6243c"/>
	</table>

	<table name="Cylinder Fuel Trim #4" address="58487" scaling="Percent_128_add_385_div_512">
		<table name="Load" address="61850"/>
		<table name="RPM" address="6243c"/>
	</table>

	<table name="Evap Map #1" address="55d5b" scaling="Percent_128_add_385_div_512">
		<table name="Load" address="618ca"/>
		<table name="RPM" address="61896"/>
	</table>

	<table name="Evap Map #2" address="55f5d" scaling="Percent_128_add_385_div_512">
		<table name="Load" address="618ca"/>
		<table name="RPM" address="61896"/>
	</table>

	<table name="Fuel Injector Scaling" address="536d2" scaling="InjectorScaling"/>

	<table name="Injector Battery Voltage Latency Compensation" address="556d0" scaling="InjectorLatency">
		<table name="Battery Voltage" address="6173a"/>
	</table>

	<table name="Injector Base Latency" address="53000" scaling="InjectorLatency"/>

	<table name="Minimum IPW SHLL5 (stock)" address="53002" scaling="IPW16:SHLL5"/>

	<table name="Open Loop Load High Octane #1" address="57584" scaling="Load8">
		<table name="RPM" address="616b6"/>
	</table>

	<table name="Open Loop Load Low Octane #1" address="555da" scaling="Load8">
		<table name="RPM" address="616b6"/>
	</table>

	<table name="Open Loop Load High Octane #2" address="5756c" scaling="Load8">
		<table name="RPM" address="616b6"/>
	</table>

	<table name="Open Loop Load Low Octane #2" address="555c2" scaling="Load8">
		<table name="RPM" address="616b6"/>
	</table>

	<table name="Boost Control Load Offset" address="53488" scaling="Load16"/>

	<table name="Boost Target Engine Load #1A (High Gear Range)" address="58f5d" scaling="Load8">
		<table name="Throttle" address="6308c"/>
		<table name="RPM" address="6300a"/>
	</table>

	<table name="Boost Target Engine Load #1B (High Gear Range)" address="59007" scaling="Load8">
		<table name="Throttle" address="6308c"/>
		<table name="RPM" address="6300a"/>
	</table>

	<table name="Boost Target Engine Load #2 (Low Gear Range)" address="574ad" scaling="Load8">
		<table name="Throttle" address="6308c"/>
		<table name="RPM" address="6300a"/>
	</table>

	<table name="Reactive Solenoid Turbo Boost Error Correction" address="58df0" scaling="DynamicBoost">
		<table name="Load Error" address="63034"/>
	</table>

	<table name="Boost Cut Delay Timer" address="5306c" scaling="Time"/>

	<table name="Boost Limit" address="555b4" scaling="LoadBoost">
		<table name="RPM" address="61fc4"/>
	</table>

	<table name="Boost Control RPM Per MPH Xover (Gear Based)" address="546ae" scaling="RPMPerMPH"/>

	<table name="Reactive Solenoid Base WGDC Map #1A (High Gear Range)" address="58e09" scaling="WGDuty">
		<table name="Throttle" address="6308c"/>
		<table name="RPM" address="6300a"/>
	</table>

	<table name="Reactive Solenoid Base WGDC Map #1B (High Gear Range)" address="58eb3" scaling="WGDuty">
		<table name="Throttle" address="6308c"/>
		<table name="RPM" address="6300a"/>
	</table>

	<table name="Reactive Solenoid Base WGDC Map #2 (Low Gear Range)" address="57403" scaling="WGDuty">
		<table name="Throttle" address="6308c"/>
		<table name="RPM" address="6300a"/>
	</table>

	<table name="Reactive Solenoid WGDC Correction Interval (High Gear Range)" address="5346e" scaling="uint16"/>

	<table name="Reactive Solenoid WGDC Correction Interval (Low Gear Range)" address="546be" scaling="uint16"/>

	<table name="Reactive Solenoid Max Total Upward WGDC Correction vs TPS" address="58de2" scaling="OffsetWGDC">
		<table name="TPS" address="63074"/>
	</table>

	<table name="Reactive Solenoid Max Total Downward WGDC Correction" address="53470" scaling="OffsetWGDC16"/>

	<table name="Passive Solenoid Base WGDC Map #1A (High Gear Range)" address="5a52a" scaling="WGDuty">
		<table name="RPM" address="6300a"/>
	</table>

	<table name="Passive Solenoid Base WGDC Map #1B (High Gear Range)" address="5a540" scaling="WGDuty">
		<table name="RPM" address="6300a"/>
	</table>

	<table name="Passive Solenoid Base WGDC Map #2 (Low Gear Range)" address="5a556" scaling="WGDuty">
		<table name="RPM" address="6300a"/>
	</table>

	<table name="Throttle Map #1" address="50ce0" scaling="Throttle Opening">
		<table name="Load" address="61e02"/>
		<table name="RPM" address="61d04"/>
	</table>

	<table name="Throttle Map #2" address="5130a" scaling="Throttle Opening">
		<table name="Load" address="61e02"/>
		<table name="RPM" address="61d04"/>
	</table>

	<table name="Throttle Map #3" address="51934" scaling="Throttle Opening">
		<table name="Load" address="61e02"/>
		<table name="RPM" address="61d04"/>
	</table>

	<table name="Throttle Map #4" address="51f5e" scaling="Throttle Opening">
		<table name="Load" address="61e02"/>
		<table name="RPM" address="61d04"/>
	</table>

	<table name="Throttle Map #5" address="52588" scaling="Throttle Opening">
		<table name="Load" address="61e02"/>
		<table name="RPM" address="61d04"/>
	</table>

	<table name="Throttle Conditional Switch" address="5499c" scaling="RPMStatLimit"/>

	<table name="Rev Limiter" address="53062" scaling="RPMLimit">
	</table>

	<table name="Stationary Rev Limiter" address="546b4" scaling="RPMStatLimit"/>

	<table name="Stationary Rev Limit Cross Under Max Speed Enable Delay" address="546b6" scaling="Time"/>

	<table name="Max Speed for Stationary Rev Limit" address="546b2" scaling="VehicleSpeedFreq"/>

	<table name="Speed Limiter #1" address="53066" scaling="VehicleSpeed">
	</table>

	<table name="Airflow Check #1" address="5ed1f" scaling="EngineTorque">
		<table name="Throttle Main or SUB Inverted Opening" address="62f0a"/>
		<table name="RPM" address="62ee2"/>
	</table>

	<table name="Airflow Check #2" address="5ee15" scaling="EngineTorque">
		<table name="Throttle Main or SUB Inverted Opening" address="62f0a"/>
		<table name="RPM" address="62ee2"/>
	</table>

	<table name="Airflow Check #3" address="5ef0b" scaling="EngineTorque">
		<table name="Throttle Main or SUB Inverted Opening" address="62f0a"/>
		<table name="RPM" address="62ee2"/>
	</table>

	<table name="Airflow Check #4" address="5f015" scaling="uint8">
		<table name="TPS-Related" address="62f52"/>
		<table name="RPM" address="62f2c"/>
	</table>

	<table name="Airflow Check #1 (Old Style)" address="5ed1f" scaling="uint8">
		<table name="TPS-Related" address="62f0a"/>
		<table name="RPM" address="62ee2"/>
	</table>

	<table name="Airflow Check #2 (Old Style)" address="5ee15" scaling="uint8">
		<table name="TPS-Related" address="62f0a"/>
		<table name="RPM" address="62ee2"/>
	</table>

	<table name="Airflow Check #3 (Old Style)" address="5ef0b" scaling="uint8">
		<table name="TPS-Related" address="62f0a"/>
		<table name="RPM" address="62ee2"/>
	</table>

	<table name="Airflow Check Offset" address="60fbd" scaling="uint8">
		<table name="TPS-Related" address="634e6"/>
		<table name="Reactive Solenoid BWGDC-Related" address="634fe"/>
	</table>

	<table name="Torque Limiter #1" address="642c5" scaling="uint8">
		<table name="TPS-Related" address="62f0a"/>
		<table name="RPM" address="62ee2"/>
	</table>

	<table name="Torque Limiter #2" address="643bb" scaling="uint8">
		<table name="TPS-Related" address="62f0a"/>
		<table name="RPM" address="62ee2"/>
	</table>

	<table name="Torque Limiter #3" address="644b1" scaling="uint8">
		<table name="TPS-Related" address="62f0a"/>
		<table name="RPM" address="62ee2"/>
	</table>

	<table name="Torque Limiter #4" address="645a7" scaling="uint8">
		<table name="TPS-Related" address="62f52"/>
		<table name="RPM" address="62f2c"/>
	</table>

	<table name="ECU Options Set #1" address="50072" scaling="blobbits">
	</table>

	<table name="ECU Options Set #2" address="50082" scaling="blobbits">
	</table>

	<table name="ECU Options Set #3" address="50092" scaling="blobbits">
	</table>

	<table name="ECU Options Set #4" address="500a2" scaling="blobbits">
	</table>

	<table name="ECU Options Set #5" address="500b2" scaling="blobbits">
	</table>

	<table name="ECU Options Set #6" address="500c2" scaling="blobbits">
	</table>

	<table name="ECU Options Set #7" address="500d2" scaling="blobbits">
	</table>

	<table name="MUT Table" address="3dd88" scaling="MUT32">
	</table>

	<table name="Upper Bound Ignition Timing" address="60cc1" scaling="Timing">
		<table name="Load" address="618ca"/>
		<table name="RPM" address="61896"/>
	</table>

	<table name="Lower Bound Ignition Timing" address="507a8" scaling="Min timing">
		<table name="Load" address="61d56"/>
		<table name="RPM" address="61cde"/>
	</table>

	<table name="Lower Bound Ignition Timing Adder vs CTS" address="52d04" scaling="Timing">
		<table name="Coolant Temp" address="61bb8"/>
	</table>

	<table name="Timing Reduction vs Load/RPM" address="5064d" scaling="Timing">
		<table name="Load" address="61d56"/>
		<table name="RPM" address="61cde"/>
	</table>

	<table name="IAT Ignition Advance Compensation" address="56184" scaling="IgnitionCompensation">
		<table name="IAT" address="61a98"/>
	</table>

	<table name="Percent Low Temp Timing Trim vs Coolant Temp" address="561bc" scaling="Percent255">
		<table name="Engine Temp" address="61a5a"/>
	</table>

	<table name="MIVEC Intake Map Interpolation" address="5e6c0" scaling="MIVECInterpolation">
		<table name="Coolant Temperature" address="62e84"/>
	</table>

	<table name="MIVEC Exhaust Map Interpolation" address="5e6ce" scaling="MIVECInterpolation">
		<table name="Coolant Temperature" address="62e84"/>
	</table>

	<table name="Percent MIVEC Intake vs Unknown" address="5e6dc" scaling="Percent255">
		<table name="Unknown" address="62e9c"/>
	</table>

	<table name="Percent MIVEC Exhaust vs Unknown" address="5e6ec" scaling="Percent255">
		<table name="Unknown" address="62e9c"/>
	</table>

	<table name="Calibration Fuel Map" address="5778f" scaling="Percent128">
		<table name="Load" address="62240"/>
		<table name="RPM" address="62214"/>
	</table>

	<table name="Max Rich AFR Clip vs Coolant Temp" address="5a4f4" scaling="AFR">
		<table name="Coolant Temperature" address="5d636"/>
	</table>

	<table name="Cranking Enrichment IPW Adder" address="57556" scaling="TimeInjCranking">
		<table name="Coolant Temperature" address="61984"/>
	</table>

	<table name="Cranking IPW" address="57c52" scaling="CrankingIPW">
		<table name="Coolant Temperature" address="619ca"/>
	</table>

	<table name="Closed Loop - LT Trim Control" address="5557f" scaling="LT Trim Hz">
	</table>

	<table name="MAF Scaling Horizontal" address="575f6" scaling="GramsPerSecond">
		<table name="Volts" address="62054"/>
	</table>

	<table name="MAF Scaling Part 1" address="575f6" scaling="uint16">
		<table name="Volts" address="62054"/>
	</table>

	<table name="MAF Scaling Part 2" address="5764e" scaling="uint16">
		<table name="Volts" address="620ac"/>
	</table>

	<table name="MAF Scaling Part 3" address="576a6" scaling="uint16">
		<table name="Volts" address="62104"/>
	</table>

	<table name="MAP based Load Calc #1 - Hot/Interpolated" address="60962" scaling="Loadify">
		<table name="MAP" address="634b8" elements="20"/>
		<table name="RPM" address="6348c"/>
	</table>

	<table name="MAP based Load Calc #2 - Cold/Interpolated" address="60660" scaling="Loadify">
		<table name="MAP" address="634b8" elements="20"/>
		<table name="RPM" address="6348c"/>
	</table>

	<table name="MAP based Load Calc #3" address="6035e" scaling="Loadify">
		<table name="MAP" address="634b8" elements="20"/>
		<table name="RPM" address="6348c"/>
	</table>

	<table name="Speed Limiter #2" address="53fd6" scaling="VehicleSpeed">
	</table>

	<table name="Speed Limiter #3" address="533d6" scaling="VehicleSpeed">
	</table>

	<table name="Knock Sensitivity Load Threshold" address="561ec" scaling="Load8">
		<table name="RPM" address="6330c"/>
	</table>

	<table name="Knock Background Noise Multiplier" address="5a10c" scaling="uint8">
		<table name="RPM" address="62552"/>
	</table>

	<table name="Knock Background Noise Adder (SINGLE GAIN) #1" address="60344" scaling="uint8">
		<table name="RPM" address="62552"/>
	</table>

	<table name="Knock Background Noise Adder (SINGLE GAIN) #2" address="5a0e4" scaling="uint8">
		<table name="RPM" address="62552"/>
	</table>

	<table name="Knock Background Noise Adder (TRIPLE GAIN) #1" address="60330" scaling="uint8">
		<table name="RPM" address="62552"/>
	</table>

	<table name="Knock Background Noise Adder (TRIPLE GAIN) #2" address="5a0f8" scaling="uint8">
		<table name="RPM" address="62552"/>
	</table>

	<table name="Idle RPM #1 vs Coolant Temp" address="5f6e4" scaling="RPM8">
		<table name="Coolant Temperature" address="61a6c" elements="9"/>
	</table>

	<table name="Idle RPM #2 vs Coolant Temp" address="5f6d4" scaling="RPM8">
		<table name="Coolant Temperature" address="61a6c" elements="9"/>
	</table>

	<table name="Idle RPM #3 vs Coolant Temp" address="56248" scaling="RPM8">
		<table name="Coolant Temperature" address="61a6c" elements="9"/>
	</table>

	<table name="Idle RPM #4 vs Coolant Temp" address="5abd8" scaling="RPM8">
		<table name="Coolant Temperature" address="61a6c" elements="9"/>
	</table>

	<table name="Idle RPM #5 vs Coolant Temp" address="56258" scaling="RPM8">
		<table name="Coolant Temperature" address="61a6c" elements="9"/>
	</table>

	<table name="Idle RPM #6 vs Coolant Temp" address="5ac0a" scaling="RPM8">
		<table name="Coolant Temperature" address="61956"/>
	</table>

	<table name="Idle RPM #7 vs Coolant Temp" address="5abfe" scaling="RPM8">
		<table name="Coolant Temperature" address="61956"/>
	</table>

	<table name="Idle RPM #8 vs Coolant Temp" address="5a154" scaling="RPM8">
		<table name="Coolant Temperature" address="61956"/>
	</table>

	<table name="Idle RPM #9 vs Coolant Temp" address="5a148" scaling="RPM8">
		<table name="Coolant Temperature" address="61956"/>
	</table>

	<table name="Idle Adder #1 vs Coolant Temp" address="60ec0" scaling="RPM8">
		<table name="Coolant Temperature" address="6196c"/>
	</table>

	<table name="Idle Adder #2 vs Coolant Temp" address="60ece" scaling="RPM8">
		<table name="Coolant Temperature" address="6196c"/>
	</table>

	<table name="Target Idle #1" address="533ca" scaling="RPMTarget"/>

	<table name="Target Idle #2" address="53c86" scaling="RPMTarget"/>

	<table name="Target Idle #3" address="53c88" scaling="RPMTarget"/>

	<table name="Target Idle #4" address="532e2" scaling="RPMTarget"/>

	<table name="Target Idle #5" address="53d8a" scaling="RPMTarget"/>

	<table name="Target Idle #6" address="532de" scaling="RPMTarget"/>

	<table name="Target Idle #7" address="532e4" scaling="RPMTarget"/>

	<table name="Target Idle #8" address="53d8c" scaling="RPMTarget"/>

	<table name="Target Idle #9" address="532e0" scaling="RPMTarget"/>

	<table name="Target Idle #10" address="5403c" scaling="RPMTarget"/>

	<table name="Target Idle #11" address="54040" scaling="RPMTarget"/>

	<table name="Target Idle #12" address="548d2" scaling="RPMTarget"/>

	<table name="Target Idle #13" address="548d4" scaling="RPMTarget"/>

	<table name="Target Idle #14" address="54b1c" scaling="RPMTarget"/>

	<table name="Fuel Compensation MAT vs MAP - Stock3bar" address="61081" scaling="Percent_128_add_385_div_512">
		<table name="MAP" address="63542"/>
		<table name="MAT" address="6352e"/>
	</table>

	<table name="Fuel Compensation MAT vs MAP - Omni4bar" address="61081" scaling="Percent_128_add_385_div_512">
		<table name="MAP" address="63542"/>
		<table name="MAT" address="6352e"/>
	</table>

	<table name="SST Throttle Requested Torque Map #1 - Liftoff" address="59375" scaling="Torque Calculation FtLbs">
		<table name="Throttle" address="61db6"/>
		<table name="RPM" address="61d04"/>
	</table>

	<table name="SST Throttle Requested Torque Map #2 - Hot/Interpolated" address="59490" scaling="Torque Calculation FtLbs">
		<table name="Throttle" address="61db6"/>
		<table name="RPM" address="61d04"/>
	</table>

	<table name="SST Throttle Requested Torque Map #3 - Cold/Interpolated" address="595a7" scaling="Torque Calculation FtLbs">
		<table name="Throttle" address="61db6"/>
		<table name="RPM" address="61d04"/>
	</table>

	<table name="SST Throttle Requested Torque Subtractor Map" address="60fbd" scaling="EngineTorque">
		<table name="Map WGDC - Final WGDC" address="634fe"/>
		<table name="Throttle" address="634e6"/>
	</table>

	<table name="SST Throttle Requested Torque Subtractor Map Percent" address="60fa6" scaling="Percent255">
		<table name="RPM" address="61672"/>
	</table>

	<table name="DTC P0139 0x1 -> 0x0 Oxygen Sensor Circuit Slow Response (Bank1, Sensor2)" address="503b8" scaling="DTC P0139 0x1 -> 0x0 Oxygen Sensor Circuit Slow Response (Bank1, Sensor2)"/>

	<table name="DTC P0140 1500 -> 8000 0xygen Sensor Circuit No Activity Detected (Bank 1 Sensor 2)" address="539ca" scaling="RPMStatLimit"/>

	<table name="Barometric Ignition Advance Compensation" address="56190" scaling="IgnitionCompensation">
		<table name="Baro" address="617d2"/>
	</table>

	<table name="Max Lean Oct Avg AFR vs Load" address="57a9e" scaling="AFR">
		<table name="Unknown" address="621f8"/>
	</table>

	<table name="Octane Related" address="5abcc" scaling="uint8">
		<table name="Coolant Temp" address="6192e"/>
	</table>

	<table name="Reactive Solenoid Max WGDC vs CTS" address="5a56c" scaling="WGDuty">
		<table name="Coolant Temp" address="5d694"/>
	</table>

	<table name="Hysteresis" address="5312e" scaling="Load16"/>

	<table name="Min Temp" address="53130" scaling="Temp"/>

	<table name="Start RPM" address="53132" scaling="RPMStatLimit"/>

	<table name="AFR Enable" address="53134" scaling="AFR16"/>

	<table name="Stop RPM" address="53136" scaling="RPMStatLimit"/>

	<table name="AFR Clip" address="53138" scaling="AFR16"/>

	<table name="LeanSpool AFR v FuelMap AFR" address="55900" scaling="AFR">
		<table name="Base Fuel Map AFR" address="617aa"/>
	</table>

	<table name="Mode 23 - DoMode 0x4B -> 0x5B" address="8ac8e" scaling="Mode 23 - DoMode 0x4B -> 0x5B"/>

</rom>
