<rom>
	<romid>
		<xmlid>56890013</xmlid>
		<internalidaddress>5002a</internalidaddress>
		<internalidhex>56890013</internalidhex>
		<make>Mitsubishi</make>
		<market>USDM</market>
		<model>Lancer</model>
		<submodel>Evolution X</submodel>
		<transmission>5MT</transmission>
		<year>2011</year>
		<flashmethod>mitsucan</flashmethod>
		<memmodel>M32186F8</memmodel>
		<checksummodule>mitsucan</checksummodule>
	</romid>

	<include>evo10base</include>

	<notes>2014/05/01 [Tactrix] Original file from Golden Evo repository.  If this file is useful to you, please consider donating at http://goldenevo.com/
2014/05/01 [Tactrix] Moved most non-address attributes to evoxbase.xml base class. Standardized file naming.
2014/05/01 [Tactrix] Visually examined tables for obvious errors, but no in-car verification has been done.
2014/05/20 [Tactrix] Tactrix definition auto cleaned|merged w/ GoldenEvoMay2014.
</notes>


	<table name="Mode 23 - IFMode 0x05 -> 0x23 #1" address="7f777" scaling="Mode 23 - IFMode 0x05 -> 0x23 #1"/>

	<table name="Mode 23 - IFMode 0x05 -> 0x23 #2" address="8b4d7" scaling="Mode 23 - IFMode 0x05 -> 0x23 #2"/>

	<table name="ASC OFF, SST OFF Fix 0x00E9 -> 0x0100" address="53b12" scaling="ASC OFF, SST OFF Fix 0x00E9 -> 0x0100"/>

	<table name="DTC P1238 0x0384 -> 0xFFFF Mass airflow sensor plausibility (Torque Monitor)" address="63c3c" scaling="DTC P1238 0x0384 -> 0xFFFF Mass airflow sensor plausibility (Torque Monitor)"/>

	<table name="DTC P1241 0x03E8 -> 0xFFFF Torque monitor" address="63c32" scaling="DTC P1241 0x03E8 -> 0xFFFF Torque monitor"/>

	<table name="DTC P1235 0x0026 -> 0xFFFF Mass airflow sensor plausibility" address="54a00" scaling="DTC P1235 0x0026 -> 0xFFFF Mass airflow sensor plausibility"/>

	<table name="DTC P1233 0x0028 -> 0xFFFF Throttle position sensor (main) plausibility" address="549fc" scaling="DTC P1233 0x0028 -> 0xFFFF Throttle position sensor (main) plausibility"/>

	<table name="DTC P1234 0x0028 -> 0xFFFF Throttle position sensor (sub) plausibility" address="549fe" scaling="DTC P1234 0x0028 -> 0xFFFF Throttle position sensor (sub) plausibility"/>

	<table name="ECU ID" address="5002a" scaling="ECU ID"/>

	<table name="High Octane Timing Map" address="55957" scaling="Timing">
		<table name="Load" address="6187a"/>
		<table name="RPM" address="61846"/>
	</table>

	<table name="Low Octane Timing Map" address="55b59" scaling="Timing">
		<table name="Load" address="6187a"/>
		<table name="RPM" address="61846"/>
	</table>

	<table name="Ignition Warmup Retard" address="5bba5" scaling="Timing">
		<table name="Load" address="6187a"/>
		<table name="RPM" address="61846"/>
	</table>

	<table name="EGR Timing Advance" address="57329" scaling="Timing">
		<table name="Load" address="61f12"/>
		<table name="RPM" address="61ef8"/>
	</table>

	<table name="MIVEC Intake Normal Coolant Temp" address="5de57" scaling="ValveTimingIntake">
		<table name="Load" address="61fae"/>
		<table name="RPM" address="61fde"/>
	</table>

	<table name="MIVEC Intake Low Coolant Temp" address="5e057" scaling="ValveTimingIntake">
		<table name="Load" address="61fae"/>
		<table name="RPM" address="61fde"/>
	</table>

	<table name="MIVEC Exhaust Normal Coolant Temp" address="5e257" scaling="ValveTimingExhaust">
		<table name="Load" address="61fae"/>
		<table name="RPM" address="61fde"/>
	</table>

	<table name="MIVEC Exhaust Low Coolant Temp" address="5e457" scaling="ValveTimingExhaust">
		<table name="Load" address="61fae"/>
		<table name="RPM" address="61fde"/>
	</table>

	<table name="High Octane Fuel Map" address="55027" scaling="AFR">
		<table name="Load" address="61800"/>
		<table name="RPM" address="617da"/>
	</table>

	<table name="Low Octane Fuel Map" address="552d7" scaling="AFR">
		<table name="Load" address="61800"/>
		<table name="RPM" address="617da"/>
	</table>

	<table name="Cylinder Fuel Trim #1" address="57e5d" scaling="Percent_128_add_385_div_512">
		<table name="Load" address="61800"/>
		<table name="RPM" address="623fc"/>
	</table>

	<table name="Cylinder Fuel Trim #2" address="58047" scaling="Percent_128_add_385_div_512">
		<table name="Load" address="61800"/>
		<table name="RPM" address="623fc"/>
	</table>

	<table name="Cylinder Fuel Trim #3" address="58231" scaling="Percent_128_add_385_div_512">
		<table name="Load" address="61800"/>
		<table name="RPM" address="623fc"/>
	</table>

	<table name="Cylinder Fuel Trim #4" address="5841b" scaling="Percent_128_add_385_div_512">
		<table name="Load" address="61800"/>
		<table name="RPM" address="623fc"/>
	</table>

	<table name="Evap Map #1" address="55d5b" scaling="Percent_128_add_385_div_512">
		<table name="Load" address="6187a"/>
		<table name="RPM" address="61846"/>
	</table>

	<table name="Evap Map #2" address="55f5d" scaling="Percent_128_add_385_div_512">
		<table name="Load" address="6187a"/>
		<table name="RPM" address="61846"/>
	</table>

	<table name="Fuel Injector Scaling" address="536d2" scaling="InjectorScaling"/>

	<table name="Injector Battery Voltage Latency Compensation" address="556d0" scaling="InjectorLatency">
		<table name="Battery Voltage" address="61756"/>
	</table>

	<table name="Injector Base Latency" address="53000" scaling="InjectorLatency"/>

	<table name="Minimum IPW SHLL5 (stock)" address="53002" scaling="IPW16:SHLL5"/>

	<table name="Open Loop Load High Octane #1" address="5753c" scaling="Load8">
		<table name="RPM" address="61666"/>
	</table>

	<table name="Open Loop Load Low Octane #1" address="555da" scaling="Load8">
		<table name="RPM" address="61666"/>
	</table>

	<table name="Open Loop Load High Octane #2" address="57524" scaling="Load8">
		<table name="RPM" address="61666"/>
	</table>

	<table name="Open Loop Load Low Octane #2" address="555c2" scaling="Load8">
		<table name="RPM" address="61666"/>
	</table>

	<table name="Boost Control Load Offset" address="53488" scaling="Load16"/>

	<table name="Boost Target Engine Load #1A (High Gear Range)" address="58ef1" scaling="Load8">
		<table name="Throttle" address="6304c"/>
		<table name="RPM" address="62fca"/>
	</table>

	<table name="Boost Target Engine Load #1B (High Gear Range)" address="58f9b" scaling="Load8">
		<table name="Throttle" address="6304c"/>
		<table name="RPM" address="62fca"/>
	</table>

	<table name="Boost Target Engine Load #2 (Low Gear Range)" address="57465" scaling="Load8">
		<table name="Throttle" address="6304c"/>
		<table name="RPM" address="62fca"/>
	</table>

	<table name="Reactive Solenoid Turbo Boost Error Correction" address="58d84" scaling="DynamicBoost">
		<table name="Load Error" address="62ff4"/>
	</table>

	<table name="Boost Cut Delay Timer" address="5306c" scaling="Time"/>

	<table name="Boost Limit" address="555b4" scaling="LoadBoost">
		<table name="RPM" address="61f84"/>
	</table>

	<table name="Boost Control RPM Per MPH Xover (Gear Based)" address="546a2" scaling="RPMPerMPH"/>

	<table name="Reactive Solenoid Base WGDC Map #1A (High Gear Range)" address="58d9d" scaling="WGDuty">
		<table name="Throttle" address="6304c"/>
		<table name="RPM" address="62fca"/>
	</table>

	<table name="Reactive Solenoid Base WGDC Map #1B (High Gear Range)" address="58e47" scaling="WGDuty">
		<table name="Throttle" address="6304c"/>
		<table name="RPM" address="62fca"/>
	</table>

	<table name="Reactive Solenoid Base WGDC Map #2 (Low Gear Range)" address="573bb" scaling="WGDuty">
		<table name="Throttle" address="6304c"/>
		<table name="RPM" address="62fca"/>
	</table>

	<table name="Reactive Solenoid WGDC Correction Interval (High Gear Range)" address="5346e" scaling="uint16"/>

	<table name="Reactive Solenoid WGDC Correction Interval (Low Gear Range)" address="546b2" scaling="uint16"/>

	<table name="Reactive Solenoid Max Total Upward WGDC Correction vs TPS" address="58d76" scaling="OffsetWGDC">
		<table name="TPS" address="63034"/>
	</table>

	<table name="Reactive Solenoid Max Total Downward WGDC Correction" address="53470" scaling="OffsetWGDC16"/>

	<table name="Passive Solenoid Base WGDC Map #1A (High Gear Range)" address="5a4be" scaling="WGDuty">
		<table name="RPM" address="62fca"/>
	</table>

	<table name="Passive Solenoid Base WGDC Map #1B (High Gear Range)" address="5a4d4" scaling="WGDuty">
		<table name="RPM" address="62fca"/>
	</table>

	<table name="Passive Solenoid Base WGDC Map #2 (Low Gear Range)" address="5a4ea" scaling="WGDuty">
		<table name="RPM" address="62fca"/>
	</table>

	<table name="Throttle Map #1" address="50ce4" scaling="Throttle Opening">
		<table name="Load" address="61dc2"/>
		<table name="RPM" address="61c9e"/>
	</table>

	<table name="Throttle Map #2" address="5130e" scaling="Throttle Opening">
		<table name="Load" address="61dc2"/>
		<table name="RPM" address="61c9e"/>
	</table>

	<table name="Throttle Map #3" address="51938" scaling="Throttle Opening">
		<table name="Load" address="61dc2"/>
		<table name="RPM" address="61c9e"/>
	</table>

	<table name="Throttle Map #4" address="51f62" scaling="Throttle Opening">
		<table name="Load" address="61dc2"/>
		<table name="RPM" address="61c9e"/>
	</table>

	<table name="Throttle Map #5" address="5258c" scaling="Throttle Opening">
		<table name="Load" address="61dc2"/>
		<table name="RPM" address="61c9e"/>
	</table>

	<table name="Throttle Conditional Switch" address="5498a" scaling="RPMStatLimit"/>

	<table name="Rev Limiter" address="53062" scaling="RPMLimit">
	</table>

	<table name="Stationary Rev Limiter" address="546a8" scaling="RPMStatLimit"/>

	<table name="Stationary Rev Limit Cross Under Max Speed Enable Delay" address="546aa" scaling="Time"/>

	<table name="Max Speed for Stationary Rev Limit" address="546a6" scaling="VehicleSpeedFreq"/>

	<table name="Speed Limiter #1" address="53066" scaling="VehicleSpeed">
	</table>

	<table name="Airflow Check #1" address="5ecb3" scaling="EngineTorque">
		<table name="Throttle Main or SUB Inverted Opening" address="62eca"/>
		<table name="RPM" address="62ea2"/>
	</table>

	<table name="Airflow Check #2" address="5eda9" scaling="EngineTorque">
		<table name="Throttle Main or SUB Inverted Opening" address="62eca"/>
		<table name="RPM" address="62ea2"/>
	</table>

	<table name="Airflow Check #3" address="5ee9f" scaling="EngineTorque">
		<table name="Throttle Main or SUB Inverted Opening" address="62eca"/>
		<table name="RPM" address="62ea2"/>
	</table>

	<table name="Airflow Check #4" address="5efa9" scaling="uint8">
		<table name="TPS-Related" address="62f12"/>
		<table name="RPM" address="62eec"/>
	</table>

	<table name="Airflow Check #1 (Old Style)" address="5ecb3" scaling="uint8">
		<table name="TPS-Related" address="62eca"/>
		<table name="RPM" address="62ea2"/>
	</table>

	<table name="Airflow Check #2 (Old Style)" address="5eda9" scaling="uint8">
		<table name="TPS-Related" address="62eca"/>
		<table name="RPM" address="62ea2"/>
	</table>

	<table name="Airflow Check #3 (Old Style)" address="5ee9f" scaling="uint8">
		<table name="TPS-Related" address="62eca"/>
		<table name="RPM" address="62ea2"/>
	</table>

	<table name="Airflow Check Offset" address="60f5d" scaling="uint8">
		<table name="TPS-Related" address="634a6"/>
		<table name="Reactive Solenoid BWGDC-Related" address="634be"/>
	</table>

	<table name="Torque Limiter #1" address="64299" scaling="uint8">
		<table name="TPS-Related" address="62eca"/>
		<table name="RPM" address="62ea2"/>
	</table>

	<table name="Torque Limiter #2" address="6438f" scaling="uint8">
		<table name="TPS-Related" address="62eca"/>
		<table name="RPM" address="62ea2"/>
	</table>

	<table name="Torque Limiter #3" address="64485" scaling="uint8">
		<table name="TPS-Related" address="62eca"/>
		<table name="RPM" address="62ea2"/>
	</table>

	<table name="Torque Limiter #4" address="6457b" scaling="uint8">
		<table name="TPS-Related" address="62f12"/>
		<table name="RPM" address="62eec"/>
	</table>

	<table name="ECU Options Set #1" address="50072" scaling="blobbits">
	</table>

	<table name="ECU Options Set #2" address="50082" scaling="blobbits">
	</table>

	<table name="ECU Options Set #3" address="50092" scaling="blobbits">
	</table>

	<table name="ECU Options Set #4" address="500a2" scaling="blobbits">
	</table>

	<table name="ECU Options Set #5" address="500b2" scaling="blobbits">
	</table>

	<table name="ECU Options Set #6" address="500c2" scaling="blobbits">
	</table>

	<table name="ECU Options Set #7" address="500d2" scaling="blobbits">
	</table>

	<table name="MUT Table" address="3e388" scaling="MUT32">
	</table>

	<table name="Upper Bound Ignition Timing" address="60c61" scaling="Timing">
		<table name="Load" address="6187a"/>
		<table name="RPM" address="61846"/>
	</table>

	<table name="Lower Bound Ignition Timing" address="507ac" scaling="Min timing">
		<table name="Load" address="61cea"/>
		<table name="RPM" address="61c9e"/>
	</table>

	<table name="Lower Bound Ignition Timing Adder vs CTS" address="52d08" scaling="Timing">
		<table name="Coolant Temp" address="61b78"/>
	</table>

	<table name="Timing Reduction vs Load/RPM" address="50651" scaling="Timing">
		<table name="Load" address="61cea"/>
		<table name="RPM" address="61c9e"/>
	</table>

	<table name="IAT Ignition Advance Compensation" address="56184" scaling="IgnitionCompensation">
		<table name="IAT" address="61a48"/>
	</table>

	<table name="Percent Low Temp Timing Trim vs Coolant Temp" address="561bc" scaling="Percent255">
		<table name="Engine Temp" address="61a0a"/>
	</table>

	<table name="MIVEC Intake Map Interpolation" address="5e654" scaling="MIVECInterpolation">
		<table name="Coolant Temperature" address="62e44"/>
	</table>

	<table name="MIVEC Exhaust Map Interpolation" address="5e662" scaling="MIVECInterpolation">
		<table name="Coolant Temperature" address="62e44"/>
	</table>

	<table name="Percent MIVEC Intake vs Unknown" address="5e670" scaling="Percent255">
		<table name="Unknown" address="62e5c"/>
	</table>

	<table name="Percent MIVEC Exhaust vs Unknown" address="5e680" scaling="Percent255">
		<table name="Unknown" address="62e5c"/>
	</table>

	<table name="Calibration Fuel Map" address="57747" scaling="Percent128">
		<table name="Load" address="62200"/>
		<table name="RPM" address="621d4"/>
	</table>

	<table name="Max Rich AFR Clip vs Coolant Temp" address="5a488" scaling="AFR">
		<table name="Coolant Temperature" address="5d5ca"/>
	</table>

	<table name="Cranking Enrichment IPW Adder" address="5750e" scaling="TimeInjCranking">
		<table name="Coolant Temperature" address="61934"/>
	</table>

	<table name="Minimum IPW SHLL0" address="53002" scaling="IPW16:SHLL0"/>

	<table name="Closed Loop - LT Trim Control" address="5557f" scaling="LT Trim Hz">
	</table>

	<table name="MAF Scaling Horizontal" address="575ae" scaling="GramsPerSecond">
		<table name="Volts" address="62014"/>
	</table>

	<table name="MAF Scaling Part 1" address="575ae" scaling="uint16">
		<table name="Volts" address="62014"/>
	</table>

	<table name="MAF Scaling Part 2" address="57606" scaling="uint16">
		<table name="Volts" address="6206c"/>
	</table>

	<table name="MAF Scaling Part 3" address="5765e" scaling="uint16">
		<table name="Volts" address="620c4"/>
	</table>

	<table name="MAP based Load Calc #1 - Hot/Interpolated" address="60902" scaling="Loadify">
		<table name="MAP" address="63478" elements="20"/>
		<table name="RPM" address="6344c"/>
	</table>

	<table name="MAP based Load Calc #2 - Cold/Interpolated" address="60902" scaling="Loadify">
		<table name="MAP" address="63478" elements="20"/>
		<table name="RPM" address="6344c"/>
	</table>

	<table name="MAP based Load Calc #3" address="60902" scaling="Loadify">
		<table name="MAP" address="63478" elements="20"/>
		<table name="RPM" address="6344c"/>
	</table>

	<table name="Atmospheric Boost" address="53488" scaling="psia16"/>

	<table name="Boost Target #1A (High Gear Range)" address="58ef1" scaling="psia8">
		<table name="Throttle" address="6304c"/>
		<table name="RPM" address="62fca"/>
	</table>

	<table name="Boost Target #1B (High Gear Range)" address="58f9b" scaling="psia8">
		<table name="Throttle" address="6304c"/>
		<table name="RPM" address="62fca"/>
	</table>

	<table name="Boost Target #2 (Low Gear Range)" address="57465" scaling="psia8">
		<table name="Throttle" address="6304c"/>
		<table name="RPM" address="62fca"/>
	</table>

	<table name="Target Boost Error Correction" address="58d84" scaling="OffsetWGDC">
		<table name="Boost Error" address="62ff4"/>
	</table>

	<table name="SHLR->SHLR2 0x5101 -> 0x5102" address="2bcdc" scaling="SHLR->SHLR2 0x5101 -> 0x5102"/>

	<table name="Knock Sensitivity Load Threshold" address="561ec" scaling="Load8">
		<table name="RPM" address="632cc"/>
	</table>

	<table name="Knock Background Noise Multiplier" address="5a0a0" scaling="uint8">
		<table name="RPM" address="62512"/>
	</table>

	<table name="Knock Background Noise Adder (SINGLE GAIN) #1" address="602e4" scaling="uint8">
		<table name="RPM" address="62512"/>
	</table>

	<table name="Knock Background Noise Adder (SINGLE GAIN) #2" address="5a078" scaling="uint8">
		<table name="RPM" address="62512"/>
	</table>

	<table name="Knock Background Noise Adder (TRIPLE GAIN) #1" address="602d0" scaling="uint8">
		<table name="RPM" address="62512"/>
	</table>

	<table name="Knock Background Noise Adder (TRIPLE GAIN) #2" address="5a08c" scaling="uint8">
		<table name="RPM" address="62512"/>
	</table>

	<table name="Idle RPM #1 vs Coolant Temp" address="5f684" scaling="RPM8">
		<table name="Coolant Temperature" address="61a1c" elements="9"/>
	</table>

	<table name="Idle RPM #2 vs Coolant Temp" address="5f674" scaling="RPM8">
		<table name="Coolant Temperature" address="61a1c" elements="9"/>
	</table>

	<table name="Idle RPM #3 vs Coolant Temp" address="56248" scaling="RPM8">
		<table name="Coolant Temperature" address="61a1c" elements="9"/>
	</table>

	<table name="Idle RPM #4 vs Coolant Temp" address="5ab6c" scaling="RPM8">
		<table name="Coolant Temperature" address="61a1c" elements="9"/>
	</table>

	<table name="Idle RPM #5 vs Coolant Temp" address="56258" scaling="RPM8">
		<table name="Coolant Temperature" address="61a1c" elements="9"/>
	</table>

	<table name="Idle RPM #6 vs Coolant Temp" address="5ab9e" scaling="RPM8">
		<table name="Coolant Temperature" address="618ea"/>
	</table>

	<table name="Idle RPM #7 vs Coolant Temp" address="5ab92" scaling="RPM8">
		<table name="Coolant Temperature" address="618ea"/>
	</table>

	<table name="Idle RPM #8 vs Coolant Temp" address="5a0e8" scaling="RPM8">
		<table name="Coolant Temperature" address="618ea"/>
	</table>

	<table name="Idle RPM #9 vs Coolant Temp" address="5a0dc" scaling="RPM8">
		<table name="Coolant Temperature" address="618ea"/>
	</table>

	<table name="Idle Adder #1 vs Coolant Temp" address="60e60" scaling="RPM8">
		<table name="Coolant Temperature" address="6191c"/>
	</table>

	<table name="Idle Adder #2 vs Coolant Temp" address="60e6e" scaling="RPM8">
		<table name="Coolant Temperature" address="6191c"/>
	</table>

	<table name="Target Idle #1" address="533ca" scaling="RPMTarget"/>

	<table name="Target Idle #2" address="53c7a" scaling="RPMTarget"/>

	<table name="Target Idle #3" address="53c7c" scaling="RPMTarget"/>

	<table name="Target Idle #4" address="532e2" scaling="RPMTarget"/>

	<table name="Target Idle #5" address="53d7e" scaling="RPMTarget"/>

	<table name="Target Idle #6" address="532de" scaling="RPMTarget"/>

	<table name="Target Idle #7" address="532e4" scaling="RPMTarget"/>

	<table name="Target Idle #8" address="53d80" scaling="RPMTarget"/>

	<table name="Target Idle #9" address="532e0" scaling="RPMTarget"/>

	<table name="Target Idle #10" address="54030" scaling="RPMTarget"/>

	<table name="Target Idle #11" address="54034" scaling="RPMTarget"/>

	<table name="Target Idle #12" address="548c0" scaling="RPMTarget"/>

	<table name="Target Idle #13" address="548c2" scaling="RPMTarget"/>

	<table name="Target Idle #14" address="54b0a" scaling="RPMTarget"/>

	<table name="Fuel Compensation MAT vs MAP - Stock3bar" address="61021" scaling="Percent_128_add_385_div_512">
		<table name="MAP" address="63502"/>
		<table name="MAT" address="634ee"/>
	</table>

	<table name="Fuel Compensation MAT vs MAP - Omni4bar" address="61021" scaling="Percent_128_add_385_div_512">
		<table name="MAP" address="63502"/>
		<table name="MAT" address="634ee"/>
	</table>

	<table name="Load Ramp Rate #1 (Load>70)" address="54ab2" scaling="ReverseInterpolated_Percent255_2byte"/>

	<table name="Load multiplier end when TPS decreased by % (hysteresis)" address="546cc" scaling="Throttle %"/>

	<table name="DTC P0247 0xF9DF -> 0xF1DF Turbocharger Wastegate Solenoid B Malfunction (black solenoid)" address="94aa6" scaling="DTC P0247 0xF9DF -> 0xF1DF Turbocharger Wastegate Solenoid B Malfunction (black solenoid)"/>

	<table name="DTC P0139 0x1 -> 0x0 Oxygen Sensor Circuit Slow Response (Bank1, Sensor2)" address="503bc" scaling="DTC P0139 0x1 -> 0x0 Oxygen Sensor Circuit Slow Response (Bank1, Sensor2)"/>

	<table name="DTC P0140 1500 -> 8000 0xygen Sensor Circuit No Activity Detected (Bank 1 Sensor 2)" address="539c8" scaling="RPMStatLimit"/>

	<table name="Barometric Ignition Advance Compensation" address="56190" scaling="IgnitionCompensation">
		<table name="Baro" address="61782"/>
	</table>

	<table name="Max Lean Oct Avg AFR vs Load" address="57a56" scaling="AFR">
		<table name="Unknown" address="621b8"/>
	</table>

	<table name="Octane Related" address="5ab60" scaling="uint8">
		<table name="Coolant Temp" address="618de"/>
	</table>

	<table name="Minimum IPW SHLL0 modifier #1 (0x5345 -> 0x5340)" address="309b2" scaling="Hex16"/>

	<table name="Minimum IPW SHLL0 modifier #2 (0x5945 -> 0x5940)" address="307a6" scaling="Hex16"/>

	<table name="Minimum IPW Code Path modifier #1 (0x7f09 -> 0x7f06)" address="30994" scaling="Hex16"/>

	<table name="Non-Continuous Monitor Completion Patch 1 0xA0BD->0x6000" address="90d08" scaling="Non-Continuous Monitor Completion Patch 1 0xA0BD->0x6000"/>

	<table name="Monitor Available(1)/Not Available(0) - Read Only, Do NOT Change" address="90c9d" scaling="blobbits">
	</table>

	<table name="Monitor Passed(1)/Failed(0) - Read Only, Do NOT Change" address="90d09" scaling="blobbits">
	</table>

	<table name="Mode 23 - DoMode 0x4D -> 0x5D" address="8b4de" scaling="Mode 23 - DoMode 0x4D -> 0x5D"/>

	<table name="Non-Continuous Monitor Completion Patch 2 0x87BE->0x7000" address="90d0a" scaling="Non-Continuous Monitor Completion Patch 2 0x87BE->0x7000"/>

	<table name="Variable for Boost Control 0xC7BA -> 0xC75E" address="2bcda" scaling="Variable for Boost Control 0xC7BA -> 0xC75E"/>

	<table name="Boost Error RAM Address 0xC5D0 -> 0xC5CE (is 0x8085CE for logging)" address="2bd02" scaling="Boost Error RAM Address 0xC5D0 -> 0xC5CE (is 0x8085CE for logging)"/>

	<table name="Boost Error RAM Address in Load Error Table 0xC5D0 -> 0xC5CE" address="62ff0" scaling="Boost Error RAM Address in Load Error Table 0xC5D0 -> 0xC5CE"/>

</rom>
