<rom>
	<romid>
		<xmlid>56900007</xmlid>
		<internalidaddress>5002a</internalidaddress>
		<internalidhex>56900007</internalidhex>
		<make>Mitsubishi</make>
		<market>USDM</market>
		<model>Lancer</model>
		<submodel>Evolution X</submodel>
		<transmission>SST</transmission>
		<year>2011</year>
		<flashmethod>mitsucan</flashmethod>
		<memmodel>M32186F8</memmodel>
		<checksummodule>mitsucan</checksummodule>
	</romid>

	<include>evo10base</include>

	<notes>2014/05/01 [Tactrix] Original file from Golden Evo repository.  If this file is useful to you, please consider donating at http://goldenevo.com/
2014/05/01 [Tactrix] Moved most non-address attributes to evoxbase.xml base class. Standardized file naming.
2014/05/01 [Tactrix] Visually examined tables for obvious errors, but no in-car verification has been done.
2014/05/20 [Tactrix] Tactrix definition auto cleaned|merged w/ GoldenEvoMay2014.
</notes>


	<table name="Mode 23 - IFMode 0x05 -> 0x23 #1" address="7f6d3" scaling="Mode 23 - IFMode 0x05 -> 0x23 #1"/>

	<table name="Mode 23 - IFMode 0x05 -> 0x23 #2" address="8b4f7" scaling="Mode 23 - IFMode 0x05 -> 0x23 #2"/>

	<table name="ASC OFF, SST OFF Fix 0x00E9 -> 0x0100" address="53b12" scaling="ASC OFF, SST OFF Fix 0x00E9 -> 0x0100"/>

	<table name="DTC P1238 0x0384 -> 0xFFFF Mass airflow sensor plausibility (Torque Monitor)" address="63bfc" scaling="DTC P1238 0x0384 -> 0xFFFF Mass airflow sensor plausibility (Torque Monitor)"/>

	<table name="DTC P1241 0x03E8 -> 0xFFFF Torque monitor" address="63bf2" scaling="DTC P1241 0x03E8 -> 0xFFFF Torque monitor"/>

	<table name="DTC P1235 0x0026 -> 0xFFFF Mass airflow sensor plausibility" address="549fc" scaling="DTC P1235 0x0026 -> 0xFFFF Mass airflow sensor plausibility"/>

	<table name="DTC P1233 0x0028 -> 0xFFFF Throttle position sensor (main) plausibility" address="549f8" scaling="DTC P1233 0x0028 -> 0xFFFF Throttle position sensor (main) plausibility"/>

	<table name="DTC P1234 0x0028 -> 0xFFFF Throttle position sensor (sub) plausibility" address="549fa" scaling="DTC P1234 0x0028 -> 0xFFFF Throttle position sensor (sub) plausibility"/>

	<table name="ECU ID" address="5002a" scaling="ECU ID"/>

	<table name="High Octane Timing Map" address="55957" scaling="Timing">
		<table name="Load" address="6185e"/>
		<table name="RPM" address="6182a"/>
	</table>

	<table name="Low Octane Timing Map" address="55b59" scaling="Timing">
		<table name="Load" address="6185e"/>
		<table name="RPM" address="6182a"/>
	</table>

	<table name="MIVEC Intake Normal Coolant Temp" address="5de57" scaling="ValveTimingIntake">
		<table name="Load" address="61f82"/>
		<table name="RPM" address="61fb2"/>
	</table>

	<table name="MIVEC Intake Low Coolant Temp" address="5e057" scaling="ValveTimingIntake">
		<table name="Load" address="61f82"/>
		<table name="RPM" address="61fb2"/>
	</table>

	<table name="MIVEC Exhaust Normal Coolant Temp" address="5e257" scaling="ValveTimingExhaust">
		<table name="Load" address="61f82"/>
		<table name="RPM" address="61fb2"/>
	</table>

	<table name="MIVEC Exhaust Low Coolant Temp" address="5e457" scaling="ValveTimingExhaust">
		<table name="Load" address="61f82"/>
		<table name="RPM" address="61fb2"/>
	</table>

	<table name="High Octane Fuel Map" address="55027" scaling="AFR">
		<table name="Load" address="617e4"/>
		<table name="RPM" address="617be"/>
	</table>

	<table name="Low Octane Fuel Map" address="552d7" scaling="AFR">
		<table name="Load" address="617e4"/>
		<table name="RPM" address="617be"/>
	</table>

	<table name="Fuel Injector Scaling" address="536d2" scaling="InjectorScaling"/>

	<table name="Injector Battery Voltage Latency Compensation" address="556d0" scaling="InjectorLatency">
		<table name="Battery Voltage" address="6173a"/>
	</table>

	<table name="Injector Base Latency" address="53000" scaling="InjectorLatency"/>

	<table name="Minimum IPW SHLL5 (stock)" address="53002" scaling="IPW16:SHLL5"/>

	<table name="Open Loop Load High Octane #1" address="5753c" scaling="Load8">
		<table name="RPM" address="6164a"/>
	</table>

	<table name="Open Loop Load Low Octane #1" address="555da" scaling="Load8">
		<table name="RPM" address="6164a"/>
	</table>

	<table name="Open Loop Load High Octane #2" address="57524" scaling="Load8">
		<table name="RPM" address="6164a"/>
	</table>

	<table name="Open Loop Load Low Octane #2" address="555c2" scaling="Load8">
		<table name="RPM" address="6164a"/>
	</table>

	<table name="Boost Control Load Offset" address="53488" scaling="Load16"/>

	<table name="Boost Target Engine Load #1A (High Gear Range)" address="58ef1" scaling="Load8">
		<table name="Throttle" address="63020"/>
		<table name="RPM" address="62f9e"/>
	</table>

	<table name="Boost Target Engine Load #1B (High Gear Range)" address="58f9b" scaling="Load8">
		<table name="Throttle" address="63020"/>
		<table name="RPM" address="62f9e"/>
	</table>

	<table name="Boost Target Engine Load #2 (Low Gear Range)" address="57465" scaling="Load8">
		<table name="Throttle" address="63020"/>
		<table name="RPM" address="62f9e"/>
	</table>

	<table name="Reactive Solenoid Turbo Boost Error Correction" address="58d84" scaling="DynamicBoost">
		<table name="Load Error" address="62fc8"/>
	</table>

	<table name="Boost Cut Delay Timer" address="5306c" scaling="Time"/>

	<table name="Boost Limit" address="555b4" scaling="LoadBoost">
		<table name="RPM" address="61f58"/>
	</table>

	<table name="Boost Control RPM Per MPH Xover (Gear Based)" address="5469e" scaling="RPMPerMPH"/>

	<table name="Reactive Solenoid Base WGDC Map #1A (High Gear Range)" address="58d9d" scaling="WGDuty">
		<table name="Throttle" address="63020"/>
		<table name="RPM" address="62f9e"/>
	</table>

	<table name="Reactive Solenoid Base WGDC Map #1B (High Gear Range)" address="58e47" scaling="WGDuty">
		<table name="Throttle" address="63020"/>
		<table name="RPM" address="62f9e"/>
	</table>

	<table name="Reactive Solenoid Base WGDC Map #2 (Low Gear Range)" address="573bb" scaling="WGDuty">
		<table name="Throttle" address="63020"/>
		<table name="RPM" address="62f9e"/>
	</table>

	<table name="Reactive Solenoid WGDC Correction Interval (High Gear Range)" address="5346e" scaling="uint16"/>

	<table name="Reactive Solenoid WGDC Correction Interval (Low Gear Range)" address="546ae" scaling="uint16"/>

	<table name="Reactive Solenoid Max Total Upward WGDC Correction vs TPS" address="58d76" scaling="OffsetWGDC">
		<table name="TPS" address="63008"/>
	</table>

	<table name="Reactive Solenoid Max Total Downward WGDC Correction" address="5346c" scaling="OffsetWGDC16"/>

	<table name="Passive Solenoid Base WGDC Map #1A (High Gear Range)" address="5a4be" scaling="WGDuty">
		<table name="RPM" address="62f9e"/>
	</table>

	<table name="Passive Solenoid Base WGDC Map #1B (High Gear Range)" address="5a4d4" scaling="WGDuty">
		<table name="RPM" address="62f9e"/>
	</table>

	<table name="Passive Solenoid Base WGDC Map #2 (Low Gear Range)" address="5a4ea" scaling="WGDuty">
		<table name="RPM" address="62f9e"/>
	</table>

	<table name="Throttle Map #1" address="50ce4" scaling="Throttle Opening">
		<table name="Load" address="61d96"/>
		<table name="RPM" address="61c98"/>
	</table>

	<table name="Throttle Map #2" address="5130e" scaling="Throttle Opening">
		<table name="Load" address="61d96"/>
		<table name="RPM" address="61c98"/>
	</table>

	<table name="Throttle Map #3" address="51938" scaling="Throttle Opening">
		<table name="Load" address="61d96"/>
		<table name="RPM" address="61c98"/>
	</table>

	<table name="Throttle Map #4" address="51f62" scaling="Throttle Opening">
		<table name="Load" address="61d96"/>
		<table name="RPM" address="61c98"/>
	</table>

	<table name="Throttle Map #5" address="5258c" scaling="Throttle Opening">
		<table name="Load" address="61d96"/>
		<table name="RPM" address="61c98"/>
	</table>

	<table name="Throttle Conditional Switch" address="54986" scaling="RPMStatLimit"/>

	<table name="Rev Limiter" address="53062" scaling="RPMLimit">
	</table>

	<table name="Stationary Rev Limiter" address="546a4" scaling="RPMStatLimit"/>

	<table name="Speed Limiter #1" address="53066" scaling="VehicleSpeed">
	</table>

	<table name="ECU Options Set #1" address="50072" scaling="blobbits">
	</table>

	<table name="ECU Options Set #2" address="50082" scaling="blobbits">
	</table>

	<table name="ECU Options Set #3" address="50092" scaling="blobbits">
	</table>

	<table name="ECU Options Set #4" address="500a2" scaling="blobbits">
	</table>

	<table name="ECU Options Set #5" address="500b2" scaling="blobbits">
	</table>

	<table name="ECU Options Set #6" address="500c2" scaling="blobbits">
	</table>

	<table name="ECU Options Set #7" address="500d2" scaling="blobbits">
	</table>

	<table name="MUT Table" address="3e27c" scaling="MUT32">
	</table>

	<table name="Upper Bound Ignition Timing" address="60c55" scaling="Timing">
		<table name="Load" address="6185e"/>
		<table name="RPM" address="6182a"/>
	</table>

	<table name="Lower Bound Ignition Timing" address="507ac" scaling="Min timing">
		<table name="Load" address="61cea"/>
		<table name="RPM" address="61c72"/>
	</table>

	<table name="Percent Low Temp Timing Trim vs Coolant Temp" address="561bc" scaling="Percent255">
		<table name="Engine Temp" address="619ee"/>
	</table>

	<table name="MIVEC Intake Map Interpolation" address="5e654" scaling="MIVECInterpolation">
		<table name="Coolant Temperature" address="62e18"/>
	</table>

	<table name="MIVEC Exhaust Map Interpolation" address="5e662" scaling="MIVECInterpolation">
		<table name="Coolant Temperature" address="62e18"/>
	</table>

	<table name="Cranking Enrichment IPW Adder" address="5750e" scaling="TimeInjCranking">
		<table name="Coolant Temperature" address="61918"/>
	</table>

	<table name="Minimum IPW SHLL0" address="53002" scaling="IPW16:SHLL0"/>

	<table name="Closed Loop - LT Trim Control" address="5557f" scaling="LT Trim Hz">
	</table>

	<table name="MAF Scaling Horizontal" address="575ae" scaling="GramsPerSecond">
		<table name="Volts" address="61fe8"/>
	</table>

	<table name="MAF Scaling Part 1" address="575ae" scaling="uint16">
		<table name="Volts" address="61fe8"/>
	</table>

	<table name="MAF Scaling Part 2" address="57606" scaling="uint16">
		<table name="Volts" address="62040"/>
	</table>

	<table name="MAF Scaling Part 3" address="5765e" scaling="uint16">
		<table name="Volts" address="62098"/>
	</table>

	<table name="MAP based Load Calc #1 - Hot/Interpolated" address="608f6" scaling="Loadify">
		<table name="MAP" address="6344c" elements="20"/>
		<table name="RPM" address="63420"/>
	</table>

	<table name="MAP based Load Calc #2 - Cold/Interpolated" address="605f4" scaling="Loadify">
		<table name="MAP" address="6344c" elements="20"/>
		<table name="RPM" address="63420"/>
	</table>

	<table name="MAP based Load Calc #3" address="602f2" scaling="Loadify">
		<table name="MAP" address="6344c" elements="20"/>
		<table name="RPM" address="63420"/>
	</table>

	<table name="Knock Sensitivity Load Threshold" address="561ec" scaling="Load8">
		<table name="RPM" address="632a0"/>
	</table>

	<table name="Knock Background Noise Multiplier" address="5a0a0" scaling="uint8">
		<table name="RPM" address="624e6"/>
	</table>

	<table name="Knock Background Noise Adder (SINGLE GAIN) #1" address="602d8" scaling="uint8">
		<table name="RPM" address="624e6"/>
	</table>

	<table name="Knock Background Noise Adder (SINGLE GAIN) #2" address="5a078" scaling="uint8">
		<table name="RPM" address="624e6"/>
	</table>

	<table name="Knock Background Noise Adder (TRIPLE GAIN) #1" address="602c4" scaling="uint8">
		<table name="RPM" address="624e6"/>
	</table>

	<table name="Knock Background Noise Adder (TRIPLE GAIN) #2" address="5a08c" scaling="uint8">
		<table name="RPM" address="624e6"/>
	</table>

	<table name="Low Pulse Width IPW Adder" address="556d8" scaling="IPW_Adder_div_2">
	</table>

	<table name="Load Ramp Rate #1 (Load>70)" address="54aae" scaling="ReverseInterpolated_Percent255_2byte"/>

	<table name="Load multiplier end when TPS decreased by % (hysteresis)" address="546c8" scaling="Throttle %"/>

	<table name="1st gear TPS limiter (Drive)" address="60bf4" scaling="Throttle Cap">
		<table name="RPM" address="62f9e"/>
	</table>

	<table name="1st gear TPS limiter (Reverse)" address="60c1e" scaling="Throttle Cap">
		<table name="RPM" address="62f9e"/>
	</table>

	<table name="DTC P0139 0x1 -> 0x0 Oxygen Sensor Circuit Slow Response (Bank1, Sensor2)" address="503bc" scaling="DTC P0139 0x1 -> 0x0 Oxygen Sensor Circuit Slow Response (Bank1, Sensor2)"/>

	<table name="DTC P0140 1500 -> 8000 0xygen Sensor Circuit No Activity Detected (Bank 1 Sensor 2)" address="539c8" scaling="RPMStatLimit"/>

	<table name="SST Unknown #9" address="5f00e" scaling="uint8">
		<table name="RPM" address="61c32"/>
	</table>

	<table name="SST Unknown #10" address="64116" scaling="uint8">
		<table name="RPM" address="646c8"/>
	</table>

	<table name="SST Unknown #11" address="64f3e" scaling="uint8">
		<table name="RPM" address="65b56"/>
	</table>

	<table name="Mode 23 - DoMode 0x4D -> 0x5D" address="8b4fe" scaling="Mode 23 - DoMode 0x4D -> 0x5D"/>

	<table name="SST Unknown #8" address="612a4" scaling="uint8">
		<table name="RPM" address="61c32"/>
	</table>

</rom>
