<rom>
	<romid>
		<xmlid>80920002</xmlid>
		<internalidaddress>f52</internalidaddress>
		<internalidhex>80920002</internalidhex>
		<make>Mitsubishi</make>
		<market>JDM</market>
		<model>Lancer</model>
		<submodel>EVO MR</submodel>
		<transmission>6MT</transmission>
		<year>2005</year>
		<flashmethod>mitsukernelocp</flashmethod>
		<memmodel>SH7055</memmodel>
	</romid>

	<notes>
		2012/11/14 [Tactrix] cleaned file to correspond to latest Evo 9 base file. Updated to standard file naming.
                2012/11/21 [Tactrix] correcting naming for Boost Desired Engine Load 2.
                2012/11/19 [Tactrix] Visually examined tables for obvious errors, but no in-car verification has been done.
	</notes>	

	<include>evo9base</include>

	<!--  *** Mods ***  -->

	<!--  *** Fuel ***  -->

	<table name="High Octane Fuel Map" category="Fuel" address="2abd">
		<table name="Engine Load" address="5fa8" elements="20"/>
		<table name="RPM" address="5f80" elements="15"/>
	</table>

	<table name="Low Octane Fuel Map" category="Fuel" address="2bf5">
		<table name="Engine Load" address="5fa8" elements="20"/>
		<table name="RPM" address="5f80" elements="15"/>
	</table>


	<table name="Injector Battery Voltage Latency Compensation" category="Fuel" address="2eac">
		<table name="Battery Voltage" address="5ee8" elements="7"/>
	</table>

	<table name="Accel Enrichment" category="Fuel" address="2f50">
		<table name="RPM" address="5d1a" elements="15"/>
	</table>

	<table name="Injector Scaling" category="Fuel" address="1106" level="4" scaling="InjectorScaling"/>

        <table name="Open Loop Disable Below" address="2d60">
		<table name="RPM" address="5c8c" elements="16"/>
	</table>

        <table name="Open Loop Enable Above" address="2d76">
		<table name="RPM" address="5c8c" elements="16"/>
	</table>

        <table name="Open Loop Throttle Enable Above" address="2d92">
		<table name="RPM" address="5c8c" elements="16"/>
	</table>

        <table name="Open Loop Throttle Disable Below" address="2da8">
		<table name="RPM" address="5c8c" elements="16"/>
	</table>

	<!--  *** Air ***  -->

	<table name="MAF Scaling" category="Air" address="2a06">
		<table name="Load" address="5e98"/>
	</table>

	<table name="MAF Smoothing Table" category="Air" address="2a22">
		<table name="Load" address="5e98"/>
	</table>

	<table name="Air Temperature Compensation" category="Air" address="2a3e">
		<table name="Degrees" address="61d2"/>
	</table>

	<table name="Barometric Pressure Compensation" category="Air" address="2a51">
		<table name="Atmosphere Pressure" address="5e86"/>
		<table name="RPM" address="5ecc"/>
	</table>

	<table name="MAF Sensor Filtering" category="Air" address="1108">
		<table name="Load"/>
	</table>

	<table name="MAF Size" category="Air" address="110c"/>

	<!-- *** Timing *** -->

	<table name="High Octane Ignition Map 1" category="Timing" address="30c1">
		<table name="Engine Load" address="600a" elements="21"/>
		<table name="RPM" address="5fda" elements="19"/>
	</table>

	<table name="Low Octane Ignition Map 1" category="Timing" address="325b">
		<table name="Engine Load" address="600a" elements="21"/>
		<table name="RPM" address="5fda" elements="19"/>
	</table>

	<table name="High Octane Ignition Map 2" category="Timing" address="4437">
		<table name="Engine Load" address="600a" elements="21"/>
		<table name="RPM" address="5fda" elements="19"/>
	</table>

	<table name="Low Octane Ignition Map 2" category="Timing" address="45d1">
		<table name="Engine Load" address="600a" elements="21"/>
		<table name="RPM" address="5fda" elements="19"/>
	</table>

	<table name="High Octane Ignition Map 3" category="Timing" address="4905">
		<table name="Engine Load" address="600a" elements="21"/>
		<table name="RPM" address="5fda" elements="19"/>
	</table>

	<table name="Low Octane Ignition Map 3" category="Timing" address="4a9f">
		<table name="Engine Load" address="600a" elements="21"/>
		<table name="RPM" address="5fda" elements="19"/>
	</table>

	<table name="High Octane Ignition Map 4" category="Timing" address="55a9" type="3D" level="1" swapxy="true" scaling="Timing">
		<table name="Engine Load" address="600a" type="X Axis" elements="21" scaling="Load"/>
		<table name="RPM" address="5fda" type="Y Axis" elements="19" scaling="RPM"/>
	</table>

	<table name="Octane initialisation" category="Timing" type="2D" level="1" scaling="uint8">
		<table name="X" address="0" type="X Axis" elements="8" scaling="uint8"/>
	</table>

	<table name="VVT Map 1 (Main)" category="Timing" address="5a33">
		<table name="Engine Load" address="6aa8"/>
		<table name="RPM" address="6ada"/>
	</table>

	<table name="VVT Map 2 (Not Used) Future Use" category="Timing" address="536b">
		<table name="Engine Load" address="6aa8"/>
		<table name="RPM" address="6ada"/>
	</table>

	<!--  *** MIVEC ***  -->

	<!-- *** ALS *** -->

	<!-- *** MAP *** -->

	<!-- *** SD *** -->
	
	<!-- *** DMA *** -->

	<!-- *** Limits *** -->

	<table name="Rev Limit" category="Limits" address="118c"/>

	<table name="Stationary Rev Limit" category="Limits" address="274a"/>

	<table name="Boost Limit" category="Limits" address="2d50">
		<table name="RPM" address="66f4" elements="9"/>
	</table>

	<table name="Speed Limit" category="Limits" address="118e">
		<table name="Condition"/>
	</table>
	<!-- *** IC Spray *** -->
	
	<table name="IC Relay Timer ON Mode Switch Time" category="IC Spray" address="207e"/>

	<table name="IC Relay Timer Control RPM" category="IC Spray" address="2080" scaling="RPMStatLimit"/>

	<table name="IC Relay Timer Control Water Temp Hi" category="IC Spray" address="2082"/>

	<table name="IC Relay Timer Control Water Temp Lo" category="IC Spray" address="2084"/>

	<table name="IC Relay Control Max Vehicle Speed" category="IC Spray" address="2086"/>

	<table name="IC Relay Control EV" category="IC Spray" address="207c"/>

	<table name="IC Relay Timer On Time" category="IC Spray" address="208a"/>

	<table name="IC Relay Timer Off Time" category="IC Spray" address="208c"/>

	<table name="IC Relay Timer Control Judgement Hi" category="IC Spray" address="2098"/>

	<table name="IC Relay Timer Control Judgement Lo" category="IC Spray" address="209a" scaling="Volts16"/>

	<table name="IC Relay Timer Air Temp" category="IC Spray" address="209c"/>

	<table name="IC Relay Timer Control Judgement" category="IC Spray" address="2098"/>

	<!-- *** ISCV Control *** -->

	<table name="Desired ISCV intial step position with AC off-Neutral" category="ISCV Control" address="36ba">
		<table name="Engine Temp" address="6168" elements="7"/>
	</table>

	<table name="Desired ISCV intial step position with AC off-Drive" category="ISCV Control" address="36a6">
		<table name="Engine Temp" address="6168" elements="7"/>
	</table>

	<table name="Desired ISCV intial step position with AC on-Neutral" category="ISCV Control" address="3692">
		<table name="Engine Temp" address="6168" elements="8"/>
	</table>

	<table name="Desired Idle RPM-Neutral" category="ISCV Control" address="367e">
		<table name="Engine Temp" address="6168" elements="8"/>
	</table>

	<table name="Desired Idle RPM-Drive" category="ISCV Control" address="3662">
		<table name="Engine Temp" address="6168" elements="8"/>
	</table>

	<table name="Desired ISCV intial step position with AC on-Drive" category="ISCV Control" address="36c8"/>

	<table name="Idle Stepper Lookup Table" category="ISCV Control" type="3D" address="37a5" scaling="ISCVSteps">
		<table name="Coolant Temp" type="X Axis" elements="8" address="61ec" scaling="Temp"/>
		<table name="ISCV Demand" type="Y Axis" elements="27" address="6206"  scaling="ISCV_AX2_16"/>
	</table>
		
	<!-- *** Knock Control *** -->
	
	<table name="Knock Sensor Filter Map 1" category="Knock Control" address="3a91">
		<table name="TAR" address="63ce" elements="9"/>
		<table name="RPM" address="6398" elements="10"/>
	</table>

	<table name="Knock Sensor Filter Map 2" category="Knock Control" address="3b17">
		<table name="TAR" address="63ce" elements="8"/>
		<table name="RPM" address="6398" elements="10"/>
	</table>

	<table name="Knock Sensor Filter Map 3" category="Knock Control" address="3b73">
		<table name="TAR" address="63ce" elements="8"/>
		<table name="RPM" address="6398" elements="10"/>
	</table>

	<table name="Knock Sensor Filter Map 4" category="Knock Control" address="3c61">
		<table name="TAR" address="63b6" elements="7"/>
		<table name="RPM" address="6398" elements="10"/>
	</table>

	<table name="Knock Sensor Filter Map 5" category="Knock Control" address="3cbf">
		<table name="TAR" address="63b6" elements="7"/>
		<table name="RPM" address="6398" elements="10"/>
	</table>

	<table name="Knock Sensor Filter Map 6" category="Knock Control" address="3d9f">
		<table name="TAR" address="63ce" elements="10"/>
		<table name="RPM" address="6398" elements="7"/>
	</table>

	<table name="Knock Sensor Filter Map 7" category="Knock Control" address="3df1">
		<table name="TAR" address="63ce" elements="10"/>
		<table name="RPM" address="6398" elements="10"/>
	</table>

	<table name="Knock Sensor Filter Map 8" category="Knock Control" address="3e61">
		<table name="TAR" address="63ce" elements="10"/>
		<table name="RPM" address="6398" elements="7"/>
	</table>

	<table name="Knock Sensor Filter Map 9" category="Knock Control" address="3eb3">
		<table name="TAR" address="63ce" elements="10"/>
		<table name="RPM" address="6398" elements="10"/>
	</table>

	<table name="Knock Sensor Filter Map 10" category="Knock Control" address="42bf">
		<table name="TAR" address="63ce" elements="10"/>
		<table name="RPM" address="6398" elements="7"/>
	</table>

	<table name="Knock Sensor Filter Map 11" category="Knock Control">
		<table name="TAR" address="63ce" elements="10"/>
		<table name="RPM" address="6398" elements="10"/>
	</table>

	<table name="Knock Sensor Filter Map 12" category="Knock Control">
		<table name="TAR" address="63ce" elements="10"/>
		<table name="RPM" address="6398" elements="10"/>
	</table>

	<!-- *** Lean Spool *** -->

	<table name="Lean spool enable RPM" category="Lean Spool" address="1281" type="1D" level="1" scaling="leanspoolrpm"/>

	<table name="Lean spool disable RPM" category="Lean Spool" address="1285" type="1D" level="1" scaling="leanspoolrpm"/>

	<!-- *** Turbo *** -->

	<table name="Boost Desired Engine Load # 4" category="Turbo" type="Y Axis" elements="16" scaling="Load8"/>

	<table name="Max Wastegate Duty # 4" category="Turbo" type="Y Axis" elements="16" scaling="WGDuty"/>

	<table name="Max Wastegate Duty # 5" category="Turbo" type="Y Axis" elements="16" scaling="WGDuty"/>

	<table name="Max Wastegate Duty # 6" category="Turbo" type="Y Axis" elements="16" scaling="WGDuty"/>

	<table name="Max Wastegate Duty # 7" category="Turbo" type="Y Axis" elements="16" scaling="WGDuty"/>

	<table name="Boost Delay Timer" category="Turbo" address="119a"/>

	<table name="Boost Control Load Offset" category="Turbo" address="1670"/>

	<table name="Boost Enhancement (Anti-Lag) Start RPM" category="Turbo" address="1280"/>

	<table name="Boost Enhancement (Anti-lag) Stop RPM" category="Turbo" address="1282"/>

	<table name="Turbo Boost Error Correction" category="Turbo" address="3894">
		<table name="Boost Error" address="62e0" elements="17"/>
	</table>

	<table name="Boost Desired Engine Load # 1" category="Turbo" address="3946">
		<table name="RPM" address="62b6" elements="16"/>
	</table>

        <table name="Boost Desired Engine Load # 2" category="Turbo" address="395c">
		<table name="RPM" address="62b6" elements="16" scaling="RPM"/>
	</table>

	<table name="Boost Desired Engine Load # 3" category="Turbo" address="3972">
		<table name="RPM" address="62b6" elements="16"/>
	</table>

	<table name="Max Wastegate Duty # 1" category="Turbo" address="38ac">
		<table name="RPM" address="62b6" elements="16"/>
	</table>

	<table name="Max Wastegate Duty # 2" category="Turbo" address="38d8">
		<table name="RPM" address="62b6" elements="16"/>
	</table>

	<table name="Max Wastegate Duty # 3" category="Turbo" address="38ee">
		<table name="RPM" address="62b6" elements="16"/>
	</table>

	<table name="Wastegate Solenoid Activation RPM-Active" category="Turbo" address="1668" scaling="RPMStatLimit"/>

	<table name="Wastegate Solenoid Activation RPM-De-activate" category="Turbo" address="166a" scaling="RPMStatLimit"/>

	<table name="Wastegate Solenoid De-activation RPM-De-activate" category="Turbo" address="166c" scaling="RPMStatLimit"/>

	<table name="Wastegate Solenoid De-activation RPM-Re-activate" category="Turbo" address="166e" scaling="RPMStatLimit"/>

	<table name="Min Temp for Full Boost Control" category="Turbo" address="1e00"/>

	<table name="Boost Control Limiting Vehicle Speed" category="Turbo" address="1e04">
		<table name="Condition"/>
	</table>

	<!-- *** TURBO BOOST SINGLE SOLENOID ***  -->

	<!-- *** TURBO BOOST DUAL SOLENOID***  -->

	<!-- *** MISC ***  -->

	<!-- *** OBD-II ***  -->

	<!-- *** OBD-II EVAP ***  -->

	<!-- *** EMISSIONS EGR ***  -->

	<!-- *** ECU *** -->

	<!-- *** ECU Periphery *** -->

	<!-- *** MAT *** -->

	<!-- *** MUT ***  -->

</rom>
