<rom>
	<romid>
		<xmlid>88580015</xmlid>
		<internalidaddress>f52</internalidaddress>
		<internalidhex>88580015</internalidhex>
		<make>Mitsubishi</make>
		<market>JDM</market>
		<model>LANCER</model>
		<submodel>EVO9</submodel>
		<transmission>Manual</transmission>
		<year>2006</year>
		<flashmethod>mitsukernelocp</flashmethod>
		<memmodel>SH7055</memmodel>
	</romid>
	
	<notes>
		2012/11/14 [Tactrix] cleaned file to correspond to latest Evo 9 base file. Updated to standard file naming.
                2012/11/21 [Tactrix] Add "for Airflow/Hz" to "Relative Air Density vs Temp" for consistency.
                2012/11/19 [Tactrix] Visually examined tables for obvious errors, but no in-car verification has been done.
	</notes>
	

  	<include>evo9base</include>


	<!--  *** Mods ***  -->

	<!--  *** Fuel ***  -->

	<table name="High Octane Fuel Map" category="Fuel" address="2dbd">
	<table name="Engine Load" address="6fd0"/>
	<table name="RPM" address="6fa8"/>
	</table>

	<table name="Low Octane Fuel Map" category="Fuel" address="2ef5">
	<table name="Engine Load" address="6fd0"/>
	<table name="RPM" address="6fa8"/>
	</table>

	<table name="Injector Scaling" category="Fuel" address="1106"/>

	<table name="Injector Battery Voltage Latency Compensation" category="Fuel" address="31d4">
	<table name="Battery Voltage" address="6efc"/>
	</table>

	<table name="Accel Enrichment" category="Fuel" address="3278">
	<table name="RPM" address="6d2e" elements="15"/>
	</table>

        <table name="Open Loop Disable Below" address="3060">
	<table name="RPM" address="6ca0" elements="16"/>
	</table>

        <table name="Open Loop Enable Above" address="3076">
	<table name="RPM" address="6ca0" elements="16"/>
	</table>

        <table name="Open Loop Throttle Enable Above" address="3092">
	<table name="RPM" address="6ca0" elements="16"/>
	</table>

        <table name="Open Loop Throttle Disable Below" address="30a8">
	<table name="RPM" address="6ca0" elements="16"/>
	</table>

	<!--  *** Air ***  -->

	<table name="Airflow/Hz Raw Scaling" category="Air" address="2d06">
	<table name="MAF Hz" address="6eac"/>
	</table>

	<table name="Airflow/Hz Offset Raw" category="Air" address="1112"/>

	<table name="MAF Compensation" category="Air" address="2d22">
	<table name="MAF Hz" address="6eac"/>
	</table>

        <table name="Relative Air Density vs Temp for Airflow/Hz" category="Air" address="2d3e">
	<table name="Degrees" address="7252"/>
	</table>

	<table name="Baro and Air Temp Compensation" category="Air" address="2d51">
	<table name="IAT_Comp/Baro_Bar" address="6e9a"/>
	<table name="MAF Hz" address="6ee0"/>
	</table>

	<table name="MAF Sensor Filtering" category="Air" address="1108"/>

	<table name="MAF Size" category="Air" address="110c"/>

	<!-- *** Timing *** -->

	<table name="High Octane Ignition Map 1"  category="Timing" address="33e9">
	<table name="Engine Load" address="7034" elements="21"/>
	<table name="RPM" address="7002" elements="20"/>
	</table>

	<table name="Low Octane Ignition Map 1" category="Timing" address="3599">
	<table name="Engine Load" address="7034" elements="21"/>
	<table name="RPM" address="7002" elements="20"/>
	</table>

	<table name="High Octane Ignition Map 2" category="Timing" address="54b1">
	<table name="Engine Load" address="7034" elements="21"/>
	<table name="RPM" address="7002" elements="20"/>
	</table>

	<table name="Low Octane Ignition Map 2" category="Timing" address="5661">
	<table name="Engine Load" address="7034" elements="21"/>
	<table name="RPM" address="7002" elements="20"/>
	</table>

	<table name="High Octane Ignition Map 3" category="Timing" address="59c1">
	<table name="Engine Load" address="7034" elements="21"/>
	<table name="RPM" address="7002" elements="20"/>
	</table>

	<table name="Low Octane Ignition Map 3" category="Timing" address="5b71">
	<table name="Engine Load" address="7034" elements="21"/>
	<table name="RPM" address="7002" elements="20"/>
	</table>

	<table name="High Oct EGR-Enabled Advance" category="Timing" address="38f9">
	<table name="Engine Load" address="7034"/>
	<table name="RPM" address="7002"/>
	</table>

	<table name="Low Oct EGR-Enabled Advance" category="Timing" address="3749">
	<table name="Engine Load" address="7034"/>
	<table name="RPM" address="7002"/>
	</table>

	<!--  *** MIVEC ***  -->
	<table name="MIVEC Intake Advance" category="MIVEC" address="69df">
		<table name="Engine Load" address="7b2a"/>
		<table name="RPM" address="7b5c"/>
	</table>

	<table name="MIVEC Intake Advance Min" category="MIVEC" address="28ee"/>

	<table name="MIVEC Intake Advance Max" category="MIVEC" address="28f0"/>

	<!-- *** ALS *** -->

	<!-- *** MAP *** -->

	<!-- *** SD *** -->
	
	<!-- *** DMA *** -->

	<!-- *** Limits *** -->

	<table name="Rev Limit" category="Limits" address="118c"/>

	<table name="Stationary Rev Limit" category="Limits" address="274a"/>

	<table name="Speed Limit" category="Limits" address="118e">
	<table name="Condition"/>
	</table>
	
	<!-- *** IC Spray *** -->
	
	<table name="IC Relay Control Min RPM" category="IC Spray" address="2080"/>

	<table name="IC Relay Control Water Temp" category="IC Spray" address="2082"/>

	<table name="IC Relay Control Max Vehicle Speed" category="IC Spray" address="2086"/>

	<table name="IC Relay Control TPS Position" category="IC Spray" address="2098"/>

	<table name="IC Relay Control Min Air Temp" category="IC Spray" address="209c"/>

	<table name="IC Relay Control Min Load" category="IC Spray" address="2088"/>

	<table name="IC Relay Timer On/Off Time" category="IC Spray" address="28c6"/>

	<!-- *** ISCV Control *** -->

	<table name="Desired ISCV intial step position with AC off-Neutral" category="ISCV Control" address="3d48">
		<table name="Engine Temp" address="71ca" elements="8"/>
	</table>

	<table name="Desired ISCV intial step position with AC off-Drive" category="ISCV Control" address="3d5c">
		<table name="Engine Temp" address="71ca" elements="8"/>
	</table>

	<table name="Desired ISCV intial step position with AC on-Neutral" category="ISCV Control" address="3d70">
		<table name="Engine Temp" address="71ca" elements="8"/>
	</table>

	<table name="Desired Idle RPM-Neutral" category="ISCV Control" address="3d84">
		<table name="Engine Temp" address="71ca" elements="8"/>
	</table>

	<table name="Desired Idle RPM-Drive" category="ISCV Control" address="3da6">
		<table name="Engine Temp" address="71ca" elements="8"/>
	</table>

  	<table name="Idle Stepper Lookup Table" category="ISCV Control" type="3D" address="3e55" scaling="ISCVSteps">
		<table name="Coolant Temp" type="X Axis" elements="8" address="726c"  scaling="Temp"/>
		<table name="ISCV Demand" type="Y Axis" elements="27" address="7286"   scaling="ISCV_AX2_16"/>
	</table>
		
	<!-- *** Knock Control *** -->
	
	<table name="Knock Sensor Filter Map 1" category="Knock Control" address="4361">
		<table name="TAR" address="7356"/>
		<table name="RPM" address="7316"/>
	</table>

	<table name="Knock Sensor Filter Map 2" category="Knock Control" address="441d">
		<table name="TAR" address="7356"/>
		<table name="RPM" address="7316"/>
	</table>

	<table name="Knock Sensor Filter Map 3" category="Knock Control" address="44d9">
		<table name="TAR" address="7356"/>
		<table name="RPM" address="7316"/>
	</table>

	<table name="Knock Sensor Filter Map 4" category="Knock Control" address="4595">
		<table name="TAR" address="7356"/>
		<table name="RPM" address="7316"/>
	</table>

	<table name="Knock Sensor Filter Map 5" category="Knock Control" address="4651">
		<table name="TAR" address="7356"/>
		<table name="RPM" address="7316"/>
	</table>

	<table name="Knock Sensor Filter Map 6" category="Knock Control" address="42a5">
		<table name="TAR" address="7356"/>
		<table name="RPM" address="7316"/>
	</table>

	<table name="Knock Sensor Filter Map 7" category="Knock Control" address="495b">
		<table name="TAR" address="7356"/>
		<table name="RPM" address="7316"/>
	</table>

	<table name="Knock Sensor Filter Map 8" category="Knock Control" address="4a17">
		<table name="TAR" address="7356" elements="16"/>
		<table name="RPM" address="7316"/>
	</table>

	<table name="Knock Sensor Filter Map 9" category="Knock Control" address="4ad3">
		<table name="TAR" address="7356"/>
		<table name="RPM" address="7316"/>
	</table>

	<table name="Knock Sensor Filter Map 10" category="Knock Control" address="4b8f">
		<table name="TAR" address="7356"/>
		<table name="RPM" address="7316"/>
	</table>

	<table name="Knock Sensor Filter Map 11" category="Knock Control" address="4c4b">
		<table name="TAR" address="7356"/>
		<table name="RPM" address="7316"/>
	</table>

	<table name="Knock Sensor Filter Map 12" category="Knock Control" address="4d07">
		<table name="TAR" address="7356"/>
		<table name="RPM" address="7316"/>
	</table>

	<!-- *** Lean Spool *** -->

	<table name="Lean Spool Start RPM" category="Lean Spool" address="1280"/>
	<table name="Lean Spool Stop RPM" category="Lean Spool" address="1284"/>

	<table name="Lean Spool Load Threshold" category="Lean Spool" address="33b6">
		<table name="input value" address="6f6a"/>
	</table>

	<table name="Lean Spool Trailing Time (Rich Side)" category="Lean Spool" address="338e">
		<table name="input value" address="6f6a" type="X Axis"/>
	</table>

	<table name="Lean Spool Trailing Time (Lean Side)" category="Lean Spool" address="33a2">
		<table name="input value" address="6f6a"/>
	</table>

	<table name="Min Temp for Lean Spool" category="Lean Spool" address="127e"/>

	<table name="Lean Spool Enable Load Hysteresis" category="Lean Spool" address="127c"/>

	<table name="Lean Spool AFR Mapping" category="Lean Spool" address="33ca">
		<table name="base AFR" address="6f90"/>
	</table>

	<table name="Lean Spool AFR below Enable" category="Lean Spool" address="1282"/>

	<table name="Lean Spool Clip Value" category="Lean Spool" address="1286"/>

	<!-- *** Turbo *** -->

	<table name="Boost Cut Load" category="Turbo" address="3050">
		<table name="RPM" address="77ae" elements="9"/>
	</table>

	<table name="Boost Cut Delay" category="Turbo" address="119a"/>

	<table name="Boost Control Load Offset" category="Turbo" address="1670"/>

	<table name="Boost Desired Engine Load #1" category="Turbo" address="3fa4">
		<table name="RPM" address="7336" elements="16"/>
	</table>

	<table name="Boost Desired Engine Load #3 (BCLS)" category="Turbo" address="3fd6">
		<table name="RPM" address="7336" elements="16"/>
	</table>

	<table name="Baseline WGDC #1" category="Turbo" address="3f5c">
		<table name="RPM" address="7336" elements="16"/>
	</table>

	<table name="Baseline WGDC #3 (BCLS)" category="Turbo" address="3f8e">
		<table name="RPM" address="7336" elements="16"/>
	</table>

	<table name="Turbo Boost Error Correction" category="Turbo" address="3f44">
		<table name="Boost Error" address="7360"/>
	</table>

	<table name="WGDC Correction interval #1" category="Turbo" address="1654"/>

	<table name="WGDC Correction interval #2 (BCLS)" category="Turbo" address="1656"/>

	<table name="BCS Re/De-Activation RPM" category="Turbo" address="1668"/>

	<table name="Min Load for Boost Control" category="Turbo" address="6542">
		<table name="RPM" address="6ca0"/>
	</table>

	<table name="Max Total Upward WGDC Correction vs TPS" category="Turbo" address="3f34">
		<table name="TPS" address="738c"/>
	</table>

	<table name="Max Total Upward WGDC Correction vs TPS/RPM" category="Turbo" address="48000">
		<table name="TPS" address="738c"/>
		<table name="RPM" address="7336"/>
	</table>

	<table name="Max WGDC vs Coolant Temp" category="Turbo" address="645a">
		<table name="Coolant Temp" address="7200"/>
	</table>

	<table name="Boost Control Limiting Vehicle Speed" category="Turbo" address="1e04">
		<table name="Condition"/>
	</table>

	<table name="WGDC Limit During Fault" category="Turbo" address="1e00"/>

	<!-- *** TURBO BOOST SINGLE SOLENOID ***  -->

	<!-- *** TURBO BOOST DUAL SOLENOID***  -->

	<!-- *** MISC ***  -->

	<!-- *** OBD-II ***  -->

	<table name="OBD-II Codes" category="OBD-II" address="a694">
		<table name="r4 (hex)"/>
		<table name="r5 (hex)"/>
	</table>

	<!-- *** OBD-II EVAP ***  -->

	<!-- *** EMISSIONS EGR ***  -->

	<table name="Base EGR Duty vs Load and RPM" category="Emission EGR" address="415d">
		<table name="Load Fuel/Timing" address="73fe"/>
		<table name="RPM" address="73e0"/>
	</table>

	<table name="EGR Duty Normalization Factor vs Coolant Temp" category="Emission EGR" address="41de">
		<table name="Coolant Temp" address="70e6"/>
	</table>

	<table name="EGR Duty vs RPM (Fault Condition?)" category="Emission EGR" address="41ec">
		<table name="RPM" address="6c82"/>
	</table>
	
	<!-- *** ECU *** -->

	<!-- *** ECU Periphery *** -->

	<!-- *** MAT *** -->

	<!-- *** MUT ***  -->

  	<table name="MUT Table" category="MUT" address="373c4">
    		<table name="X"/>
    		<table name="Y"/>
  	</table>

</rom>
