<rom>
  <romid>
    <xmlid>88590015</xmlid>
    <internalidaddress>f52</internalidaddress>
    <internalidhex>88590015</internalidhex>
    <make>Mitsubishi</make>
    <market>USDM</market>
    <model>Lancer</model>
    <submodel>EVO9</submodel>
    <transmission>Manual</transmission>
    <year>2006</year>
    <flashmethod>mitsukernelocp</flashmethod>
    <memmodel>SH7055</memmodel>
  </romid>

  <notes>
	2012/11/14 [Tactrix] cleaned file to correspond to latest Evo 9 base file. Updated to standard file naming.
	2012/11/19 [Tactrix] Visually examined tables for obvious errors, but no in-car verification has been done.
  </notes>
	

  <include>evo9base</include>
  
	<!--  *** Mods ***  -->

	<!--  *** Fuel ***  -->

	<table name="High Octane Fuel Map" category="Fuel" address="2dbd">
		<table name="Engine Load" address="6ec8" elements="20" scaling="Load"/>
		<table name="RPM" address="6ea0" elements="15"/>
	</table>

	<table name="Low Octane Fuel Map" category="Fuel" address="2ef5">
		<table name="Engine Load" address="6ec8" elements="20" scaling="Load"/>
		<table name="RPM" address="6ea0" elements="15"/>
	</table>
  
  	<table name="Max Rich AFR vs Coolant Temp" category="Fuel" address="65C0">
    		<table name="Coolant Temperature" address="70dc"/>
  	</table>

  	<table name="Injector Scaling" category="Fuel" address="1106"/>

  	<table name="Injector Battery Voltage Latency Compensation" category="Fuel" address="31d4">
    		<table name="Battery Voltage" address="6df4"/>
 	 </table>
  
  	<table name="Cranking Enrichment IPW Adder (Main)" category="Fuel" address="52b2">
    		<table name="Coolant Temperature" address="6ff8"/>
  	</table>

  	<table name="Cranking Enrichment IPW Adder (Unused)" category="Fuel" address="32fc">
    		<table name="Coolant Temperature" address="6ff8"/>
  	</table>
 
  	<table name="Accel Enrichment" category="Fuel" address="3278">
   		<table name="RPM" address="6c26" elements="15"/>
  	</table>

        <table name="Open Loop Disable Below" address="3060">
    		<table name="RPM" address="6b98"/>
  	</table>

        <table name="Open Loop Enable Above" address="3076">
    		<table name="RPM" address="6b98"/>
  	</table>

        <table name="Open Loop Throttle Enable Above" address="3092">
    		<table name="RPM" address="6b98"/>
  	</table>

        <table name="Open Loop Throttle Disable Below" address="30a8">
    		<table name="RPM" address="6b98"/>
  	</table>

	<!--  *** Air ***  -->

	<table name="Airflow/Hz Raw Scaling" category="Air" address="2d06">
    		<table name="MAF Hz" address="6da4"/>
  	</table>

  	<table name="Airflow/Hz Offset Raw" category="Air" address="1112"/>

  	<table name="MAF Compensation" category="Air" address="2d22">
    		<table name="MAF Hz" address="6da4"/>
  	</table>

  	<table name="Relative Air Density vs Temp for Airflow/Hz" category="Air" address="2d3e">
    		<table name="Degrees" address="7070"/>
  	</table>

  	<table name="Airflow/Hz Baro and Air Temp Compensation" category="Air" address="2d51">
   	 	<table name="IAT_Comp/Baro_Bar" address="6d92"/>
    		<table name="MAF Hz" address="6dd8"/>
  	</table>

  	<table name="MAF Sensor Filtering" category="Air" address="1108">
    	<table name="Load"/>
  	</table>

  	<table name="MAF Size" address="110c"/>
	
	<!-- *** Timing *** -->

	<table name="High Octane Ignition Map 1" category="Timing" address="33e9">
	    	<table name="Engine Load" address="6f2c" elements="21"/>
	    	<table name="RPM" address="6efa" elements="20"/>
  	</table>

  	<table name="Low Octane Ignition Map 1" category="Timing" address="3599">
    		<table name="Engine Load" address="6f2c" elements="21"/>
    		<table name="RPM" address="6efa" elements="20"/>
  	</table>

  	<table name="High Octane Ignition Map 2" category="Timing" address="5523">
    		<table name="Engine Load" address="6f2c" elements="21"/>
    		<table name="RPM" address="6efa" elements="20"/>
  	</table>

  	<table name="Low Octane Ignition Map 2" category="Timing" address="56d3">
    		<table name="Engine Load" address="6f2c" elements="21"/>
    		<table name="RPM" address="6efa" elements="20"/>
  	</table>

  	<table name="High Octane Ignition Map 3" category="Timing" address="5a33">
    		<table name="Engine Load" address="6f2c" elements="21"/>
    		<table name="RPM" address="6efa" elements="20"/>
  	</table>

  	<table name="Low Octane Ignition Map 3" category="Timing" address="5be3">
    		<table name="Engine Load" address="6f2c" elements="21"/>
    		<table name="RPM" address="6efa" elements="20"/>
  	</table>

  	<table name="High Oct EGR-Enabled Advance" category="Timing" address="38f9">
    		<table name="Engine Load" address="6f2c" elements="21"/>
    		<table name="RPM" address="6efa" elements="20"/>
  	</table>

  	<table name="Low Oct EGR-Enabled Advance" category="Timing" address="3749">
    		<table name="Engine Load" address="6f2c" elements="21"/>
    		<table name="RPM" address="6efa" elements="20"/>
  	</table>
  
  	<table name="Low Coolant Temp Timing Trim Map 1" category="Timing" address="3aa9">
    		<table name="Engine Load" address="6f2c"/>
    		<table name="RPM" address="6efa"/>
  	</table>
  
  	<table name="Low Coolant Temp Timing Trim Map 2" category="Timing" address="5883">
    		<table name="Engine Load" address="6f2c"/>
    		<table name="RPM" address="6efa"/>
  	</table>
  
  	<table name="Low Coolant Temp Timing Trim Map 3" category="Timing" address="5d93">
    		<table name="Engine Load" address="6f2c"/>
    		<table name="RPM" address="6efa"/>
  	</table>
  
  	<table name="Percent Low Temp Timing Trim vs Coolant Temp" category="Timing" address="3cb8">
    		<table name="Engine Temp" address="804c"/>
 	</table>
  
  	<!--  *** MIVEC ***  -->

  	<table name="MIVEC Intake Advance" category="MIVEC" address="68bd">
    <table name="Engine Load" address="7a64"/>
    <table name="RPM" address="7a96"/>
  </table>

  <table name="MIVEC Intake Advance Min" category="MIVEC" address="293a"/>

  <table name="MIVEC Intake Advance Max" category="MIVEC" address="293c"/>
  
  <table name="MIVEC Max vs Coolant Temp" category="MIVEC" address="6a04">
    <table name="Coolant Temp" address="6fde"/>
  </table>
  
	<!-- *** ALS *** -->

	<!-- *** SD *** -->
	
	<!-- *** DMA *** -->

	<!-- *** Limits *** -->

	  <table name="Rev Limit" category="Limits" address="118c"/>

	  <table name="Stationary Rev Limit" category="Limits" address="2798"/>

	  <table name="Speed Limit" category="Limits" address="118e">
	    <table name="Condition"/>
	  </table>

	<!-- *** IC Spray *** -->
	
	<!-- *** ISCV Control *** -->

	 <table name="ISCV Demand Target Idle Trim (sub_1ECF6)" category="ISCV Control" type="2D" address="3dec" level="2" scaling="ISCV_AX2_8">
	 <table name="Target Idle Deviation" type="Y Axis" address="6c9e" elements="9" scaling="RPMTarget"/>
	 </table>

	 <table name="Target Idle ISCV Trim Adjust Frequency" category="ISCV Control" address="14c2" type="1D" level="2" scaling="Time"/>

	 <table name="ISCV Demand Below 500 RPM Idle Recovery Adder (sub_1E2C8)" category="ISCV Control" address="1516" type="1D" level="2" scaling="ISCV_AX2_16"/>


	 <table name="ISCV Demand Startup CTS Adder (sub_1EBB8)" category="ISCV Control" type="2D" address="3d60" level="2" scaling="ISCV_AX2_8">
	 <table name="Coolant Temp" type="Y Axis" address="6fde" elements="8" scaling="Temp"/>
	 </table>


	 <table name="ISCV Demand General CTS Subtractor (sub_1EBE6)" category="ISCV Control" type="2D" address="3e0a" level="2" scaling="ISCV_AX2_8">
	 <table name="Coolant Temp" type="Y Axis" address="6fde" elements="8" scaling="Temp"/>
	 </table>


	 <table name="ISCV Demand Baro Adder (FFFF6E98) (sub_1E1EE)" category="ISCV Control" type="2D" address="3dda" level="2" scaling="ISCV_AX2_8">
	 <table name="Baro" type="Y Axis" address="6e28" elements="5" scaling="Baro16"/>
	 </table>

	 <table name="ISCV Demand RPM Adder* (sub_1EFC0)" category="ISCV Control" type="2D" address="41d8" level="2" scaling="ISCV_AX2_8">
	 <table name="RPM" type="Y Axis" address="6b7a" elements="10" scaling="RPM"/>
	 </table>

	 <table name="ISCV Demand TPS Subtractor* (sub_1EFC0)" category="ISCV Control" type="2D" address="6810" level="2" scaling="ISCV_AX2_8">
	 <table name="Shifted TPS" type="Y Axis" address="810c" elements="11" scaling="ThrottlePercentage"/>
	 </table>

	 <table name="ISCV Demand RPM Adder [rpm > 4500, load > 170, speed > 12 mph] (sub_1EFC0)" category="ISCV Control" type="2D" address="65de" level="2" scaling="ISCV_AX2_8">
	 <table name="RPM" type="Y Axis" address="7fb0" elements="10" scaling="RPM"/>
	 </table>

	 <table name="ISCV Demand CTS Adder #1** (sub_1F1F8, sub_1EA0C, sub_1F596) [sub_1EFC0]" category="ISCV Control" type="2D" address="3d38" level="2" scaling="ISCV_AX2_8">
	 <table name="Coolant Temp" type="Y Axis" address="70c2" elements="8" scaling="Temp"/>
	 </table>

	 <table name="ISCV Demand CTS Adder #2** (Post WOT) (sub_1F1F8) [sub_1EFC0]" category="ISCV Control" type="2D" address="54e6" level="2" scaling="ISCV_AX2_8">
	 <table name="Coolant Temp" type="Y Axis" address="7070" elements="8" scaling="Temp"/>
	 </table>

	 <table name="ISCV Demand CTS Adder #1a*** (sub_1F2C6, 1F596) [sub_1EFC0]" category="ISCV Control" type="2D" address="51b0" level="2" scaling="ISCV_AX2_8">
	 <table name="Coolant Temp" type="Y Axis" address="70c2" elements="8" scaling="Temp"/>
	 </table>

	 <table name="ISCV Demand CTS Adder #1b*** (sub_1F2C6) [sub_1EFC0]" category="ISCV Control" type="2D" address="3d4c" level="2" scaling="ISCV_AX2_8">
	 <table name="Coolant Temp" type="Y Axis" address="70c2" elements="8" scaling="Temp"/>
	 </table>

	 <table name="ISCV Demand CTS Adder #2*** (Post WOT) (sub_1F2C6) [sub_1EFC0]" category="ISCV Control" type="2D" address="5502" level="2" scaling="ISCV_AX2_8">
	 <table name="Coolant Temp" type="Y Axis" address="7070" elements="8" scaling="Temp"/>
	 </table>

	 <table name="ISCV Demand RPM Adder (Moderated by Baro, IATS) (FFFF6EA8) (sub_204B6) [sub_1EFC0]" category="ISCV Control" type="2D" address="672a" level="2" scaling="ISCV_AX2_8">
	 <table name="RPM" type="Y Axis" address="802a" elements="10" scaling="RPM"/>
	 </table>

	 <table name="ISCV Demand Baro Adder**** (FFFF7C0E) (sub_1F6E6) [sub_1EFC0]" category="ISCV Control" type="2D" address="6adc" level="2" scaling="ISCV_AX2_8">
	 <table name="Baro" type="Y Axis" address="6e28" elements="5" scaling="Baro16"/>
	 </table>

	 <table name="ISCV Demand IATS Adder**** (FFFF7C0E) (sub_1F6E6) [sub_1EFC0]" category="ISCV Control" type="2D" address="6ae8" level="2" scaling="ISCV_AX2_8">
	 <table name="Intake Air Temp" type="Y Axis" address="714a" elements="8" scaling="Temp"/>
	 </table>


	 <table name="ISCV Demand TPS Adder, AC off (FFFF6E84) (mattjin fuel cut delay)" category="ISCV Control" address="3d6e" type="2D" level="1" scaling="ISCV_AX2_8">
	 <table name="TPS" address="6f9a" type="Y Axis" elements="7" scaling="ThrottlePercentage"/>
	 </table>

	 <table name="ISCV Demand TPS Adder, AC on (FFFF6E84) (mattjin fuel cut delay)" category="ISCV Control" address="3d82" type="2D" level="1" scaling="ISCV_AX2_8">
	 <table name="TPS" address="6f9a" type="Y Axis" elements="7" scaling="ThrottlePercentage"/>
	 </table>

	 <table name="ISCV Demand CTS Addder (FFFF6E84)" category="ISCV Control" address="4e56" type="2D" level="1" scaling="ISCV_AX2_8">
	 <table name="Coolant Temp" address="6fde" type="Y Axis" elements="8" scaling="Temp"/>
	 </table>

	 <table name="Baro Mult. Factor for ISCV Demand Adder FFFF6E84" category="ISCV Control" address="6b68" type="2D" level="1" scaling="ScaleBase64Adder">
	 <table name="Baro" address="6e4e" type="Y Axis" elements="5" scaling="Baro16"/>
	 </table>


	 <table name="Idle Stepper Lookup Table" category="ISCV Control" type="3D" address="3e31" scaling="ISCVSteps">
	 <table name="Coolant Temp" type="X Axis" elements="8" address="7164" scaling="Temp"/>
	 <table name="ISCV Demand" type="Y Axis" elements="27" address="717e" scaling="ISCV_AX2_16"/>
	</table>
		
	<!-- *** Knock Control *** -->
	
	  <table name="Knock Sensitivity Load Threshold" category="Knock Control" address="3cf6">
	    <table name="RPM" address="6b7a"/>
	  </table>

	  <table name="Knock Background Noise Multiplier" category="Knock Control" address="669e">
	    <table name="RPM" address="7fe8"/>
	  </table>

	  <table name="Knock Background Noise Adder (TRIPLE GAIN)" category="Knock Control" address="66b2">
	    <table name="RPM" address="7fe8"/>
	  </table>

	  <table name="Knock Background Noise Adder (SINGLE GAIN)" category="Knock Control" address="66c6">
	    <table name="RPM" address="7fe8"/>
	  </table>

	<!-- *** Lean Spool *** -->

  	<table name="Lean Spool Start RPM" category="Lean Spool" address="1280"/>

  	<table name="Lean Spool Stop RPM" category="Lean Spool" address="1284"/>

  	<table name="Lean Spool Load Threshold" category="Lean Spool" address="33b6">
    		<table name="input value" address="6e62"/>
  	</table>

  	<table name="Lean Spool Trailing Time (Rich Side)" category="Lean Spool" address="338e">
    		<table name="input value" address="6e62"/>
  	</table>

  	<table name="Lean Spool Trailing Time (Lean Side)" category="Lean Spool" address="33a2">
    		<table name="input value" address="6e62"/>
  	</table>

  	<table name="Min Temp for Lean Spool" category="Lean Spool" address="127e"/>

  	<table name="Lean Spool Enable Load Hysteresis" category="Lean Spool" address="127c"/>

  	<table name="Lean Spool AFR Mapping" category="Lean Spool" address="33ca">
  	  	<table name="base AFR" address="6e88"/>
  	</table>

  	<table name="Lean Spool AFR below Enable" category="Lean Spool" address="1282"/>

  	<table name="Lean Spool Clip Value" category="Lean Spool" address="1286"/>

	<!-- *** Turbo *** -->

	<!-- *** TURBO BOOST SINGLE SOLENOID ***  -->


	  <table name="Boost Control Load Offset" category="Turbo Boost Single Solenoid" address="1670"/>

	  <table name="Boost Desired Engine Load (High Gear Range)" category="Turbo Boost Single Solenoid" address="3f80">
	    <table name="RPM" address="722e"/>
	  </table>

	  <table name="Boost Desired Engine Load (Low Gear Range)" category="Turbo Boost Single Solenoid" address="3fb2">
	    <table name="RPM" address="722e"/>
	  </table>

	  <table name="Baseline WGDC (High Gear Range)" category="Turbo Boost Single Solenoid" address="3f38">
	    <table name="RPM" address="722e"/>
	  </table>

	  <table name="Baseline WGDC (Low Gear Range)" category="Turbo Boost Single Solenoid" address="3f6a">
	    <table name="RPM" address="722e"/>
	  </table>

	  <table name="Turbo Boost Error Correction SS" category="Turbo Boost Single Solenoid" address="3f20">
	      <table name="Boost Error" address="7258"/>
	  </table>

	  <table name="WGDC Correction Interval (High Gear Range)" category="Turbo Boost Single Solenoid" address="1654"/>

	  <table name="WGDC Correction Interval (Low Gear Range)" category="Turbo Boost Single Solenoid" address="1656"/>

	  <table name="Max Total Upward WGDC Correction vs TPS" category="Turbo Boost Single Solenoid" address="3f10">
	    <table name="TPS" address="7284"/>
	  </table>

	  <table name="Max Total Downward WGDC Correction" category="Turbo Boost Single Solenoid" address="1658"/>

	  <table name="Max WGDC vs Coolant Temp" category="Turbo Boost Single Solenoid" address="65d0">
	    <table name="Coolant Temp" address="70f8"/>
	  </table>

	  <table name="WGDC Limit During Fault" category="Turbo Boost Single Solenoid" address="1e26"/>

	  <table name="Boost Control High/Low Gear Range RPM/MPH Crossover" category="Turbo Boost Single Solenoid" address="1e2a"/>

	  <table name="Boost Cut Load" category="Turbo Boost Single Solenoid" address="3050">
	    <table name="RPM" address="76b0"/>
	  </table>

	  <table name="Boost Cut Delay" category="Turbo Boost Single Solenoid" address="119a"/>

	  <table name="Min Load for Boost Control" category="Turbo Boost Single Solenoid" address="6688">
	      <table name="RPM" address="6b98"/>
	  </table>

	  <table name="BCS Re/De-Activation RPM" category="Turbo Boost Single Solenoid" address="1668">
	      <table name="Condition"/>
	  </table>

	<!-- *** TURBO BOOST DUAL SOLENOID***  -->

	<!-- *** MISC ***  -->

	  
          <table name="Air Density Compensation for Load and IPW" category="Misc" address="30fe">
	    <table name="MAF Air Temp" address="714a"/>
	  </table>

	  <table name="Coolant Temp Scaling" category="Misc" address="ae6a">
	     <table name="Coolant Temp Sensor Raw" address="af1c"/>
	  </table>

	  <table name="IAT Scaling" category="Misc" address="b070">
	    <table name="Intake Air Temp Sensor Raw" address="b106"/>
	  </table>

	<!-- *** OBD-II ***  -->

	
  <table name="OBD-II Codes" category="OBD-II" address="a70c">
    <table name="r4 (hex)"/>
    <table name="r5 (hex)"/>
  </table>
  
 	<!-- *** OBD-II EVAP ***  -->
	
  <table name="Fuel Temp scaling" category="OBD-II Evap" address="b232">
    <table name="FT sensor voltage" address="b32e"/>
  </table>

  <table name="Fuel Temp Sensor Check Lo" category="OBD-II Evap" address="1fac"/>

  <table name="Fuel Temp Sensor Check Hi" category="OBD-II Evap" address="1fae"/>
  
  <!-- *** EMISSIONS EGR ***  -->

  <table name="Base EGR Duty vs Load and RPM" category="Emissions EGR" address="4139">
    <table name="Load Fuel/Timing" address="72f6"/>
    <table name="RPM" address="72d8"/>
  </table>

  <table name="EGR Duty Normalization Factor vs Coolant Temp" category="Emissions EGR" address="41ba">
    <table name="Coolant Temp" address="6fde"/>
  </table>

  <table name="EGR Duty vs RPM (Fault Condition?)" category="Emissions EGR" address="41c8">
    <table name="RPM" address="6b7a"/>
  </table>

	<!-- *** ECU *** -->

	<!-- *** ECU Periphery *** -->

	<!-- *** MAT *** -->

	<!-- *** MUT ***  -->

  <table name="MUT Table" category="MUT" address="3ee84">
    <table name="X"/>
    <table name="Y"/>
  </table>

<table name="Rear O2 Heater Patch" category="Front/Rear_O2" address="2db04" type="1D" scaling="Hex16" />

</rom>
